AvgDialog_73784_Content_2,apYI,avg星辰章2_AvgDialog_C_M.csv,9,AvgDialog,Content,,眼睛,目
AvgDialog_73784_Content_3,apYT,avg星辰章2_AvgDialog_C_M.csv,10,AvgDialog,Content,,"昏黑诡异的房间里，无数双眼睛盯着唯一的活人。
这时，脚步声响起，第二个活人出现。",薄暗く不気味な部屋の中で、無数の目が唯一の生者を見つめている。\n不意に足音が響き、二人目の生者が現れた。
AvgDialog_73784_Content_4,apZe,avg星辰章2_AvgDialog_C_M.csv,11,AvgDialog,Content,赫伯特？,怎么没有开灯？,なぜ明かりをつけないのかね？
AvgDialog_73784_Content_5,apZp,avg星辰章2_AvgDialog_C_M.csv,12,AvgDialog,Content,克莱门汀唤醒体？,灯光会激发人的理智，在享受时间里，我无意触发这些。,光は患者の心に理性を呼び戻します。この瞬間を愉しんでいる間は、あえて刺激する必要もないでしょう。
AvgDialog_73784_Content_6,apZA,avg星辰章2_AvgDialog_C_M.csv,13,AvgDialog,Content,克莱门汀唤醒体？,更何况黑暗，会使那些记忆里的痛苦与绝望更加美味。,それに、闇は記憶の中の苦痛と絶望を、より甘美なものにしてくれるのです。
AvgDialog_73784_Content_7,apZL,avg星辰章2_AvgDialog_C_M.csv,14,AvgDialog,Content,赫伯特？,……随你。我只想知道他处理好了吗？,……好きにするといい。\n私はただ、彼がどうなったのか知りたいだけなのでね。
AvgDialog_73784_Content_8,apZO,avg星辰章2_AvgDialog_C_M.csv,15,AvgDialog,Content,克莱门汀唤醒体？,哎呀，你还是这样心急。已经落入蛛网的虫子，是挣逃不了的。,あなたは相変わらずせっかちなんですね。\n一度蜘蛛の巣に落ちた虫は、もう逃れることなどできません。
AvgDialog_73784_Content_9,apZP,avg星辰章2_AvgDialog_C_M.csv,16,AvgDialog,Content,赫伯特？,加快速度，计划必须按……,急いでくれ。計画通りに進めなくては……
AvgDialog_73784_Content_10,apYy,avg星辰章2_AvgDialog_C_M.csv,17,AvgDialog,Content,赫伯特？,有人闯入了这里！,誰かが侵入したぞ！
AvgDialog_73784_Content_11,apYz,avg星辰章2_AvgDialog_C_M.csv,18,AvgDialog,Content,克莱门汀唤醒体？,我感觉到了。,気配を感じます。
AvgDialog_73784_Content_12,apYA,avg星辰章2_AvgDialog_C_M.csv,19,AvgDialog,Content,克莱门汀唤醒体？,说实话，我很好奇第二只落入网中的虫子是谁。,網にかかった二匹目の虫が誰なのか、少々気になりますね。
AvgDialog_73784_Content_13,apYB,avg星辰章2_AvgDialog_C_M.csv,20,AvgDialog,Content,,灯光无声亮起，照出克莱门汀带着探究与好奇的微笑。,灯りが音もなく点き、クレメンタインの好奇心に満ちた表情が浮かび上がった。
AvgDialog_73784_Content_14,apYC,avg星辰章2_AvgDialog_C_M.csv,21,AvgDialog,Content,克莱门汀（唤醒体）,无论是谁……,どなたであれ……
AvgDialog_73784_Content_15,apYD,avg星辰章2_AvgDialog_C_M.csv,22,AvgDialog,Content,克莱门汀（唤醒体）,我都欢迎至极。,私はすべてを歓迎します。
AvgDialog_73784_Content_16,apYE,avg星辰章2_AvgDialog_C_M.csv,23,AvgDialog,Content,,虫鸣，无处不在的虫鸣。,虫の声。四方から響く虫の声。
AvgDialog_73784_Content_17,apYF,avg星辰章2_AvgDialog_C_M.csv,24,AvgDialog,Content,,令人生理性厌恶的诡异嘶鸣流窜在你的血管，你的筋脉，随着血液的涌动，挤进你的大脑。,生理的な嫌悪感を催す不気味な嘶きが血管を這い回り、血流に乗ってあなたの脳へ押し寄せる。
AvgDialog_73784_Content_18,apYG,avg星辰章2_AvgDialog_C_M.csv,25,AvgDialog,Content,,它在搅动你的大脑，它在摧毁你的大脑，它在——重塑你的大脑。,あなたの脳をかき回し、精神を破壊し——あなたの脳を作り替えていく。
AvgDialog_73784_Content_19,apYH,avg星辰章2_AvgDialog_C_M.csv,26,AvgDialog,Content,熔毁·朵尔,……通讯测试、通讯测试。,……通信テスト、通信テスト。
AvgDialog_73784_Content_20,apYJ,avg星辰章2_AvgDialog_C_M.csv,27,AvgDialog,Content,熔毁·朵尔,能听到我的声音吗？,わたしの声が聞こえる？
AvgDialog_73784_Content_21,apYK,avg星辰章2_AvgDialog_C_M.csv,28,AvgDialog,Content,玩家,……能。,……聞こえてるよ。
AvgDialog_73784_Content_22,apYL,avg星辰章2_AvgDialog_C_M.csv,29,AvgDialog,Content,,"你深深吐口气，忍着头痛，强迫自己清醒。
终于，那令人憎恶的虫鸣消失了。",あなたは深く息をつき、頭痛をこらえながら無理やり目を覚ます。\nようやく、あの忌まわしい虫の鳴き声が消え去った。
AvgDialog_73784_Content_23,apYM,avg星辰章2_AvgDialog_C_M.csv,30,AvgDialog,Content,,你见到自己正身处于类似疗养院的建筑，静谧空旷的走廊两侧是数不清的门扉，延伸到远处的黑暗里。,気づけば、あなたは療養所のような建物の中にいた。静まり返った廊下の両端には数え切れないほどの扉が並び、奥へと続いている。
AvgDialog_73784_Content_24,apYN,avg星辰章2_AvgDialog_C_M.csv,31,AvgDialog,Content,玩家,一间疗养院？我为什么会在这里……,療養所？どうして私はここに……
AvgDialog_73784_Content_25,apYO,avg星辰章2_AvgDialog_C_M.csv,32,AvgDialog,Content,熔毁·朵尔,你在问我？或许我该找机会调试一下你的身体，看看你的记忆模块是否运行正常。,それをわたしに聞くの？あなたの体を一度点検したほうがいいかもしれないわね。記憶モジュールが正常に動いていないようだし。
AvgDialog_73784_Content_26,apYP,avg星辰章2_AvgDialog_C_M.csv,33,AvgDialog,Content,玩家,……或许我并没有什么记忆模块。,……私に記憶モジュールなんてないと思うんだけど。
AvgDialog_73784_Content_27,apYQ,avg星辰章2_AvgDialog_C_M.csv,34,AvgDialog,Content,熔毁·朵尔,那不重要。重要的是你找到威廉了吗？,そんなことはどうでもいいわ。重要なのは、あなたの目的よ。\nウィリアムは見つかったの？
AvgDialog_73784_Content_28,apYR,avg星辰章2_AvgDialog_C_M.csv,35,AvgDialog,Content,玩家,<Yellow:威廉>……对，我是来找<Yellow:威廉>的。,<Yellow:ウィリアム>……\nそうだ、私は<Yellow:ウィリアム>を探しに来たんだった。
AvgDialog_73784_Content_29,apYS,avg星辰章2_AvgDialog_C_M.csv,36,AvgDialog,Content,熔毁·朵尔,看来目前并没有什么进展。,どうやら、今のところ進展はないみたいね。
AvgDialog_73784_Content_30,apYU,avg星辰章2_AvgDialog_C_M.csv,37,AvgDialog,Content,熔毁·朵尔,仿照弥萨格校徽，制作通讯器让你单独行动是正确的选择。,ミサゴ大学の校章を模した通信機を作り、あなたに単独行動させたのは正しい判断だったわ。
AvgDialog_73784_Content_31,apYV,avg星辰章2_AvgDialog_C_M.csv,38,AvgDialog,Content,玩家,通讯器？我看应该是监视器吧。,通信機？監視装置の間違いじゃないの？
AvgDialog_73784_Content_32,apYW,avg星辰章2_AvgDialog_C_M.csv,39,AvgDialog,Content,熔毁·朵尔,都一样。你是我的重要实验成果，必须时刻处于我的掌控之下。,どちらも同じよ。あなたはわたしの重要な実験成果なのだから、常にわたしの管理下に置くのは当然のことよ。
AvgDialog_73784_Content_33,apYX,avg星辰章2_AvgDialog_C_M.csv,40,AvgDialog,Content,熔毁·朵尔,事实上，如果不是必须重建实验室，而你又执意要去找威廉，我不会让你离开我的视线。,正直に言って、実験室の再建さえなければ、あなたの意思など関係なく、目の届かないところへ行かせたりしなかったでしょうね。
AvgDialog_73784_Content_34,apYY,avg星辰章2_AvgDialog_C_M.csv,41,AvgDialog,Content,玩家,我还能说什么……谢谢你的支持？,私はそれに何と言うべきなのかな……協力してくれてありがとう？
AvgDialog_73784_Content_35,apYZ,avg星辰章2_AvgDialog_C_M.csv,42,AvgDialog,Content,熔毁·朵尔,不用谢，有需要就联系我。,どういたしまして。何かあったら連絡しなさい。
AvgDialog_73784_Content_36,apZa,avg星辰章2_AvgDialog_C_M.csv,43,AvgDialog,Content,熔毁·朵尔,我还挤得出时间来关注下自己的小狗。,自分の子犬を気にかける時間くらい、まだ作れるわ。
AvgDialog_73784_Content_37,apZb,avg星辰章2_AvgDialog_C_M.csv,44,AvgDialog,Content,,随后，通讯彻底断线，四周恢复了寂静。,そうして通信は完全に途絶え、周囲には再び静寂が戻った。
AvgDialog_73784_Content_38,apZc,avg星辰章2_AvgDialog_C_M.csv,45,AvgDialog,Content,玩家,……算了，还是先想想怎么找到威廉吧。,……まあいいや。今はどうやってウィリアムを見つけるか考えよう。
AvgDialog_73784_Content_39,apZd,avg星辰章2_AvgDialog_C_M.csv,46,AvgDialog,Content,玩家,我先是看到了形似威廉的身影，然后一路追着他进入了树林……,最初はウィリアムに似た人影を見かけたから、森の奥まで追いかけて……
AvgDialog_73784_Content_40,apZf,avg星辰章2_AvgDialog_C_M.csv,47,AvgDialog,Content,玩家,嘿，停下！,ねえ、待って！
AvgDialog_73784_Content_41,apZg,avg星辰章2_AvgDialog_C_M.csv,48,AvgDialog,Content,,形似威廉的身影无动于衷，继续奔跑，丝毫没有减缓的打算。,人影は反応することなく走り続け、速度を落とす気配すらなかった。
AvgDialog_73784_Content_42,apZh,avg星辰章2_AvgDialog_C_M.csv,49,AvgDialog,Content,玩家,威廉？！,ウィリアム！？
AvgDialog_73784_Content_43,apZi,avg星辰章2_AvgDialog_C_M.csv,50,AvgDialog,Content,,你尝试叫了一声，对方终于停步，转过身来。,あなたが声をかけようとしたとき、彼はようやく足を止めて振り返った。
AvgDialog_73784_Content_44,apZj,avg星辰章2_AvgDialog_C_M.csv,51,AvgDialog,Content,,但你什么都没有看到。,だが、その顔には何もなかった。
AvgDialog_73784_Content_45,apZk,avg星辰章2_AvgDialog_C_M.csv,52,AvgDialog,Content,,那一瞬间，诡异可憎的嘶鸣忽然响起，令你的意识出现恍惚。,突如、おぞましく不気味な嘶きが響き渡り、あなたの意識は朦朧とし始めた。
AvgDialog_73784_Content_46,apZl,avg星辰章2_AvgDialog_C_M.csv,53,AvgDialog,Content,,昏沉中，似有无数虫子欢快鸣叫着穿透你的头皮，爬过你的大脑，虫足上的纤毛拂动你最细微的神经末梢，令你的汗毛根根炸起。,ぼんやりとした意識の中、無数の虫が歓喜の声を上げながら脳を這い回る。虫の脚の繊毛があなたの神経を撫で、全身の毛が逆立った。
AvgDialog_73784_Content_47,apZm,avg星辰章2_AvgDialog_C_M.csv,54,AvgDialog,Content,玩家,滚开！,消えろ！
AvgDialog_73784_Content_48,apZn,avg星辰章2_AvgDialog_C_M.csv,55,AvgDialog,Content,,你挥舞手臂驱赶这些亦真亦幻的虫子，再次睁眼，就已经出现在疗养院内。,あなたは腕を振り回し、幻とも現実ともつかない虫たちを追い払う。\nそして再び目を開いたときには、すでに療養所の中にいた。
AvgDialog_73784_Content_49,apZo,avg星辰章2_AvgDialog_C_M.csv,56,AvgDialog,Content,玩家,难道我闯入了未知密境，或是谁的梦境？,未知の密境に迷い込んだのかな、それとも誰かの夢の中に……？
AvgDialog_73784_Content_50,apZq,avg星辰章2_AvgDialog_C_M.csv,57,AvgDialog,Content,玩家,目前信息有限，无法下定结论。或许，我应该找人问一下。,今のままだと情報が少なすぎて、結論は出せないな。\nひとまず、誰かに話を聞いてみよう。
AvgDialog_73784_Content_51,apZr,avg星辰章2_AvgDialog_C_M.csv,58,AvgDialog,Content,,"哒哒哒——
就在这时，一名带着口罩的医生从附近路过。",コツ、コツ、コツ——\nちょうどそのとき、マスクをつけた医師が近くを通りかかった。
AvgDialog_73784_Content_52,apZs,avg星辰章2_AvgDialog_C_M.csv,59,AvgDialog,Content,玩家,你好，请问这里——,あの、すみません。ここは——
AvgDialog_73784_Content_53,apZt,avg星辰章2_AvgDialog_C_M.csv,60,AvgDialog,Content,虫人医生,你是从哪个病房跑出来的？,君はどこの病室から抜け出してきたんだ？
AvgDialog_73784_Content_54,apZu,avg星辰章2_AvgDialog_C_M.csv,61,AvgDialog,Content,玩家,呃，我不是患者，只是不小心闯入的调查员。,えっと、私は患者ではありません。\nたまたまここに来た調査員です。
AvgDialog_73784_Content_55,apZv,avg星辰章2_AvgDialog_C_M.csv,62,AvgDialog,Content,虫人医生,只要进入这里就是患者。,ここに足を踏み入れた時点で、全員患者だ。
AvgDialog_73784_Content_56,apZw,avg星辰章2_AvgDialog_C_M.csv,63,AvgDialog,Content,虫人医生,<Red:患者禁止擅自离开病房！>,<Red:患者は無断で病室を離れてはならない！>
AvgDialog_73784_Content_57,apZx,avg星辰章2_AvgDialog_C_M.csv,64,AvgDialog,Content,虫人医生,<RedShake:患者禁止擅自离开病房！患者禁止擅自离开病房！！患者禁止擅自离开病房！！！>,<RedShake:患者は無断で病室を離れてはならない！患者は無断で病室を離れてはならない！！患者は無断で病室を離れてはならない！！！>
AvgDialog_73784_Content_58,apZy,avg星辰章2_AvgDialog_C_M.csv,65,AvgDialog,Content,,医生机械地重复着，忽然靠近，钳住你的手腕。,医師は機械のように同じ言葉を繰り返す。\nそして突然こちらに近づき、あなたの手首をがっちりと掴んだ。
AvgDialog_73784_Content_59,apZz,avg星辰章2_AvgDialog_C_M.csv,66,AvgDialog,Content,玩家,你在发什么疯，快放手！,何をするんですか！離してください！
AvgDialog_73784_Content_60,apZB,avg星辰章2_AvgDialog_C_M.csv,67,AvgDialog,Content,,你防御性阻拦他的动作，无意中扯掉了医生的口罩。,あなたは反射的に手を振りほどこうとして、思わず医師のマスクを引き剥がしてしまった。
AvgDialog_73784_Content_61,apZC,avg星辰章2_AvgDialog_C_M.csv,68,AvgDialog,Content,,如某种无形的帷幕被扯下，真实展露于你面前——,まるで目に見えない帳が引き裂かれたかのように、真実があなたの目の前で露わになる——
AvgDialog_73784_Content_62,apZD,avg星辰章2_AvgDialog_C_M.csv,69,AvgDialog,Content,,那本该是人脸的地方，不存在鼻子和嘴，只有虫类的扭曲复眼和尖锐口器。,本来なら人の顔であるはずのそこには、鼻も口もなかった。代わりにあったのは、虫のように歪んだ複眼と、鋭く尖った口器だった。
AvgDialog_73784_Content_63,apZE,avg星辰章2_AvgDialog_C_M.csv,70,AvgDialog,Content,虫脸医生,外来@1，入侵@2,外来@1、侵入@2
AvgDialog_73784_Content_64,apZF,avg星辰章2_AvgDialog_C_M.csv,71,AvgDialog,Content,,熟悉又刺耳的嘶鸣从那蠕动的口器中传出，让你觉得精神刺痛，意识模糊。,蠢く口器から、聞き覚えのある耳障りな嘶きが響く。\nその音はあなたの精神を刺し貫き、意識を朦朧とさせた。
AvgDialog_73784_Content_65,apZG,avg星辰章2_AvgDialog_C_M.csv,72,AvgDialog,Content,虫脸医生,@3收容@2,@3収容@2
AvgDialog_73784_Content_66,apZH,avg星辰章2_AvgDialog_C_M.csv,73,AvgDialog,Content,,在这亵渎虫鸣的呼唤下，更多医生出现，强硬地将你拖向最近的房间。,その冒涜的な虫の鳴き声に応じるように、さらに多くの医師たちが現れた。そして、あなたを無理やり近くの部屋へと引きずり込んだ。
AvgDialog_73784_Content_67,apZI,avg星辰章2_AvgDialog_C_M.csv,74,AvgDialog,Content,玩家,<Shake:……>,<Shake:……>
AvgDialog_73784_Content_68,apZJ,avg星辰章2_AvgDialog_C_M.csv,75,AvgDialog,Content,,你不敢轻举妄动——数不清的几丁质虫足穿透了你的双臂，甚至扎碎了你的臂骨。,あなたは動くことさえできなかった——キチン質の外骨格を持つ虫の足があなたの両腕を貫き、骨を砕いてしまったのだ。
AvgDialog_73784_Content_69,apZK,avg星辰章2_AvgDialog_C_M.csv,76,AvgDialog,Content,,最后，你像麻袋一样，被甩进了房间角落。,そのまま、あなたは麻袋のように部屋の隅へ放り投げられた。
AvgDialog_73784_Content_70,apZM,avg星辰章2_AvgDialog_C_M.csv,77,AvgDialog,Content,虫脸医生,@2外来@1，转化@2,@2外来@1、転化@2
AvgDialog_73784_Content_71,apZN,avg星辰章2_AvgDialog_C_M.csv,78,AvgDialog,Content,虫脸医生,转化@3,転化@3
AvgDialog_73784_Content_72,bqxh,avg星辰章2_AvgDialog_C_M.csv,79,AvgDialog,Content,,那诡异的嘶鸣越来越近，形成阴影将你彻底笼罩，带来生理与精神的双重惊悚。,不気味な嘶きが、少しずつ近づいてくる。その影に呑まれるように、あなたは生理的な嫌悪と精神的な恐怖に襲われた。
AvgDialog_73784_Content_73,bqxi,avg星辰章2_AvgDialog_C_M.csv,80,AvgDialog,Content,玩家,<Shake:滚……>,<Shake:失せろ……>
AvgDialog_73784_Content_74,bqxj,avg星辰章2_AvgDialog_C_M.csv,81,AvgDialog,Content,,你忍着疼痛去碰触银钥匙。在身体剧痛神志模糊的现在，你需要它的帮助。,あなたは痛みをこらえながら、シルバーキーに手を伸ばす。\n激痛で意識も朦朧としている今、それだけが頼りだった。
AvgDialog_73784_Content_75,bqxk,avg星辰章2_AvgDialog_C_M.csv,82,AvgDialog,Content,,但血液濡湿了一切。银钥匙从你的指尖滑了过去。,だが、あなたの手は血で濡れ、シルバーキーは指先をすり抜けて落ちてしまった。
AvgDialog_73784_Content_76,bqxl,avg星辰章2_AvgDialog_C_M.csv,83,AvgDialog,Content,虫脸医生,转化@3，转化@3,転化@3、転化@3
AvgDialog_73784_Content_77,bqxm,avg星辰章2_AvgDialog_C_M.csv,84,AvgDialog,Content,,阴影靠得越来越近，独属于虫子的触角，已经黏腻地舔舐上你的颅顶。,影はますます近づき、虫特有の触角があなたの頭をねっとりと舐めるように這い回る。
AvgDialog_73784_Content_78,bqxn,avg星辰章2_AvgDialog_C_M.csv,85,AvgDialog,Content,,你的大脑骤然刺痛，仿佛有什么东西穿透了大脑皮层，直达内里，刺穿了灵魂。,脳に突然鋭い痛みが走った。まるで何かが大脳皮質を貫いて奥へと侵入し、魂をも突き刺したかのような感覚だ。
AvgDialog_73784_Content_79,bqxo,avg星辰章2_AvgDialog_C_M.csv,86,AvgDialog,Content,玩家,<Shake:呃……>,<Shake:うっ……>
AvgDialog_73784_Content_80,bqxp,avg星辰章2_AvgDialog_C_M.csv,87,AvgDialog,Content,,这时，疗养院骤然响起一阵刺耳的铃声，仿佛来自于灵魂深处，无处不在。,そのとき、療養所中に耳をつんざくようなベルの音が鳴り響き、建物全体を震わせた。
AvgDialog_73784_Content_81,bqxq,avg星辰章2_AvgDialog_C_M.csv,88,AvgDialog,Content,虫脸医生,@2外来@1，入侵@2？,@2外来@1、侵入@2？
AvgDialog_73784_Content_82,bqxr,avg星辰章2_AvgDialog_C_M.csv,89,AvgDialog,Content,虫脸医生,收容@2外来@2！,収容@2外来@2！
AvgDialog_73784_Content_83,bqxs,avg星辰章2_AvgDialog_C_M.csv,90,AvgDialog,Content,,"短促怪异的虫鸣后，你看到那些恐怖身影正在远去。
而和他们一同远去的，还有光明。",短く奇怪な虫の鳴き声が聞こえた後、あの恐ろしい姿が遠ざかっていくのが見えた。
AvgDialog_73784_Content_84,bqxt,avg星辰章2_AvgDialog_C_M.csv,91,AvgDialog,Content,,门外的光逐渐变窄，成为细细的一条线，然后彻底消失。,扉の向こうから差し込んでいた光も次第に細くなり、やがて完全に消え去る。
AvgDialog_73784_Content_85,bqxu,avg星辰章2_AvgDialog_C_M.csv,92,AvgDialog,Content,,你陷入了原初的黑暗，在这陌生的地方，徒留一身伤口。,あなたは見知らぬその場所で、全身に傷を負ったまま、闇の中へと沈んでいった。
AvgDialog_73796_Content_1,aqiT,avg星辰章2_AvgDialog_C_M.csv,93,AvgDialog,Content,,不受控的梦,制御できぬ夢
AvgDialog_73796_Content_2,aqje,avg星辰章2_AvgDialog_C_M.csv,94,AvgDialog,Content,,未知的空间里，是不断摇动的灵摆，和微笑的克莱门汀。,見知らぬ空間に、揺れ続ける振り子と微笑むクレメンタインがいる。
AvgDialog_73796_Content_3,aqjp,avg星辰章2_AvgDialog_C_M.csv,95,AvgDialog,Content,玩家,为什么我会梦到克莱门汀？,どうして私はクレメンタインの夢を見ているんだろう？
AvgDialog_73796_Content_4,aqjA,avg星辰章2_AvgDialog_C_M.csv,96,AvgDialog,Content,克莱门汀（唤醒体）,怎么，您不喜欢我出现在您的梦境里吗？,あら、私があなたの夢に現れるのがお気に召しませんか？
AvgDialog_73796_Content_5,aqjL,avg星辰章2_AvgDialog_C_M.csv,97,AvgDialog,Content,克莱门汀（唤醒体）,没关系，我理解您在治疗过程中出现的小情绪，只是讳疾忌医可不好哦。,別に構いません。治療の過程で小さな感情の揺れが生じるのは、よくあることです。ただ、医師に病を隠すのはよくありませんね。
AvgDialog_73796_Content_6,aqjW,avg星辰章2_AvgDialog_C_M.csv,98,AvgDialog,Content,克莱门汀（唤醒体）,现在，请您坐下，心理治疗要开始了。,さあ、お座りください。心理療法を始めましょう。
AvgDialog_73796_Content_7,aqjZ,avg星辰章2_AvgDialog_C_M.csv,99,AvgDialog,Content,玩家,心理治疗？这完全搞错了。我是来找威廉的。,心理療法？違う、私はウィリアムを探しに来たんだ。
AvgDialog_73796_Content_8,aqka,avg星辰章2_AvgDialog_C_M.csv,100,AvgDialog,Content,玩家,……我跟你说这些干什么，这是我的梦境。只要我想苏醒，就一定可以醒来。,……なんでこんなことを話してるんだろう？これは私の夢なんだから、目覚めようと思えば、いつでも目覚められるはず。
AvgDialog_73796_Content_9,aqkb,avg星辰章2_AvgDialog_C_M.csv,101,AvgDialog,Content,,"你闭上眼睛，集中精神让自己清醒。
因此，你没听到那一声极轻的微笑。",あなたは目を閉じ、精神を集中させて意識を覚醒させようとする。\nそのせいで、かすかな微笑みの気配に気づくことができなかった。
AvgDialog_73796_Content_10,aqiU,avg星辰章2_AvgDialog_C_M.csv,102,AvgDialog,Content,克莱门汀（唤醒体）,虽然遗憾您拒绝了我的心理治疗，但我尊重您的决定。毕竟，让人安心是我们的宗旨。,心理療法を拒まれてしまったのは残念ですが、あなたの判断を尊重します。人に安心を与えることが、私たちの目的ですから。
AvgDialog_73796_Content_11,aqiV,avg星辰章2_AvgDialog_C_M.csv,103,AvgDialog,Content,克莱门汀（唤醒体）,不过，我们很快就会再见面的，我有预感。,ですが、すぐにまたお会いすることになるでしょう。\nそんな予感がします。
AvgDialog_73796_Content_12,aqiW,avg星辰章2_AvgDialog_C_M.csv,104,AvgDialog,Content,克莱门汀（唤醒体）,希望那一天，您能够接受我的治疗。,そのときはどうか、私の治療を受け入れてくださいね。
AvgDialog_73796_Content_13,aqiX,avg星辰章2_AvgDialog_C_M.csv,105,AvgDialog,Content,,随后，克莱门汀的声音彻底消失，你忍不住睁开了眼睛。,やがてクレメンタインの声は完全に聞こえなくなった。\nあなたは目を開く。
AvgDialog_73796_Content_14,aqiY,avg星辰章2_AvgDialog_C_M.csv,106,AvgDialog,Content,玩家,这是……我的宿舍！？,ここは……私の寮！？
AvgDialog_73796_Content_15,aqiZ,avg星辰章2_AvgDialog_C_M.csv,107,AvgDialog,Content,,你站起来，虽然脑海仍旧隐隐作痛，身体也并未痊愈，但此刻你顾不上这些。,頭の奥にはまだ鈍い痛みが残り、体も完全に回復していなかったが、今はそれどころではない。
AvgDialog_73796_Content_16,aqja,avg星辰章2_AvgDialog_C_M.csv,108,AvgDialog,Content,玩家,熟悉的布局和家具，还有这满是课本的课桌……这里确实是我的宿舍。,見慣れた間取りと家具、そして教科書が積まれた机……ここは確かに自分の寮だった。
AvgDialog_73796_Content_17,aqjb,avg星辰章2_AvgDialog_C_M.csv,109,AvgDialog,Content,玩家,不知有多少次，我都是在这里，匆忙赶那怎么也做不完的作业。,何度ここで、終わりの見えない課題に追われながら、慌ただしく時間を過ごしただろう。
AvgDialog_73796_Content_18,aqjc,avg星辰章2_AvgDialog_C_M.csv,110,AvgDialog,Content,熔毁·朵尔,可怜的小狗还没有从噩梦里清醒？,かわいそうに、まだ悪夢から目覚めていないの？
AvgDialog_73796_Content_19,aqjd,avg星辰章2_AvgDialog_C_M.csv,111,AvgDialog,Content,熔毁·朵尔,这个世界没有「你」，自然也不会有关于「你」的存在。,この世界に「あなた」は存在しない。\n当然、「あなた」に関するものも存在しないはずよ。
AvgDialog_73796_Content_20,aqjf,avg星辰章2_AvgDialog_C_M.csv,112,AvgDialog,Content,玩家,但是这确实……,だけど、これは確かに……
AvgDialog_73796_Content_21,aqjg,avg星辰章2_AvgDialog_C_M.csv,113,AvgDialog,Content,熔毁·朵尔,人的大脑有诸多缺陷，视觉欺骗就是其一。试着深入接触看看。,人間の脳には多くの欠陥があるの。視覚的な錯覚もその一つよ。\nもっと近づいて、よく確かめてみなさい。
AvgDialog_73796_Content_22,aqjh,avg星辰章2_AvgDialog_C_M.csv,114,AvgDialog,Content,,翻阅桌上的书本,机の上の本をめくる
AvgDialog_73796_Content_23,aqji,avg星辰章2_AvgDialog_C_M.csv,115,AvgDialog,Content,,书本被翻开，露出朵尔对你的认可评语，以及完成作业的奖励：更多更难的作业。,本を開くと、ドールからの評価コメントとともに、課題達成の報酬が目に入った——さらに多くの難しい課題が。
AvgDialog_73796_Content_24,aqjj,avg星辰章2_AvgDialog_C_M.csv,116,AvgDialog,Content,玩家,……为什么穿越到另一个世界还有这么多作业要做，饶了我吧。,……どうして別の世界に来てまで、こんなに課題があるんだろう。\n勘弁してほしいよ。
AvgDialog_73796_Content_25,aqjk,avg星辰章2_AvgDialog_C_M.csv,117,AvgDialog,Content,,查看角落的绿植,部屋の隅の観葉植物を調べる
AvgDialog_73796_Content_26,aqjl,avg星辰章2_AvgDialog_C_M.csv,118,AvgDialog,Content,,你摘下绿植的一片叶子，仔细审视，随后放到了嘴里。,あなたは観葉植物の葉を一枚摘み取り、じっくり観察したあと、それを口に入れてみた。
AvgDialog_73796_Content_27,aqjm,avg星辰章2_AvgDialog_C_M.csv,119,AvgDialog,Content,熔毁·朵尔,原来你有这种异食癖，我记下了。以后你的三餐都会换成这种植物。,あなたにそんな異食癖があったとはね。記録しておきましょう。\n今後の食事はこの植物に変更しておくわ。
AvgDialog_73796_Content_28,aqjn,avg星辰章2_AvgDialog_C_M.csv,120,AvgDialog,Content,玩家,并没有，我只是在检验它的真实性！,違うって、ただ本物かどうか確かめただけだよ！
AvgDialog_73796_Content_29,aqjo,avg星辰章2_AvgDialog_C_M.csv,121,AvgDialog,Content,熔毁·朵尔,所以结果是？,それで、結果は？
AvgDialog_73796_Content_30,aqjq,avg星辰章2_AvgDialog_C_M.csv,122,AvgDialog,Content,玩家,是真的，这里的一切都是真的。,本物だよ。ここにあるものはすべて本物だ。
AvgDialog_73796_Content_31,aqjr,avg星辰章2_AvgDialog_C_M.csv,123,AvgDialog,Content,熔毁·朵尔,看来，你的视觉、嗅觉、听觉、味觉、触觉统统背叛了你。,どうやらあなたの視覚、嗅覚、聴覚、味覚、触覚、そのすべてがあなたを裏切っているようね。
AvgDialog_73796_Content_32,aqjs,avg星辰章2_AvgDialog_C_M.csv,124,AvgDialog,Content,熔毁·朵尔,也就是说，这里<Yellow:深层连接了你的意识>，成为你此刻的真实。,つまり、この場所は<Yellow:あなたの意識と深く繋がり>、今この瞬間、あなたにとっての現実となっている。
AvgDialog_73796_Content_33,aqjt,avg星辰章2_AvgDialog_C_M.csv,125,AvgDialog,Content,玩家,也许不只是意识连接那么简单……,たぶん、それだけじゃないと思うけど……
AvgDialog_73796_Content_34,aqju,avg星辰章2_AvgDialog_C_M.csv,126,AvgDialog,Content,熔毁·朵尔,有意思。所以你的证据是？,面白いわね。その根拠は？
AvgDialog_73796_Content_35,aqjv,avg星辰章2_AvgDialog_C_M.csv,127,AvgDialog,Content,玩家,虽然不知道我的身体由什么构成，但我相信达芙黛尔，她不会以次充好。,私の体が何でできているのかはわからないけど、ダフォダイルのことは信頼できる。彼女は粗悪品をつかませるようなことはしないはず。
AvgDialog_73796_Content_36,aqjw,avg星辰章2_AvgDialog_C_M.csv,128,AvgDialog,Content,玩家,然而我的伤口现在还疼着，大脑的感觉也很异常。,でも、傷はまだ痛むし、頭の中もどこか変な感じがする。
AvgDialog_73796_Content_37,aqjx,avg星辰章2_AvgDialog_C_M.csv,129,AvgDialog,Content,熔毁·朵尔,看来这个空间某种程度上压制了你的能力，那代表……扭曲……实。,どうやらこの空間は、ある程度あなたの能力を抑制しているようね。つまり……歪ん……実体……
AvgDialog_73796_Content_38,aqjy,avg星辰章2_AvgDialog_C_M.csv,130,AvgDialog,Content,,后续的噪音被一阵突然响起的刺耳警铃声压过。当这声音停止时，通讯器已再无声响。,通信にノイズが走った後、その声は突然鳴り出した警報音にかき消されてしまった。音が止んだとき、通信機は完全に沈黙していた。
AvgDialog_73796_Content_39,aqjz,avg星辰章2_AvgDialog_C_M.csv,131,AvgDialog,Content,玩家,熔毁·朵尔！熔毁·朵尔！！,<Shake:溶壊・ドール！溶壊・ドール！！>
AvgDialog_73796_Content_40,aqjB,avg星辰章2_AvgDialog_C_M.csv,132,AvgDialog,Content,,通讯器没有反应，反倒是门外响起了惨叫。,通信機は何の反応も示さない。\n代わりに、扉の向こうから悲鳴が聞こえてきた。
AvgDialog_73796_Content_41,aqjC,avg星辰章2_AvgDialog_C_M.csv,133,AvgDialog,Content,玩家,门外有人！,外に誰かいる！
AvgDialog_73796_Content_42,aqjD,avg星辰章2_AvgDialog_C_M.csv,134,AvgDialog,Content,,你轻手轻脚走到门口，悄悄将门拉开了一道缝隙。,あなたはそっと扉に近づき、わずかに隙間を開けた。
AvgDialog_73796_Content_43,aqjE,avg星辰章2_AvgDialog_C_M.csv,135,AvgDialog,Content,,门外是熟悉的疗养院走廊，几个带着口罩的医生按住两名手持餐刀的患者。,見慣れた療養所の廊下では、マスクをつけた医師たちが、食事用のナイフを手にした二人の患者を押さえつけていた。
AvgDialog_73796_Content_44,aqjF,avg星辰章2_AvgDialog_C_M.csv,136,AvgDialog,Content,患者,它们在我脑子里产卵，在我身体里到处乱窜！救命！到处都是虫子，虫子！！,奴らが俺の頭の中に卵を産んでいる！体中を這い回っているんだ！\n助けてくれ！どこもかしこも虫だらけなんだ！
AvgDialog_73796_Content_45,aqjG,avg星辰章2_AvgDialog_C_M.csv,137,AvgDialog,Content,患者,滚出去！该死的虫子快从我脑子里滚出去！,出ていけ！くそっ、俺の頭の中から出ていけ、この虫ども！
AvgDialog_73796_Content_46,aqjH,avg星辰章2_AvgDialog_C_M.csv,138,AvgDialog,Content,,患者说着用手抓挠头部，想要抓住「脑子里的虫子」，然而撕扯下来的只有大块的脸皮与头皮。,患者は頭を掻きむしり、「頭の中にいる虫」を捕まえようとする。\nだが、結局は自分の皮膚や頭皮を引きちぎるだけだった。
AvgDialog_73796_Content_47,aqjI,avg星辰章2_AvgDialog_C_M.csv,139,AvgDialog,Content,患者,不！不！我不要变成虫子，我不要！,い、嫌だ！虫になんかなりたくない！止めろ！
AvgDialog_73796_Content_48,aqjJ,avg星辰章2_AvgDialog_C_M.csv,140,AvgDialog,Content,,"患者尖叫着拿餐刀捅向自己的双眼。
用力前推，来回搅拌，仿佛这样就能消灭脑中的虫子。",患者は叫びながら、食事用のナイフで自分の目を突き刺した。\n力いっぱい押し込み、ぐるぐるとかき回す。\nそうすれば、頭の中の虫を取り出せるとでも言うように。
AvgDialog_73796_Content_49,aqjK,avg星辰章2_AvgDialog_C_M.csv,141,AvgDialog,Content,,随后，失去控制的身体倒下，倒在另一个患者面前。而后者一动不动，似乎吓傻了。,やがて、力尽きた患者はその場に崩れ落ちた。もう一人の患者は微動だにせず、恐怖で身動きが取れないように見えた。
AvgDialog_73796_Content_50,aqjM,avg星辰章2_AvgDialog_C_M.csv,142,AvgDialog,Content,,"很快，你就意识到那人不是被吓傻了，而是根本无法行动——
他的头皮同后背皮肤彻底撕裂，血肉模糊的内在蜕皮成功，离体而出。",だがすぐに、その人が動けないのは恐怖のせいではないと気づく——頭と背中の皮膚が大きく裂け、中から血にまみれた何かが、脱皮するように這い出してきた。
AvgDialog_73796_Content_51,aqjN,avg星辰章2_AvgDialog_C_M.csv,143,AvgDialog,Content,,那不知该如何称呼的内在伸展着、蔓延着，啪嗒啪嗒走在地面，形成有着触角和虫足、似人似虫的恐怖存在。,それを何と呼ぶべきか、あなたには分からなかった。\nそれは、伸び広がりながらばたばたと床を這い回り、触角と虫の脚を備えた、人とも虫ともつかない恐ろしい姿を形作っていく。
AvgDialog_73796_Content_52,aqjO,avg星辰章2_AvgDialog_C_M.csv,144,AvgDialog,Content,,白色的医师服和口罩不知何时出现在那东西身上，犹如无形帷幕般，遮盖住了真相——此时，你眼中的它只是名带着口罩的普通医生。,いつの間にか、白衣とマスクがその身を覆っていた。\nそれらは目に見えない帳のように真実を覆い隠し——\n今のあなたには、マスクをつけた一人の医師にしか見えない。
AvgDialog_73796_Content_53,aqjP,avg星辰章2_AvgDialog_C_M.csv,145,AvgDialog,Content,,其他医生们拥抱着庆贺新人的加入，在你震惊的眼神里并肩离开。,他の医師たちは新たな仲間の誕生を祝福するように抱擁を交わし、あなたが愕然と見つめる中、肩を並べて去っていった。
AvgDialog_73796_Content_54,aqjQ,avg星辰章2_AvgDialog_C_M.csv,146,AvgDialog,Content,,疗养院的走廊又恢复静谧。但你的心中翻江倒海。,療養所の廊下は、再び静けさを取り戻す。\nだが、あなたの胸中には嵐が吹き荒れていた。
AvgDialog_73796_Content_55,aqjR,avg星辰章2_AvgDialog_C_M.csv,147,AvgDialog,Content,玩家,任何人只要闯入便会被判定为「病患」，被「医生」强行关进病房。,この場所に足を踏み入れた者は、誰であろうと『患者』と見なされ、「医師」によって強制的に病室へ収容される。
AvgDialog_73796_Content_56,aqjS,avg星辰章2_AvgDialog_C_M.csv,148,AvgDialog,Content,玩家,而等待「病患」的，只有两种结局——死去，或转化为怪物，成为新的「医生」。,そして「患者」を待つ結末は二つしかない——死か、あるいは怪物へと転化し、新たな「医師」となるか。
AvgDialog_73796_Content_57,aqjT,avg星辰章2_AvgDialog_C_M.csv,149,AvgDialog,Content,,你看着面前仿若链接两个世界的障壁，将宿舍房间与疗养院「融合」起来的木门，知道自己只有一个选择。,あなたは目の前の木製の扉を見つめる。その扉はまるで二つの世界の境界であるかのように、寮の部屋と療養所を「融合」させていた。\nあなたに残された選択肢は、一つしかない。
AvgDialog_73796_Content_58,aqjU,avg星辰章2_AvgDialog_C_M.csv,150,AvgDialog,Content,玩家,在彻底变成虫子前找到威廉，离开这里。行动要快！,完全な虫になってしまう前に、ウィリアムを見つけて、ここから脱出する。急がないと！
AvgDialog_73796_Content_59,aqjV,avg星辰章2_AvgDialog_C_M.csv,151,AvgDialog,Content,,你踏出房门，这时某种难以言喻的诡异攫住了你。你意识模糊，几乎无法站立。,あなたが部屋を出た瞬間、言いようのない奇妙な感覚があなたを襲った。意識は朦朧とし、立っていることさえままならない。
AvgDialog_73796_Content_60,aqjX,avg星辰章2_AvgDialog_C_M.csv,152,AvgDialog,Content,,大地隆隆咆哮，整个疗养院都在这恐怖声响中震颤。,大地が轟々とうなりを上げ、療養所全体が激しく揺れた。
AvgDialog_73796_Content_61,aqjY,avg星辰章2_AvgDialog_C_M.csv,153,AvgDialog,Content,,许久之后，这声音才缓缓消散，而你的眼前已然变了模样。,やがて、その轟音はゆっくりと遠のいていく。\nそして気づけば、目の前の光景はすっかり様変わりしていた。
AvgDialog_73796_Content_62,bqxX,avg星辰章2_AvgDialog_C_M.csv,154,AvgDialog,Content,玩家,准确地说，疗养院的走廊并没有什么变化，<Yellow:改变的只是房间的内部>——它从我的宿舍变成了戏剧舞台。,正確には、療養所の廊下には何の変化もなかった。\n<Yellow:変わったのは部屋の中だけだった>——自分の寮だったはずの部屋は、いつの間にか劇場の舞台へと姿を変えていた。
AvgDialog_73796_Content_63,bqxY,avg星辰章2_AvgDialog_C_M.csv,155,AvgDialog,Content,玩家,但为什么会有这样的变化……等等，我好像听到了声音。房间里有人。,でも、どうして……\n待って、何か聞こえる。部屋の中に誰かいる。
AvgDialog_73796_Content_64,bqxZ,avg星辰章2_AvgDialog_C_M.csv,156,AvgDialog,Content,,你走入房间，见到正与盛装打扮的戏剧假人翩翩起舞的融蚀患者。,あなたは部屋の中に足を踏み入れる。そこで目にしたのは、華やかな舞台衣装をまとったマネキンと優雅に踊る、融蝕患者の姿だった。
AvgDialog_73796_Content_65,bqya,avg星辰章2_AvgDialog_C_M.csv,157,AvgDialog,Content,玩家,……你好？请问你怎么会出现在、在这个房间？还有，你见过金色头发、带着单片眼镜的男生吗？,……あの、すみません。あなたはなぜこの部屋にいるんですか？\nそれと、金髪で片眼鏡をかけた男性を見かけませんでしたか？
AvgDialog_73796_Content_66,bqyb,avg星辰章2_AvgDialog_C_M.csv,158,AvgDialog,Content,？？？（克劳德）,奥黛丽，我的奥黛丽，如果整个世界都是属于我所有，我愿意把一切捐弃，但求化身为你。,オードリー、私のオードリー。たとえ世界のすべてが私のものだとしても、そのすべてを投げ捨てても構わない。君になれるのなら——
AvgDialog_73796_Content_67,bqyc,avg星辰章2_AvgDialog_C_M.csv,159,AvgDialog,Content,,病患似乎没听见你的声音，低头亲吻假人的嘴唇，只是那头颅却就此滚落，咕噜噜滚到你的脚边。,患者はあなたの声に気づく様子もなく、マネキンの唇に口づける。\nだが次の瞬間、その頭部は首から外れ、床へと転がり落ちた。\n頭はごろごろと床を転がり、やがてあなたの足元で止まった。
AvgDialog_73796_Content_68,bqyd,avg星辰章2_AvgDialog_C_M.csv,160,AvgDialog,Content,,假人没有眼睛的空洞闪烁着某种光芒，犹如白色的泪，或无声的求救，向着你缓慢流淌。,眼球のない眼窩には、奇妙な光が揺らめいている。\nそれは白い涙のようであり、声なき救難信号のようでもあった。\n滲み出る光は、ゆっくりとあなたへ向かって流れていく。
AvgDialog_73796_Content_69,bqye,avg星辰章2_AvgDialog_C_M.csv,161,AvgDialog,Content,,这下，那融蚀患者终于抬头看向了你。,そしてようやく、融蝕患者は顔を上げ、あなたを見た。
AvgDialog_73796_Content_70,bqyf,avg星辰章2_AvgDialog_C_M.csv,162,AvgDialog,Content,？？？（克劳德）,威廉？又一个竞争者？,ウィリアム？また新しい競争相手か？
AvgDialog_73796_Content_71,bqyg,avg星辰章2_AvgDialog_C_M.csv,163,AvgDialog,Content,？？？（克劳德）,没关系，奥黛丽最终只会属于我，属于我一个人。,構わないさ。\nオードリーは私のものだ。私だけのものだ。
AvgDialog_73781_Content_1,apTy,avg星辰章2_AvgDialog_C_M.csv,164,AvgDialog,Content,,失落的记忆,失われた記憶
AvgDialog_73781_Content_2,apTJ,avg星辰章2_AvgDialog_C_M.csv,165,AvgDialog,Content,？？？（克劳德）,离她远点，她是我的，是我的！,彼女から離れろ！彼女は私のものだ！私だけの！
AvgDialog_73781_Content_3,apTU,avg星辰章2_AvgDialog_C_M.csv,166,AvgDialog,Content,,病患手脚并用爬向假人的头颅，反倒错误地将那头颅向你推了过来。,患者は手足を使ってマネキンの頭部へと這い寄ったが、誤ってそれをあなたの方へ押し出してしまった。
AvgDialog_73781_Content_4,apUf,avg星辰章2_AvgDialog_C_M.csv,167,AvgDialog,Content,,空洞眼眶中的白色泪滴终于触到了你，无声破碎。,虚ろな眼窩から零れ落ちた白い涙がついにあなたに触れ、音もなく砕け散る。
AvgDialog_73781_Content_5,apUq,avg星辰章2_AvgDialog_C_M.csv,168,AvgDialog,Content,玩家,……！！！,……！！！
AvgDialog_73781_Content_6,apUB,avg星辰章2_AvgDialog_C_M.csv,169,AvgDialog,Content,,白色光芒流入你的体内，在意识的眩惑中，你看到了不属于自己的记忆——,白い光があなたの体内へと流れ込む。\n意識が霞む中、あなたは自分のものではない記憶を目にした——
AvgDialog_73781_Content_7,apUM,avg星辰章2_AvgDialog_C_M.csv,170,AvgDialog,Content,,我允许疗愈 允许自己表达恐惧与悲伤,私は癒しを受け入れます。恐怖と悲しみを抱くことを許します。
AvgDialog_73781_Content_8,apUQ,avg星辰章2_AvgDialog_C_M.csv,171,AvgDialog,Content,,我接受自己的改变，并且——,私は自分の変化を受け入れます。そして——
AvgDialog_73781_Content_9,apUR,avg星辰章2_AvgDialog_C_M.csv,172,AvgDialog,Content,,我必会被改变,私は生まれ変わります。
AvgDialog_73781_Content_10,apTz,avg星辰章2_AvgDialog_C_M.csv,173,AvgDialog,Content,克莱门汀唤醒体？,非常好，克劳德，你可以睁开眼睛了。,よくできました、クラウド。もう目を開けてもいいですよ。
AvgDialog_73781_Content_11,apTA,avg星辰章2_AvgDialog_C_M.csv,174,AvgDialog,Content,,舒缓温柔的音乐中，装饰着许多昆虫干制标本的陌生诊疗室显现。,穏やかで優しい音楽が流れている。\nたくさんの昆虫標本が並んだ、見知らぬ診察室が目の前に現れた。
AvgDialog_73781_Content_12,apTB,avg星辰章2_AvgDialog_C_M.csv,175,AvgDialog,Content,,"克莱门汀坐在你对面，一脸微笑地望着你。
或者说，望着这段记忆的主人。",クレメンタインがあなたの正面に座り、穏やかな笑みを浮かべながらこちらを見つめている。\nいや、正確にはこの記憶の主を見つめている。
AvgDialog_73781_Content_13,apTC,avg星辰章2_AvgDialog_C_M.csv,176,AvgDialog,Content,玩家,<LightGray:克莱门汀，怎么又是你？>,<LightGray:クレメンタイン？どうしてまた彼女なんだろう。>
AvgDialog_73781_Content_14,apTD,avg星辰章2_AvgDialog_C_M.csv,177,AvgDialog,Content,,很显然，作为记忆的阅览者，你无法涉入其中，因此这疑惑也静默无声，无人听见。,記憶を見ているだけのあなたは、その場に干渉することができない。その疑問も声にならぬまま静かに消え、誰の耳にも届かなかった。
AvgDialog_73781_Content_15,apTE,avg星辰章2_AvgDialog_C_M.csv,178,AvgDialog,Content,克莱门汀（唤醒体）,跟随音乐放松，想象自己的意识正在脱离肉身，随音乐在虚空中起舞。,音楽を聴きながらリラックスしてください。自分の意識が肉体を離れ、音楽とともに虚空を舞い踊る様子を想像してみてください。
AvgDialog_73781_Content_16,apTF,avg星辰章2_AvgDialog_C_M.csv,179,AvgDialog,Content,克莱门汀（唤醒体）,很好。接下来让我们继续上周的话题。,いいですね。それでは、先週の話の続きをしましょう。
AvgDialog_73781_Content_17,apTG,avg星辰章2_AvgDialog_C_M.csv,180,AvgDialog,Content,克莱门汀（唤醒体）,在看到莱纳德和奥黛丽同台表演，关系密切后，你决定向奥黛丽求婚。那么结果如何？,レナードとオードリーが同じ舞台で共演し、親密な関係にあるのを見て、あなたはオードリーにプロポーズすることを決意しました。\nその結果は、どうでしたか？
AvgDialog_73781_Content_18,apTH,avg星辰章2_AvgDialog_C_M.csv,181,AvgDialog,Content,,"记忆的主人——融蚀患者克莱德用力攥拳，情绪紧张、愤怒又懊恼。
这样的行为已经给出了答案。",記憶の主——融蝕患者のクラウドは強く拳を握り締める。その緊張と怒り、そして悔しさを滲ませた様子が、すでに答えを物語っていた。
AvgDialog_73781_Content_19,apTI,avg星辰章2_AvgDialog_C_M.csv,182,AvgDialog,Content,克莱门汀（唤醒体）,原来是这样啊……但或许，这不见得是件坏事哦。,なるほど……そうでしたか。\nですが、それは必ずしも悪いことばかりではないかもしれません。
AvgDialog_73781_Content_20,apTK,avg星辰章2_AvgDialog_C_M.csv,183,AvgDialog,Content,克莱门汀（唤醒体）,生命里的每件事情都有其意义，通过它们，我们得以了解真正的自己。,人生のあらゆる出来事には、それぞれ意味があります。\nそれらを通して、私たちは本当の自分を知っていくのです。
AvgDialog_73781_Content_21,apTL,avg星辰章2_AvgDialog_C_M.csv,184,AvgDialog,Content,克莱门汀（唤醒体）,或者，我更愿意这样描述，生活就是我们探索自我的过程。,あるいは、こう言った方がいいかもしれませんね。\n人生とは、自分自身を探求する過程なのだ、と。
AvgDialog_73781_Content_22,apTM,avg星辰章2_AvgDialog_C_M.csv,185,AvgDialog,Content,玩家,<LightGray:自我？真正的自己？心理医生说话都这么谜语人吗……>,<LightGray:本当の自分？\n精神科医って、みんなこんな謎めいた言い方をするものなのかな……>
AvgDialog_73781_Content_23,apTN,avg星辰章2_AvgDialog_C_M.csv,186,AvgDialog,Content,,克劳德显然也和你一样陷入了困惑，咀嚼着「真正的自己」的深邃含义。,クラウドもあなたと同じように戸惑っているらしい。\n「本当の自分」という言葉の意味を噛みしめていた。
AvgDialog_73781_Content_24,apTO,avg星辰章2_AvgDialog_C_M.csv,187,AvgDialog,Content,,"这困惑令克莱门汀笑了笑。
你本能察觉到这种笑容与之前不同——它带着恶意。",その困惑を見て、クレメンタインはふっと微笑む。\nあなたは本能的に、その笑みがこれまでのものとは違うと感じた——そこには悪意が滲んでいた。
AvgDialog_73781_Content_25,apTP,avg星辰章2_AvgDialog_C_M.csv,188,AvgDialog,Content,克莱门汀（唤醒体）,克劳德，请容我发表一些不那么符合当前观点的话——人并非生来就明白自己是什么，这需要成长，需要理解和超越。,クラウド、少々世間一般の考え方とは異なる話をさせてください——人は生まれながらにして自分が何者であるかを理解しているわけではありません。それを知るには、成長が必要です。\nそして、それを理解し、乗り越えていかなければならないのです。
AvgDialog_73781_Content_26,apTQ,avg星辰章2_AvgDialog_C_M.csv,189,AvgDialog,Content,克莱门汀（唤醒体）,社会总是要求我们的行为符合绅士淑女的规范，但事实上，这只是我们的某一面……在心理学领域，我们称它为人格面具。,社会は常に、私たちの行動が紳士淑女の規範に沿うことを求めます。しかし実際には、それは私たちの一側面にすぎません……\n心理学では、それを「ペルソナ」と呼びます。
AvgDialog_73781_Content_27,apTR,avg星辰章2_AvgDialog_C_M.csv,190,AvgDialog,Content,克莱门汀（唤醒体）,你的人格面具可以是父母的儿子、伦敦金融城的职员、是社会一切期望的总和——但克劳德，相信我，这不是你。,あなたのペルソナは、親孝行な息子であり、ロンドン金融街で働く会社員であり、社会のあらゆる期待を背負った存在かもしれません。\nですが、クラウド。それは本当のあなたではないのです。
AvgDialog_73781_Content_28,apTS,avg星辰章2_AvgDialog_C_M.csv,191,AvgDialog,Content,克莱门汀（唤醒体）,真正的你充满了力量、自信与智慧，有着足以在星空闪耀的品质，那正是我选中你的原因。,本当のあなたは、力と自信、そして知性に満ちています。\n星空の中でさえ輝きを放つほどの資質を秘めている。\nだからこそ、私はあなたを選んだのです。
AvgDialog_73781_Content_29,apTT,avg星辰章2_AvgDialog_C_M.csv,192,AvgDialog,Content,玩家,<LightGray:绕晕了绕晕了。不过，我怎么感觉这话好像对，又好像不太对……>,<LightGray:頭がくらくらしてきた。なんだろう、このどこか納得できるような、できないような感じは……>
AvgDialog_73781_Content_30,apTV,avg星辰章2_AvgDialog_C_M.csv,193,AvgDialog,Content,,但克劳德显然没有意识到这些，他看向克莱门汀，以一种寻求救赎的姿态真诚提问。,だが、クラウドはその違和感に気づいていないようだった。彼はクレメンタインを見つめ、救いを求めるような切実な表情で問いかけた。
AvgDialog_73781_Content_31,apTW,avg星辰章2_AvgDialog_C_M.csv,194,AvgDialog,Content,克劳德,那真正的我是什么？我要如何才能成为真正的我？,では、本当の私は何なのですか？\nどうすれば本当の自分になれるのでしょうか？
AvgDialog_73781_Content_32,apTX,avg星辰章2_AvgDialog_C_M.csv,195,AvgDialog,Content,克莱门汀（唤醒体）,这需要你自己去寻找，不过我很乐意为你的新生尽一些绵薄之力。,それはあなた自身で見つけるものです。ですが、あなたの新たな生のために、私もささやかながら力を尽くしましょう。
AvgDialog_73781_Content_33,apTY,avg星辰章2_AvgDialog_C_M.csv,196,AvgDialog,Content,克莱门汀（唤醒体）,我认为，奥黛丽无疑是关键。,私が思うに、オードリーこそが鍵となるはずです。
AvgDialog_73781_Content_34,apTZ,avg星辰章2_AvgDialog_C_M.csv,197,AvgDialog,Content,克劳德,奥黛丽？我不明白……,オードリー？どういう意味でしょうか……
AvgDialog_73781_Content_35,apUa,avg星辰章2_AvgDialog_C_M.csv,198,AvgDialog,Content,克莱门汀（唤醒体）,好孩子，你不需要明白，就像我们都无法完全解读那伟大存在的意志。,いい子ですね。理解する必要はありません。\n私たちが、あの至高の意思を完全には理解できないのと同じように。
AvgDialog_73781_Content_36,apUb,avg星辰章2_AvgDialog_C_M.csv,199,AvgDialog,Content,克莱门汀（唤醒体）,你只需要去行动。行动，然后获得新生。,あなたはただ行動すればよいのです。\n行動し、そして新たに生まれ変わるのです。
AvgDialog_73781_Content_37,apUc,avg星辰章2_AvgDialog_C_M.csv,200,AvgDialog,Content,克莱门汀（唤醒体）,现在，深呼吸，将这些话，我的话，都深深刻入脑海里……,さあ、深呼吸して。\nこの言葉を、私の言葉を、深く心に刻み込んでください……
AvgDialog_73781_Content_38,apUd,avg星辰章2_AvgDialog_C_M.csv,201,AvgDialog,Content,克莱门汀（唤醒体）,对，就是这样……真是个好孩子。,そう、その調子……本当にいい子ですね。
AvgDialog_73781_Content_39,apUe,avg星辰章2_AvgDialog_C_M.csv,202,AvgDialog,Content,,令人无法抗拒的催眠里，克莱德深深呼吸，闭上了眼睛，好似陷入沉睡，但作为这段记忆的阅览者，你共感到了他波动异常的心绪。,抗いがたい催眠の中で、クラウドは深く息を吸い、目を閉じた。\n眠りに落ちたかのようにも見えるが、この記憶を見ているあなたは、彼の不安定に揺らぐ心情を感じ取っていた。
AvgDialog_73781_Content_40,apUg,avg星辰章2_AvgDialog_C_M.csv,203,AvgDialog,Content,玩家,克劳德的情绪和心理状态不对劲，这场心理治疗也不对劲……,クラウドの感情も、精神状態も何か変だ。\nこの心理療法もおかしいよ……
AvgDialog_73781_Content_41,apUh,avg星辰章2_AvgDialog_C_M.csv,204,AvgDialog,Content,玩家,等等，我的思绪好像也混乱起来了……,待って、私の思考まで混乱してきた気がする……
AvgDialog_73781_Content_42,apUi,avg星辰章2_AvgDialog_C_M.csv,205,AvgDialog,Content,,你握住银钥匙，想要结束这段记忆，却看到克莱门汀轻轻叹了口气，向你走了过来。,あなたはシルバーキーを握り締め、この記憶を終わらせようとする。だがそのとき、クレメンタインが静かにため息をつくのが見えた。\n彼女はそのまま、こちらへ歩み寄ってくる。
AvgDialog_73781_Content_43,apUj,avg星辰章2_AvgDialog_C_M.csv,206,AvgDialog,Content,,"一只手抚上你的头颅，带来短暂的晕眩和恍惚，让你无法动作。
你只能凝视克莱门汀俯视的、充满怜悯与最后启迪的微笑。",彼女の手があなたの頭に触れ、短い眩暈と恍惚にも似た感覚が走る。\nあなたは身動きが取れず、ただ見上げることしかできなかった。\n見下ろすクレメンタインの、哀れみと最後の啓示を湛えた微笑みを。
AvgDialog_73781_Content_44,apUk,avg星辰章2_AvgDialog_C_M.csv,207,AvgDialog,Content,克莱门汀（唤醒体）,克劳德，好好想想真实的自己，想想真实的自己究竟想要什么。,クラウド、よく考えてみてください。本当の自分は何なのか。\nそして、本当の自分が一体何を望んでいるのかを。
AvgDialog_73781_Content_45,apUl,avg星辰章2_AvgDialog_C_M.csv,208,AvgDialog,Content,克莱门汀（唤醒体）,接纳他，靠近他，如此，「我」才能超越现有的存在形式，成为真实的自己，获得新生。,それを受け入れ、そこへ近づくことで、「あなた」は今の形を超越し、本当の自分となり、新たに生まれ変わることができるのです。
AvgDialog_73781_Content_46,apUm,avg星辰章2_AvgDialog_C_M.csv,209,AvgDialog,Content,克劳德,接纳他，靠近他……明白真实的我，以及我想要什么……,受け入れ、近づく……本当の私を理解し、私が何を望んでいるのかを知る……
AvgDialog_73781_Content_47,apUn,avg星辰章2_AvgDialog_C_M.csv,210,AvgDialog,Content,克莱门汀（唤醒体）,就是这样。最后，让我们再重复一遍获得救赎的口诀。,そうです。\n最後に、救いを得るための言葉をもう一度繰り返しましょう。
AvgDialog_73781_Content_48,apUo,avg星辰章2_AvgDialog_C_M.csv,211,AvgDialog,Content,克劳德,我允许疗愈，允许自己表达恐惧与悲伤……,私は癒しを受け入れます。恐怖と悲しみを抱くことを許します……
AvgDialog_73781_Content_49,apUp,avg星辰章2_AvgDialog_C_M.csv,212,AvgDialog,Content,,你的眼前陷入黑暗，唯有克劳德的声音坚守岗位，从迷茫恐慌，逐渐变为坚定。,視界は闇に沈み、クラウドの声だけがその場に残る。\nその声は迷いや恐怖から、次第に確かなものへと変わっていった。
AvgDialog_73781_Content_50,apUr,avg星辰章2_AvgDialog_C_M.csv,213,AvgDialog,Content,克劳德,我接受自己的改变，并且——,私は自分の変化を受け入れます。そして——
AvgDialog_73781_Content_51,apUs,avg星辰章2_AvgDialog_C_M.csv,214,AvgDialog,Content,,"再次睁眼，你见到拿着假人头颅的克劳德站在面前。
他的另一手拿着细剑，剑尖正要戳进你的喉咙。",再び目を開けたとき、あなたの目の前にはマネキンの頭部を手にしたクラウドが立っていた。\nもう一方の手には細剣が握られ、その切っ先はまさにあなたの喉元を突き刺そうとしている。
AvgDialog_73781_Content_52,apUt,avg星辰章2_AvgDialog_C_M.csv,215,AvgDialog,Content,玩家,！？？,！？？
AvgDialog_73781_Content_53,apUu,avg星辰章2_AvgDialog_C_M.csv,216,AvgDialog,Content,,你躲开攻击，向门边跑，却见到门不知何时关闭。,攻撃をかわし、あなたは扉の方へと走る。\nしかし、扉はいつの間にか閉まっていた。
AvgDialog_73781_Content_54,apUv,avg星辰章2_AvgDialog_C_M.csv,217,AvgDialog,Content,玩家,快打开啊！,<Shake:早く開けて！>
AvgDialog_73781_Content_55,apUw,avg星辰章2_AvgDialog_C_M.csv,218,AvgDialog,Content,克劳德,打开，你是指门吗？不可能。,扉を開ける？無理な話だ。
AvgDialog_73781_Content_56,apUx,avg星辰章2_AvgDialog_C_M.csv,219,AvgDialog,Content,克劳德,<RedShake:任何干扰我和奥黛丽约会的人，都要去死！>,<RedShake:オードリーとのデートを邪魔する者は、誰であろうと死ね！>
AvgDialog_73781_Content_58,apUz,avg星辰章2_AvgDialog_C_M.csv,221,AvgDialog,Content,玩家,逃避不是办法，必须主动出击！,逃げてもだめだ。立ち向かわないと！
AvgDialog_73781_Content_59,apUA,avg星辰章2_AvgDialog_C_M.csv,222,AvgDialog,Content,,你冲过去夺克劳德的长剑，搏斗间，假人头颅从克劳德的手中滑落。,あなたはクラウドに飛びかかり、細剣を奪おうとした。\nもみ合いの中で、マネキンの頭部がクラウドの手から滑り落ちる。
AvgDialog_73781_Content_60,apUC,avg星辰章2_AvgDialog_C_M.csv,223,AvgDialog,Content,,假人头颅落地，发出闷响，然后溢出了一丝鲜血。,マネキンの頭部は地面に落ち、鈍い音を立てた。\n首の断面から、鮮血が滲み出る。
AvgDialog_73781_Content_61,apUD,avg星辰章2_AvgDialog_C_M.csv,224,AvgDialog,Content,玩家,……你杀了奥黛丽！？,……まさか、あなたはオードリーを殺したの！？
AvgDialog_73781_Content_62,apUE,avg星辰章2_AvgDialog_C_M.csv,225,AvgDialog,Content,克劳德,我杀了奥黛丽？这不可能，我是那么爱她……,私がオードリーを殺した？\nそんなはずはない。私はあれほど彼女を愛していたんだ……
AvgDialog_73781_Content_63,apUF,avg星辰章2_AvgDialog_C_M.csv,226,AvgDialog,Content,,你捡起地上的假人头颅，放到克劳德面前，让他好好看清楚那不断滴落的血液。,あなたは地面に落ちたマネキンの頭部を拾い上げ、絶えず滴り落ちる血を見せつけるようにクラウドへ突きつけた。
AvgDialog_73781_Content_64,apUG,avg星辰章2_AvgDialog_C_M.csv,227,AvgDialog,Content,玩家,克劳德，看清楚，你杀了奥黛丽。在求婚失败后，你杀了她！,クラウド、よく見て。あなたはオードリーを殺した。\nプロポーズを断られた後、あなたが彼女を殺したんだ！
AvgDialog_73781_Content_65,apUH,avg星辰章2_AvgDialog_C_M.csv,228,AvgDialog,Content,,如某种无形的帷幕被扯下，你眼前的假人头颅有了变化——那些布料表皮、金属骨架开始溶解，滴落，露出内里的血色。,まるで見えない幕が引き剥がされたかのように、マネキンの頭部が変化し始めた——布の表皮と金属の骨格が溶け崩れ、滴り落ちていく。そして、その下から生々しい血にまみれた塊が露わになった。
AvgDialog_73781_Content_66,apUI,avg星辰章2_AvgDialog_C_M.csv,229,AvgDialog,Content,克劳德,……奥、黛丽？！,……オ、オードリー！？
AvgDialog_73781_Content_67,apUJ,avg星辰章2_AvgDialog_C_M.csv,230,AvgDialog,Content,克劳德,哈哈，我想起来了，我都想起来了，是的，我杀了她，我杀了奥黛丽！哈哈哈！,はは……思い出した。全部思い出したぞ。\nそうだ、私は彼女を殺した。オードリーを殺したんだ！ははははは！
AvgDialog_73781_Content_68,apUK,avg星辰章2_AvgDialog_C_M.csv,231,AvgDialog,Content,,克劳德狂笑起来，而随着他崩溃的笑容，房间开始颤动。,クラウドは狂ったように笑い出した。その引きつった笑みとともに、部屋全体が大きく震え始める。
AvgDialog_73781_Content_69,apUL,avg星辰章2_AvgDialog_C_M.csv,232,AvgDialog,Content,,狂风不知从何而起，将你吹向门外，吹向走廊，你只来得及看最后一眼——,どこからともなく突風が吹き付け、あなたは扉の外へ、廊下へと吹き飛ばされた。あなたが最後に、ほんの一瞬だけ目にしたのは——
AvgDialog_73781_Content_70,apUN,avg星辰章2_AvgDialog_C_M.csv,233,AvgDialog,Content,克劳德,原谅我……,許してくれ……
AvgDialog_73781_Content_71,apUO,avg星辰章2_AvgDialog_C_M.csv,234,AvgDialog,Content,,"克劳德亲吻着假人的嘴唇，用细剑戳穿了自己的喉咙。
这次，「奥黛丽」没有回避。",クラウドはマネキンの唇に口づけると、細剣で自らの喉を突き刺した。今度は、「オードリー」が避けることはなかった。
AvgDialog_73781_Content_72,apUP,avg星辰章2_AvgDialog_C_M.csv,235,AvgDialog,Content,,然后，砰的一声巨响，门扉关闭，彻底落锁。,そして、扉がバンッという大きな音を立てて閉まり、内から鍵がかけられた。
AvgDialog_73781_Content_73,bqxb,avg星辰章2_AvgDialog_C_M.csv,236,AvgDialog,Content,,与此同时，远处传来了哒哒哒的熟悉脚步声。,同時に、遠くから聞き慣れた足音が近づいてきた。
AvgDialog_73781_Content_74,bqxc,avg星辰章2_AvgDialog_C_M.csv,237,AvgDialog,Content,玩家,……医生要来了！快躲起来。,……医師たちが来る！隠れないと！
AvgDialog_73781_Content_75,bqxd,avg星辰章2_AvgDialog_C_M.csv,238,AvgDialog,Content,,你躲进角落阴影，忽然感觉到了从内心深处蔓延而来的寒冷——,あなたは廊下の隅の暗がりへ身を潜めた。\nその瞬間、心の奥底から這い上がってくるような寒気が走った——
AvgDialog_73781_Content_76,bqxe,avg星辰章2_AvgDialog_C_M.csv,239,AvgDialog,Content,克莱门汀（唤醒体）,你不需要明白，你只需要去行动。,理解する必要はありません。\nあなたはただ行動すればよいのです。
AvgDialog_73781_Content_77,bqxf,avg星辰章2_AvgDialog_C_M.csv,240,AvgDialog,Content,克莱门汀（唤醒体）,接纳他，靠近他……成为真实的自己。,それを受け入れ、そこへ近づくことで……本当の自分となるのです。
AvgDialog_73781_Content_78,bqxg,avg星辰章2_AvgDialog_C_M.csv,241,AvgDialog,Content,,那场心理治疗，通过巧妙的话术将奥黛丽与真实的自我绑定，让渴求真正自我的克劳德，变成了杀人凶手。,あの心理療法は、巧みな話術によってオードリーと「本当の自分」を結びつけ、クラウドを殺人犯へと変えてしまった。
AvgDialog_80449_Content_1,bqHT,avg星辰章2_AvgDialog_C_M.csv,242,AvgDialog,Content,疗养院广播,广播通知，西区出现外来人员，请巡逻队及时清理。,西棟に外来者が出現。警備隊は速やかに処理せよ。
AvgDialog_80449_Content_2,bqHU,avg星辰章2_AvgDialog_C_M.csv,243,AvgDialog,Content,疗养院广播,重复一遍，西区出现外来人员，请巡逻队及时清理。,繰り返す。\n西棟に外来者が出現。警備隊は速やかに処理せよ。
AvgDialog_80449_Content_3,bqHV,avg星辰章2_AvgDialog_C_M.csv,244,AvgDialog,Content,玩家,广播声音好耳熟，但一时想不起来……算了，不想了。,この放送の声、聞き覚えがあるような気がするけど、すぐには思い出せないな……まあ、いいや。
AvgDialog_80449_Content_4,bqHW,avg星辰章2_AvgDialog_C_M.csv,245,AvgDialog,Content,玩家,或许威廉就是广播里的外来人员，得想个办法到西区去。,もしかしたらウィリアムがその「外来者」なのかもしれない。\n何とかして西棟へ行く方法を考えないと。
AvgDialog_73799_Content_1,aqmU,avg星辰章2_AvgDialog_C_M.csv,246,AvgDialog,Content,,追捕,追跡
AvgDialog_73799_Content_2,aqnf,avg星辰章2_AvgDialog_C_M.csv,247,AvgDialog,Content,,封闭而无穷尽的疗养院走廊里，不存在方向，但幸好你有身穿白衣的巡逻队作为「向导」。,閉ざされた果てしない療養所の廊下には、案内表示が存在しない。\nだが幸いにも、白衣をまとった警備隊がその「道標」となっていた。
AvgDialog_73799_Content_3,aqnq,avg星辰章2_AvgDialog_C_M.csv,248,AvgDialog,Content,,唯一的问题是，这些医生挤满了走廊，正挨个房间搜索广播里的外来人员。,唯一の問題は、医師たちが廊下に溢れ、放送で告げられた「外来者」を一部屋ずつ捜索しているということだ。
AvgDialog_73799_Content_4,aqnB,avg星辰章2_AvgDialog_C_M.csv,249,AvgDialog,Content,玩家,<Small:如果那个外来人员真是威廉，再这样下去，很快就会被发现。>,<Small:あの「外来者」が本当にウィリアムなら、このままではすぐに見つかってしまう。>
AvgDialog_73799_Content_5,aqnM,avg星辰章2_AvgDialog_C_M.csv,250,AvgDialog,Content,玩家,<Small:而被发现的后果……>,<Small:そしてもし見つかってしまったら……>
AvgDialog_73799_Content_6,aqnX,avg星辰章2_AvgDialog_C_M.csv,251,AvgDialog,Content,虫脸医生,@2外来@1，转化@2,@2外来@1、転化@2
AvgDialog_73799_Content_7,aqoi,avg星辰章2_AvgDialog_C_M.csv,252,AvgDialog,Content,玩家,<Small:看来我必须做些什么了。>,<Small:早く何とかしないと。>
AvgDialog_73799_Content_8,aqor,avg星辰章2_AvgDialog_C_M.csv,253,AvgDialog,Content,,左右搜索能利用的物件却失败后，你将目光移到了胸口。,左右を見回しても使えそうなものは見当たらない。\nあなたはふと、自分の胸元へ視線を落とした。
AvgDialog_73799_Content_9,aqos,avg星辰章2_AvgDialog_C_M.csv,254,AvgDialog,Content,,那里，银钥匙和熔毁·朵尔仿制的弥萨格校徽静默待命，而往昔的一切，历历在目。,そこにはシルバーキーと、溶壊・ドールが複製したミサゴ大学の校章がある。過去の記憶が、あなたの頭の中を駆け巡る。
AvgDialog_73799_Content_10,aqmV,avg星辰章2_AvgDialog_C_M.csv,255,AvgDialog,Content,,你忍不住握住银钥匙，闭上了眼睛。,あなたは思わずシルバーキーを握り締め、目を閉じた。
AvgDialog_73799_Content_11,aqmW,avg星辰章2_AvgDialog_C_M.csv,256,AvgDialog,Content,玩家,愿银钥指引我们。,銀の鍵の導きがあらんことを。
AvgDialog_73799_Content_12,aqmX,avg星辰章2_AvgDialog_C_M.csv,257,AvgDialog,Content,,西区，满是巡逻队的疗养院走廊，忽然传出通讯器有规律的声响，而后，一个女声出现。,西棟の巡回隊が溢れる廊下に、突然通信機から規則的なノイズが響き、やがて女性の声が聞こえてきた。
AvgDialog_73799_Content_13,aqmY,avg星辰章2_AvgDialog_C_M.csv,258,AvgDialog,Content,熔毁·朵尔,小狗竟然主动和我联络，真是少见。,子犬のほうから連絡してくるなんて、珍しいわね。
AvgDialog_73799_Content_14,aqmZ,avg星辰章2_AvgDialog_C_M.csv,259,AvgDialog,Content,熔毁·朵尔,上次通讯断联的原因找到了，是受到你目前所在的空间影响。,前回の通信が途切れた原因が分かったわ。\nあなたが今いる空間の影響よ。
AvgDialog_73799_Content_15,aqna,avg星辰章2_AvgDialog_C_M.csv,260,AvgDialog,Content,熔毁·朵尔,简单来说，就是<Yellow:你正处于一个未知的密境里>，它可以遮蔽现实、迷惑认知，从而影响秘境内部人员的精神、生理状态。,簡単に言うと、<Yellow:あなたは今、未知の密境の中にいる>。\nそこは現実を遮断し、認識を惑わせることで、内部にいる者の身体や精神状態に影響を与えるの。
AvgDialog_73799_Content_16,aqnb,avg星辰章2_AvgDialog_C_M.csv,261,AvgDialog,Content,熔毁·朵尔,我还观测到它内部在不停变化，就是这些变化产生的能量波动影响了通讯。,さらに、その内部は常に変化している。その変化が生み出すエネルギーの波動が、通信に干渉していたのよ。
AvgDialog_73799_Content_17,aqnc,avg星辰章2_AvgDialog_C_M.csv,262,AvgDialog,Content,熔毁·朵尔,依照你的意识和这个空间的连接程度来看，如果在这里死去，你的意识会迷失，换言之就是，彻底被困在这里。,あなたの意識とこの空間の結びつきの強さから判断すると、もしそこで死んだら、あなたの意識は永遠に閉じ込められることになるわ。
AvgDialog_73799_Content_18,aqnd,avg星辰章2_AvgDialog_C_M.csv,263,AvgDialog,Content,熔毁·朵尔,不过我不会容许这种事情发生。我将破解这个空间的研究提到了最高等级，只是还需要你提供一些关键数据。,でも、そんなことはわたしが許さない。この空間の解析研究を最優先事項に引き上げたわ。ただ、そのためにはあなたにいくつか重要なデータを提供してもらう必要があるけれど。
AvgDialog_73799_Content_19,aqne,avg星辰章2_AvgDialog_C_M.csv,264,AvgDialog,Content,,熔毁·朵尔顿了片刻，却没有听到任何回应。,溶壊・ドールはしばらく待ったが、何の返答もなかった。
AvgDialog_73799_Content_20,aqng,avg星辰章2_AvgDialog_C_M.csv,265,AvgDialog,Content,熔毁·朵尔,怎么，听到自己有可能离开这个鬼地方，高兴得说不出话了？,どうしたの？自分がこの忌々しい場所から出られるかもしれないと聞いて、嬉しさのあまり言葉も出ない？
AvgDialog_73799_Content_21,aqnh,avg星辰章2_AvgDialog_C_M.csv,266,AvgDialog,Content,,下一刻，熔毁·朵尔得偿所愿，只是回应者并非预想的人选。,次の瞬間、溶壊・ドールは望み通り返答を得た——ただし、応答したのは予想していた相手ではなかった。
AvgDialog_73799_Content_22,aqni,avg星辰章2_AvgDialog_C_M.csv,267,AvgDialog,Content,虫脸医生,@2外来@4？,@2外来@4？
AvgDialog_73799_Content_23,aqnj,avg星辰章2_AvgDialog_C_M.csv,268,AvgDialog,Content,,西区所有巡逻队都被熔毁·朵尔的声音吸引，围在一起，抬头望着那枚卡在天花板通风口的通讯器。,西棟の警部隊は、溶壊・ドールの声に引き寄せられるように天井の換気口の下へ集まり、そこに引っかかっている通信機を見上げていた。
AvgDialog_73799_Content_24,aqnk,avg星辰章2_AvgDialog_C_M.csv,269,AvgDialog,Content,熔毁·朵尔,……,……
AvgDialog_73799_Content_25,aqnl,avg星辰章2_AvgDialog_C_M.csv,270,AvgDialog,Content,熔毁·朵尔,我收回之前的话，只提供通讯器让你单独行动是个非常糟糕的决定。,前言を撤回するわ。\n通信機だけを渡して、あなたに単独行動をさせたのは間違いだった。
AvgDialog_73799_Content_26,aqnm,avg星辰章2_AvgDialog_C_M.csv,271,AvgDialog,Content,熔毁·朵尔,因为我忽略了最重要的一点——你身为守密人的勇敢与智慧。,一番大切なことを見落としていたわね——あなたが「守秘者」として持つ、勇気と知恵を。
AvgDialog_73799_Content_27,aqnn,avg星辰章2_AvgDialog_C_M.csv,272,AvgDialog,Content,,"通讯器那边停顿了一瞬。
她似乎深吸了口气，还是忍不住叫出了你的名字。",通信機の向こうで、一瞬言葉が途切れた。\n溶壊・ドールは大きく息を吸うと、あなたの名前を叫んだ。
AvgDialog_73799_Content_28,aqno,avg星辰章2_AvgDialog_C_M.csv,273,AvgDialog,Content,熔毁·朵尔,<Shake:%player%！！！>,<Shake:%player%！！！>
AvgDialog_73799_Content_29,aqnp,avg星辰章2_AvgDialog_C_M.csv,274,AvgDialog,Content,玩家,……,……
AvgDialog_73799_Content_30,aqnr,avg星辰章2_AvgDialog_C_M.csv,275,AvgDialog,Content,,你很想解释些什么，但时间有限。那枚通讯器拖不了太久，你必须趁这个空隙搜索所有剩下的房间，救出威廉。,あなたは彼女に説明したかったが、ともかく時間がない。\nあの通信機も長くは持たない。今のうちに残る部屋をすべて捜索し、ウィリアムを救い出さなければならない。
AvgDialog_73799_Content_31,aqns,avg星辰章2_AvgDialog_C_M.csv,276,AvgDialog,Content,玩家,唯一的好消息，就是我只需要确认四个房间。,唯一の朗報は、確認すべき部屋があと四つだけだということだ。
AvgDialog_73799_Content_32,aqnt,avg星辰章2_AvgDialog_C_M.csv,277,AvgDialog,Content,玩家,很好，第一扇房门锁住了。,よし、一つ目の部屋は扉に鍵がかかってる。
AvgDialog_73799_Content_33,aqnu,avg星辰章2_AvgDialog_C_M.csv,278,AvgDialog,Content,玩家,！！！,！！！
AvgDialog_73799_Content_35,aqnw,avg星辰章2_AvgDialog_C_M.csv,280,AvgDialog,Content,,第二个房间迎面而来的刀光与尖啸迫使你立刻关上门。,二つ目の部屋では、扉を開いた瞬間、飛び込んできた刃の閃きと耳をつんざくような叫び声に、あなたは反射的に扉を閉めた。
AvgDialog_73799_Content_36,aqnx,avg星辰章2_AvgDialog_C_M.csv,281,AvgDialog,Content,,极度紧张下，你甚至听到了巡逻队不断靠近的脚步声。,極度の緊張の中、警備隊が近づいてくる足音さえ聞こえる気がした。
AvgDialog_73799_Content_37,aqny,avg星辰章2_AvgDialog_C_M.csv,282,AvgDialog,Content,玩家,巡逻队不会这么快反应过来，冷静。你要做的，就只是开门而已。,彼らがそんなに早く気づくはずがない。落ち着いて。\nやるべきことは、ただ扉を開けることだけだ。
AvgDialog_73799_Content_38,aqnz,avg星辰章2_AvgDialog_C_M.csv,283,AvgDialog,Content,,你握住第三扇门的门把手，扭动，打开——,あなたは三つ目の扉のドアノブを握り、ゆっくりと開いた——
AvgDialog_73799_Content_39,aqnA,avg星辰章2_AvgDialog_C_M.csv,284,AvgDialog,Content,,熟悉的恍惚来临，整个疗养院开始震动起来。,すると、あの眩暈が再び襲ってきた。\n療養所全体がまた激しく揺れ始める。
AvgDialog_73799_Content_40,aqnC,avg星辰章2_AvgDialog_C_M.csv,285,AvgDialog,Content,,意识刺痛下，你不得不捂住头部，而在这阵短暂的失神里，门开了。,脳を刺すような鋭い痛みに、あなたは思わず頭を押さえる。\nその一瞬の隙に、扉は大きく開いていた。
AvgDialog_73799_Content_41,aqnD,avg星辰章2_AvgDialog_C_M.csv,286,AvgDialog,Content,,心理咨询用的沙发，办公桌，以及具有怪异美感的昆虫干制标本，与你在克劳德记忆中看到场景分毫不差。,革張りのソファ、机、どこか異様な美しさを湛えた昆虫標本——その光景は、クラウドの記憶の中で見た部屋と寸分違わぬものだった。
AvgDialog_73799_Content_42,aqnE,avg星辰章2_AvgDialog_C_M.csv,287,AvgDialog,Content,玩家,克莱门汀的诊室为什么会在这里？等等——,クレメンタインの診療室がなぜここに？待って——
AvgDialog_73799_Content_43,aqnF,avg星辰章2_AvgDialog_C_M.csv,288,AvgDialog,Content,玩家,宿舍、舞台、诊室，每个房间都与所有者密切相关，且一旦所有者死亡，房间就会关闭。,寮、舞台、診療室。どれもその部屋の主と深く結びついており、主が死亡すると部屋は閉ざされる。
AvgDialog_73799_Content_44,aqnG,avg星辰章2_AvgDialog_C_M.csv,289,AvgDialog,Content,玩家,那是不是可以理解为，这些<Yellow:房间其实是所有者心灵上的投射>？！,つまり、<Yellow:これらの部屋は部屋の主の心が投影されている>ってこと！？
AvgDialog_73799_Content_45,aqnH,avg星辰章2_AvgDialog_C_M.csv,290,AvgDialog,Content,阿尔比诺？,谨慎而正确的推理。比那个小家伙提前了6分钟。,慎重かつ的確な推理ですね。あの子より6分も早い。
AvgDialog_73799_Content_46,aqnI,avg星辰章2_AvgDialog_C_M.csv,291,AvgDialog,Content,,不知何时，第四扇房门打开，露出熟悉的微笑身影。,いつの間にか四つ目の扉が開き、その向こうに見覚えのある笑みを浮かべた人影が現れた。
AvgDialog_73799_Content_47,aqnJ,avg星辰章2_AvgDialog_C_M.csv,292,AvgDialog,Content,玩家,阿尔比诺？！果然是你们雕塑家协会在搞鬼。,アルビノ！？\nやっぱりお前たち彫刻家協会が裏で糸を引いていたのか。
AvgDialog_73799_Content_48,aqnK,avg星辰章2_AvgDialog_C_M.csv,293,AvgDialog,Content,阿尔比诺,哦？这位客人不仅知道我的名字，还知道雕塑家协会，真是有趣。,おや、私の名前だけでなく、彫刻家協会のことまでご存じとは。\n実に興味深いですね。
AvgDialog_73799_Content_49,aqnL,avg星辰章2_AvgDialog_C_M.csv,294,AvgDialog,Content,阿尔比诺,恐怕你的特殊之处还不止这些……,あなたの特別なところは、それだけではないのでしょうが……
AvgDialog_73799_Content_50,aqnN,avg星辰章2_AvgDialog_C_M.csv,295,AvgDialog,Content,,阿尔比诺的笑容带上深意，向你凑近，似乎在闻你身上的味道。,アルビノは意味深な笑みを浮かべ、匂いを嗅ぐかのようにあなたへと顔を近づける。
AvgDialog_73799_Content_51,aqnO,avg星辰章2_AvgDialog_C_M.csv,296,AvgDialog,Content,阿尔比诺,你应该能看到吧，那些记忆，那些真相。,あなたには見えるのでしょう？\nその記憶、その真実が。
AvgDialog_73799_Content_52,aqnP,avg星辰章2_AvgDialog_C_M.csv,297,AvgDialog,Content,,"记忆？你想到流淌在假人头颅的白色泪滴，不动声色。
你要掌握谈话的主动权。",記憶？マネキンの頭部から零れ落ちる白い涙を思い浮かべながらも、あなたは表情を崩さなかった。\n会話の主導権は、こちらが握らなければならない。
AvgDialog_73799_Content_53,aqnQ,avg星辰章2_AvgDialog_C_M.csv,298,AvgDialog,Content,玩家,「那个小家伙」是谁，是巡逻队在找的外部人员？他现在在哪？,「あの子」って誰？警備隊が探している外来者のこと？\n今どこにいるのか、知ってるの？
AvgDialog_73799_Content_54,aqnR,avg星辰章2_AvgDialog_C_M.csv,299,AvgDialog,Content,,"阿尔比诺保持着笑脸，但这笑容又有了些变化。
那金色的竖瞳闪着冷光，仿佛进入兴奋状态。",笑みを浮かべていたアルビノの表情が、そのときわずかに変化した。金色の縦長の瞳が冷たい光を帯び、興奮しているかのように煌めく。
AvgDialog_73799_Content_55,aqnS,avg星辰章2_AvgDialog_C_M.csv,300,AvgDialog,Content,阿尔比诺,这位客人，好像是我先提出了问题，应该由你先来回答。,最初に質問したのは私のほうです。\nあなたが先に答えるべきではありませんか？
AvgDialog_73799_Content_56,aqnT,avg星辰章2_AvgDialog_C_M.csv,301,AvgDialog,Content,,你没回话。这是场心理博弈，先回答的人就是输家。,あなたは返事をしなかった。\nこれは心理戦だ。先に答えた方が負けになる。
AvgDialog_73799_Content_57,aqnU,avg星辰章2_AvgDialog_C_M.csv,302,AvgDialog,Content,,"对峙的沉默中，熟悉的脚步声从走廊远处响起。
那些巡逻队回来了。",息が詰まるような沈黙の中、廊下の遠くから聞き慣れた足音が響いてくる。
AvgDialog_73799_Content_58,aqnV,avg星辰章2_AvgDialog_C_M.csv,303,AvgDialog,Content,玩家,你先回答我！,私の質問に答えて！
AvgDialog_73799_Content_59,aqnW,avg星辰章2_AvgDialog_C_M.csv,304,AvgDialog,Content,阿尔比诺,嘘，耐心。捕猎的最大技巧，就是耐心。,しーっ……焦らないでください。\n狩りにおける最大の技術は、忍耐です。
AvgDialog_73799_Content_60,aqnY,avg星辰章2_AvgDialog_C_M.csv,305,AvgDialog,Content,阿尔比诺,这场狩猎中，不是你吃了我，就是我吃了你。,結局のところ、食うか食われるかのどちらかなのですから。
AvgDialog_73799_Content_61,aqnZ,avg星辰章2_AvgDialog_C_M.csv,306,AvgDialog,Content,,"哒、哒、哒——巡逻队的脚步声越来越近，越来越清晰。
你必须做出抉择。",タッ、タッ、タッ——警備隊の足音が次第に近づき、はっきりと聞こえてくる。あなたは選択を迫られていた。
AvgDialog_73799_Content_62,aqoa,avg星辰章2_AvgDialog_C_M.csv,307,AvgDialog,Content,玩家,"加入死亡，就不会再畏惧死亡。
而我，已在死亡之中。",死を受け入れれば、死を恐れることもない。\nそして私は、すでに死の中にいる。
AvgDialog_73799_Content_63,aqob,avg星辰章2_AvgDialog_C_M.csv,308,AvgDialog,Content,阿尔比诺,嗯？,うん？
AvgDialog_73799_Content_64,aqoc,avg星辰章2_AvgDialog_C_M.csv,309,AvgDialog,Content,玩家,你说得对，这场狩猎，不是你吃了我，就是我吃了你。,君の言うとおりだ。\nこの狩りは、食うか食われるか——それだけだ。
AvgDialog_73799_Content_65,aqod,avg星辰章2_AvgDialog_C_M.csv,310,AvgDialog,Content,玩家,而我，有想要活下去的理由。,そして私には、生きる理由がある。
AvgDialog_73799_Content_66,aqoe,avg星辰章2_AvgDialog_C_M.csv,311,AvgDialog,Content,,说着，你握住了胸前的银钥匙。,そう言いながら、あなたは胸元のシルバーキーを握り締めた。
AvgDialog_73799_Content_67,aqof,avg星辰章2_AvgDialog_C_M.csv,312,AvgDialog,Content,,意识的丝缕在你的脑海中拂动，阿尔比诺看清楚了你眼中的坚定。,意識の糸が、あなたの脳裏をかすめる。アルビノは、あなたの瞳に宿る揺るぎない意志を、はっきりと見て取った。
AvgDialog_73799_Content_68,aqog,avg星辰章2_AvgDialog_C_M.csv,313,AvgDialog,Content,阿尔比诺,……,……
AvgDialog_73799_Content_69,aqoh,avg星辰章2_AvgDialog_C_M.csv,314,AvgDialog,Content,阿尔比诺,我只是来这里度假，舒缓身心而已，为什么总是遇到这样的事情？,私はただ休暇を過ごしに来ただけなのに、どうしていつもこんなことに巻き込まれるのでしょう？
AvgDialog_73799_Content_70,aqoj,avg星辰章2_AvgDialog_C_M.csv,315,AvgDialog,Content,阿尔比诺,放轻松，就像我愿赌服输，帮助那个小家伙逃走一样，你也有其他选择。,落ち着いてください。私が負けを認めてあの子を逃がしたように、あなたにも別の選択肢があります。
AvgDialog_73799_Content_71,aqok,avg星辰章2_AvgDialog_C_M.csv,316,AvgDialog,Content,阿尔比诺,请进，我的客人。阿尔比诺的心灵，欢迎你的光临。,どうぞ、お入りください。アルビノの心へようこそ。
AvgDialog_73799_Content_72,aqol,avg星辰章2_AvgDialog_C_M.csv,317,AvgDialog,Content,,阿尔比诺绅士地抬手，但他的目光望着你。,アルビノは紳士的に手を差し伸べる。\nしかし、その視線はあなたを捉えたまま離れない。
AvgDialog_73799_Content_73,aqom,avg星辰章2_AvgDialog_C_M.csv,318,AvgDialog,Content,,在他那金色的竖瞳里，什么都没有，只有你。,彼の金色に輝く縦長の瞳には、何もない。\nただ、あなただけが映っていた。
AvgDialog_73799_Content_74,aqon,avg星辰章2_AvgDialog_C_M.csv,319,AvgDialog,Content,,哒、哒、哒——,タッ、タッ、タッ——
AvgDialog_73799_Content_75,aqoo,avg星辰章2_AvgDialog_C_M.csv,320,AvgDialog,Content,,巡逻队的脚步声彻底靠近。,警備隊の足音がすぐ近くまで迫っている。
AvgDialog_73799_Content_76,aqop,avg星辰章2_AvgDialog_C_M.csv,321,AvgDialog,Content,,数不清的医生重新挤满走廊，走过一扇扇敞开的房间，走过阿尔比诺闭合的房门。,数え切れないほどの医師たちが再び廊下に溢れ、開け放たれた部屋の前を次々と通り過ぎていく。\nそして、アルビノの閉ざされた扉の前も通り過ぎていった。
AvgDialog_73799_Content_77,aqoq,avg星辰章2_AvgDialog_C_M.csv,322,AvgDialog,Content,,那关闭的门上面挂着个牌子，显示「度假中，勿扰」。,その閉ざされた扉には、「休暇中、お静かに」と書かれた札が掛けられていた。
AvgDialog_73798_Content_1,aqlz,avg星辰章2_AvgDialog_C_M.csv,323,AvgDialog,Content,,他者的凝视,他者の視線
AvgDialog_73798_Content_2,aqlK,avg星辰章2_AvgDialog_C_M.csv,324,AvgDialog,Content,,"黑暗如羊水般包裹着你，让你昏昏欲睡。
而在这黑暗中，似乎传来了什么撕裂的声音。",闇が羊水のようにあなたを包み込み、強い眠気を誘ってくる。そしてその闇の中から、何かが引き裂かれるような音が聞こえてくる。
AvgDialog_73798_Content_3,aqlV,avg星辰章2_AvgDialog_C_M.csv,325,AvgDialog,Content,玩家,……声音，好像越来越近了。,……音は、だんだん近づいてくる。
AvgDialog_73798_Content_4,aqmg,avg星辰章2_AvgDialog_C_M.csv,326,AvgDialog,Content,玩家,不要睡，睁开眼睛！睁开眼睛！,眠っちゃだめ、目を開けて！目を開けるんだ！
AvgDialog_73798_Content_5,aqmr,avg星辰章2_AvgDialog_C_M.csv,327,AvgDialog,Content,,你努力尝试睁眼，却陷入了某种桎梏，无能为力。,あなたは必死に目を開けようとする。\nだが、何かに縛られているかのように、どうすることもできない。
AvgDialog_73798_Content_6,aqmC,avg星辰章2_AvgDialog_C_M.csv,328,AvgDialog,Content,阿尔比诺,我的条件，就是希望你看看我的记忆。作为唯二能看见它的人，这对你来说轻而易举。,条件は、私の記憶を見てもらうことです。\nあれを見ることのできる者は二人しかいません。\nですが、あなたにとっては、難しいことでもないでしょう。
AvgDialog_73798_Content_7,aqmN,avg星辰章2_AvgDialog_C_M.csv,329,AvgDialog,Content,阿尔比诺,为什么这么做？这不是你现在该给的回答。,なぜそんなことを？\nそれは今あなたに返すべき答えではありません。
AvgDialog_73798_Content_8,aqmS,avg星辰章2_AvgDialog_C_M.csv,330,AvgDialog,Content,阿尔比诺,你知道我想听到什么——,私が何を聞きたいのか、あなたには分かっているはずです——
AvgDialog_73798_Content_9,aqmT,avg星辰章2_AvgDialog_C_M.csv,331,AvgDialog,Content,,低速运行的大脑，只回忆得起与阿尔比诺的最后对话。,思考はますます鈍くなり、アルビノとの最後の会話を思い出すのがやっとだった。
AvgDialog_73798_Content_10,aqlA,avg星辰章2_AvgDialog_C_M.csv,332,AvgDialog,Content,阿尔比诺,交易愉快！作为交易的附属品，我免费赠送一个警告：我吃掉了所有的兄弟姐妹。,取引成立です！おまけとして、ひとつ教えて差し上げましょう。\n——私は、兄弟姉妹をすべて食べてしまいました。
AvgDialog_73798_Content_11,aqlB,avg星辰章2_AvgDialog_C_M.csv,333,AvgDialog,Content,阿尔比诺,当然是因为——它们要吃我啊。,もちろん理由は——あちらが先に私を食べようとしたからです。
AvgDialog_73798_Content_12,aqlC,avg星辰章2_AvgDialog_C_M.csv,334,AvgDialog,Content,阿尔比诺,对于人类而言的禁忌，只是我们这些异类出生就要面对的唯一选择。,人間にとっては禁忌でも、私たちのような異形にとっては、生まれた瞬間から直面する唯一の選択なのです。
AvgDialog_73798_Content_13,aqlD,avg星辰章2_AvgDialog_C_M.csv,335,AvgDialog,Content,玩家,！！！,！！！
AvgDialog_73798_Content_14,aqlE,avg星辰章2_AvgDialog_C_M.csv,336,AvgDialog,Content,,悚然之下，你猛然睁开了眼睛。,恐怖に襲われ、あなたははっと目を覚ます。
AvgDialog_73798_Content_15,aqlF,avg星辰章2_AvgDialog_C_M.csv,337,AvgDialog,Content,,未受精的卵、布满血丝的卵、破壳的卵、发霉长菌的卵、包裹蛇尸的卵，数不清的卵，铺陈在血肉之海上，蠕动、奔涌。,未受精の卵、血管が浮いた卵、孵化しかけた卵、カビに覆われた卵、蛇の死骸を包み込んだ卵——\n無数の卵が、血肉の海の上に敷き詰められ、うねり、蠢いている。
AvgDialog_73798_Content_16,aqlG,avg星辰章2_AvgDialog_C_M.csv,338,AvgDialog,Content,,那是孵化成功的幼蛇吞食兄弟姐妹的蛇行带来的物理性反馈。,それは、孵化に成功した幼蛇が兄弟姉妹を喰らいながら這い回った生々しい痕跡だった。
AvgDialog_73798_Content_17,aqlH,avg星辰章2_AvgDialog_C_M.csv,339,AvgDialog,Content,,这下，你终于明白了阿尔比诺口中的「唯一选择」——,その瞬間、あなたはようやくアルビノの言う「唯一の選択」の意味を理解した——
AvgDialog_73798_Content_18,aqlI,avg星辰章2_AvgDialog_C_M.csv,340,AvgDialog,Content,玩家,要离开这里，快点！可是，我的手在哪里……,ここからすぐに出ないと！でも、私の手はどこに……
AvgDialog_73798_Content_19,aqlJ,avg星辰章2_AvgDialog_C_M.csv,341,AvgDialog,Content,,"就在你寻找「手脚」时，一股致命的疼痛袭来。
你的兄弟或姐妹咬住了你的头颅，用尖锐的牙齿注入了毒液。",「手足」を探そうとしたその時、激痛があなたを襲った。同族の一匹があなたの頭に噛みつき、鋭い牙から毒を注ぎ込んできたのだ。
AvgDialog_73798_Content_20,aqlL,avg星辰章2_AvgDialog_C_M.csv,342,AvgDialog,Content,,噗通、噗通……,ドクン、ドクン……
AvgDialog_73798_Content_21,aqlM,avg星辰章2_AvgDialog_C_M.csv,343,AvgDialog,Content,,"心跳逐渐变缓，你的身体开始变冷。
死亡眷顾着你，等待你吞吐最后一口气。",心臓の鼓動は徐々に遅くなり、体から熱が失われていく。\n死がすぐ傍らで、あなたが息絶える瞬間を静かに待っている。
AvgDialog_73798_Content_22,aqlN,avg星辰章2_AvgDialog_C_M.csv,344,AvgDialog,Content,提灯女性1,可怜的孩子，应该已经没救了……,かわいそうに。もう助からないでしょうね……
AvgDialog_73798_Content_23,aqlO,avg星辰章2_AvgDialog_C_M.csv,345,AvgDialog,Content,提灯男性教徒,可惜什么。那样的蠢蛇要多少有多少，死了也无所谓。,何がかわいそうなものか。あんな愚かな蛇なら、他にいくらでもいる。死んだところでどうだっていいだろう。
AvgDialog_73798_Content_24,aqlP,avg星辰章2_AvgDialog_C_M.csv,346,AvgDialog,Content,提灯男性教徒,我们只要一个结果，唯一的结果。,我々が求めるのは、ただひとつの結果のみ。
AvgDialog_73798_Content_25,aqlQ,avg星辰章2_AvgDialog_C_M.csv,347,AvgDialog,Content,提灯女性1,是的，只有那唯一的孩子是胜利者，其他的都是——,ええ、勝者となる子はただ一匹だけ。残りはただの——
AvgDialog_73798_Content_26,aqlR,avg星辰章2_AvgDialog_C_M.csv,348,AvgDialog,Content,,失败品,失敗作。
AvgDialog_73798_Content_27,aqlS,avg星辰章2_AvgDialog_C_M.csv,349,AvgDialog,Content,克莱门汀（唤醒体）,失败品——他们这样定义不符合他们要求和标准的你。,失敗作——彼らは、己の求める条件や基準を満たさなかったあなたを、そう定義しました。
AvgDialog_73798_Content_28,aqlT,avg星辰章2_AvgDialog_C_M.csv,350,AvgDialog,Content,克莱门汀（唤醒体）,但是，阿尔比诺，你是胜利者，是那场命运厮杀中的唯一胜利者。,ですが、アルビノ。あなたは勝者となりました。\nあの運命の殺し合いを生き抜いた、ただ一人の勝者なのです。
AvgDialog_73798_Content_29,aqlU,avg星辰章2_AvgDialog_C_M.csv,351,AvgDialog,Content,克莱门汀（唤醒体）,站在这里，站在我面前，就是你对这个定义的最佳反击。,ここに立ち、私の前にいることこそ、その定義への最大の反論ではありませんか。
AvgDialog_73798_Content_30,aqlW,avg星辰章2_AvgDialog_C_M.csv,352,AvgDialog,Content,阿尔比诺,……,……
AvgDialog_73798_Content_31,aqlX,avg星辰章2_AvgDialog_C_M.csv,353,AvgDialog,Content,克莱门汀（唤醒体）,哎呀，你陷入了沉默，这说明了什么？,あら、黙ってしまいましたね。\nさて、それはいったい何を意味するのでしょう？
AvgDialog_73798_Content_32,aqlY,avg星辰章2_AvgDialog_C_M.csv,354,AvgDialog,Content,克莱门汀（唤醒体）,我还以为像你我这样的人，不会被人类创造的可笑的道德所约束。,あなたや私のような者は、人間が作り上げた滑稽な道徳などに縛られはしないと思っていましたが。
AvgDialog_73798_Content_33,aqlZ,avg星辰章2_AvgDialog_C_M.csv,355,AvgDialog,Content,阿尔比诺,但他们说得没错，我确实只是个不完整的实验产物。,ですが、彼らの言うことも間違ってはいません。\n私は所詮、ただの不完全な実験体に過ぎない。
AvgDialog_73798_Content_34,aqma,avg星辰章2_AvgDialog_C_M.csv,356,AvgDialog,Content,阿尔比诺,这是事实。,それは事実です。
AvgDialog_73798_Content_35,aqmb,avg星辰章2_AvgDialog_C_M.csv,357,AvgDialog,Content,克莱门汀（唤醒体）,……可怜的孩子，看来你的心理问题比我想得更加严重。,……かわいそうに。どうやらあなたの心の問題は、思っていたよりもずっと深刻なようですね。
AvgDialog_73798_Content_36,aqmc,avg星辰章2_AvgDialog_C_M.csv,358,AvgDialog,Content,阿尔比诺,注意你的措辞，克莱门汀，我不需要可怜和虚假的安慰。,言葉を慎みなさい、クレメンタイン。\n私には憐れみも、嘘の慰めも必要ありません。
AvgDialog_73798_Content_37,aqmd,avg星辰章2_AvgDialog_C_M.csv,359,AvgDialog,Content,克莱门汀（唤醒体）,呵呵，毒蛇展露了它的毒牙，是因为我碰触到了它的内心吗？,ふふ、毒蛇が牙を剥きましたね。\n私がその心の奥に触れてしまったからでしょうか？
AvgDialog_73798_Content_38,aqme,avg星辰章2_AvgDialog_C_M.csv,360,AvgDialog,Content,克莱门汀（唤醒体）,没关系，我原谅你的无礼，此时此刻，你还是我的客人。,構いません。あなたの無礼は許しましょう。\n今この瞬間、あなたはまだ私の患者ですから。
AvgDialog_73798_Content_39,aqmf,avg星辰章2_AvgDialog_C_M.csv,361,AvgDialog,Content,克莱门汀（唤醒体）,现在，我们继续刚才的话题——阿尔比诺，你完全将自己定为了被凝视的「他者」。,さて、さきほどの話に戻りましょう——アルビノ。\nあなたは自分自身を、完全に「他者」として位置づけています。
AvgDialog_73798_Content_40,aqmh,avg星辰章2_AvgDialog_C_M.csv,362,AvgDialog,Content,阿尔比诺,他者？真是个精妙又恰当的词汇。,「他者」、ですか。実に的確な言葉ですね。
AvgDialog_73798_Content_41,aqmi,avg星辰章2_AvgDialog_C_M.csv,363,AvgDialog,Content,阿尔比诺,人类是这个社会的主体，是这个社会的「自我」，而我们——,人間がこの社会の主体であり、「自己」であるのなら——
AvgDialog_73798_Content_42,aqmj,avg星辰章2_AvgDialog_C_M.csv,364,AvgDialog,Content,,阿尔比诺微笑，嘴角的角度好似经过衡量般完美、固定。,アルビノは微笑んだ。その口元は、まるで精密に計算されたかのように完璧な弧を描いている。
AvgDialog_73798_Content_43,aqmk,avg星辰章2_AvgDialog_C_M.csv,365,AvgDialog,Content,阿尔比诺,你我只是这个社会的异类，无论如何融入，也只是叛徒。,私たちは、この社会における異物に過ぎません。\nどれだけ溶け込もうとしても、結局は異端者にしかなれない。
AvgDialog_73798_Content_44,aqml,avg星辰章2_AvgDialog_C_M.csv,366,AvgDialog,Content,阿尔比诺,不，应该说，我们生来就是叛徒。,いいえ、違いますね。\n私たちは生まれながらにして、異端者なのです。
AvgDialog_73798_Content_45,aqmm,avg星辰章2_AvgDialog_C_M.csv,367,AvgDialog,Content,,克莱门汀笑了笑，那种笑更类似于一种社交礼仪。,クレメンタインは小さく笑った。それは喜びからの笑みというよりも、社交辞令として浮かべた微笑みに近かった。
AvgDialog_73798_Content_46,aqmn,avg星辰章2_AvgDialog_C_M.csv,368,AvgDialog,Content,克莱门汀（唤醒体）,我可以将这些，理解为你被外派到雕塑家协会产生的异常情绪吗？阿尔比诺。,それはあなたが彫刻家協会に派遣されたことで生じた感情だと解釈してもよいのでしょうか、アルビノ？
AvgDialog_73798_Content_47,aqmo,avg星辰章2_AvgDialog_C_M.csv,369,AvgDialog,Content,克莱门汀（唤醒体）,没关系，你的情绪我完全感同身受。被自己的创造者欺骗确实很痛苦。,いいでしょう。あなたの気持ちはよくわかります。\n創造主に裏切られるというのは、確かに辛いものですから。
AvgDialog_73798_Content_48,aqmp,avg星辰章2_AvgDialog_C_M.csv,370,AvgDialog,Content,阿尔比诺,……,……
AvgDialog_73798_Content_49,aqmq,avg星辰章2_AvgDialog_C_M.csv,371,AvgDialog,Content,阿尔比诺,这是正常的咨询流程？克莱门汀，你对那些前来寻求心理帮助的人类可温柔多了。,これが普通のカウンセリングなのですか、クレメンタイン？\n人間の患者には、もっと優しく接しているのでしょうに。
AvgDialog_73798_Content_50,aqms,avg星辰章2_AvgDialog_C_M.csv,372,AvgDialog,Content,克莱门汀（唤醒体）,每个人的心理治疗方式都会因个体差异而不同。我只是选择了最适合你的疗法。,心理療法は相手によって異なるんです。\n私はただ、あなたに最適な方法を選んだだけです。
AvgDialog_73798_Content_51,aqmt,avg星辰章2_AvgDialog_C_M.csv,373,AvgDialog,Content,克莱门汀（唤醒体）,因为你的身份认同和自我认识，都揭示了你的本质——冷血的蛇。,なぜなら、あなたの人格と自己認識は、あなたの本質を如実に示していますから——冷血な蛇、という本質をね。
AvgDialog_73798_Content_52,aqmu,avg星辰章2_AvgDialog_C_M.csv,374,AvgDialog,Content,,一阵仿佛从灵魂深处敲响的警铃声，逼迫你退出了阿尔比诺的记忆。,魂の奥底から鳴り響くような警報音が、あなたをアルビノの記憶から強制的に引き戻した。
AvgDialog_73798_Content_53,aqmv,avg星辰章2_AvgDialog_C_M.csv,375,AvgDialog,Content,玩家,这是怎么回事……,何が起きたんだろう……
AvgDialog_73798_Content_54,aqmw,avg星辰章2_AvgDialog_C_M.csv,376,AvgDialog,Content,阿尔比诺,让我猜猜。如果不是你被发现，就是那个小家伙被发现了。,当ててみましょうか。あなたが見つかったか、それともあの子が見つかったか。そのどちらかでしょうね。
AvgDialog_73798_Content_55,aqmx,avg星辰章2_AvgDialog_C_M.csv,377,AvgDialog,Content,,很快，无处不在的广播给出了揭秘。,やがて、施設中に響く放送がその答えを告げた。
AvgDialog_73798_Content_56,aqmy,avg星辰章2_AvgDialog_C_M.csv,378,AvgDialog,Content,疗养院广播,外来人员身份已查明，身份为人类，姓名：威廉。,外来者の身元を確認。種族は人間。氏名——ウィリアム。
AvgDialog_73798_Content_57,aqmz,avg星辰章2_AvgDialog_C_M.csv,379,AvgDialog,Content,疗养院广播,该人员目前在东区0208号房间，请巡逻队立刻前往清理。,対象は現在、東棟0208号室にいる。\n巡回隊は直ちに向かい、排除せよ。
AvgDialog_73798_Content_58,aqmA,avg星辰章2_AvgDialog_C_M.csv,380,AvgDialog,Content,玩家,东区，0208，而我目前在……西区。,東棟の0208号室……私がいるのは、西棟だ。
AvgDialog_73798_Content_59,aqmB,avg星辰章2_AvgDialog_C_M.csv,381,AvgDialog,Content,阿尔比诺,嗯……你的表情似乎在说，我要一路从西区杀到东区。,ふむ……その顔は「西棟から東棟まで力づくで突破するしかない」とでも言いたげですね。
AvgDialog_73798_Content_60,aqmD,avg星辰章2_AvgDialog_C_M.csv,382,AvgDialog,Content,阿尔比诺,真是坚毅的决心，但决心这种东西，还是用在更关键的时刻比较好。,実に立派な覚悟です。ですが、その覚悟はもっと重要な場面のために取っておくべきでしょう。
AvgDialog_73798_Content_61,aqmE,avg星辰章2_AvgDialog_C_M.csv,383,AvgDialog,Content,,阿尔比诺笑着，递给了你某样东西。,そう言ってアルビノは微笑み、あなたに何かを差し出した。
AvgDialog_73798_Content_62,aqmF,avg星辰章2_AvgDialog_C_M.csv,384,AvgDialog,Content,玩家,疗养院的地图？你怎么……,地図？どうして……
AvgDialog_73798_Content_63,aqmG,avg星辰章2_AvgDialog_C_M.csv,385,AvgDialog,Content,,你的回答无疾而终。,あなたの問いかけは最後まで続かなかった。
AvgDialog_73798_Content_64,aqmH,avg星辰章2_AvgDialog_C_M.csv,386,AvgDialog,Content,,带着完美微笑的阿尔比诺关上了房门，而你，被拒之门外。,アルビノは完璧な笑顔を浮かべながら、扉を閉じる。\nそしてあなたは、部屋の外に締め出されてしまった。
AvgDialog_73798_Content_65,aqmI,avg星辰章2_AvgDialog_C_M.csv,387,AvgDialog,Content,玩家,……,……
AvgDialog_73798_Content_66,aqmJ,avg星辰章2_AvgDialog_C_M.csv,388,AvgDialog,Content,玩家,第二次吃闭门羹，都已经快吃饱了。,これで2度目か……もうお腹いっぱいだよ。
AvgDialog_73798_Content_67,aqmK,avg星辰章2_AvgDialog_C_M.csv,389,AvgDialog,Content,,"无法理解阿尔比诺行为的你，忍不住打趣自己。
但很快，你就明确了目标。",アルビノの行動が理解できず、あなたは自嘲気味に冗談を口にする。だが、これで目的ははっきりした。
AvgDialog_73798_Content_68,aqmL,avg星辰章2_AvgDialog_C_M.csv,390,AvgDialog,Content,玩家,<Yellow:东区，0208房间，威廉就在那里。>,<Yellow:東棟の0208部屋。ウィリアムはそこにいる。>
AvgDialog_73798_Content_69,aqmM,avg星辰章2_AvgDialog_C_M.csv,391,AvgDialog,Content,,听到门外的脚步声远去、消失，阿尔比诺抬了抬镜框，露出完美而固定的笑容。,廊下に響く足音が遠ざかり、完全に消えたのを確認してから、アルビノは眼鏡の位置をわずかに直した。\nその顔には、相変わらず完璧な笑みが張り付いている。
AvgDialog_73798_Content_70,aqmO,avg星辰章2_AvgDialog_C_M.csv,392,AvgDialog,Content,阿尔比诺,记忆存在的目的，就是被回忆，被观看。就像「他者」。,記憶とは、思い出され、見つめられるために存在するものです。\nそう、「他者」と同じように。
AvgDialog_73798_Content_71,aqmP,avg星辰章2_AvgDialog_C_M.csv,393,AvgDialog,Content,阿尔比诺,但这次，被凝视的不是我，而是……,ですが今回、見つめられる側にいるのは私ではなく……
AvgDialog_73798_Content_72,aqmQ,avg星辰章2_AvgDialog_C_M.csv,394,AvgDialog,Content,,想到近距离观察猎物的场面，阿尔比诺的笑容不自觉加深。,獲物を間近で観察する光景を思い浮かべ、アルビノの笑みが自然と深まる。
AvgDialog_73798_Content_73,aqmR,avg星辰章2_AvgDialog_C_M.csv,395,AvgDialog,Content,,他知晓%player%的脖颈哪里最为脆弱，观察到了从哪个躯体部位开始品尝风味最佳，而这些，都会在时间的腌制中变得更加美味。,彼は知っていた。%player%の首筋のどこが最も脆いのかを。\nどの部位から味わえば、最も良い風味を楽しめるのかを。\nそしてそれらは時間によって熟成され、より魅力的な味わいとなる。
AvgDialog_73798_Content_74,bqyh,avg星辰章2_AvgDialog_C_M.csv,396,AvgDialog,Content,阿尔比诺,逃吧，奔跑吧，这场狩猎还未终止。,走りなさい。逃げなさい。\nこの狩りはまだ終わっていないのですから。
AvgDialog_73798_Content_75,bqyi,avg星辰章2_AvgDialog_C_M.csv,397,AvgDialog,Content,阿尔比诺,你的血肉将会在疲惫与恐惧中变得可口，变得美味，因为——,あなたの肉は疲労と恐怖でさらに柔らかくなり、より味わい深くなる。なぜなら——
AvgDialog_73798_Content_76,bqyj,avg星辰章2_AvgDialog_C_M.csv,398,AvgDialog,Content,,<Red:当你凝视深渊时，深渊也在凝视你>,<Red:深淵を覗くとき、深淵もまたあなたを覗いているのだから。>
AvgDialog_73797_Content_1,aqkc,avg星辰章2_AvgDialog_C_M.csv,399,AvgDialog,Content,,相似的身影,よく似た姿
AvgDialog_73797_Content_2,aqkn,avg星辰章2_AvgDialog_C_M.csv,400,AvgDialog,Content,玩家,我错了。我真的知道错了。,私が間違っていました。本当に申し訳ないと思っています。
AvgDialog_73797_Content_3,aqky,avg星辰章2_AvgDialog_C_M.csv,401,AvgDialog,Content,,回答你的是通讯器里熔毁·朵尔的冷笑。,返ってきたのは、通信機越しに聞こえる溶壊・ドールの冷ややかな笑い声だった。
AvgDialog_73797_Content_4,aqkJ,avg星辰章2_AvgDialog_C_M.csv,402,AvgDialog,Content,熔毁·朵尔,你只是在恰当的时间，运用理性正确有效地利用了我，而且事后还将校徽捡了回来，向我道歉。,あなたはただ、適切なタイミングで頭を働かせ、私を合理的かつ効果的に利用した。そのうえ、後から校章を拾い戻し、謝罪までした。
AvgDialog_73797_Content_5,aqkU,avg星辰章2_AvgDialog_C_M.csv,403,AvgDialog,Content,熔毁·朵尔,从人类的感性而言，利用与事后道歉的每个流程，你都实行过了，怎么会有错？,人間の感性からすると、利用することも、その後に謝ることも、必要な手順はすべて踏んでいる。いったい何が間違っているというの？
AvgDialog_73797_Content_6,aqlf,avg星辰章2_AvgDialog_C_M.csv,404,AvgDialog,Content,熔毁·朵尔,不止如此，道德层面上的逻辑甚至完全自洽，因为你悔过了。按照人类通常的同理心与同情心，悔过者往往会被原谅。,それどころか、道徳的な論理としても完全に筋が通っているわ。\nなぜなら、あなたは反省したから。人間の共感や同情心からすれば、悔い改めた者は許されるものでしょう？
AvgDialog_73797_Content_7,aqlq,avg星辰章2_AvgDialog_C_M.csv,405,AvgDialog,Content,玩家,但人类的感性与道德观并不适合你。,でも、人間の感性や道徳心なんて、君には関係ないんじゃないの？
AvgDialog_73797_Content_8,aqlx,avg星辰章2_AvgDialog_C_M.csv,406,AvgDialog,Content,熔毁·朵尔,原来你还知道这点？,そこはちゃんと理解してるのね。
AvgDialog_73797_Content_9,aqly,avg星辰章2_AvgDialog_C_M.csv,407,AvgDialog,Content,玩家,呃……,えっと……
AvgDialog_73797_Content_10,aqkd,avg星辰章2_AvgDialog_C_M.csv,408,AvgDialog,Content,玩家,你破解这个空间不是需要一些数据吗？一会去东区找威廉时，我会尽力搜集这些。,とにかく、この空間を解析するのに、データが必要なんでしょ？\n東棟でウィリアムを探しながら、できる限り集めてくるよ。
AvgDialog_73797_Content_11,aqke,avg星辰章2_AvgDialog_C_M.csv,409,AvgDialog,Content,熔毁·朵尔,不，不需要你。我亲自来。,いいえ、必要ないわ。私が自分でやるから。
AvgDialog_73797_Content_12,aqkf,avg星辰章2_AvgDialog_C_M.csv,410,AvgDialog,Content,熔毁·朵尔,从现在起，你每时每刻都要打开通讯器，我要亲自看守我的实验成果。,今この瞬間から、常に通信機を繋いでおきなさい。\n実験の成果は、この私が直々に監視するわ。
AvgDialog_73797_Content_13,aqkg,avg星辰章2_AvgDialog_C_M.csv,411,AvgDialog,Content,玩家,可是空间变化时的能量波动不是会影响通讯？,でも、この空間が変化するときのエネルギー波で通信が妨害されるんじゃ……
AvgDialog_73797_Content_14,aqkh,avg星辰章2_AvgDialog_C_M.csv,412,AvgDialog,Content,熔毁·朵尔,那就快点行动，让我早点破解这个空间，将不听话的小狗关回%heorshe%应该在的地方。,だったら急ぎなさい。一刻も早くこの空間を解析して、言うことを聞かない子犬を、本来いるべき場所へ閉じ込めてあげないとね。
AvgDialog_73797_Content_15,aqki,avg星辰章2_AvgDialog_C_M.csv,413,AvgDialog,Content,玩家,……我现在就前往东区找威廉。,……今すぐ東棟へウィリアムを探しに行くよ。
AvgDialog_73797_Content_16,aqkj,avg星辰章2_AvgDialog_C_M.csv,414,AvgDialog,Content,,快到达目的地时，通讯器忽然传来了噪音。那是疗养院变化的前兆。,目的地に近づいたその時、通信機に突然ノイズが走った。\n療養所が変化する前触れだ。
AvgDialog_73797_Content_17,aqkk,avg星辰章2_AvgDialog_C_M.csv,415,AvgDialog,Content,熔毁·朵尔,%player%，你是我的小狗……不能在我视……出现任……意外……,%player%、あなたは私の子犬……目の届かない……ところで……何かあっては……
AvgDialog_73797_Content_18,aqkl,avg星辰章2_AvgDialog_C_M.csv,416,AvgDialog,Content,,"断断续续的话语，在意识模糊中消失。
当你清醒时，你只听到了熟悉的脚步声。",途切れ途切れの言葉は、意識が霞む中で消えていった。再び意識を取り戻した時、耳に届いたのは聞き覚えのある足音だった。
AvgDialog_73797_Content_19,aqkm,avg星辰章2_AvgDialog_C_M.csv,417,AvgDialog,Content,,巡逻队来了，人数多到根本数不清，正在搜寻着什么。,巡回隊だ。\n数え切れないほどの人数が、何かを探し回っている。
AvgDialog_73797_Content_20,aqko,avg星辰章2_AvgDialog_C_M.csv,418,AvgDialog,Content,玩家,看样子，威廉已经离开了0208房间。,ウィリアムはすでに0208号室を離れたみたいだ。
AvgDialog_73797_Content_21,aqkp,avg星辰章2_AvgDialog_C_M.csv,419,AvgDialog,Content,玩家,威廉绝不是会坐以待毙的人，他肯定会尽一切方法寻找生路，这些巡逻队就是证据。,ウィリアムは大人しく死を待つような人じゃない。生き延びるためなら、あらゆる手段を尽くす。この警備隊の数が、その証拠だ。
AvgDialog_73797_Content_22,aqkq,avg星辰章2_AvgDialog_C_M.csv,420,AvgDialog,Content,玩家,那我现在要做的，就是在巡逻队发现威廉前找到他，救出他。,なら今私がやるべきことは、警備隊に見つかる前にウィリアムを見つけ出し、助けることだ。
AvgDialog_73797_Content_23,aqkr,avg星辰章2_AvgDialog_C_M.csv,421,AvgDialog,Content,,你跑起来，边跑边喊威廉的名字，不顾声音会吸引巡逻队——或者说，这正是你的目的。,あなたは走り出した。走りながら、ウィリアムの名を叫ぶ。\nその声が警備隊を引き寄せると分かっていても——\nいや、むしろそれこそが目的だった。
AvgDialog_73797_Content_24,aqks,avg星辰章2_AvgDialog_C_M.csv,422,AvgDialog,Content,玩家,让威廉知道我在找他，同时吸引部分巡逻队的注意，为威廉逃生创造有利条件。,彼に私が探していることを伝えるんだ。\nそして警備隊の注意を引きつけて、彼が逃げる時間を稼ごう。
AvgDialog_73797_Content_25,aqkt,avg星辰章2_AvgDialog_C_M.csv,423,AvgDialog,Content,玩家,我可以承受风险，但威廉不行。,私が危険を負うのは構わない。\nでも彼を危険な目に遭わせるわけにはいかない。
AvgDialog_73797_Content_26,aqku,avg星辰章2_AvgDialog_C_M.csv,424,AvgDialog,Content,,——因为，那是威廉。,——なぜなら、彼はウィリアムだから。
AvgDialog_73797_Content_27,aqkv,avg星辰章2_AvgDialog_C_M.csv,425,AvgDialog,Content,,很快，那些本质恐怖的巡逻队就注意到了你。,すぐに、その存在からして恐ろしい警備隊が、あなたに気づいた。
AvgDialog_73797_Content_28,aqkw,avg星辰章2_AvgDialog_C_M.csv,426,AvgDialog,Content,虫人医生,你是从哪个病房跑出来的？,君はどこの病室から抜け出してきたんだ？
AvgDialog_73797_Content_29,aqkx,avg星辰章2_AvgDialog_C_M.csv,427,AvgDialog,Content,虫人医生,<RedBig:患者禁止擅自离开病房！！！>,<RedBig:患者は無断で病室を離れてはならない！！！>
AvgDialog_73797_Content_30,aqkz,avg星辰章2_AvgDialog_C_M.csv,428,AvgDialog,Content,,你没有理会，只是狂奔在无尽的走廊，用尽所有力气，和巡逻队周旋。,あなたは構わず、ただひたすら果てしない廊下を駆け抜けた。\n持てる力のすべてを振り絞り、警備隊をかわし続ける。
AvgDialog_73797_Content_31,aqkA,avg星辰章2_AvgDialog_C_M.csv,429,AvgDialog,Content,,追逐中，身后亵渎恐怖的虫足切到了你的小腿，令你踉跄一步。,追われている最中、背後から迫る冒涜的な虫の脚があなたのふくらはぎをかすめた。鋭い痛みが走り、思わず体勢を崩す。
AvgDialog_73797_Content_32,aqkB,avg星辰章2_AvgDialog_C_M.csv,430,AvgDialog,Content,虫脸医生,收容@2外来@2！,収容@2外来@2！
AvgDialog_73797_Content_33,aqkC,avg星辰章2_AvgDialog_C_M.csv,431,AvgDialog,Content,,就在你即将摔倒之际，拐角处猛然窜出个身影，拉住你的手，带你前冲。,転びそうになった瞬間、曲がり角から突然人影が飛び出してきた。その人物はあなたの手を掴むと、そのまま前方へ引っ張って走り出す。
AvgDialog_73797_Content_34,aqkD,avg星辰章2_AvgDialog_C_M.csv,432,AvgDialog,Content,小威廉？,跟紧我！,ついてきて！
AvgDialog_73797_Content_35,aqkE,avg星辰章2_AvgDialog_C_M.csv,433,AvgDialog,Content,,随着短暂的关门声，你看到那身影快速锁门，而那门锁，有足足27道。,扉の閉まる音にあなたが振り返ると、その人物は素早く扉に鍵をかけていた。その鍵はなんと27個もあった。
AvgDialog_73797_Content_36,aqkF,avg星辰章2_AvgDialog_C_M.csv,434,AvgDialog,Content,小威廉？,暂时、安全了……,これでしばらくは……安全だ。
AvgDialog_73797_Content_37,aqkG,avg星辰章2_AvgDialog_C_M.csv,435,AvgDialog,Content,玩家,威……廉！？,ウィ……リアム！？
AvgDialog_73797_Content_38,aqkH,avg星辰章2_AvgDialog_C_M.csv,436,AvgDialog,Content,,看着面前虽然长得很像威廉，但年龄外貌都不符的少年，你迟疑了。,目の前の少年を見て、あなたは戸惑った。確かにウィリアムによく似ているが、その年齢も容姿もあなたの知る彼とはまるで違っていた。
AvgDialog_73797_Content_39,aqkI,avg星辰章2_AvgDialog_C_M.csv,437,AvgDialog,Content,小威廉？,威廉——我不确定这是不是我的名字。,ウィリアム——それが僕の名前かどうか、確信が持てない。
AvgDialog_73797_Content_40,aqkK,avg星辰章2_AvgDialog_C_M.csv,438,AvgDialog,Content,小威廉,我<Yellow:失忆>了，不记得任何事情，任何人。,<Yellow:記憶喪失>なんだ。何も覚えていない、誰のことも。
AvgDialog_73797_Content_41,aqkL,avg星辰章2_AvgDialog_C_M.csv,439,AvgDialog,Content,玩家,失忆！？,記憶喪失！？
AvgDialog_73797_Content_42,aqkM,avg星辰章2_AvgDialog_C_M.csv,440,AvgDialog,Content,小威廉,但我记得这个，它对我似乎有什么特殊含义……,でも、これだけは覚えている。\nそれは僕にとって、とても大事なものだった気がする……
AvgDialog_73797_Content_43,aqkN,avg星辰章2_AvgDialog_C_M.csv,441,AvgDialog,Content,,他摸了摸你胸前的银钥，以及仿制的弥萨格徽章。,少年はあなたの胸元にあるシルバーキーと、複製されたミサゴ大学の校章にそっと触れた。
AvgDialog_73797_Content_44,aqkO,avg星辰章2_AvgDialog_C_M.csv,442,AvgDialog,Content,玩家,……或许，我可以帮你确认自己的身份。但不是现在。,……もしかしたら、君が何者なのかを確かめることができるかもしれない。でも今はまだその時じゃない。
AvgDialog_73797_Content_45,aqkP,avg星辰章2_AvgDialog_C_M.csv,443,AvgDialog,Content,玩家,躲起来终究不是办法，我们迟早会被——,隠れているだけでは何も解決しない。遅かれ早かれ、私たちは——
AvgDialog_73797_Content_46,aqkQ,avg星辰章2_AvgDialog_C_M.csv,444,AvgDialog,Content,小威廉？,我承认你很有勇气，你的行动也为我的计划提供了便利，但你太小瞧自己的救命恩人了。,君の勇気は認めるよ。その行動は僕の計画にも都合が良かった。\nでも君は命の恩人を少し見くびりすぎじゃないかな。
AvgDialog_73797_Content_47,aqkR,avg星辰章2_AvgDialog_C_M.csv,445,AvgDialog,Content,小威廉？,在你边跑边大喊「威廉」、「威廉」的时候，我也没有闲着。,君が走りながら「ウィリアム」「ウィリアム」と叫んでいた間、僕はただ黙って何もしていなかったわけじゃない。
AvgDialog_73797_Content_48,aqkS,avg星辰章2_AvgDialog_C_M.csv,446,AvgDialog,Content,玩家,你做了什么？,何をしてたの？
AvgDialog_73797_Content_49,aqkT,avg星辰章2_AvgDialog_C_M.csv,447,AvgDialog,Content,,"少年狡黠地笑，在他的笑容中，你听到门外传来一声巨响。
显然，什么东西爆炸了。",少年はニヤリと笑う。\nその瞬間、扉の向こうで大きな爆発音が響いた。
AvgDialog_73797_Content_50,aqkV,avg星辰章2_AvgDialog_C_M.csv,448,AvgDialog,Content,小威廉,大量面粉、一盒火柴还有一根麻绳，这些东西在那些心灵房间里并不难找到。,小麦粉、マッチ箱、そして麻ひも。\nあの「心の部屋」なら見つけるのも難しくはない。
AvgDialog_73797_Content_51,aqkW,avg星辰章2_AvgDialog_C_M.csv,449,AvgDialog,Content,小威廉,毕竟有的人内心深处就是渴望着暴食、毁灭和爆炸。那句话怎么说来着……,心の奥底で暴食や破壊、爆発を渇望している人は結構いるからね。\nあの言葉、何だっけ……
AvgDialog_73797_Content_52,aqkX,avg星辰章2_AvgDialog_C_M.csv,450,AvgDialog,Content,小威廉,哦，有些人就是想看着这个世界燃烧殆尽。,ああ、そうだ。「この世界が燃え尽きるのを見たい」ってやつ。
AvgDialog_73797_Content_53,aqkY,avg星辰章2_AvgDialog_C_M.csv,451,AvgDialog,Content,小威廉,嘿嘿，怎么样？现在那些医生可顾不上我们了。,へへ、どう？これであの医師たちも、僕らの相手をしている暇はなくなったでしょ。
AvgDialog_73797_Content_54,aqkZ,avg星辰章2_AvgDialog_C_M.csv,452,AvgDialog,Content,,"酷似威廉的脸摆出这样可爱的模样，实在令你难以严肃。
为了不笑场，你只能转移话题。",ウィリアムそっくりの顔で、そんなあどけない表情をされると、どうしても真剣な顔でいられない。\n吹き出してしまわないよう、あなたは話題を変えることにした。
AvgDialog_73797_Content_55,aqla,avg星辰章2_AvgDialog_C_M.csv,453,AvgDialog,Content,玩家,但我们还是要想办法离开这里，我指这间疗养院。,だとしても、この療養所から出る方法は考えないと。
AvgDialog_73797_Content_56,aqlb,avg星辰章2_AvgDialog_C_M.csv,454,AvgDialog,Content,小威廉,可你不是还没找到威廉？看你的样子，没找到他是不会离开的。,でも、君はまだウィリアムを見つけていないでしょ？\nその様子じゃ、見つけるまでは出ていかないつもりだよね。
AvgDialog_73797_Content_57,aqlc,avg星辰章2_AvgDialog_C_M.csv,455,AvgDialog,Content,,你沉默，无法确定面前的人究竟是谁，是敌是友。,あなたは黙り込んだ。いまだに目の前の相手が何者なのか、敵なのか味方なのかすら判断がつかない。
AvgDialog_73797_Content_58,aqld,avg星辰章2_AvgDialog_C_M.csv,456,AvgDialog,Content,小威廉,放轻松。这样吧，你帮我确认身份，我帮你找威廉，在这个充满疯狂的地方，我们只能互帮互助。,そんなに警戒しないで。こうしよう。君が僕の記憶を取り戻してくれたら、僕はウィリアムを探す手伝いをする。\nこんな狂った場所じゃ、お互いに助け合うしかないからね。
AvgDialog_73797_Content_59,aqle,avg星辰章2_AvgDialog_C_M.csv,457,AvgDialog,Content,玩家,……也只能这样了。,……そうするしかないね。
AvgDialog_73797_Content_60,aqlg,avg星辰章2_AvgDialog_C_M.csv,458,AvgDialog,Content,小威廉,所以我们该谈谈帮我确认身份这件事了。,よし。じゃあ、まずは僕が誰なのかを確かめることからだ。
AvgDialog_73797_Content_61,aqlh,avg星辰章2_AvgDialog_C_M.csv,459,AvgDialog,Content,小威廉,开始吧，我已经迫不及待想知道自己是谁，有着怎样的过去……,早く始めよう。自分がどんな人間で、どんな人生を送ってきたのか、知りたくてたまらないんだ……
AvgDialog_73797_Content_62,aqli,avg星辰章2_AvgDialog_C_M.csv,460,AvgDialog,Content,,在少年的应许下，你接触记忆，开始阅览少年的过去——,少年の同意を得て、あなたは彼の記憶に触れる。\n少年の過去が、あなたの目の前で明らかになっていく——
AvgDialog_73797_Content_63,aqlj,avg星辰章2_AvgDialog_C_M.csv,461,AvgDialog,Content,克莱门汀唤醒体？,我们不一定要诉诸暴力手段，@3。,必ずしも暴力的な手段に訴える必要はありません、@3。
AvgDialog_73797_Content_64,aqlk,avg星辰章2_AvgDialog_C_M.csv,462,AvgDialog,Content,克莱门汀唤醒体？,这里是心灵的疗养院，而非屠宰场，要使用更温和的处理手段。,ここは精神療養施設であって、屠殺場ではないのですから。\nもっと穏やかに対処しなくては。
AvgDialog_73797_Content_65,aqll,avg星辰章2_AvgDialog_C_M.csv,463,AvgDialog,Content,克莱门汀唤醒体？,啊，当然，他是这里建成后第一个落入网中的小虫子，具有重要的研究意义。,ええ、そうです。彼はここが建てられて初めて網にかかった小さな虫。重要な研究対象なんです。
AvgDialog_73797_Content_66,aqlm,avg星辰章2_AvgDialog_C_M.csv,464,AvgDialog,Content,克莱门汀唤醒体？,我迫不及待想看看他的过去与记忆了，但愿……会足够美味。,彼の過去と記憶を見るのが待ちきれません。\nそれが美味なものであるといいのですが。
AvgDialog_73797_Content_67,aqln,avg星辰章2_AvgDialog_C_M.csv,465,AvgDialog,Content,赫伯特？,没想到还有人能找到这里来……,まさか、ここに辿り着ける者がいるとは思わなかったな……
AvgDialog_73797_Content_68,aqlo,avg星辰章2_AvgDialog_C_M.csv,466,AvgDialog,Content,赫伯特？,为了不影响我们的计划，只能请你「消失」一下了。,私たちの計画に支障をきたさないよう、少しの間「消えて」もらうしかない。
AvgDialog_73797_Content_69,aqlp,avg星辰章2_AvgDialog_C_M.csv,467,AvgDialog,Content,玩家,等等，这个声音好耳熟……疗养院的广播声？！,待って、この声は聞き覚えがある……療養所の院内放送の声だ！
AvgDialog_73797_Content_70,aqlr,avg星辰章2_AvgDialog_C_M.csv,468,AvgDialog,Content,玩家,再多展示一下关于这个人的记忆！,この人の記憶をもっと見せて！
AvgDialog_73797_Content_71,aqls,avg星辰章2_AvgDialog_C_M.csv,469,AvgDialog,Content,,你向着意识深处呐喊，但很可惜，「观看」记忆的过程并不受你控制。,あなたは記憶の奥底に向かって叫ぶ。しかし、「見る記憶」はあなたの意思で制御できるものではなかった。
AvgDialog_73797_Content_72,aqlt,avg星辰章2_AvgDialog_C_M.csv,470,AvgDialog,Content,男童,他外祖父是邪恶巫师，妈妈是短命鬼女巫，他也是个小祸害，以后不知道要害死多少人呢！,あいつのおじいちゃんは邪悪な魔術師で、お母さんも早死にした魔女だ！あいつだっていつか僕たちを殺すに違いない！
AvgDialog_73797_Content_73,aqlu,avg星辰章2_AvgDialog_C_M.csv,471,AvgDialog,Content,女童,打死他，打死这个怪物怪胎！,化け物め！あっちへ行け！
AvgDialog_73797_Content_74,aqlv,avg星辰章2_AvgDialog_C_M.csv,472,AvgDialog,Content,,随着这一声声呐喊而来的，是坚硬的石子，打在你的头上、眼睛上，砸出鲜血。,叫び声とともに投げられた石が頭や目に当たり、血が滲み出た。
AvgDialog_73797_Content_75,aqlw,avg星辰章2_AvgDialog_C_M.csv,473,AvgDialog,Content,,在染血的视线里，你看到了自己的敌人——一群天真又残忍的孩童。,血に染まった視界の向こうに、敵の姿が見える——無邪気で、残酷な子供たちの集団だ。
AvgDialog_73793_Content_1,aqgP,avg星辰章2_AvgDialog_C_M.csv,474,AvgDialog,Content,少年父亲,威廉，不要哭。这并不值得。,ウィリアム、泣くんじゃない。泣くほどのことではない。
AvgDialog_73793_Content_2,aqgU,avg星辰章2_AvgDialog_C_M.csv,475,AvgDialog,Content,,男人表情严肃，认真说教，而他年轻的孩子显然曲解了他的意思。,男が厳しい表情で、真剣に言い聞かせる。\nしかし、幼い息子はその言葉を別の意味に受け取っていた。
AvgDialog_73793_Content_3,aqgV,avg星辰章2_AvgDialog_C_M.csv,476,AvgDialog,Content,小威廉,父亲，我明白了，我不该哭泣，而是做正确的事情。,わかりました、父上。\n僕は泣くべきではなく、正しいことをするべきなのですね。
AvgDialog_73793_Content_4,aqgW,avg星辰章2_AvgDialog_C_M.csv,477,AvgDialog,Content,小威廉,他们只是因为不理解真相而误解了我，只是害怕着未知。,彼らは真実を理解していないから、僕を誤解しているだけだ。\nただ、未知のものを恐れているだけなんだ。
AvgDialog_73793_Content_5,aqgX,avg星辰章2_AvgDialog_C_M.csv,478,AvgDialog,Content,小威廉,我要做的应该是理解他们，引导他们，让他们明白我并非什么异类，明白德拉普尔家族的辉煌。,僕がすべきなのは、彼らを理解し、導き、僕が異端ではないと分かってもらうこと。そして、デラポール家の栄光を知ってもらうことだ。
AvgDialog_73793_Content_6,aqgY,avg星辰章2_AvgDialog_C_M.csv,479,AvgDialog,Content,玩家,威廉·德拉普尔……这个少年真是威廉！,ウィリアム・デラポール……この少年は、本当にウィリアムなんだ！
AvgDialog_73793_Content_7,aqgZ,avg星辰章2_AvgDialog_C_M.csv,480,AvgDialog,Content,玩家,可威廉为什么会变成这个模样？密境的特殊性？还是其他原因？,だけど、どうしてウィリアムはこんな姿になっているんだろう？\n密境の特殊性によるものか、それとも別の理由があるのか……
AvgDialog_73793_Content_8,aqha,avg星辰章2_AvgDialog_C_M.csv,481,AvgDialog,Content,,你陷入思索，而另一边，小威廉的父亲也陷入沉默。,あなたが考え込む一方で、ウィリアムの父もまた沈黙していた。
AvgDialog_73793_Content_9,aqhb,avg星辰章2_AvgDialog_C_M.csv,482,AvgDialog,Content,威廉父亲,……,……
AvgDialog_73793_Content_10,aqgQ,avg星辰章2_AvgDialog_C_M.csv,483,AvgDialog,Content,少年威廉,掌握知识不是为了争论不休，不是为了藐视别人，不是为利益、荣誉、权力或者达到某种目的，而是为了用于生活。,知識を身につけるのは、果てしない議論を続けるためでも、他人を見下すためでもない。利益や名誉、権力を得るためでもない。\nただ、生きるためだ。
AvgDialog_73793_Content_11,aqgR,avg星辰章2_AvgDialog_C_M.csv,484,AvgDialog,Content,少年威廉,这是您教导我的，我一直牢记在心里。,父上が僕に教えてくださったことです。\n僕はしっかりと胸に刻んでいます。
AvgDialog_73793_Content_12,aqgS,avg星辰章2_AvgDialog_C_M.csv,485,AvgDialog,Content,威廉父亲,……你说得对。,……そのとおりだ。
AvgDialog_73793_Content_13,aqgT,avg星辰章2_AvgDialog_C_M.csv,486,AvgDialog,Content,威廉父亲,以后，你也要谨记自身的血脉，不要做出让家族蒙羞的事情。,これからも、自らの血筋を忘れるな。\n家名に泥を塗るような真似は、決してするな。
AvgDialog_74311_Content_1,aqpA,avg星辰章2_AvgDialog_C_M.csv,487,AvgDialog,Content,,五声枪响,五発の銃声
AvgDialog_74311_Content_2,aqpL,avg星辰章2_AvgDialog_C_M.csv,488,AvgDialog,Content,,威廉，谨记自身的血脉，不要做出让家族蒙羞的事情,ウィリアム、自らの血筋を忘れるな。\n家名に泥を塗るような真似は、決してするな。
AvgDialog_74311_Content_3,aqpW,avg星辰章2_AvgDialog_C_M.csv,489,AvgDialog,Content,,砰！,バン！
AvgDialog_74311_Content_4,aqqh,avg星辰章2_AvgDialog_C_M.csv,490,AvgDialog,Content,,黑暗中传来一声枪响，逃跑的小威廉小腿中弹，摔在地上哭了起来。,暗闇の中に銃声が響く。逃げる幼いウィリアムのふくらはぎに弾丸が命中し、彼は地面に倒れて泣き出した。
AvgDialog_74311_Content_5,aqqs,avg星辰章2_AvgDialog_C_M.csv,491,AvgDialog,Content,,是的，父亲，我会将它牢牢记在心里,はい、父上。僕はその教えをしっかりと胸に刻みます。
AvgDialog_74311_Content_6,aqqD,avg星辰章2_AvgDialog_C_M.csv,492,AvgDialog,Content,,砰！！,バン！！
AvgDialog_74311_Content_7,aqqO,avg星辰章2_AvgDialog_C_M.csv,493,AvgDialog,Content,,第二声枪响，倒地的小威廉左肩中弹，他的嗓子已经哭哑了。,二発目の銃声が響く。倒れたウィリアムの左肩を弾丸が貫いた。\n泣き叫び続けたせいで、彼の喉はすでに潰れていた。
AvgDialog_74311_Content_8,aqqS,avg星辰章2_AvgDialog_C_M.csv,494,AvgDialog,Content,,"父亲，我从来未曾忘记
我要让你、让家族为我感到荣耀",父上、僕は一度たりとも忘れたことはありません。あなたに、そしてデラポール家に、僕を誇りに思っていただけるように——
AvgDialog_74311_Content_9,aqqT,avg星辰章2_AvgDialog_C_M.csv,495,AvgDialog,Content,,砰！！！,バン！！！
AvgDialog_74311_Content_10,aqpB,avg星辰章2_AvgDialog_C_M.csv,496,AvgDialog,Content,,第三声枪响，左臂被打得血肉模糊的小威廉只能趴在地上，他已经不会哭了。,三発目の銃声が響く。血まみれになるほど左腕を撃たれたウィリアムは、地面にうつ伏せに倒れている。彼はもう泣いてはいなかった。
AvgDialog_74311_Content_11,aqpC,avg星辰章2_AvgDialog_C_M.csv,497,AvgDialog,Content,,小威廉倒在家传古堡的地下室，倒在那被父亲斥责为「邪恶亵渎」的祭坛边，血流满地，望着开枪的父亲。,ウィリアムは、一族に代々伝わる古城の地下室に倒れていた。\n父が「邪悪で冒涜的」と呼んだ祭壇の傍らで、床一面に広がる血だまりの中、引き金を引いた父を見上げる。
AvgDialog_74311_Content_12,aqpD,avg星辰章2_AvgDialog_C_M.csv,498,AvgDialog,Content,少年威廉,父亲，我没有……,父上、僕は……
AvgDialog_74311_Content_13,aqpE,avg星辰章2_AvgDialog_C_M.csv,499,AvgDialog,Content,少年威廉,我只是想再见见母亲……,僕はただ……もう一度母上に会いたかっただけなんです……
AvgDialog_74311_Content_14,aqpF,avg星辰章2_AvgDialog_C_M.csv,500,AvgDialog,Content,威廉父亲,闭嘴！不要提那个女巫，那个欺骗了我、玷污了德拉普尔家族血脉与荣耀的恶魔！,黙れ！あの魔女のことを口にするな！\nあの女は私を欺き、デラポール家の血統と名誉と穢した魔女だ！
AvgDialog_74311_Content_15,aqpG,avg星辰章2_AvgDialog_C_M.csv,501,AvgDialog,Content,威廉父亲,如果不是她前几天死去，我发誓我会亲自开枪打死她！,あの女が数日前に死んでいなければ、私が自ら銃で撃ち殺していた！
AvgDialog_74311_Content_16,aqpH,avg星辰章2_AvgDialog_C_M.csv,502,AvgDialog,Content,,左轮手枪转动，指向了小威廉的头颅。,リボルバーが回転し、銃口がウィリアムの頭へと向けられる。
AvgDialog_74311_Content_17,aqpI,avg星辰章2_AvgDialog_C_M.csv,503,AvgDialog,Content,威廉父亲,还有你，你这个混血的杂种，魔鬼的子嗣！,そしてお前もだ。この混血の雑種め、悪魔の落とし子が！
AvgDialog_74311_Content_18,aqpJ,avg星辰章2_AvgDialog_C_M.csv,504,AvgDialog,Content,威廉父亲,你不配做我的孩子，不配流着我们德拉普尔家族的血脉！,お前は私の子である資格などない。\nデラポール家の血を受け継ぐ資格もない！
AvgDialog_74311_Content_19,aqpK,avg星辰章2_AvgDialog_C_M.csv,505,AvgDialog,Content,少年威廉,！！！,！！！
AvgDialog_74311_Content_20,aqpM,avg星辰章2_AvgDialog_C_M.csv,506,AvgDialog,Content,,已经不会哭的小威廉安静地闭上了眼睛。,ウィリアムはもはや泣くこともなく、静かに目を閉じた。
AvgDialog_74311_Content_21,aqpN,avg星辰章2_AvgDialog_C_M.csv,507,AvgDialog,Content,,妈妈死了，爸爸视他为耻辱，他已经失去了一切。,母は死に、父には恥と見なされた。彼はすでにすべてを失っていた。
AvgDialog_74311_Content_22,aqpO,avg星辰章2_AvgDialog_C_M.csv,508,AvgDialog,Content,,砰——,バンッ——
AvgDialog_74311_Content_23,aqpP,avg星辰章2_AvgDialog_C_M.csv,509,AvgDialog,Content,,枪响之后，是惨叫，父亲的惨叫。,銃声の後に続いたのは、悲鳴だった。父の悲鳴だ。
AvgDialog_74311_Content_24,aqpQ,avg星辰章2_AvgDialog_C_M.csv,510,AvgDialog,Content,少年威廉,父亲！,父上！
AvgDialog_74311_Content_25,aqpR,avg星辰章2_AvgDialog_C_M.csv,511,AvgDialog,Content,,小威廉睁开眼睛，看到了涌动的黑色，那是被枪声引来的鼠群，那是隐藏在这座古堡墙壁与地下、真正的亵渎与恐怖。,ウィリアムが目を開くと、蠢く黒い塊が見えた。\nそれは銃声に引き寄せられた鼠の群れであり、この古城の壁や地下に潜む、真の冒涜と恐怖そのものだった。
AvgDialog_74311_Content_26,aqpS,avg星辰章2_AvgDialog_C_M.csv,512,AvgDialog,Content,,这些黑色涌动着，瞬间将父亲吞食成白骨，随后它们向着四面八方扩散，吃所能看到的一切。,黒い群れは瞬く間に父を飲み込み、白骨へと変えていく。\nそして四方に散り、目に映るあらゆるものを貪り始めた。
AvgDialog_74311_Content_27,aqpT,avg星辰章2_AvgDialog_C_M.csv,513,AvgDialog,Content,,要逃，一定要逃跑，但绝望和悲伤淹没了小威廉的身体，摧毁了他的理智和对生命的渴望。,逃げないといけない。それは頭ではわかっている。だが、絶望と悲しみに押し潰され、ウィリアムは生きる意志を失っていた。
AvgDialog_74311_Content_28,aqpU,avg星辰章2_AvgDialog_C_M.csv,514,AvgDialog,Content,男童,他外祖父是邪恶巫师，妈妈是短命鬼女巫，他也是个小祸害，以后不知道要害死多少人呢！,あいつのおじいちゃんは邪悪な魔術師で、お母さんも早死にした魔女だ！あいつだっていつか僕たちを殺すに違いない！
AvgDialog_74311_Content_29,aqpV,avg星辰章2_AvgDialog_C_M.csv,515,AvgDialog,Content,威廉父亲,你不配做我的孩子，不配流着我们德拉普尔家族的血脉！,お前は私の子である資格などない。\nデラポール家の血を受け継ぐ資格もない！
AvgDialog_74311_Content_30,aqpX,avg星辰章2_AvgDialog_C_M.csv,516,AvgDialog,Content,少年威廉,父亲……母亲……,父上……母上……
AvgDialog_74311_Content_31,aqpY,avg星辰章2_AvgDialog_C_M.csv,517,AvgDialog,Content,,小威廉哽咽着，用最后的力量捡起左轮手枪。,ウィリアムは嗚咽に声を詰まらせながら、最後の力を振り絞ってリボルバーを拾い上げた。
AvgDialog_74311_Content_32,aqpZ,avg星辰章2_AvgDialog_C_M.csv,518,AvgDialog,Content,,稚嫩的手指放在扳机上，枪口却对准了他自己的头颅。,小さな指が引き金にかかる。銃口は彼自身の頭に向けられていた。
AvgDialog_74311_Content_33,aqqa,avg星辰章2_AvgDialog_C_M.csv,519,AvgDialog,Content,玩家,威廉，不要！！！,ウィリアム、ダメ！！！
AvgDialog_74311_Content_34,aqqb,avg星辰章2_AvgDialog_C_M.csv,520,AvgDialog,Content,,你忘记了这只是记忆，忘记了自己只是观看过去，握住了银钥匙。,あなたは、これがただの記憶であることを忘れ、思わずシルバーキーを握り締めた。
AvgDialog_74311_Content_35,aqqc,avg星辰章2_AvgDialog_C_M.csv,521,AvgDialog,Content,,而银钥匙，给予了回应。,そしてシルバーキーは、それに応えた。
AvgDialog_74311_Content_36,aqqd,avg星辰章2_AvgDialog_C_M.csv,522,AvgDialog,Content,,激荡的意识冲击下，记忆开始褪色，开始改变，开始崩溃……,激しく揺さぶられる意識の中で、記憶は色褪せ、歪み、崩れ始める……
AvgDialog_74311_Content_37,aqqe,avg星辰章2_AvgDialog_C_M.csv,523,AvgDialog,Content,,一切都结束了……你该醒来。,すべては終わったことだ……もう目を覚まさなければ。
AvgDialog_74311_Content_38,aqqf,avg星辰章2_AvgDialog_C_M.csv,524,AvgDialog,Content,,砰！,バンッ！
AvgDialog_74311_Content_39,aqqg,avg星辰章2_AvgDialog_C_M.csv,525,AvgDialog,Content,,但第五声枪响，如期而至。,だが五回目の銃声は、定められたとおりに響き渡った。
AvgDialog_74311_Content_40,aqqi,avg星辰章2_AvgDialog_C_M.csv,526,AvgDialog,Content,少年威廉,我不是什么怪物怪胎，也不是什么恶心的异类，我叫威廉·德拉普尔。,僕は怪物なんかじゃない。化け物でも、異端者でもない。\n僕の名前はウィリアム・デラポールだ。
AvgDialog_74311_Content_41,aqqj,avg星辰章2_AvgDialog_C_M.csv,527,AvgDialog,Content,,威廉·德拉普尔,ウィリアム・デラポール。
AvgDialog_74311_Content_42,aqqk,avg星辰章2_AvgDialog_C_M.csv,528,AvgDialog,Content,,记住我的名字，一个<Blue:人类>的名字,僕の名前を覚えていて。<Blue:人間>の名前だ。
AvgDialog_74311_Content_43,aqql,avg星辰章2_AvgDialog_C_M.csv,529,AvgDialog,Content,少年威廉,结束了？那你快告诉我，我到底叫什么名字？,終わった？じゃあ、早く教えてよ——僕の名前は何？
AvgDialog_74311_Content_44,aqqm,avg星辰章2_AvgDialog_C_M.csv,530,AvgDialog,Content,少年威廉,我的过去是什么样的？我的父母是谁，他们长什么样子，对我好不好？,僕の過去はどうだった？両親は誰で、どんな顔をしてたの？\n僕のことを大事にしてくれていた？
AvgDialog_74311_Content_45,aqqn,avg星辰章2_AvgDialog_C_M.csv,531,AvgDialog,Content,少年威廉,哦哦，还有我的家在……喂喂，你怎么一副要哭的样子？,あ、それと僕の家は……ちょっと、どうしてそんなに泣きそうな顔をしてるの？
AvgDialog_74311_Content_46,aqqo,avg星辰章2_AvgDialog_C_M.csv,532,AvgDialog,Content,少年威廉,真的有那么疼吗？早知道这样，帮你包扎伤口时，我应该更小心的。,そんなに痛かった？\nだったら包帯を巻くとき、もっと気をつければよかった。
AvgDialog_74311_Content_47,aqqp,avg星辰章2_AvgDialog_C_M.csv,533,AvgDialog,Content,,你忍不住看向伤口。那里，每个绷带都干净整洁，细致紧密地熨帖着伤口，甚至还有个工整漂亮的蝴蝶结。,あなたは思わず自分の脚に目を向けた。傷口は清潔な包帯で丁寧に、しっかりと巻かれていた。しかも、整った蝶結びまでついている。
AvgDialog_74311_Content_48,aqqq,avg星辰章2_AvgDialog_C_M.csv,534,AvgDialog,Content,,泪开始蔓延。你无法阻止。,涙が滲み始める。あなたには、それを止めることはできなかった。
AvgDialog_74311_Content_49,aqqr,avg星辰章2_AvgDialog_C_M.csv,535,AvgDialog,Content,玩家,是的，太疼了。,すごく、痛い——
AvgDialog_74311_Content_50,aqqt,avg星辰章2_AvgDialog_C_M.csv,536,AvgDialog,Content,少年威廉,对不……,えっ、ごめ……
AvgDialog_74311_Content_51,aqqu,avg星辰章2_AvgDialog_C_M.csv,537,AvgDialog,Content,,你抱住了道歉的威廉。,あなたは謝ろうとするウィリアムを抱きしめた。
AvgDialog_74311_Content_52,aqqv,avg星辰章2_AvgDialog_C_M.csv,538,AvgDialog,Content,玩家,够了，威廉·德拉普尔，你无需向任何人道歉。,もういいんだよ、ウィリアム・デラポール。誰にも謝らなくていい。
AvgDialog_74311_Content_53,aqqw,avg星辰章2_AvgDialog_C_M.csv,539,AvgDialog,Content,玩家,你已经……很好了……,君は……十分すぎるくらい、頑張ってきた……
AvgDialog_74311_Content_54,aqqx,avg星辰章2_AvgDialog_C_M.csv,540,AvgDialog,Content,玩家,我甚至、甚至希望……,お願いだから……
AvgDialog_74311_Content_55,aqqy,avg星辰章2_AvgDialog_C_M.csv,541,AvgDialog,Content,,不要死，威廉。,死なないで、ウィリアム。
AvgDialog_74311_Content_56,aqqz,avg星辰章2_AvgDialog_C_M.csv,542,AvgDialog,Content,,不要那么勇敢无私，威廉。,そんなに勇敢でなくていい。\n自分を犠牲にしなくていいんだよ、ウィリアム。
AvgDialog_74311_Content_57,aqqA,avg星辰章2_AvgDialog_C_M.csv,543,AvgDialog,Content,,活下去……我只希望你做到这一点。,生きて……君には生きていてほしいんだ。
AvgDialog_74311_Content_58,aqqB,avg星辰章2_AvgDialog_C_M.csv,544,AvgDialog,Content,少年威廉,希望什么？我怎么完全听不懂你在说什么……,君が何を言っているのか、さっぱりわからないんだけど……
AvgDialog_74311_Content_59,aqqC,avg星辰章2_AvgDialog_C_M.csv,545,AvgDialog,Content,,你闭上眼睛，让眼泪倒流，让那些痛苦的过去稀释。,あなたは目を閉じ、溢れそうな涙をこらえながら、あの苦しみに満ちた過去を静かに流し去ろうとした。
AvgDialog_74311_Content_60,aqqE,avg星辰章2_AvgDialog_C_M.csv,546,AvgDialog,Content,玩家,重要的是未来——不，我们所求的一直是未来。,大切なのは未来だ——私たちが求め続けてきたものは、ずっと未来だった。
AvgDialog_74311_Content_61,aqqF,avg星辰章2_AvgDialog_C_M.csv,547,AvgDialog,Content,,那或许没有融蚀的未来,融蝕のない未来。
AvgDialog_74311_Content_62,aqqG,avg星辰章2_AvgDialog_C_M.csv,548,AvgDialog,Content,玩家,威廉，人们习惯性认为过去塑造一切，但有时候，它其实没那么重要。就像人的出身。,ウィリアム、人は過去が今の自分を形作ると思いがちだ。\nだけど、中にはそれほど重要でないこともある。\n例えば、人の生まれなんかがそうだ。
AvgDialog_74311_Content_63,aqqH,avg星辰章2_AvgDialog_C_M.csv,549,AvgDialog,Content,少年威廉,怎么突然说起这个？我只是想知道自己究竟是谁而已。,どうして急にそんな話を？\n僕はただ、自分が誰なのか知りたいだけなんだけど……
AvgDialog_74311_Content_64,aqqI,avg星辰章2_AvgDialog_C_M.csv,550,AvgDialog,Content,玩家,我要说的就是这个。,だからこそ、話しているんだよ。
AvgDialog_74311_Content_65,aqqJ,avg星辰章2_AvgDialog_C_M.csv,551,AvgDialog,Content,玩家,出身、血脉、他人的议论与评价，都无法决定你，真正的你。,生まれも、血筋も、他人の言葉や評価も、君が誰であるかを決めることはできない。
AvgDialog_74311_Content_66,aqqK,avg星辰章2_AvgDialog_C_M.csv,552,AvgDialog,Content,玩家,真正的你，只能由你自己去选择，去塑造，去成为。,本当の君は、君自身が選び、形作っていくものなんだ。
AvgDialog_74311_Content_67,aqqL,avg星辰章2_AvgDialog_C_M.csv,553,AvgDialog,Content,,咚咚咚——门板先小威廉一步做出了回答。,ドンドンドン——\nウィリアムよりも先に、扉が反応した。
AvgDialog_74311_Content_68,aqqM,avg星辰章2_AvgDialog_C_M.csv,554,AvgDialog,Content,,27道门锁自动脱落，门板打开，露出诸多老朋友的面容。,27個の鍵がひとりでに外れ、扉が開く。\nその向こうには、見知った顔ぶれが並んでいた。
AvgDialog_74311_Content_69,aqqN,avg星辰章2_AvgDialog_C_M.csv,555,AvgDialog,Content,赫伯特,很抱歉打扰到你们的心灵教诲，但这里至少有一半算是我的地盘，需要遵循我定下的规则。,君たちの心温まる人生講義を邪魔して申し訳ないが、ここの少なくとも半分は私のテリトリーだ。\nならば、私が定めたルールに従ってもらわなくてはね。
AvgDialog_74311_Content_70,aqqP,avg星辰章2_AvgDialog_C_M.csv,556,AvgDialog,Content,赫伯特,而我的规则就是——患者需要被收容回正确的病房。,なに、簡単なことだ——\n患者は然るべき病室に収容されるべき、というだけの話さ。
AvgDialog_74311_Content_71,aqqQ,avg星辰章2_AvgDialog_C_M.csv,557,AvgDialog,Content,,赫伯特身后的改造人们穿越他，涌进房间，开始对你们进行「收容」。,ハーバートの背後にいた改造人間たちが彼の脇をすり抜けて部屋になだれ込み、あなたたちの「収容」に取りかかった。
AvgDialog_74311_Content_72,aqqR,avg星辰章2_AvgDialog_C_M.csv,558,AvgDialog,Content,,而你，再次握紧了银钥匙。,あなたは再び、シルバーキーを強く握りしめた。
AvgDialog_73787_Content_1,aqbU,avg星辰章2_AvgDialog_C_M.csv,559,AvgDialog,Content,,好奇心害死猫,好奇心は猫を殺す
AvgDialog_73787_Content_2,aqcf,avg星辰章2_AvgDialog_C_M.csv,560,AvgDialog,Content,赫伯特,或许我们的治疗强度可以加大一些？我还有约，赶时间。,治療の強度をもう少し上げてもいいかもしれないな。\n私にはこのあと予定があってね、急いでいるんだ。
AvgDialog_73787_Content_3,aqcq,avg星辰章2_AvgDialog_C_M.csv,561,AvgDialog,Content,,站在门口的赫伯特笑了笑，顿时，改造人们的攻击变得猛烈。,入口に立つハーバートが微笑むと、改造人間たちの攻撃はさらに激しさを増した。
AvgDialog_73787_Content_4,aqcB,avg星辰章2_AvgDialog_C_M.csv,562,AvgDialog,Content,少年威廉,不能再拖下去了。我们只有两个人，他却有一整个疗养院的帮手。,これ以上時間をかけてはいられない。こっちは二人しかいないのに、向こうは療養所中の人員が味方についている。
AvgDialog_73787_Content_5,aqcM,avg星辰章2_AvgDialog_C_M.csv,563,AvgDialog,Content,少年威廉,必须想办法攻击站在门口的怪人。他才是关键。,何とかして入口にいるあいつを止めないと。\nあいつこそが、この状況の鍵だ。
AvgDialog_73787_Content_6,aqcX,avg星辰章2_AvgDialog_C_M.csv,564,AvgDialog,Content,赫伯特,聪明的决策，但光有决策，可无法做成任何事情。,賢明な判断だ。だが、判断だけでは何も成し遂げられない。
AvgDialog_73787_Content_7,aqdi,avg星辰章2_AvgDialog_C_M.csv,565,AvgDialog,Content,赫伯特,何况比起我，你们更应该关心下自己——剧烈运动会撕裂伤口、加剧失血，同时导致体力大量流失。,それに、私のことよりも自分たちの身を案じた方がいいのではないかね？激しく動き回れば傷口が開き、出血が悪化してしまうぞ。
AvgDialog_73787_Content_8,aqdt,avg星辰章2_AvgDialog_C_M.csv,566,AvgDialog,Content,,赫伯特的笑容加深，心情大好地逗弄肩膀上的猫。那猫舔舔手掌，轻巧优雅地跃上门板，俯视着你。,ハーバートは笑みを深め、上機嫌で肩に乗った猫をあやす。猫は前足を舐めると、優雅に扉の上へ飛び乗り、あなたを見下ろした。
AvgDialog_73787_Content_9,aqdE,avg星辰章2_AvgDialog_C_M.csv,567,AvgDialog,Content,赫伯特,%player%，你的身体已经到达极限，无法再链接那些唤醒体了吧。,%player%、君の身体はもう限界だ。\n覚醒体たちとのリンクも、もはや維持できないだろう？
AvgDialog_73787_Content_10,aqbV,avg星辰章2_AvgDialog_C_M.csv,568,AvgDialog,Content,赫伯特,与其困兽犹斗，不如就此投降。我是个绅士，不会虐待俘虏。,追い詰められた獣のように足掻くより、ここで降伏した方が賢明だ。私は紳士だからね。捕虜を虐待したりはしないよ。
AvgDialog_73787_Content_11,aqbW,avg星辰章2_AvgDialog_C_M.csv,569,AvgDialog,Content,玩家,是的，你只是会让他们失去记忆，变成一张白纸。就像威廉。,そう、お前はただ、彼らの記憶を奪って白紙にするだけだ。\nウィリアムにしたように。
AvgDialog_73787_Content_12,aqbX,avg星辰章2_AvgDialog_C_M.csv,570,AvgDialog,Content,少年威廉,！！！,！！！
AvgDialog_73787_Content_13,aqbY,avg星辰章2_AvgDialog_C_M.csv,571,AvgDialog,Content,玩家,但很可惜，在与他们分离后，留有他们存在痕迹的记忆，就是我的一切。,そうはさせない。\nこの記憶は、私に残された彼らに関するすべてだから。
AvgDialog_73787_Content_14,aqbZ,avg星辰章2_AvgDialog_C_M.csv,572,AvgDialog,Content,,你强迫自己忽视脑中的阵痛，将手伸向胸口——,頭の奥に走る鈍い痛みを無視して、あなたは胸に手を伸ばす——
AvgDialog_73787_Content_15,aqca,avg星辰章2_AvgDialog_C_M.csv,573,AvgDialog,Content,玩家,熔毁·朵尔，你在听吗？,溶壊・ドール、聞こえてる？
AvgDialog_73787_Content_16,aqcb,avg星辰章2_AvgDialog_C_M.csv,574,AvgDialog,Content,熔毁·朵尔,我在。一直都在。,聞こえてるわ。ずっとね。
AvgDialog_73787_Content_17,aqcc,avg星辰章2_AvgDialog_C_M.csv,575,AvgDialog,Content,玩家,那好，准备启动那个功能。,なら、あの機能を起動する準備をして。
AvgDialog_73787_Content_18,aqcd,avg星辰章2_AvgDialog_C_M.csv,576,AvgDialog,Content,熔毁·朵尔,……我以为你不会知道那个功能。,……あなたが知っているとは思わなかったわ。
AvgDialog_73787_Content_19,aqce,avg星辰章2_AvgDialog_C_M.csv,577,AvgDialog,Content,玩家,事实上，我知道。我偷看过你的设计方案。,実は知ってたよ。君の設計図を盗み見たことがあるから。
AvgDialog_73787_Content_20,aqcg,avg星辰章2_AvgDialog_C_M.csv,578,AvgDialog,Content,,你的手掠过银钥匙，放在熔毁·朵尔仿制的弥萨格校徽上，将它抛出，抛向门口。,あなたは溶壊・ドールが複製したミサゴ大学の校章をつかみ、扉の方へと放り投げた。
AvgDialog_73787_Content_21,aqch,avg星辰章2_AvgDialog_C_M.csv,579,AvgDialog,Content,玩家,熔毁·朵尔。,溶・ドール、今だ！
AvgDialog_73787_Content_22,aqci,avg星辰章2_AvgDialog_C_M.csv,580,AvgDialog,Content,熔毁·朵尔,……啧。,……チッ。
AvgDialog_73787_Content_23,aqcj,avg星辰章2_AvgDialog_C_M.csv,581,AvgDialog,Content,,噼啪 ，仿制的弥萨格校徽闪烁出轻微电流，呈抛物线飞向赫伯特。,バチッ——校章はかすかな電流を帯びて閃き、放物線を描きながらハーバートへと飛んでいく。
AvgDialog_73787_Content_24,aqck,avg星辰章2_AvgDialog_C_M.csv,582,AvgDialog,Content,赫伯特,哼，垂死挣扎罢了。,ふん、悪あがきもほどほどにしたまえ。
AvgDialog_73787_Content_25,aqcl,avg星辰章2_AvgDialog_C_M.csv,583,AvgDialog,Content,,赫伯特退后一步，但校徽仍旧正中脑门，那只猫的一个脑门。,ハーバートは一歩後ろに下がった。\nだが校章は彼ではなく——猫の額に直撃した。
AvgDialog_73787_Content_26,aqcm,avg星辰章2_AvgDialog_C_M.csv,584,AvgDialog,Content,伽拉忒亚,喵——！！！,ニャアアア——！！！
AvgDialog_73787_Content_27,aqcn,avg星辰章2_AvgDialog_C_M.csv,585,AvgDialog,Content,,在电流的刺激下，那只猫尖叫跳跃，绕着房间跑酷。,電流を浴びた猫は悲鳴を上げて飛び上がり、部屋中を駆け回った。
AvgDialog_73787_Content_28,aqco,avg星辰章2_AvgDialog_C_M.csv,586,AvgDialog,Content,赫伯特无猫版,伽拉忒亚！你们愣着干什么，还不抓住它。,ガラテア！何をぼうっとしている、早く捕まえろ！
AvgDialog_73787_Content_29,aqcp,avg星辰章2_AvgDialog_C_M.csv,587,AvgDialog,Content,赫伯特无猫版,不不，不要这么粗暴，温柔一点，它可是我最心爱的宠物——,おい、そんなに乱暴にするな。もっと優しく扱え。\nあれは私の一番のお気に入りなんだぞ——
AvgDialog_73787_Content_30,aqcr,avg星辰章2_AvgDialog_C_M.csv,588,AvgDialog,Content,,可以说，现场乱成了一锅粥，而这正是你需要的。,現場はたちまち大混乱に陥った。\nそして、それこそがあなたの狙っていた状況だった。
AvgDialog_73787_Content_31,aqcs,avg星辰章2_AvgDialog_C_M.csv,589,AvgDialog,Content,玩家,即便这种情况下，赫伯特，你也没有进入这个房间。看来我的猜想是正确的。,こんな状況になってもなお、ハーバート、お前はこの部屋に入ろうとしない。やっぱり私の推測は正しかったみたいだ。
AvgDialog_73787_Content_32,aqct,avg星辰章2_AvgDialog_C_M.csv,590,AvgDialog,Content,赫伯特无猫版,……？,……？
AvgDialog_73787_Content_33,aqcu,avg星辰章2_AvgDialog_C_M.csv,591,AvgDialog,Content,玩家,这里是心灵的疗养院，因此患者有自己的心灵病房，因此医生可以自由出入任何病房。,ここは精神療養施設だ。患者にはそれぞれ自分の心の病室があって、医師はどの病室にも自由に出入りできる。
AvgDialog_73787_Content_34,aqcv,avg星辰章2_AvgDialog_C_M.csv,592,AvgDialog,Content,玩家,我和威廉是患者，他们算是医生，但你，赫伯特——你只是你自己。,私とウィリアムは患者で、彼らは医師だ。だが、お前は違う。\nハーバート——お前はただの訪問者にすぎない。
AvgDialog_73787_Content_35,aqcw,avg星辰章2_AvgDialog_C_M.csv,593,AvgDialog,Content,赫伯特无猫版,那又怎么样？我可不需要什么治疗。,それがどうしたというのかね？\n私には治療など必要ない。
AvgDialog_73787_Content_36,aqcx,avg星辰章2_AvgDialog_C_M.csv,594,AvgDialog,Content,玩家,这可说不定——威廉，动手吧。,それはどうかな——ウィリアム、やってくれ。
AvgDialog_73787_Content_37,aqcy,avg星辰章2_AvgDialog_C_M.csv,595,AvgDialog,Content,少年威廉,收到~,了解～
AvgDialog_73787_Content_38,aqcz,avg星辰章2_AvgDialog_C_M.csv,596,AvgDialog,Content,,趁着混乱蹭到门口的小威廉笑起来，将被你引走注意力的赫伯特推进房间。,混乱に乗じて扉のそばまで移動していたウィリアムは笑みを浮かべ、あなたに気を取られていたハーバートを部屋の中に突き飛ばした。
AvgDialog_73787_Content_39,aqcA,avg星辰章2_AvgDialog_C_M.csv,597,AvgDialog,Content,赫伯特无猫版,！！！,！！！
AvgDialog_73787_Content_40,aqcC,avg星辰章2_AvgDialog_C_M.csv,598,AvgDialog,Content,,随着赫伯特踏入房间，你感受到了熟悉的嗡鸣——无论是你的大脑，还是这个房间，都在嗡鸣。,ハーバートが部屋へ足を踏み入れた瞬間、あなたは聞き覚えのある唸りを感じた——\n自分の脳も、この部屋も、共鳴するように唸りを上げる。
AvgDialog_73787_Content_41,aqcD,avg星辰章2_AvgDialog_C_M.csv,599,AvgDialog,Content,,房间内的景色在不停融化、不停凝集，好似因不知该投射哪个患者的心灵而陷入迷茫，让人根本无法站稳。,部屋の景色は絶えず溶けては形を変え、誰の心を投影すべきか迷っているかのように揺らぎ続ける。\nもはや、まともに立っていることさえ難しい。
AvgDialog_73787_Content_42,aqcE,avg星辰章2_AvgDialog_C_M.csv,600,AvgDialog,Content,少年威廉,%player%，快出来，我要关门了！,%player%、早く出て！扉を閉めるよ！
AvgDialog_73787_Content_43,aqcF,avg星辰章2_AvgDialog_C_M.csv,601,AvgDialog,Content,,小威廉在门外向着你伸手，与此同时，另一只手也伸向了你——,ウィリアムが扉の外からあなたに手を差し伸べる。\n一方で、別の手もまたあなたへと伸びてきた——
AvgDialog_73787_Content_44,aqcG,avg星辰章2_AvgDialog_C_M.csv,602,AvgDialog,Content,赫伯特无猫版,我说过自己有约。也许，你比我更适合待在这里。,私は約束があると言っただろう。ここは、お前のほうが相応しい。
AvgDialog_73787_Content_45,aqcH,avg星辰章2_AvgDialog_C_M.csv,603,AvgDialog,Content,,那只手从后环住你的脖颈，开始收紧、用力，你控制不住向后仰倒，挥舞手臂。,その手は後ろからあなたの首に回り込み、きつく締め上げる。\nあなたはもがきながら、必死に腕を振り回した。
AvgDialog_73787_Content_46,aqcI,avg星辰章2_AvgDialog_C_M.csv,604,AvgDialog,Content,,慌乱中，你似乎碰到了什么东西——,混乱の中で、あなたは何かに触れたような気がした——
AvgDialog_73787_Content_47,aqcJ,avg星辰章2_AvgDialog_C_M.csv,605,AvgDialog,Content,,随着意识越发模糊，你被迫进入了谁的记忆。,意識が次第に薄れていく。\nそしてあなたは、否応なく誰かの記憶へと引きずり込まれていった。
AvgDialog_73787_Content_48,aqcK,avg星辰章2_AvgDialog_C_M.csv,606,AvgDialog,Content,阿尔比诺,我想，在完成所有任务后，我值得拥有一个美好的假期。,すべての任務を終えた後なら、休暇を取ってもいい……
AvgDialog_73787_Content_49,aqcL,avg星辰章2_AvgDialog_C_M.csv,607,AvgDialog,Content,阿尔比诺,你说得对，赫伯特，疗养院是个不错的选择。,あなたの言ったとおりでした、ハーバート。\n療養所は悪くない選択です。
AvgDialog_73787_Content_50,aqcN,avg星辰章2_AvgDialog_C_M.csv,608,AvgDialog,Content,阿尔比诺,我的肉体已经餍足，但心灵还在饥饿。,私の肉体はすでに満たされました。ですが、心はまだ飢えている。
AvgDialog_73787_Content_51,aqcO,avg星辰章2_AvgDialog_C_M.csv,609,AvgDialog,Content,少年威廉,再坚持……%player%，我就……抓住……,もう少し……%player%、僕が……捕まえる……
AvgDialog_73787_Content_52,aqcP,avg星辰章2_AvgDialog_C_M.csv,610,AvgDialog,Content,,似乎有谁在呐喊，但你听不清。,誰かが叫ぶ声が聞こえる。\nだが、何を言っているのかまでは聞き取れなかった。
AvgDialog_73787_Content_53,aqcQ,avg星辰章2_AvgDialog_C_M.csv,611,AvgDialog,Content,,你的脑海如不停旋转的万花筒，纷杂着数不清的记忆片段。,あなたの意識は絶えず回り続ける万華鏡のように揺れ動き、数え切れないほどの記憶の断片が入り混じる。
AvgDialog_73787_Content_54,aqcR,avg星辰章2_AvgDialog_C_M.csv,612,AvgDialog,Content,克莱门汀（唤醒体）,这间疗养院对我很重要，非常重要，所以赫伯特，给我一个理由。,この療養所は私にとって、とても大切な場所なんです。\nですから、理由を聞かせてください。
AvgDialog_73787_Content_55,aqcS,avg星辰章2_AvgDialog_C_M.csv,613,AvgDialog,Content,克莱门汀（唤醒体）,否则——我既然能将你邀请进来，也能将你邀请出去。,答えていただけないのであれば、あなたをここから追い出します。
AvgDialog_73787_Content_56,aqcT,avg星辰章2_AvgDialog_C_M.csv,614,AvgDialog,Content,赫伯特,这是计划的一环，克莱门汀。,これも計画の一部なんだよ、クレメンタイン。
AvgDialog_73787_Content_57,aqcU,avg星辰章2_AvgDialog_C_M.csv,615,AvgDialog,Content,赫伯特,我知道你在那里进行着重要的实验，但我想说，我们的目标并不冲突。,君がここで重要な実験を行っていることは知っている。\nだが、私たちの目的は決して相反するものではない。
AvgDialog_73787_Content_58,aqcV,avg星辰章2_AvgDialog_C_M.csv,616,AvgDialog,Content,克莱门汀（唤醒体）,如果只有这一个理由，恐怕你说服不了我。,その程度の理由では、私を納得させるには不十分ですね。
AvgDialog_73787_Content_59,aqcW,avg星辰章2_AvgDialog_C_M.csv,617,AvgDialog,Content,赫伯特,你需要祭品，很多祭品，而%player%显然符合条件，不是吗？,君には生贄が必要だ。しかも大量に。そして、%player%は明らかにその条件に当てはまる。違うかい？
AvgDialog_73787_Content_60,aqcY,avg星辰章2_AvgDialog_C_M.csv,618,AvgDialog,Content,赫伯特,更何况，你一直对%player%很感兴趣，这是个机会，靠近和观察%heorshe%的机会。,それに、君はずっと%player%に興味を抱いていただろう。これは絶好の機会だ。%heorshe%に近づき、観察するためのね。
AvgDialog_73787_Content_61,aqcZ,avg星辰章2_AvgDialog_C_M.csv,619,AvgDialog,Content,少年威廉,我抓住你了！,捕まえた！
AvgDialog_73787_Content_62,aqda,avg星辰章2_AvgDialog_C_M.csv,620,AvgDialog,Content,赫伯特无猫版,唔……,うっ……
AvgDialog_73787_Content_63,aqdb,avg星辰章2_AvgDialog_C_M.csv,621,AvgDialog,Content,赫伯特无猫版,小子，管好你的牙齿，它们不该碰触我的手臂。,気をつけろ、小僧。私の腕に噛みつくんじゃない！
AvgDialog_73787_Content_64,aqdc,avg星辰章2_AvgDialog_C_M.csv,622,AvgDialog,Content,克莱门汀（唤醒体）,……,……
AvgDialog_73787_Content_65,aqdd,avg星辰章2_AvgDialog_C_M.csv,623,AvgDialog,Content,克莱门汀（唤醒体）,…………,…………
AvgDialog_73787_Content_66,aqde,avg星辰章2_AvgDialog_C_M.csv,624,AvgDialog,Content,,熟悉的心理诊室里，沉默的克莱门汀，这让看惯了五花八门记忆的你有些不习惯。,見慣れた診療室。そこで静かに佇むクレメンタイン。だが、様々な記憶を見てきたあなたにとって、その光景はどこか違和感があった。
AvgDialog_73787_Content_67,aqdf,avg星辰章2_AvgDialog_C_M.csv,625,AvgDialog,Content,玩家,这次的记忆好奇怪……,今回の記憶は、何か変だな……
AvgDialog_73787_Content_68,aqdg,avg星辰章2_AvgDialog_C_M.csv,626,AvgDialog,Content,克莱门汀（唤醒体）,哦？您认为哪里奇怪？,おや、どのあたりが変だと思われますか？
AvgDialog_73787_Content_69,aqdh,avg星辰章2_AvgDialog_C_M.csv,627,AvgDialog,Content,玩家,哪里都比较奇……,すべてが変っていうか……
AvgDialog_73787_Content_70,aqdj,avg星辰章2_AvgDialog_C_M.csv,628,AvgDialog,Content,玩家,！！！,！！！
AvgDialog_73787_Content_71,aqdk,avg星辰章2_AvgDialog_C_M.csv,629,AvgDialog,Content,,你猛然瞪大眼睛——刚才，你说出了心中的所思所想，而克莱门汀，给出了回应。,あなたは驚いて目を見開いた。今、あなたは自身が思ったことを口にした。それなのに、クレメンタインはそれに返事をしたのだ。
AvgDialog_73787_Content_72,aqdl,avg星辰章2_AvgDialog_C_M.csv,630,AvgDialog,Content,玩家,这不是赫伯特的记忆！,これはハーバートの記憶じゃない！
AvgDialog_73787_Content_73,aqdm,avg星辰章2_AvgDialog_C_M.csv,631,AvgDialog,Content,克莱门汀（唤醒体）,当然不是。在别人的记忆里与您相见，是很失礼的行为，所以，我亲自来了。,もちろん違います。他人の記憶の中であなたにお会いするのは失礼ですから。私が直接参りました。
AvgDialog_73787_Content_74,aqdn,avg星辰章2_AvgDialog_C_M.csv,632,AvgDialog,Content,克莱门汀（唤醒体）,啊，也不算「亲自」，至多算是精神上的短暂接触，希望您不要介意。,ああ、「直接」というのも正確ではありませんね。\nほんの短い精神的な接触です。どうかお気になさらず。
AvgDialog_73787_Content_75,aqdo,avg星辰章2_AvgDialog_C_M.csv,633,AvgDialog,Content,玩家,来见我？为什么……,私に会いに？どうして……
AvgDialog_73787_Content_76,aqdp,avg星辰章2_AvgDialog_C_M.csv,634,AvgDialog,Content,克莱门汀（唤醒体）,为什么？哎呀，这个问题该如何回答是好呢？,どうして、ですか？\nさて、その質問にはどう答えるべきでしょうか。
AvgDialog_73787_Content_77,aqdq,avg星辰章2_AvgDialog_C_M.csv,635,AvgDialog,Content,克莱门汀（唤醒体）,自然是为了您脑中宝贵的记忆，但又不单单是为了那些记忆，您的存在本身，就让我好奇。,もちろん、あなたの頭の中にある貴重な記憶のためです。\nですが、それだけではありません。\nあなたという存在そのものに、私は興味があるんです。
AvgDialog_73787_Content_78,aqdr,avg星辰章2_AvgDialog_C_M.csv,636,AvgDialog,Content,玩家,好奇？我不明白……,興味？意味がわからないんだけど……
AvgDialog_73787_Content_79,aqds,avg星辰章2_AvgDialog_C_M.csv,637,AvgDialog,Content,克莱门汀（唤醒体）,好吧，看样子我只能直白地说出来。这不是我平常的说话方式，但我愿意迁就你的选择。,では率直に申し上げます。本来の私の話し方ではありませんが、あなたに合わせることにしましょう。
AvgDialog_73787_Content_80,aqdu,avg星辰章2_AvgDialog_C_M.csv,638,AvgDialog,Content,克莱门汀（唤醒体）,我好奇你为什么知道我的名字，知道阿尔比诺和赫伯特的名字，好奇你如何知道雕塑家协会。,私は気になっているのです。\nなぜあなたが私の名前を知っているのか。\nなぜアルビノやハーバート、彫刻家協会のことを知っているのか。
AvgDialog_73787_Content_81,aqdv,avg星辰章2_AvgDialog_C_M.csv,639,AvgDialog,Content,克莱门汀（唤醒体）,好奇你的过去，你的记忆，以及……你存在过的另一个世界。,あなたの過去、あなたの記憶、そして……あなたがかつて存在していた、もう一つの世界について。
AvgDialog_73787_Content_82,aqdw,avg星辰章2_AvgDialog_C_M.csv,640,AvgDialog,Content,玩家,另一个世界？你怎么会……,もう一つの世界？どうしてそれを……
AvgDialog_73787_Content_83,aqdx,avg星辰章2_AvgDialog_C_M.csv,641,AvgDialog,Content,克莱门汀（唤醒体）,哎呀，看来原来真的有「另一个世界」啊，这下——,ああ、やはり本当に「もう一つの世界」があるのですね。\nとなると——
AvgDialog_73787_Content_84,aqdy,avg星辰章2_AvgDialog_C_M.csv,642,AvgDialog,Content,克莱门汀（唤醒体）,不得不掀开你的脑子，剖开你的灵魂，仔仔细细地研究一番了。,やはり、あなたの頭を開き、魂を解剖して、隅々まで研究しなければなりませんね。
AvgDialog_73787_Content_85,aqdz,avg星辰章2_AvgDialog_C_M.csv,643,AvgDialog,Content,克莱门汀（唤醒体）,啊，光是想想这个场景，我的白银之心就已经颤抖起来了。,その光景を想像しただけで、私の銀の心は震えてしまいます。
AvgDialog_73787_Content_86,aqdA,avg星辰章2_AvgDialog_C_M.csv,644,AvgDialog,Content,,克莱门汀笑着站起来，你只觉得这笑容让你头痛，让你窒息。,クレメンタインが微笑みながら立ち上がる。\nその笑顔を見た瞬間、あなたは激しい頭痛と息苦しさを覚えた。
AvgDialog_73787_Content_87,aqdB,avg星辰章2_AvgDialog_C_M.csv,645,AvgDialog,Content,玩家,等、等等……不用你动手。,ま、待って……そんなことしなくても……
AvgDialog_73787_Content_88,aqdC,avg星辰章2_AvgDialog_C_M.csv,646,AvgDialog,Content,玩家,你想知道的，我都可以告诉你，作为交换，放我和威廉……不，是所有人离开。,君が知りたいことは全部話すよ。その代わりに、私とウィリアムを……いや、みんなをここから逃がして。
AvgDialog_73787_Content_89,aqdD,avg星辰章2_AvgDialog_C_M.csv,647,AvgDialog,Content,玩家,克莱门汀，我相信你和赫伯特不同。,クレメンタイン。君はハーバートとは違うと、私は信じている。
AvgDialog_73787_Content_90,aqdF,avg星辰章2_AvgDialog_C_M.csv,648,AvgDialog,Content,克莱门汀（唤醒体）,……真是遗憾，我注定要辜负你的好意了。,……残念ですが、あなたの期待には応えられそうにありません。
AvgDialog_73787_Content_91,bqxI,avg星辰章2_AvgDialog_C_M.csv,649,AvgDialog,Content,克莱门汀（唤醒体）,因为啊，这里是我的猎场。,なぜなら——ここは私の狩り場ですから。
AvgDialog_73787_Content_92,bqxJ,avg星辰章2_AvgDialog_C_M.csv,650,AvgDialog,Content,,随着眼前一花，克莱门汀瞬间闪现到你的眼前，将手放在你的额头。,視界が揺らいだかと思うと、クレメンタインが一瞬であなたの目の前に現れ、額に手を当てた。
AvgDialog_73787_Content_93,bqxK,avg星辰章2_AvgDialog_C_M.csv,651,AvgDialog,Content,,数不尽的尖锐虫鸣就此入侵你的大脑，令你思绪混沌，逐渐失去反抗的力气。,無数の鋭い虫の羽音が脳に流れ込み、思考をかき乱す。\n意識は濁り、抵抗する力も徐々に失われていく。
AvgDialog_73787_Content_94,bqxL,avg星辰章2_AvgDialog_C_M.csv,652,AvgDialog,Content,克莱门汀（唤醒体）,啊，就是这样，我看到了，守密人、弥萨格还有、还有——,ああ、その調子です。\n見えてきました……守秘者、ミサゴ大学、それから——
AvgDialog_73787_Content_95,bqxM,avg星辰章2_AvgDialog_C_M.csv,653,AvgDialog,Content,克莱门汀（唤醒体）,<Shake:……！！！>,<Shake:……！！！>
AvgDialog_73787_Content_97,bqxO,avg星辰章2_AvgDialog_C_M.csv,655,AvgDialog,Content,,砰——就在这时，关门声传来。那声音不来源于这里，这个场景。,バタン——扉の閉まる音が響いた。\nそれはこの部屋の中の音でも、この光景の音でもなかった。
AvgDialog_73787_Content_98,bqxP,avg星辰章2_AvgDialog_C_M.csv,656,AvgDialog,Content,,那是小威廉关闭心灵房间的声音。,それは、ウィリアムが心の病室の扉を閉めた音だった。
AvgDialog_73787_Content_99,bqxQ,avg星辰章2_AvgDialog_C_M.csv,657,AvgDialog,Content,,如浓雾被狂风吹散，所有恐怖与狂乱都消失，缺氧造成的模糊视线里，只有疗养院的走廊和小威廉。,濃い霧が突風に吹き払われるように、恐怖も狂気も一瞬でかき消える。酸欠で霞む視界の先にあったのは、ウィリアムの姿だけだった。
AvgDialog_73787_Content_100,bqxz,avg星辰章2_AvgDialog_C_M.csv,658,AvgDialog,Content,少年威廉,呼，终于把你拉出来了。,ふう、ようやく君を引っ張り出せた。
AvgDialog_73787_Content_101,bqxA,avg星辰章2_AvgDialog_C_M.csv,659,AvgDialog,Content,少年威廉,猜猜看我还拿到了什么？,さて、僕が他に何を手に入れたと思う？
AvgDialog_73787_Content_102,bqxB,avg星辰章2_AvgDialog_C_M.csv,660,AvgDialog,Content,少年威廉,你的通讯器。,君の通信機だ。
AvgDialog_73787_Content_103,bqxC,avg星辰章2_AvgDialog_C_M.csv,661,AvgDialog,Content,玩家,<Small:逃……>咳咳……,<Small:逃げ……>ゴホッ……
AvgDialog_73787_Content_104,bqxD,avg星辰章2_AvgDialog_C_M.csv,662,AvgDialog,Content,少年威廉,你说什么？,何て言ったの？
AvgDialog_73787_Content_105,bqxE,avg星辰章2_AvgDialog_C_M.csv,663,AvgDialog,Content,玩家,快逃……我们，被疗养院的真正掌控者发现了……,ここから逃げないと……\nこの療養所の本当の支配者が、私たちに気づいた……
AvgDialog_73787_Content_106,bqxF,avg星辰章2_AvgDialog_C_M.csv,664,AvgDialog,Content,,小威廉没有听到你的声音，因为就在那一瞬间，看不见尽头的走廊传来了无数的砰砰声响。,だが、その声はウィリアムには届かなかった。その瞬間、果てしなく続く廊下の向こうから、バタンバタンという音が響いてきたからだ。
AvgDialog_73787_Content_107,bqxG,avg星辰章2_AvgDialog_C_M.csv,665,AvgDialog,Content,,那是百千门扉打开的声音，那是疗养院彻底苏醒，准备吞噬忤逆者的声音。,それは、無数の扉が開く音だった。\n療養所が完全に目覚め、逆らう者たちを呑み込もうとする音だ。
AvgDialog_73787_Content_108,bqxH,avg星辰章2_AvgDialog_C_M.csv,666,AvgDialog,Content,,一阵刺耳的警铃声响起，揭开狂乱追逐与逃亡的序幕。,けたたましい警報が鳴り響く。\n狂乱の追跡と逃走が、今まさに始まろうとしていた。
AvgDialog_73792_Content_1,aqft,avg星辰章2_AvgDialog_C_M.csv,667,AvgDialog,Content,,咨询邀请,カウンセリングのご案内
AvgDialog_73792_Content_2,aqfE,avg星辰章2_AvgDialog_C_M.csv,668,AvgDialog,Content,,疗养院里持续播放着警铃声。,療養所に、警報音が止むことなく鳴り響く。
AvgDialog_73792_Content_3,aqfP,avg星辰章2_AvgDialog_C_M.csv,669,AvgDialog,Content,,这刺耳的声音是一种警示，一种恐吓，一种精神污染。,その耳障りな音は、警告であり、脅しであり、精神を蝕むノイズでもあった。
AvgDialog_73792_Content_4,aqga,avg星辰章2_AvgDialog_C_M.csv,670,AvgDialog,Content,,然后，无数扇心灵房间的大门次第打开——,そして、無数の心の部屋の扉が、次々と開いていく——
AvgDialog_73792_Content_6,aqgw,avg星辰章2_AvgDialog_C_M.csv,672,AvgDialog,Content,,无数扇空洞洞的门扉里，走出一个又一个克莱门汀。,空虚な扉の向こうから、一人また一人とクレメンタインが姿を現す。
AvgDialog_73792_Content_7,aqgH,avg星辰章2_AvgDialog_C_M.csv,673,AvgDialog,Content,克莱门汀（唤醒体）,让我看看你的记忆——,あなたの記憶を見せてください——
AvgDialog_73792_Content_8,aqgN,avg星辰章2_AvgDialog_C_M.csv,674,AvgDialog,Content,,她们说着一模一样的话。,彼女たちは皆、まったく同じ言葉を口にし、
AvgDialog_73792_Content_9,aqgO,avg星辰章2_AvgDialog_C_M.csv,675,AvgDialog,Content,克莱门汀（唤醒体）,究竟是什么样的过去——,いったいどんな過去が——
AvgDialog_73792_Content_10,aqfu,avg星辰章2_AvgDialog_C_M.csv,676,AvgDialog,Content,,她们迈着整齐划一的动作。,寸分違わぬ動きで歩みを進め、
AvgDialog_73792_Content_11,aqfv,avg星辰章2_AvgDialog_C_M.csv,677,AvgDialog,Content,克莱门汀（唤醒体）,塑造了现在的你——,今のあなたを形作ったのか——
AvgDialog_73792_Content_12,aqfw,avg星辰章2_AvgDialog_C_M.csv,678,AvgDialog,Content,,她们从四面八方，向你而来。,四方八方からあなたへと迫ってくる。
AvgDialog_73792_Content_13,aqfx,avg星辰章2_AvgDialog_C_M.csv,679,AvgDialog,Content,少年威廉,我的天，快跑！,まずい、逃げて！
AvgDialog_73792_Content_14,aqfy,avg星辰章2_AvgDialog_C_M.csv,680,AvgDialog,Content,,不用提醒，你就已经拉着小威廉在廊道里狂奔。你们身后是数不清的克莱门汀，人数多到开始堵住疗养院的走廊。,言われるまでもなく、あなたはウィリアムの手を引き、廊下を全力で駆け出していた。背後から無数のクレメンタインが押し寄せる。\nその数は、すでに廊下を埋め尽くそうとしていた。
AvgDialog_73792_Content_15,aqfz,avg星辰章2_AvgDialog_C_M.csv,681,AvgDialog,Content,熔毁·朵尔,……数据……搜集……升级完成。,……データ……収集……アップグレード完了。
AvgDialog_73792_Content_16,aqfA,avg星辰章2_AvgDialog_C_M.csv,682,AvgDialog,Content,,通讯器意料之外地响起。,突然、通信機から声が響いてきた。
AvgDialog_73792_Content_17,aqfB,avg星辰章2_AvgDialog_C_M.csv,683,AvgDialog,Content,玩家,熔毁·朵尔！你的研究完成了？,溶壊・ドール！研究はもう完了したの？
AvgDialog_73792_Content_18,aqfC,avg星辰章2_AvgDialog_C_M.csv,684,AvgDialog,Content,熔毁·朵尔,并没有，我只是优化了通讯器，减少空间能量波动对信号的影响。,いいえ、まだよ。通信機を最適化して、空間エネルギーの波動が通信に与える影響を軽減しただけ。
AvgDialog_73792_Content_19,aqfD,avg星辰章2_AvgDialog_C_M.csv,685,AvgDialog,Content,熔毁·朵尔,但对于这个空间的研究，确实有了重大进展——我初步破解了它的能量波动，并能通过通讯器模拟复现。,でもこの空間の研究については、大きな進展があったわ——\n空間エネルギーの波動をある程度解析したの。\nこれで、通信機を通じて再現することができるようになったわ。
AvgDialog_73792_Content_20,aqfF,avg星辰章2_AvgDialog_C_M.csv,686,AvgDialog,Content,熔毁·朵尔,这是后续连接与撕裂这个空间的基础，当然，关键时刻，也能作为一种攻击手段，即通过模拟……,これは今後、この空間との接続や切断を行うための基礎となる。\nもちろん、いざという時には攻撃手段としても利用できるわ。\nつまり、その波動をシミュレートすることで……
AvgDialog_73792_Content_21,aqfG,avg星辰章2_AvgDialog_C_M.csv,687,AvgDialog,Content,少年威廉,现在可没时间长篇大论，重点，说重点！,長話をしてる時間はないよ！要点だけ言って！
AvgDialog_73792_Content_22,aqfH,avg星辰章2_AvgDialog_C_M.csv,688,AvgDialog,Content,玩家,小心！！！,危ない！！！
AvgDialog_73792_Content_23,aqfI,avg星辰章2_AvgDialog_C_M.csv,689,AvgDialog,Content,,人流从左侧涌来，差点冲散你和小威廉，幸好，你抓住了小威廉的手，向右侧转弯。,人波が左から押し寄せ、あなたとウィリアムは危うく引き離されそうになった。\nあなたはウィリアムの手をしっかりとつかんだまま、右へ曲がった。
AvgDialog_73792_Content_24,aqfJ,avg星辰章2_AvgDialog_C_M.csv,690,AvgDialog,Content,少年威廉,呼~幸好你抓住了我。拜托，千万不要放手！,ふぅ～、助かった。君がちゃんと掴んでくれていて助かったよ。\nお願いだから、絶対に手を離さないでね！
AvgDialog_73792_Content_25,aqfK,avg星辰章2_AvgDialog_C_M.csv,691,AvgDialog,Content,玩家,熔毁·朵尔，时间紧急，能直接说结论吗？,溶壊・ドール、時間がない。結論だけ聞かせてくれる？
AvgDialog_73792_Content_26,aqfL,avg星辰章2_AvgDialog_C_M.csv,692,AvgDialog,Content,熔毁·朵尔,结论就是：宇宙时空永恒不变，变化的只是时空内的可见物质。,結論はこうよ。時空そのものは不変であって、変化するのはその内部に存在する物質なの。
AvgDialog_73792_Content_27,aqfM,avg星辰章2_AvgDialog_C_M.csv,693,AvgDialog,Content,熔毁·朵尔,这个心灵疗养院也是如此。它的变化只是表象，内核无法改变。,この心の療養所も同じ。変化しているように見えるのは表面だけであって、本質は変わらない。
AvgDialog_73792_Content_28,aqfN,avg星辰章2_AvgDialog_C_M.csv,694,AvgDialog,Content,少年威廉,可这里的房间每过一段时间就会变化，不会变化的只有走廊而已。,でも、ここの部屋は一定時間ごとに姿を変えているよ。\n変わらないのは廊下だけだ。
AvgDialog_73792_Content_29,aqfO,avg星辰章2_AvgDialog_C_M.csv,695,AvgDialog,Content,熔毁·朵尔,那就动脑筋想想它为什么不会变化——,なら、どうして廊下だけが変化しないのか考えてみなさい。
AvgDialog_73792_Content_30,aqfQ,avg星辰章2_AvgDialog_C_M.csv,696,AvgDialog,Content,熔毁·朵尔,是有人操纵了它，还是因为它连接了什么特殊的地方，无法变化。,誰かが意図的にそうしているのか。それとも、廊下がどこか特別な場所と繋がっているから変化できないのか。
AvgDialog_73792_Content_31,aqfR,avg星辰章2_AvgDialog_C_M.csv,697,AvgDialog,Content,玩家,有人操纵？连接特殊的地方……,誰かが操っている……あるいは、特別な場所と繋がっている……
AvgDialog_73792_Content_32,aqfS,avg星辰章2_AvgDialog_C_M.csv,698,AvgDialog,Content,,你猛然想到克莱门汀的诊室——,その瞬間、あなたはクレメンタインの診療室を思い出した——
AvgDialog_73792_Content_33,aqfT,avg星辰章2_AvgDialog_C_M.csv,699,AvgDialog,Content,,作为这间疗养院的真正掌控者，克莱门汀无疑是操纵一切的幕后黑手，她的房间也是最特殊的。,この療養所の真の支配者であるクレメンタイン。彼女がすべてを裏で操る黒幕なら、彼女の部屋こそ最も特別な場所に違いない。
AvgDialog_73792_Content_34,aqfU,avg星辰章2_AvgDialog_C_M.csv,700,AvgDialog,Content,玩家,我想到了一个可能，但目前还无法确定……,ひとつ可能性を思いついた。でも、まだ確証はない……
AvgDialog_73792_Content_35,aqfV,avg星辰章2_AvgDialog_C_M.csv,701,AvgDialog,Content,熔毁·朵尔,那就去确认猜想，找到操控这一切的核心。,なら確かめましょう。この空間を支配する中枢を突き止めるのよ。
AvgDialog_73792_Content_36,aqfW,avg星辰章2_AvgDialog_C_M.csv,702,AvgDialog,Content,少年威廉,你们在打什么哑谜，我也……,さっきから何の話をしてるの？僕にも……
AvgDialog_73792_Content_37,aqfX,avg星辰章2_AvgDialog_C_M.csv,703,AvgDialog,Content,少年威廉,！！！,！！！
AvgDialog_73792_Content_38,aqfY,avg星辰章2_AvgDialog_C_M.csv,704,AvgDialog,Content,,"小威廉的话戛然而止，因为你们的前路已被堵住——
前方的廊道里全部是克莱门汀，数不清的克莱门汀。",ウィリアムの言葉が途切れる。\nあなたたちの行く手は、完全に塞がれていた。\n無数のクレメンタインが、前方の廊下を埋め尽くしている。
AvgDialog_73792_Content_39,aqfZ,avg星辰章2_AvgDialog_C_M.csv,705,AvgDialog,Content,,那些克莱门汀齐齐望着你，向你伸出了手。,彼女たちは一斉にあなたへ目を向け、ゆっくりと手を差し伸べた。
AvgDialog_73792_Content_40,aqgb,avg星辰章2_AvgDialog_C_M.csv,706,AvgDialog,Content,克莱门汀（唤醒体）,为什么要逃跑？我只是想给你做一场心理咨询而已。,どうして逃げるのですか？\n私はただ、あなたのカウンセリングをしようとしただけなのに……
AvgDialog_73792_Content_41,aqgc,avg星辰章2_AvgDialog_C_M.csv,707,AvgDialog,Content,玩家,快原路……,今来た道を引き返そう——
AvgDialog_73792_Content_42,aqgd,avg星辰章2_AvgDialog_C_M.csv,708,AvgDialog,Content,少年威廉,已经没有原路了！！！,もう、戻る道なんてないよ！
AvgDialog_73792_Content_43,aqge,avg星辰章2_AvgDialog_C_M.csv,709,AvgDialog,Content,,因为你们身后，也是克莱门汀，数不清的克莱门汀。,振り返れば、背後にもクレメンタインがいる。いや、一人ではない。数え切れないほどのクレメンタインがそこにいた。
AvgDialog_73792_Content_44,aqgf,avg星辰章2_AvgDialog_C_M.csv,710,AvgDialog,Content,克莱门汀（唤醒体）,为什么要逃跑？我只是想给你做一场心理咨询而已。,どうして逃げるのですか？\n私はただ、あなたのカウンセリングをしようとしただけなのに……
AvgDialog_73792_Content_45,aqgg,avg星辰章2_AvgDialog_C_M.csv,711,AvgDialog,Content,,堵在后侧的克莱门汀也望着你，向你伸出了手。,後方の道を塞ぐクレメンタインたちも、こちらを見つめながら手を差し伸べてくる。
AvgDialog_73792_Content_46,aqgh,avg星辰章2_AvgDialog_C_M.csv,712,AvgDialog,Content,,数不清的克莱门汀就这样机械地重复这句话，一步步向你靠近，将你和小威廉彻底包围。,無数のクレメンタインは、まるで機械のように同じ言葉を繰り返しながら、一歩、また一歩と近づいてくる。\nやがて、彼女たちはあなたとウィリアムを完全に包囲した。
AvgDialog_73792_Content_47,aqgi,avg星辰章2_AvgDialog_C_M.csv,713,AvgDialog,Content,少年威廉,心理咨询……恐怕这只是掩饰你真实目的的障眼法。,カウンセリングなんて……本当の目的を隠すための目くらましだ。
AvgDialog_73792_Content_48,aqgj,avg星辰章2_AvgDialog_C_M.csv,714,AvgDialog,Content,玩家,你的真实目的，是杀了我，还是将我作为祭品？,君の本当の目的は何なの？\n私を殺すこと？それとも生贄にすること？
AvgDialog_73792_Content_49,aqgk,avg星辰章2_AvgDialog_C_M.csv,715,AvgDialog,Content,玩家,或者这里的所有患者其实都是你的祭品！？,もしかして、ここにいる患者たちは全員、君の生贄なの！？
AvgDialog_73792_Content_50,aqgm,avg星辰章2_AvgDialog_C_M.csv,716,AvgDialog,Content,,"无数的克莱门汀以微笑作为回应。
她们显然不是真正的克莱门汀，没有理解语言的智慧灵魂。",無数のクレメンタインは、ただ微笑みを返すばかりだ。\n彼女たちは本物のクレメンタインではない。\n言葉を理解する知性ある魂を持っていないのだ。
AvgDialog_73792_Content_51,aqgn,avg星辰章2_AvgDialog_C_M.csv,717,AvgDialog,Content,玩家,……看来，只能放手一搏了。,……賭けに出るしかない、か。
AvgDialog_73792_Content_52,aqgo,avg星辰章2_AvgDialog_C_M.csv,718,AvgDialog,Content,,你的手伸向胸前的银钥匙。它是你唯一的选择。,あなたは胸元のシルバーキーへ手を伸ばす。\nそれが、唯一の選択肢だった。
AvgDialog_73792_Content_53,aqgp,avg星辰章2_AvgDialog_C_M.csv,719,AvgDialog,Content,,意识的丝缕出现，一根一根与银钥匙链接，而随着链接的深入，你的大脑开始惨叫。,意識の糸が現れ、一本、また一本とシルバーキーへと繋がっていく。しかし、リンクが深まるにつれ、あなたの脳は悲鳴を上げ始めた。
AvgDialog_73792_Content_54,aqgq,avg星辰章2_AvgDialog_C_M.csv,720,AvgDialog,Content,少年威廉,天呐，你的身体在渗血，快停下来！,だめだ、体から血が滲んでる！これ以上は……
AvgDialog_73792_Content_55,aqgr,avg星辰章2_AvgDialog_C_M.csv,721,AvgDialog,Content,熔毁·朵尔,%player%，住手。,%player%、やめなさい。
AvgDialog_73792_Content_56,aqgs,avg星辰章2_AvgDialog_C_M.csv,722,AvgDialog,Content,,通讯器突然闪烁轻微的电流，它不会实质性伤害你的身体，却足以让你集中的意识溃散。,通信機が突然、かすかな電流を放った。あなたの体にダメージを与えるほどではなかったが、集中していた意識を乱すには十分だった。
AvgDialog_73792_Content_57,aqgt,avg星辰章2_AvgDialog_C_M.csv,723,AvgDialog,Content,玩家,为什么……,どうして……
AvgDialog_73792_Content_58,aqgu,avg星辰章2_AvgDialog_C_M.csv,724,AvgDialog,Content,熔毁·朵尔,下次，我会在监视器上加载我知道的所有武器。,次は、私が知る限りのあらゆる武器をこの装置に搭載するわ。
AvgDialog_73792_Content_59,aqgv,avg星辰章2_AvgDialog_C_M.csv,725,AvgDialog,Content,少年威廉,现在不是说这话的时候……,今はそんなことを言っている場合じゃ……
AvgDialog_73792_Content_60,aqgx,avg星辰章2_AvgDialog_C_M.csv,726,AvgDialog,Content,玩家,熔毁·朵尔，难道你想模拟……,溶壊・ドール……まさか君、シミュレートするつもりなの？
AvgDialog_73792_Content_61,aqgy,avg星辰章2_AvgDialog_C_M.csv,727,AvgDialog,Content,熔毁·朵尔,是的，模拟空间能量波动，作为攻击的手段。,そうよ。\n空間エネルギーの波動を再現し、攻撃手段として利用するわ。
AvgDialog_73792_Content_62,aqgz,avg星辰章2_AvgDialog_C_M.csv,728,AvgDialog,Content,熔毁·朵尔,还是说，你有其他保住你们性命的更好办法？,それとも、あなたたちの命を守るために、もっと良い方法があるというの？
AvgDialog_73792_Content_63,aqgA,avg星辰章2_AvgDialog_C_M.csv,729,AvgDialog,Content,玩家,……我明白了。抱歉。,……わかったよ。ごめん。
AvgDialog_73792_Content_64,aqgB,avg星辰章2_AvgDialog_C_M.csv,730,AvgDialog,Content,,你们的对话并未影响克莱门汀们，无数的克莱门汀如被定好程序的机器，向你和小威廉走近，伸出了手。,あなたたちの会話など意に介さず、クレメンタインは迫り続ける。\nプログラムされた機械のように歩み寄り、一斉に手を差し伸べた。
AvgDialog_73792_Content_65,aqgC,avg星辰章2_AvgDialog_C_M.csv,731,AvgDialog,Content,,数不清的手，如扭曲的花瓣绽放在你们周围，而在这朵花的中央，是腾空的通讯器。,数え切れないほどの手が、歪んだ花びらのようにあなたたちの周囲で咲き乱れる。その異様な花の中心で、通信機が宙に浮かんでいた。
AvgDialog_73792_Content_66,aqgD,avg星辰章2_AvgDialog_C_M.csv,732,AvgDialog,Content,熔毁·朵尔,能量冲击只能维持十几秒。,エネルギーの衝撃は、せいぜい十数秒しか持たないわ。
AvgDialog_73792_Content_67,aqgE,avg星辰章2_AvgDialog_C_M.csv,733,AvgDialog,Content,熔毁·朵尔,活下去，我的小狗，因为你的命，是我的。,生き延びるのよ、私の子犬。\nあなたの命は、私のものなのだから。
AvgDialog_73792_Content_68,aqgF,avg星辰章2_AvgDialog_C_M.csv,734,AvgDialog,Content,,如烟花爆炸，空中的通讯器带着电流与火花四分五裂，某种无形的能量借此扩散，冲击着克莱门汀们，冲击着这个心灵的空间。,次の瞬間、宙に浮かぶ通信機が花火のように炸裂した。目に見えないエネルギーが周囲へ一斉に広がる。その衝撃は、クレメンタインたちを打ち据え、この精神空間そのものを揺るがした。
AvgDialog_73792_Content_69,aqgG,avg星辰章2_AvgDialog_C_M.csv,735,AvgDialog,Content,,所有克莱门汀都似被按下了暂停键，静止不动，而你和小威廉趁着这短暂的机会，拼命奔逃。,すべてのクレメンタインが、一時停止ボタンを押されたかのように動きを止める。その隙に、あなたとウィリアムは全力で駆け出した。
AvgDialog_73792_Content_70,aqgI,avg星辰章2_AvgDialog_C_M.csv,736,AvgDialog,Content,克莱门汀（唤醒体）,<Shake:……>,<Shake:……>
AvgDialog_73792_Content_71,aqgJ,avg星辰章2_AvgDialog_C_M.csv,737,AvgDialog,Content,,克莱门汀们的身体渗出了鲜血。,クレメンタインたちの体から、鮮血が滲み出す。
AvgDialog_73792_Content_72,aqgK,avg星辰章2_AvgDialog_C_M.csv,738,AvgDialog,Content,克莱门汀（唤醒体）,<Shake:！！！>,<Shake:！！！>
AvgDialog_73792_Content_73,aqgL,avg星辰章2_AvgDialog_C_M.csv,739,AvgDialog,Content,,克莱门汀们的身体在崩裂，露出被隐藏的真实内里。,クレメンタインたちの皮膚が裂け、その下に隠されていた真実が露わになる。
AvgDialog_73792_Content_74,aqgM,avg星辰章2_AvgDialog_C_M.csv,740,AvgDialog,Content,克莱门汀（唤醒体）,<Shake:@4>,<Shake:@4>
AvgDialog_73792_Content_75,bqxR,avg星辰章2_AvgDialog_C_M.csv,741,AvgDialog,Content,,如一个个气球被戳破，无数的血肉迸溅开来，数不清的虫足复眼重新组合，成为畸形的怪胎。,風船が弾けるように、肉体が破裂し、血飛沫が四方へ散る。無数の虫の脚と複眼が新たに組み合わさって、異形の怪物へと変貌した。
AvgDialog_73792_Content_76,bqxS,avg星辰章2_AvgDialog_C_M.csv,742,AvgDialog,Content,克莱门汀@版,为什么@1逃跑？@3想给你@3心理咨询@3,どうして@1逃げるのですか？\n@3あなたに@3カウンセリングを@3……
AvgDialog_73792_Content_77,bqxT,avg星辰章2_AvgDialog_C_M.csv,743,AvgDialog,Content,,那是这个怪胎最初，也是最后的言语。,それが、この怪物の発した最初で最後の言葉だった。
AvgDialog_73782_Content_1,apUS,avg星辰章2_AvgDialog_C_M.csv,744,AvgDialog,Content,,你好，燃烧的世界,こんにちは、燃える世界
AvgDialog_73782_Content_2,apVd,avg星辰章2_AvgDialog_C_M.csv,745,AvgDialog,Content,少年威廉,好沉……,重い……
AvgDialog_73782_Content_3,apVo,avg星辰章2_AvgDialog_C_M.csv,746,AvgDialog,Content,,小威廉一手扶着墙，一手扶着你，艰难向前迈进。,ウィリアムは片手で壁に手をつき、もう片方の手であなたを支えながら、必死に前へと足を進める。
AvgDialog_73782_Content_4,apVz,avg星辰章2_AvgDialog_C_M.csv,747,AvgDialog,Content,少年威廉,坚持住，%player%，我们就快安全了。,頑張って、%player%。もうすぐ安全な場所に着くから。
AvgDialog_73782_Content_5,apVK,avg星辰章2_AvgDialog_C_M.csv,748,AvgDialog,Content,玩家,不用安慰我……这间疗养院里，不会有安全的地方。,慰めはいらないよ……\nこの療養所に、もう安全な場所なんてない。
AvgDialog_73782_Content_6,apVV,avg星辰章2_AvgDialog_C_M.csv,749,AvgDialog,Content,少年威廉,……,……
AvgDialog_73782_Content_7,apWg,avg星辰章2_AvgDialog_C_M.csv,750,AvgDialog,Content,,小威廉没有说话，只无声打开一扇门，和你躲了进去。,ウィリアムはそれ以上何も言わなかった。\nただ無言で扉を開け、あなたと共に中へ身を隠す。
AvgDialog_73782_Content_8,apWr,avg星辰章2_AvgDialog_C_M.csv,751,AvgDialog,Content,,他当然知道一扇木门挡不住掌控整个疗养院的克莱门汀，但除了进房间，他再没有其他更好的选择。,この木の扉一枚で、療養所全体を支配するクレメンタインを防げるはずがないことは、もちろん彼にもわかっていた。\nだが、他に選択肢はない。
AvgDialog_73782_Content_9,apWC,avg星辰章2_AvgDialog_C_M.csv,752,AvgDialog,Content,玩家,<Shake:咳咳、咳……>,<Shake:ゴホッ、ゴホッ……>
AvgDialog_73782_Content_10,apUT,avg星辰章2_AvgDialog_C_M.csv,753,AvgDialog,Content,,你忍不住咳嗽起来。通讯器爆炸的能量虽然为你和小威廉争取了时间逃生，却也对你们的精神与躯体造成了强大的冲击。,思わず咳き込む。通信機の爆発によるエネルギーは、あなたたちに逃げる時間を与えた一方で、精神と肉体にも強い衝撃を残していた。
AvgDialog_73782_Content_11,apUU,avg星辰章2_AvgDialog_C_M.csv,754,AvgDialog,Content,,而被跨越维度的联系榨取所有的你，根本无法承受。,そして次元を超えたリンクにすべてを搾り取られているあなたには、それを耐えきる余力など残っていなかった。
AvgDialog_73782_Content_12,apUV,avg星辰章2_AvgDialog_C_M.csv,755,AvgDialog,Content,少年威廉,……,……
AvgDialog_73782_Content_13,apUW,avg星辰章2_AvgDialog_C_M.csv,756,AvgDialog,Content,少年威廉,你咳出了血……还有，你的身体也……一直在渗血……,君、血を吐いてるじゃないか……\nそれに、身体もずっと血が滲んでいる……
AvgDialog_73782_Content_14,apUX,avg星辰章2_AvgDialog_C_M.csv,757,AvgDialog,Content,玩家,暂时还死不了，不用担心。,大丈夫。すぐに死ぬわけじゃないし、心配しないで。
AvgDialog_73782_Content_15,apUY,avg星辰章2_AvgDialog_C_M.csv,758,AvgDialog,Content,玩家,我认真的。我的身体……和你们不一样，没那么容易毁坏。,本当だよ。私の身体は……君たちとは違う。そう簡単には壊れない。
AvgDialog_73782_Content_16,apUZ,avg星辰章2_AvgDialog_C_M.csv,759,AvgDialog,Content,少年威廉,所以，这就是你在能量冲击时护住我的原因？知道自己死不了，尽情肆意妄为？,だから、さっきの爆発のときに僕を庇ったの？\n自分は死なないって分かっていたから、無茶をしたってわけ？
AvgDialog_73782_Content_17,apVa,avg星辰章2_AvgDialog_C_M.csv,760,AvgDialog,Content,玩家,……,……
AvgDialog_73782_Content_18,apVb,avg星辰章2_AvgDialog_C_M.csv,761,AvgDialog,Content,,你不知道该如何回答。你的脑中不断闪回着一个画面。,あなたはどう答えていいか分からなかった。\n頭の中では、あの光景が何度もフラッシュバックしている。
AvgDialog_73782_Content_19,apVc,avg星辰章2_AvgDialog_C_M.csv,762,AvgDialog,Content,玩家,我、我只是……,私は、ただ……
AvgDialog_73782_Content_20,apVe,avg星辰章2_AvgDialog_C_M.csv,763,AvgDialog,Content,,——只是不想再看着你消失在我面前。,——ただ、また君が目の前からいなくなるのを見たくなかっただけだ。
AvgDialog_73782_Content_21,apVf,avg星辰章2_AvgDialog_C_M.csv,764,AvgDialog,Content,,"但你的话没能说完。
远处，再次响起了脚步声——那是克莱门汀们在找你和小威廉的声音。",しかし、その言葉は最後まで形にならなかった。\n遠くから、再び足音が響く——\nクレメンタインたちがあなたとウィリアムを探しているのだ。
AvgDialog_73782_Content_22,apVg,avg星辰章2_AvgDialog_C_M.csv,765,AvgDialog,Content,玩家,……,……
AvgDialog_73782_Content_23,apVh,avg星辰章2_AvgDialog_C_M.csv,766,AvgDialog,Content,,你扶着墙站起来，走向门口。,あなたは壁に手をついて立ち上がり、扉の方へと向かう。
AvgDialog_73782_Content_24,apVi,avg星辰章2_AvgDialog_C_M.csv,767,AvgDialog,Content,少年威廉,你去哪儿？出去为我引开那些怪物？,どこへ行くの？\n外に出て、あの怪物たちを引きつけるつもり？
AvgDialog_73782_Content_25,apVj,avg星辰章2_AvgDialog_C_M.csv,768,AvgDialog,Content,玩家,这是最好的选择。趁这个时机，你找到出口，逃出这里。,それが最善の選択だ。\nその隙に、君は出口を見つけて、ここから逃げるんだ。
AvgDialog_73782_Content_26,apVk,avg星辰章2_AvgDialog_C_M.csv,769,AvgDialog,Content,少年威廉,可是，这里根本没有出口。,だけど、ここにはそもそも出口なんて存在しない。
AvgDialog_73782_Content_27,apVl,avg星辰章2_AvgDialog_C_M.csv,770,AvgDialog,Content,少年威廉,没有人可以逃出这里，没有人！,誰もここから逃げ出すことはできないんだ。誰一人として！
AvgDialog_73782_Content_28,apVm,avg星辰章2_AvgDialog_C_M.csv,771,AvgDialog,Content,少年威廉,而不愿意变成虫子的患者……只有、只有死亡这一种结局。,そして、虫になることを拒んだ患者たちに待つのは……死だけだ。
AvgDialog_73782_Content_29,apVn,avg星辰章2_AvgDialog_C_M.csv,772,AvgDialog,Content,,小威廉说着握紧双拳，身体都开始颤抖。,ウィリアムはそう言うと拳を握り締め、身体を震わせた。
AvgDialog_73782_Content_30,apVp,avg星辰章2_AvgDialog_C_M.csv,773,AvgDialog,Content,玩家,！！！,！！！
AvgDialog_73782_Content_31,apVq,avg星辰章2_AvgDialog_C_M.csv,774,AvgDialog,Content,,"你猛然一惊，伸手摸向了小威廉的脑后。
那里，黏糊湿热，似乎在酝酿着什么。",あなたははっとして、手を伸ばしウィリアムの後頭部に触れる。そこは粘つくように湿っており、何かが巣食っているかのようだった。
AvgDialog_73782_Content_32,apVr,avg星辰章2_AvgDialog_C_M.csv,775,AvgDialog,Content,玩家,威廉，你……,ウィリアム、君……
AvgDialog_73782_Content_33,apVs,avg星辰章2_AvgDialog_C_M.csv,776,AvgDialog,Content,少年威廉,别那么吃惊，这是很正常的事情。每个被关到病房的患者，都会被转化。,そんなに驚かないで。これが普通なんだ。\n病室に閉じ込められた患者は、皆そうやって転化させられる。
AvgDialog_73782_Content_34,apVt,avg星辰章2_AvgDialog_C_M.csv,777,AvgDialog,Content,少年威廉,他们会被那些怪物植入虫子，然后……,あの怪物たちに虫を植え付けられて、そして……
AvgDialog_73782_Content_35,apVu,avg星辰章2_AvgDialog_C_M.csv,778,AvgDialog,Content,少年威廉,然后那些虫子就会在他们的脑部流窜、繁殖……最后彻底摧毁他们的灵魂。,その虫が脳内を這い回り、繁殖し……最後には、魂そのものを完全に破壊してしまうんだ。
AvgDialog_73782_Content_36,apVv,avg星辰章2_AvgDialog_C_M.csv,779,AvgDialog,Content,,小威廉忍不住摸了下后脑勺，那里不断溢出的血液濡湿了他的手，让他觉得疼痛难忍。,ウィリアムは後頭部に手を当てた。\n滲み出る血が手を濡らし、耐えがたい痛みに顔を歪める。
AvgDialog_73782_Content_37,apVw,avg星辰章2_AvgDialog_C_M.csv,780,AvgDialog,Content,少年威廉,好疼啊，%player%，我真的好疼啊……,痛いよ、%player%。すごく、痛いんだ……
AvgDialog_73782_Content_38,apVx,avg星辰章2_AvgDialog_C_M.csv,781,AvgDialog,Content,玩家,……对不起，我应该……早点找到你的……我……,……ごめん。\nもっと早く君を見つけるべきだったのに、私は……
AvgDialog_73782_Content_39,apVy,avg星辰章2_AvgDialog_C_M.csv,782,AvgDialog,Content,,小威廉摇摇头，碰了碰你胸前的银钥匙。,ウィリアムは首を振り、あなたの胸元にあるシルバーキーにそっと触れた。
AvgDialog_73782_Content_40,apVA,avg星辰章2_AvgDialog_C_M.csv,783,AvgDialog,Content,少年威廉,就在刚才，能量冲击的时候，我想起了一些事情……在这些回忆里，你被我称为「守密人」。,さっきの爆発で、いくつか思い出したことがあるんだ……その記憶の中で、君は僕に「守秘者」と呼ばれていた。
AvgDialog_73782_Content_41,apVB,avg星辰章2_AvgDialog_C_M.csv,784,AvgDialog,Content,少年威廉,守密人%player%。,守秘者……%player%。
AvgDialog_73782_Content_42,apVC,avg星辰章2_AvgDialog_C_M.csv,785,AvgDialog,Content,玩家,你怎么会……！！！,どうして……！！！
AvgDialog_73782_Content_43,apVD,avg星辰章2_AvgDialog_C_M.csv,786,AvgDialog,Content,,另一个世界的称呼如惊雷，将你震在原地，而就在你出神的短暂片刻，小威廉跑出去，关上了房门。,もう一つの世界での呼び名は雷鳴のようにあなたを打ちつけ、あなたは呆然とその場に立ち尽くす。その一瞬の隙に、ウィリアムは部屋を飛び出し、扉を閉めてしまった。
AvgDialog_73782_Content_44,apVE,avg星辰章2_AvgDialog_C_M.csv,787,AvgDialog,Content,玩家,威廉，不要！我不需要……,ウィリアム、だめだ！君がそんなことしなくても……
AvgDialog_73782_Content_45,apVF,avg星辰章2_AvgDialog_C_M.csv,788,AvgDialog,Content,玩家,我不会那么容易死的，真的，所以回来。我不想、不想再一次失去你……,私は簡単に死んだりしない。本当だよ。だから戻ってきて。\nまた君を失うのは嫌なんだ……失いたくないんだ……
AvgDialog_73782_Content_46,apVG,avg星辰章2_AvgDialog_C_M.csv,789,AvgDialog,Content,,小威廉沉默，过了片刻，他才整理好情绪，再次开口。,しばらく沈黙した後、ウィリアムは再び口を開いた。
AvgDialog_73782_Content_47,apVH,avg星辰章2_AvgDialog_C_M.csv,790,AvgDialog,Content,少年威廉,%player%，那次观看记忆你转移了话题，是因为我的过去不幸到你无法提起？,%player%、君は僕の記憶を見た後に話を逸らしたよね。僕の過去は、口にできないほど不幸だったの？
AvgDialog_73782_Content_48,apVI,avg星辰章2_AvgDialog_C_M.csv,791,AvgDialog,Content,少年威廉,没有关系，失去记忆也很好。我不是坐以待毙的人，从来都不懂「放弃」这两个字。,いいんだ。記憶なんて無くたって別に構わない。僕はただ黙って待つような人間じゃないし、「諦める」なんて言葉は知らないんだ。
AvgDialog_73782_Content_49,apVJ,avg星辰章2_AvgDialog_C_M.csv,792,AvgDialog,Content,少年威廉,如你所说，重要的是未来，我们所求的也是未来。,君のいうとおり、大事なのは未来だ。\n僕たちが求めているのも、未来だ。
AvgDialog_73782_Content_50,apVL,avg星辰章2_AvgDialog_C_M.csv,793,AvgDialog,Content,玩家,那就回来。等我引开那些克莱门汀，我会回来找你，我们……,そうだよ、だから戻ってきて。私がクレメンタインを引きつける。\n必ず君を探しに戻るから、そしたら……
AvgDialog_73782_Content_51,apVM,avg星辰章2_AvgDialog_C_M.csv,794,AvgDialog,Content,玩家,我们一起破解这里，一起离开这里，然后去创造未来，美好的未来。,一緒にここを出て、未来を創るんだ。いい未来を。
AvgDialog_73782_Content_52,apVN,avg星辰章2_AvgDialog_C_M.csv,795,AvgDialog,Content,少年威廉,你在避重就轻，%player%。我们在克莱门汀的地盘，而且，她不会轻易放我们离开。,話を逸らさないで、%player%。\n僕たちはクレメンタインの支配する空間にいるんだ。\nそして彼女は、そう簡単に僕たちを逃がしたりしない。
AvgDialog_73782_Content_53,apVO,avg星辰章2_AvgDialog_C_M.csv,796,AvgDialog,Content,少年威廉,我们的唯一选择就是出其不意，主动出击，而这，需要吸引克莱门汀们注意力的诱饵。还有……,僕たちにできる唯一の方法は、不意を突いて先に仕掛けることだ。\nそのためには、クレメンタインの注意を引く囮が必要になる。\nそれに……
AvgDialog_73782_Content_54,apVP,avg星辰章2_AvgDialog_C_M.csv,797,AvgDialog,Content,玩家,还有？,……それに？
AvgDialog_73782_Content_55,apVQ,avg星辰章2_AvgDialog_C_M.csv,798,AvgDialog,Content,,小威廉哽咽一瞬，用手臂挡住眼睛——那些一瞥的回忆，逐渐浮现在他眼前。,ウィリアムは一瞬言葉を詰まらせ、腕で目元を覆った。\n垣間見た記憶が、ゆっくりと眼前に浮かび上がる。
AvgDialog_73782_Content_56,apVR,avg星辰章2_AvgDialog_C_M.csv,799,AvgDialog,Content,少年威廉,这个世界在燃烧，%player%，而我，在那些仅剩的记忆里，亲眼看见它燃烧的样子。,この世界は燃えているんだ、%player%。僕は、その燃え上がる姿を、わずかに残った記憶の中で確かに見た。
AvgDialog_73782_Content_57,apVS,avg星辰章2_AvgDialog_C_M.csv,800,AvgDialog,Content,少年威廉,小比尔，伦敦最脏最臭街道的清道夫，只要四分之一便士就可以让他不停歇地跑一公里，传一张信纸。,幼いビルは、ロンドンで最も汚い通りを掃除する少年だった。\n4分の1ペニーさえあれば、1キロ先まで走って手紙を届けてくれた。
AvgDialog_73782_Content_58,apVT,avg星辰章2_AvgDialog_C_M.csv,801,AvgDialog,Content,少年威廉,妮莎·史密斯，浆洗女工的孩子，才11岁，为了补贴家用，除了做叫醒工外还会捡垃圾、卖火柴，做所有可能挣钱的活计。,ネッサ・スミスは洗濯婦の娘で、まだ11歳だった。家計を助けるために、起こし屋やゴミ拾い、マッチ売りなど、あらゆる仕事をした。
AvgDialog_73782_Content_59,apVU,avg星辰章2_AvgDialog_C_M.csv,802,AvgDialog,Content,少年威廉,还有亨利，公共马车的小子，从凌晨4点工作到午夜，一次工作20小时，心愿只是圣诞节时能吃上完整的烤鹅。,それからヘンリー。公共馬車で朝4時から真夜中まで働き、クリスマスに丸焼きのガチョウを食べることを夢見ていた。
AvgDialog_73782_Content_60,apVW,avg星辰章2_AvgDialog_C_M.csv,803,AvgDialog,Content,少年威廉,还有许多我说得上名字，记得面孔的人，他们……都消失了……,他にも、名前も顔も覚えている人たちがたくさんいる。\nでも、みんな……消えてしまった……
AvgDialog_73782_Content_61,apVX,avg星辰章2_AvgDialog_C_M.csv,804,AvgDialog,Content,少年威廉,但或许这里的人还有救。之前探索疗养院时，我看到许多才刚进入这里的患者，他们渴望离开这里，渴望活下去。,だけど、ここにいる人たちはまだ救えるかもしれない。前に療養所を探索していたとき、ここに来たばかりの患者たちをたくさん見た。\n彼らはここから出たい、生き延びたいと願っていた。
AvgDialog_73782_Content_62,apVY,avg星辰章2_AvgDialog_C_M.csv,805,AvgDialog,Content,,"这个世界在燃烧
活生生的人，也只是薪柴，稍纵即逝",この世界は燃えている。生きている人間でさえ、ただの薪にすぎず、あっという間に燃え尽きてしまう。
AvgDialog_73782_Content_63,apVZ,avg星辰章2_AvgDialog_C_M.csv,806,AvgDialog,Content,少年威廉,但世界不该是这样的——,でも、世界は本来そうあるべきじゃない——
AvgDialog_73782_Content_64,apWa,avg星辰章2_AvgDialog_C_M.csv,807,AvgDialog,Content,,"那些微笑的人、愤怒的人、悲伤的人、满怀期待的人……
全部凋亡，不复存在",微笑む人、怒る人、悲しむ人も希望に満ちた人たちも……\nすべてが朽ち果て、跡形もなく消えてしまう。
AvgDialog_73782_Content_65,apWb,avg星辰章2_AvgDialog_C_M.csv,808,AvgDialog,Content,少年威廉,那些人不该这么轻易的消失，他们的存在，不该这么轻易地被抹去……,そんな人たちが、こんなにも簡単に消えてしまっていいはずがない。彼らの存在が、こんなにも簡単に消し去られていいはずがない……
AvgDialog_73782_Content_66,apWc,avg星辰章2_AvgDialog_C_M.csv,809,AvgDialog,Content,,"不必恐惧，不必犹豫
当世界燃烧时，总要有人去阻止",恐れる必要はない。ためらう必要もない。\n世界が燃えているのなら、誰かがそれを止めなければならない。
AvgDialog_73782_Content_67,apWd,avg星辰章2_AvgDialog_C_M.csv,810,AvgDialog,Content,少年威廉,所以，我想去阻止，哪怕多救活一个人也好。因为——,だから僕は、それを止めたい。\nたとえ一人でも多く救えるのなら、それでいい。なぜなら——
AvgDialog_73782_Content_68,apWe,avg星辰章2_AvgDialog_C_M.csv,811,AvgDialog,Content,少年威廉,虽然这个世界在燃烧，但它仍旧美丽，仍旧迷人，仍旧让人想要落泪、想要奋不顾身的守护，不是吗？,燃えていてもなお美しく、なお魅力に満ち、なお人の心を震わせる世界だから。すべてを投げ打ってでも守りたいと思う。そうでしょ？
AvgDialog_73782_Content_69,apWf,avg星辰章2_AvgDialog_C_M.csv,812,AvgDialog,Content,少年威廉,身为守密人的你，应该最了解这一点。,守秘者である君なら、そのことは誰よりも理解しているはずだ。
AvgDialog_73782_Content_70,apWh,avg星辰章2_AvgDialog_C_M.csv,813,AvgDialog,Content,玩家,……,……
AvgDialog_73782_Content_71,apWi,avg星辰章2_AvgDialog_C_M.csv,814,AvgDialog,Content,,你无法言语，只能闭上眼睛。,あなたは何も言えず、ただ目を閉じるしかなかった。
AvgDialog_73782_Content_72,apWj,avg星辰章2_AvgDialog_C_M.csv,815,AvgDialog,Content,,那些消逝的同窗与前辈……,消えていったクラスメイトや先輩たち……
AvgDialog_73782_Content_73,apWk,avg星辰章2_AvgDialog_C_M.csv,816,AvgDialog,Content,,那些铭刻着你的姓名与无数「不存在之人」的墓碑……,あなたの名前と、数え切れないほどの「存在しなかった者」たちの名前が刻まれた墓標……
AvgDialog_73782_Content_74,apWl,avg星辰章2_AvgDialog_C_M.csv,817,AvgDialog,Content,,那些因为融蚀而痛苦挣扎的灵魂……,融蝕に苦しみ、もがき続ける魂たち……
AvgDialog_73782_Content_75,apWm,avg星辰章2_AvgDialog_C_M.csv,818,AvgDialog,Content,,那些一同悲伤欢笑、鲜活存在过的同伴……,共に悲しみ、笑い合い、確かに生きていた仲間たち……
AvgDialog_73782_Content_76,apWn,avg星辰章2_AvgDialog_C_M.csv,819,AvgDialog,Content,,"还有……
被困在这间疗养院的又是谁？",そして……\nこの療養所に閉じ込められているのは、どんな人たちだろう？
AvgDialog_73782_Content_77,apWo,avg星辰章2_AvgDialog_C_M.csv,820,AvgDialog,Content,,有着怎样的过去，渴望成为怎样的人？,どんな過去を持ち、どんな人間になりたいと願っていたのだろう？
AvgDialog_73782_Content_78,apWp,avg星辰章2_AvgDialog_C_M.csv,821,AvgDialog,Content,,你的泪水在眼眶翻涌，带来酸涩与炙热，但你不敢眨眼。,涙がこみ上げる。目の奥が熱く、焼けつくように痛む。\nそれでもあなたは、まばたきひとつできなかった。
AvgDialog_73782_Content_79,apWq,avg星辰章2_AvgDialog_C_M.csv,822,AvgDialog,Content,玩家,可是故事的最初，我只是想找到你……,ここに来たとき、私が望んでいたのは、ただ君を見つけることだけだった……
AvgDialog_73782_Content_80,apWs,avg星辰章2_AvgDialog_C_M.csv,823,AvgDialog,Content,少年威廉,但故事已经进行到了中段，%player%。,でも、物語はもう先に進んでいるんだ、%player%。
AvgDialog_73782_Content_81,apWt,avg星辰章2_AvgDialog_C_M.csv,824,AvgDialog,Content,,你的泪终于落下，破碎。一同破碎的还有你的灵魂。,涙が零れ落ちる。\nその瞬間、あなたの魂の奥底にある何かが、涙とともに砕け散った。
AvgDialog_73782_Content_82,apWu,avg星辰章2_AvgDialog_C_M.csv,825,AvgDialog,Content,,"不必恐惧，不必犹豫
当世界燃烧时，总要有人去阻止",恐れる必要はない。ためらう必要もない。\n世界が燃えているのなら、誰かがそれを止めなければならない。
AvgDialog_73782_Content_83,apWv,avg星辰章2_AvgDialog_C_M.csv,826,AvgDialog,Content,,"因为，这世界值得
哪怕它即将燃烧，正在燃烧，未来亦或燃烧殆尽",なぜなら、世界にはそれだけの価値があるからだ。\n今まさに燃えようとしていても、すでに燃えていたとしても。
AvgDialog_73782_Content_84,apWw,avg星辰章2_AvgDialog_C_M.csv,827,AvgDialog,Content,玩家,我知道了。我们一起救出疗养院的所有人。,わかった。一緒に療養所の人たちを助け出そう。
AvgDialog_73782_Content_85,apWx,avg星辰章2_AvgDialog_C_M.csv,828,AvgDialog,Content,玩家,威廉，你去引开她们，我去找克莱门汀的房间，找到这座疗养院的核心，摧毁它。,ウィリアム、君は彼女たちを引きつけて。その間に私はクレメンタインの部屋を探す。この療養所の中枢を見つけ出して、破壊する。
AvgDialog_73782_Content_86,apWy,avg星辰章2_AvgDialog_C_M.csv,829,AvgDialog,Content,少年威廉,收到~,了解～
AvgDialog_73782_Content_87,apWz,avg星辰章2_AvgDialog_C_M.csv,830,AvgDialog,Content,少年威廉,还有……谢谢你来找我。,それと……僕を探しに来てくれてありがとう。
AvgDialog_73782_Content_88,apWA,avg星辰章2_AvgDialog_C_M.csv,831,AvgDialog,Content,,随后，传来的是脚步声，许多许多脚步声，那些脚步声在房门前经过，然后远去，最后彻底消失。,その後に聞こえてきたのは足音だった。\nたくさんの、たくさんの足音。\nその足音は部屋の前を通り過ぎ、やがて遠ざかり、最後には完全に聞こえなくなった。
AvgDialog_73782_Content_89,apWB,avg星辰章2_AvgDialog_C_M.csv,832,AvgDialog,Content,,你用手捂住了脸，狠狠地、狠狠地揉了揉自己。,あなたは両手で顔を覆い、何度も、何度も強くこすった。
AvgDialog_73782_Content_90,apWD,avg星辰章2_AvgDialog_C_M.csv,833,AvgDialog,Content,玩家,是的，故事已经到了中段，伟大的冒险者集齐了同伴，向着幕后黑手的大本营进发，摧毁毁灭世界的邪恶计划，拯救所有人。,そうだ、物語はもう中盤に差し掛かっている。\n偉大な冒険者は仲間たちを集め終え、黒幕の本拠地へと向かう。\n世界を滅ぼす邪悪な計画を打ち砕き、すべての人々を救うために。
AvgDialog_73782_Content_91,apWE,avg星辰章2_AvgDialog_C_M.csv,834,AvgDialog,Content,玩家,这是冒险故事的后半段。,ここからは冒険譚の後半だ。
AvgDialog_73782_Content_92,apWF,avg星辰章2_AvgDialog_C_M.csv,835,AvgDialog,Content,,你打开门，走向和威廉相反的方向，走向克莱门汀的房间，走向你身为守密人的责任。,あなたは扉を開いた。そしてウィリアムとは逆の方向へ歩き出す。\nクレメンタインの部屋へ。「守秘者」としての責務を果たすために。
AvgDialog_73782_Content_93,apWG,avg星辰章2_AvgDialog_C_M.csv,836,AvgDialog,Content,,这个世界或许终将燃烧殆尽，但不是现在，不是今天。,この世界はいずれ燃え尽きるのかもしれない。\nだが、それは今ではない。今日でもない。
AvgDialog_73776_Content_1,apNR,avg星辰章2_AvgDialog_C_M.csv,837,AvgDialog,Content,,孤独的勇者,孤独な勇者
AvgDialog_73776_Content_2,apOc,avg星辰章2_AvgDialog_C_M.csv,838,AvgDialog,Content,,砰……,ドォン——
AvgDialog_73776_Content_3,apOn,avg星辰章2_AvgDialog_C_M.csv,839,AvgDialog,Content,,又一声爆炸，足以吸引疗养院的所有生物，为你前往克莱门汀的房间铺平道路。,再び爆発音が響く。その轟音は療養所にいるあらゆる存在の注意を引きつけ、あなたがクレメンタインの部屋へと向かう道を切り開いた。
AvgDialog_73776_Content_4,apOy,avg星辰章2_AvgDialog_C_M.csv,840,AvgDialog,Content,玩家,威廉……我不会辜负你的牺牲。,ウィリアム……君の覚悟は、決して無駄にしない。
AvgDialog_73776_Content_5,apOE,avg星辰章2_AvgDialog_C_M.csv,841,AvgDialog,Content,玩家,我一定会找到疗养院的核心，摧毁它。,必ず療養所の中枢を見つけ出し、破壊してみせる。
AvgDialog_73776_Content_6,apOF,avg星辰章2_AvgDialog_C_M.csv,842,AvgDialog,Content,,终于，你走到那扇门前——深呼一口气，你做好了面对疗养院幕后掌控者的准备。,そしてついに、あなたはその扉の前へとたどり着いた。\n深く息を吸い、療養所を支配する黒幕と対峙する覚悟を決める。
AvgDialog_73776_Content_7,apOG,avg星辰章2_AvgDialog_C_M.csv,843,AvgDialog,Content,,推开克莱门汀的房门,あなたはクレメンタインの部屋の扉を押し開いた。
AvgDialog_73776_Content_8,apOH,avg星辰章2_AvgDialog_C_M.csv,844,AvgDialog,Content,,熟悉的心理咨询用沙发，办公桌，具有怪异美感的昆虫干制标本，以及带着微笑的克莱门汀。,その部屋の中に広がっていたのは、もはや見慣れた光景だった。\n心理カウンセリング用のソファ。\n執務机。\n奇妙な美しさを湛えた昆虫標本。\nそして——微笑みを浮かべるクレメンタイン。
AvgDialog_73776_Content_9,apOI,avg星辰章2_AvgDialog_C_M.csv,845,AvgDialog,Content,克莱门汀（唤醒体）,欢迎来到我的咨询室，%player%，我等你很久了。,ようこそ、私の診療室へ。\n%player%、あなたを待っていました。
AvgDialog_73776_Content_10,apNS,avg星辰章2_AvgDialog_C_M.csv,846,AvgDialog,Content,克莱门汀（唤醒体）,请坐——,どうぞ、お掛けください——
AvgDialog_73776_Content_11,apNT,avg星辰章2_AvgDialog_C_M.csv,847,AvgDialog,Content,,一个椅子凭空出现在你身后，载着你滑到克莱门汀的对面。,椅子が何もないところから突然現れ、あなたを乗せたままクレメンタインの正面へと滑っていく。
AvgDialog_73776_Content_12,apNU,avg星辰章2_AvgDialog_C_M.csv,848,AvgDialog,Content,,你趁机快速扫视四周——沙发、办公桌、昆虫干制标本。,あなたはその隙に素早く周囲を見渡した。\nソファに執務机、そして昆虫標本。
AvgDialog_73776_Content_13,apNV,avg星辰章2_AvgDialog_C_M.csv,849,AvgDialog,Content,玩家,沙发、办公桌，都太常见了，不太可能。心灵空间的核心必然会更特殊一点。那就只剩下……,ソファと机はありふれたものだ。可能性は低い。\n精神世界の中枢である以上、もっと特別なものであるはず……
AvgDialog_73776_Content_14,apNW,avg星辰章2_AvgDialog_C_M.csv,850,AvgDialog,Content,克莱门汀（唤醒体）,你的余光在偷瞄什么？嗯，昆虫标本。难道说，你也对昆虫感兴趣？,視界の端で何を探しているのですか？ああ、昆虫標本ですね。\nもしかして、あなたも昆虫に興味があるんですか？
AvgDialog_73776_Content_15,apNX,avg星辰章2_AvgDialog_C_M.csv,851,AvgDialog,Content,玩家,……,……
AvgDialog_73776_Content_16,apNY,avg星辰章2_AvgDialog_C_M.csv,852,AvgDialog,Content,克莱门汀（唤醒体）,不想回答也没关系。我说过，我是个充满博爱精神的心理医生，能够包容患者的小缺点。,答えたくないのなら、それでも構いません。私は精神科医ですから、患者のささいな欠点くらい受け入れられます。
AvgDialog_73776_Content_17,apNZ,avg星辰章2_AvgDialog_C_M.csv,853,AvgDialog,Content,克莱门汀（唤醒体）,当然，也不介意给患者一些贴心的提示，比如，你想找的东西并不在那些标本里。,もちろん、ちょっとしたヒントを差し上げることもできますよ。\nあなたの探しているものは、その標本の中にはありません。
AvgDialog_73776_Content_18,apOa,avg星辰章2_AvgDialog_C_M.csv,854,AvgDialog,Content,,你将目光从昆虫标本上移开，正视克莱门汀。,あなたは昆虫標本から視線を外し、クレメンタインをまっすぐ見据えた。
AvgDialog_73776_Content_19,apOb,avg星辰章2_AvgDialog_C_M.csv,855,AvgDialog,Content,玩家,克莱门汀，你建造这间疗养院的目的是什么？那个需要许多祭品的重要实验，又是什么？,クレメンタイン、君がこの療養所を建てた理由は何？\nそれに、多くの生贄を必要とする重要な実験とは、いったい何なの？
AvgDialog_73776_Content_20,apOd,avg星辰章2_AvgDialog_C_M.csv,856,AvgDialog,Content,玩家,这里，死了那么多人，造成了那么多的惨剧，你却说这里不是屠宰场，而是心灵的疗养院。那么它疗养的对象究竟是谁？,大勢の人がここで死に、数え切れないほどの悲劇が生まれた。\nそれなのに君は、ここを屠殺場ではなく精神療養施設だと言う。\nなら、君はいったい誰の心を癒しているの？
AvgDialog_73776_Content_21,apOe,avg星辰章2_AvgDialog_C_M.csv,857,AvgDialog,Content,克莱门汀（唤醒体）,这个问题很重要吗？我还以为直面过那伟大存在的你，不会关注这些小问题呢。,そんなことが重要なんですか？偉大なる存在と直接向き合ったあなたなら、そんな些細なことは気にしないと思っていました。
AvgDialog_73776_Content_22,apOf,avg星辰章2_AvgDialog_C_M.csv,858,AvgDialog,Content,玩家,这不是什么小问题。只要涉及到人命，就从来都不会是小问题！,些細なことだって？\n人の命が関わっている以上、些細な問題なんかじゃない！
AvgDialog_73776_Content_23,apOg,avg星辰章2_AvgDialog_C_M.csv,859,AvgDialog,Content,玩家,很显然，在这里获得救赎的不是患者，因为他们只是祭品。而排除掉错误的答案，剩下的就是正解。,ここで救いを得ているのが患者たちでないことは明らかだ。彼らはただの生贄にすぎない。誤った答えを除けば、残るのはただ一つ。
AvgDialog_73776_Content_24,apOh,avg星辰章2_AvgDialog_C_M.csv,860,AvgDialog,Content,玩家,这间疗养院真正疗愈的，是你，克莱门汀，这间疗养院的主人。,この療養所が癒しているのは——君だ、クレメンタイン。\nこの療養所の主である君自身なんだ。
AvgDialog_73776_Content_25,apOi,avg星辰章2_AvgDialog_C_M.csv,861,AvgDialog,Content,玩家,告诉我，什么样的心理创伤需要用这么多的人命去填补？,教えて。これほど多くの命を代償にしなければ埋められない心の傷とは、いったい何なの？
AvgDialog_73776_Content_26,apOj,avg星辰章2_AvgDialog_C_M.csv,862,AvgDialog,Content,,克莱门汀露出疑惑的表情。她不明白也不理解你的愤怒从何而来，但很快，她就笑起来。,クレメンタインは不思議そうな表情を浮かべた。\n彼女には、あなたの怒りがどこから来るのか理解できなかった。\nだがすぐに、彼女は笑みをこぼした。
AvgDialog_73776_Content_27,apOk,avg星辰章2_AvgDialog_C_M.csv,863,AvgDialog,Content,克莱门汀（唤醒体）,如果这是你的请求，那么我同意了。直面过那伟大存在的你，有资格成为我的同类。,それがあなたの望みだというなら、受け入れましょう。あの偉大なる存在と直接向き合ったあなたには、私の同族となる資格があります。
AvgDialog_73776_Content_28,apOl,avg星辰章2_AvgDialog_C_M.csv,864,AvgDialog,Content,玩家,你在说什么……,何を言って……
AvgDialog_73776_Content_29,apOm,avg星辰章2_AvgDialog_C_M.csv,865,AvgDialog,Content,克莱门汀（唤醒体）,只是，我们需要先来进行一个小测试。,ただ、その前に簡単なテストを受けてもらいます。
AvgDialog_73776_Content_30,apOo,avg星辰章2_AvgDialog_C_M.csv,866,AvgDialog,Content,克莱门汀（唤醒体）,别担心，真的只是一个小测试而已，目的只是为了测评一下你的自我认知和人性存留。,心配はいりません。本当にちょっとしたテストですから。あなたの自己認識と、人間性がどれほど残っているか確かめるためのものです。
AvgDialog_73776_Content_31,apOp,avg星辰章2_AvgDialog_C_M.csv,867,AvgDialog,Content,,随着克莱门汀的话语，一个熟悉却无法再次相见的身影缓缓出现在你面前。,クレメンタインの言葉とともに、見覚えのある——しかしもう二度と会えないはずの——人影が静かにあなたの前に現れた。
AvgDialog_73776_Content_32,apOq,avg星辰章2_AvgDialog_C_M.csv,868,AvgDialog,Content,玩家,拉蒙娜！！！,ラモンナ！！！
AvgDialog_73776_Content_33,apOr,avg星辰章2_AvgDialog_C_M.csv,869,AvgDialog,Content,克莱门汀（唤醒体）,你的记忆里都是这个女孩的身影，所以我想，你应该很想见见她——,あなたの記憶には、この人の姿がたくさん残っていました。\nきっと会いたかったのでしょう？
AvgDialog_73776_Content_34,apOs,avg星辰章2_AvgDialog_C_M.csv,870,AvgDialog,Content,克莱门汀（唤醒体）,不用谢我，请尽情享受这重聚时刻。,お礼はいりません。\nこの再会のひとときを、どうぞ存分に楽しんでください。
AvgDialog_80448_Content_1,bqHO,avg星辰章2_AvgDialog_C_M.csv,871,AvgDialog,Content,玩家,这不是拉蒙娜。拉蒙娜不会……,これはラモンナじゃない。ラモンナは……
AvgDialog_80448_Content_2,bqHP,avg星辰章2_AvgDialog_C_M.csv,872,AvgDialog,Content,玩家,拉蒙娜绝对不会伤害我。,彼女は私を傷つけるような人じゃない。
AvgDialog_80448_Content_3,bqHQ,avg星辰章2_AvgDialog_C_M.csv,873,AvgDialog,Content,克莱门汀（唤醒体）,当然不是。这只是我刚才翻阅你的记忆后幻化出来的投影。,ええ、もちろん違いますよ。\nこれは先ほどあなたの記憶を覗き見て作り出した幻影に過ぎません。
AvgDialog_80448_Content_4,bqHR,avg星辰章2_AvgDialog_C_M.csv,874,AvgDialog,Content,克莱门汀（唤醒体）,她的本质，我已经告诉你了，接下来，就看你如何选择——,その本質については、すでにお話ししました。\nあとはあなたがどう選ぶかです——
AvgDialog_80448_Content_5,bqHS,avg星辰章2_AvgDialog_C_M.csv,875,AvgDialog,Content,克莱门汀（唤醒体）,理性，还是感性，%player%，告诉我你的答案。,理性か、それとも感情か。%player%、あなたの答えを聞かせてください。
AvgDialog_73775_Content_1,apMT,avg星辰章2_AvgDialog_C_M.csv,876,AvgDialog,Content,玩家,……拉蒙娜。,……ラモンナ。
AvgDialog_73775_Content_2,apNe,avg星辰章2_AvgDialog_C_M.csv,877,AvgDialog,Content,,最终，你的攻击无形化解，只是深深地给了「拉蒙娜」一个拥抱。,結局あなたは彼女に攻撃を向けることができなかった。振るおうとした力は音もなく霧散し、あなたはただ彼女を強く抱きしめた。
AvgDialog_73775_Content_3,apNp,avg星辰章2_AvgDialog_C_M.csv,878,AvgDialog,Content,,天花板和地板凭空出现类似虫足的尖刺，穿透你的臂膀、双腿，你却仍是紧紧拥抱着那道无法再见的身影。,天井や床から、虫の脚にも似た鋭い棘が突如として現れ、あなたの腕や脚を貫く。それでもあなたは、二度と会えないはずのその面影を、決して離すまいと強く抱きしめていた。
AvgDialog_73775_Content_4,apNA,avg星辰章2_AvgDialog_C_M.csv,879,AvgDialog,Content,玩家,我会回去的，一定会想尽办法回去的。等着我……,必ず戻るよ。必ず帰る方法を見つけて、君の元へ戻る。\nだからそれまで待っていて……
AvgDialog_73775_Content_5,apNL,avg星辰章2_AvgDialog_C_M.csv,880,AvgDialog,Content,,幻影沉默着虚化、最终消失——克莱门汀收回了投影。,幻影は何も答えない。その輪郭は次第に薄れていき、やがて完全に消えてしまった——クレメンタインが投影を引っ込めたのだ。
AvgDialog_73775_Content_6,apNN,avg星辰章2_AvgDialog_C_M.csv,881,AvgDialog,Content,克莱门汀（唤醒体）,感性么……很有趣的选择。只是这个选择——值得吗？,感情を選びましたか……興味深い選択ですね。\nですが、その選択に価値はあったのでしょうか？
AvgDialog_73775_Content_7,apNO,avg星辰章2_AvgDialog_C_M.csv,882,AvgDialog,Content,克莱门汀（唤醒体）,直面过祂的你有更好的选择——成为我的同族，成为属于宇宙的伟大存在。,あの方と対峙したあなたには、もっと良い選択があります——私の同族となり、宇宙の偉大なる存在となることです。
AvgDialog_73775_Content_8,apNP,avg星辰章2_AvgDialog_C_M.csv,883,AvgDialog,Content,克莱门汀（唤醒体）,我见过许多人类，但从没有一个人，能让我产生这样的渴望——,私はこれまで多くの人間を見てきました。ですが、これほどまでに渇望を抱かせた人間は、あなたが初めてです——
AvgDialog_73775_Content_9,apNQ,avg星辰章2_AvgDialog_C_M.csv,884,AvgDialog,Content,克莱门汀（唤醒体）,你注定成为我的同族，你必须成为我的同族。,あなたは私の同族となる運命にある。\nいえ、同族にならなければならないのです。
AvgDialog_73775_Content_10,apMU,avg星辰章2_AvgDialog_C_M.csv,885,AvgDialog,Content,玩家,同族？抱歉，我还不想改变自己的种族。,同族？悪いけど、自分の種族を変えるつもりはないよ。
AvgDialog_73775_Content_11,apMV,avg星辰章2_AvgDialog_C_M.csv,886,AvgDialog,Content,玩家,就像刚才的测试结果，我保留着人性，且自认为是人类。,さっきのテスト結果が示しているよね？\n私はまだ人間性を失っていないし、自分は人間だと思っている。
AvgDialog_73775_Content_12,apMW,avg星辰章2_AvgDialog_C_M.csv,887,AvgDialog,Content,克莱门汀（唤醒体）,……这样啊，真是可惜。我本来不想做到这个地步的。,……そうですか、残念です。\n本当は、ここまでするつもりはなかったんですが。
AvgDialog_73775_Content_13,apMX,avg星辰章2_AvgDialog_C_M.csv,888,AvgDialog,Content,克莱门汀（唤醒体）,但为了向你展示人类的脆弱性，为了帮助你脱离人类这种低级的生命状态，我不得不替你治疗——,ですが、人間という存在がいかに脆弱であるかをあなたに示すため、そして、あなたを人間という低次の生命形態から解放するために。\n私はあなたを治療しなければなりません——
AvgDialog_73775_Content_14,apMY,avg星辰章2_AvgDialog_C_M.csv,889,AvgDialog,Content,,"头痛让你听不清克莱门汀的声音，只能看到嘴唇的张合。
她说的似乎并不是人言，而是呓语，无数人临死前的呓语。",激しい頭痛に襲われ、クレメンタインの声が遠のいていく。\n唇が動いているのは見える。だが、その言葉はもう聞き取れない。\n聞こえてくるのは、人の言葉ではなかった。\nそれは、無数の人間が死の間際に漏らしたうわ言だった。
AvgDialog_73775_Content_15,apMZ,avg星辰章2_AvgDialog_C_M.csv,890,AvgDialog,Content,,<Red:救命……>,<Red:助けて……>
AvgDialog_73775_Content_16,apNa,avg星辰章2_AvgDialog_C_M.csv,891,AvgDialog,Content,,<Red:杀了我！>,<Red:殺して！>
AvgDialog_73775_Content_17,apNb,avg星辰章2_AvgDialog_C_M.csv,892,AvgDialog,Content,克莱门汀（唤醒体）,瞧，人类的内心是多么软弱，一点点催眠和暗示，就能带来无法逆转的影响。,見えますか？人間の心はなんと脆弱なのでしょう。ほんの少し催眠と暗示をかけただけで、取り返しのつかない傷を負ってしまう。
AvgDialog_73775_Content_18,apNc,avg星辰章2_AvgDialog_C_M.csv,893,AvgDialog,Content,,<Red:来陪我，快来陪我吧……>,<Red:こっちに来て、一緒に来て……>
AvgDialog_73775_Content_19,apNd,avg星辰章2_AvgDialog_C_M.csv,894,AvgDialog,Content,,<Red:让我们……共入天堂。>,<Red:一緒に……天国へ行こう……>
AvgDialog_73775_Content_20,apNf,avg星辰章2_AvgDialog_C_M.csv,895,AvgDialog,Content,克莱门汀（唤醒体）,感受到了吗？%player%。那都是你灵魂深处的声音，是你这具身体真正的本能和意愿。,感じますか、%player%？\nそれらはすべてあなたの魂の奥底から響く声です。\nあなたの肉体が持つ本能であり、意志なのです。
AvgDialog_73775_Content_21,apNg,avg星辰章2_AvgDialog_C_M.csv,896,AvgDialog,Content,,<RedShake:杀了我！杀了我！杀了我！杀了我！杀了我！杀了我！>,<RedShake:殺して！殺して！殺して！殺して！殺して！殺して！>
AvgDialog_73775_Content_22,apNh,avg星辰章2_AvgDialog_C_M.csv,897,AvgDialog,Content,,<RedBig:杀了「我」>,<RedBig:私を殺して>
AvgDialog_73775_Content_23,apNi,avg星辰章2_AvgDialog_C_M.csv,898,AvgDialog,Content,,不知什么时候，克莱门汀来到你的面前，向你递出一柄尖刀。你不受控制地接过它，放到自己的心口。,いつの間にかクレメンタインが目の前に現れ、一本の鋭いナイフを差し出していた。あなたは抗うこともできず、それを受け取り、自らの胸元へと当てる。
AvgDialog_73775_Content_24,apNj,avg星辰章2_AvgDialog_C_M.csv,899,AvgDialog,Content,克莱门汀（唤醒体）,来，行动吧。这之后，你将会获得真正的解脱与新生。,さあ、行動してください。\nその先にこそ、真の解放と新たな生が待っています。
AvgDialog_73775_Content_25,apNk,avg星辰章2_AvgDialog_C_M.csv,900,AvgDialog,Content,玩家,休……想……,や……めて……
AvgDialog_73775_Content_26,apNl,avg星辰章2_AvgDialog_C_M.csv,901,AvgDialog,Content,,你用尽最后力气，将那柄尖刀插向克莱门汀——但预想中的情况并没有发生。,あなたは最後の力を振り絞り、そのナイフをクレメンタインへと突き立てる——しかし、予想していたような結果は起こらなかった。
AvgDialog_73775_Content_27,apNm,avg星辰章2_AvgDialog_C_M.csv,902,AvgDialog,Content,克莱门汀（唤醒体）,……,……
AvgDialog_73775_Content_28,apNn,avg星辰章2_AvgDialog_C_M.csv,903,AvgDialog,Content,克莱门汀（唤醒体）,哈哈哈，你为什么总是能给我这么多的惊喜？%player%，这简直、简直让我……,ふふふ。あなたはどうしてこうも私を驚かせてくれるのでしょう、%player%？もう、本当に……
AvgDialog_73775_Content_29,apNo,avg星辰章2_AvgDialog_C_M.csv,904,AvgDialog,Content,克莱门汀（唤醒体）,兴奋得无以复加。,興奮が止まりません。
AvgDialog_73775_Content_30,apNq,avg星辰章2_AvgDialog_C_M.csv,905,AvgDialog,Content,,克莱门汀笑着，而你终于看清了：你手中的尖刀，变成了一只虫蛹标本。,クレメンタインが笑う。そしてあなたはようやく気づいた——手にしていた鋭いナイフは、いつの間にか蛹の標本へと変わっていた。
AvgDialog_73775_Content_31,apNr,avg星辰章2_AvgDialog_C_M.csv,906,AvgDialog,Content,克莱门汀（唤醒体）,多么天真可爱的孩子，竟然认为眼中所见的一切都是真实的。,なんて無邪気で可愛らしいのでしょう。\n目に映るものすべてが真実だと信じているだなんて。
AvgDialog_73775_Content_32,apNs,avg星辰章2_AvgDialog_C_M.csv,907,AvgDialog,Content,克莱门汀（唤醒体）,这里，是心灵的空间，我的心灵空间。这里，只贯彻着我的意愿，只展示着我想要展露的真实。,ここは私の精神空間なんですよ。ここに存在するのは私の意思だけ。私が見せたい現実だけが形を成すのです。
AvgDialog_73775_Content_33,apNt,avg星辰章2_AvgDialog_C_M.csv,908,AvgDialog,Content,玩家,……,……
AvgDialog_73775_Content_34,apNu,avg星辰章2_AvgDialog_C_M.csv,909,AvgDialog,Content,克莱门汀（唤醒体）,沉默是因为心理崩溃了吗？没关系，%player%，我们可以尝试崩溃疗法。,黙っているのは、精神が崩壊してしまったからでしょうか？\n大丈夫ですよ、%player%。次は崩壊療法を試してみましょう。
AvgDialog_73775_Content_35,apNv,avg星辰章2_AvgDialog_C_M.csv,910,AvgDialog,Content,克莱门汀（唤醒体）,那是真正的折磨，能够让所有患者老老实实将他们的痛苦从灵魂里榨取出来。,真の苦痛を伴う治療法です。あらゆる患者から、魂の奥底に沈んだ苦しみを余すことなく絞り出してくれます。
AvgDialog_73775_Content_36,apNw,avg星辰章2_AvgDialog_C_M.csv,911,AvgDialog,Content,克莱门汀（唤醒体）,这样的治疗方法，我还有很多、很多，多到足以击溃你身为人类的认知和理智，逐渐转化成真正的虫子。,そういった治療法なら、まだまだたくさんありますよ。\nあなたが人間としての認識と理性を完全に失い、やがて本当の虫へと変わっていくのに十分なほどに。
AvgDialog_73775_Content_37,apNx,avg星辰章2_AvgDialog_C_M.csv,912,AvgDialog,Content,克莱门汀（唤醒体）,你将忘记身为人类的一切，甚至忘记「人类」这个词汇的意义。,あなたは、人間であった頃のことをすべて忘れるでしょう。\n「人間」という言葉の意味さえも。
AvgDialog_73775_Content_38,apNy,avg星辰章2_AvgDialog_C_M.csv,913,AvgDialog,Content,克莱门汀（唤醒体）,等到那时，我会给你痊愈的证明，带领你以@2虫族的身份，获得新生。,その時が来たら、私が完治したことを証明してあげましょう。\n@2虫族の一員として、新たな生を授かるのです。
AvgDialog_73775_Content_39,apNz,avg星辰章2_AvgDialog_C_M.csv,914,AvgDialog,Content,玩家,恐怕你等不到那个时候了。,残念だけど、その時まで待てそうにないね。
AvgDialog_73775_Content_40,apNB,avg星辰章2_AvgDialog_C_M.csv,915,AvgDialog,Content,玩家,低头，看看胸口。,下を向いて、自分の胸元を見てみたら？
AvgDialog_73775_Content_41,apNC,avg星辰章2_AvgDialog_C_M.csv,916,AvgDialog,Content,,克莱门汀闻言低下头，见到一个充满棱角的东西抵在她的胸膛。,クレメンタインはその言葉を聞いて視線を落とした。そして、角張った何かが自分の胸に押しつけられているのに気づいた。
AvgDialog_73775_Content_42,apND,avg星辰章2_AvgDialog_C_M.csv,917,AvgDialog,Content,克莱门汀（唤醒体）,银钥匙？,シルバーキー？
AvgDialog_73775_Content_43,apNE,avg星辰章2_AvgDialog_C_M.csv,918,AvgDialog,Content,玩家,是的，银钥匙。在观察和推理后，我认为，你才是这间疗养院的核心。,そう、シルバーキーだ。\n観察と推理を重ねた結果、君こそがこの療養所の中枢だと判断した。
AvgDialog_73775_Content_44,apNF,avg星辰章2_AvgDialog_C_M.csv,919,AvgDialog,Content,克莱门汀（唤醒体）,你想强行链接我？作为守密人，你应该明白其中的危险性……,私と強制的にリンクするつもりですか？守秘者であるあなたなら、それがどれほど危険なことかわかっているはず……
AvgDialog_73775_Content_45,apNG,avg星辰章2_AvgDialog_C_M.csv,920,AvgDialog,Content,玩家,我明白。,わかってるよ。
AvgDialog_73775_Content_46,apNH,avg星辰章2_AvgDialog_C_M.csv,921,AvgDialog,Content,,说着，你忍不住笑起来。如果在那个世界，朵尔教授肯定会斥责你胡乱操作，拉蒙娜也会劝说你，和你共同寻找更好的选择。,そう言いながら、あなたは自嘲気味に笑った。もしあの世界だったなら、ドール教授はきっと無茶な行動だとあなたを叱責しただろう。\nラモンナも、もっと良い方法を一緒に探そうと説得したに違いない。
AvgDialog_73775_Content_47,apNI,avg星辰章2_AvgDialog_C_M.csv,922,AvgDialog,Content,玩家,但这里，只有我一个人。,でも、ここには私しかいない。
AvgDialog_73775_Content_48,apNJ,avg星辰章2_AvgDialog_C_M.csv,923,AvgDialog,Content,玩家,威廉……我没有食言，我会拯救这间疗养院的所有人。,ウィリアム……約束は守るよ。\n私は、この療養所にいるすべての人を救う。
AvgDialog_73775_Content_49,apNK,avg星辰章2_AvgDialog_C_M.csv,924,AvgDialog,Content,,银钥的震动里，剧烈的白光从克莱门汀的白银之心上爆发开来，溢满整个房间——,シルバーキーが激しく震える。次の瞬間、クレメンタインの白銀の心臓から眩い白光が迸り、部屋全体を飲み込んだ——
AvgDialog_73775_Content_50,apNM,avg星辰章2_AvgDialog_C_M.csv,925,AvgDialog,Content,,随后，银钥匙掉落，你和克莱门汀双双倒地。,光が収まり、シルバーキーが床へと落ちる。\nあなたとクレメンタインは揃ってその場に倒れ込んだ。
AvgDialog_73775_Content_51,bqwr,avg星辰章2_AvgDialog_C_M.csv,926,AvgDialog,Content,克莱门汀（唤醒体）,想通过强行链接我而破解疗养院？真是疯狂的想法，但是，我喜欢。,私と強制的にリンクすることで療養所を突破しようだなんて……正気の沙汰ではありませんね。ですが、嫌いではありません。
AvgDialog_73775_Content_52,bqws,avg星辰章2_AvgDialog_C_M.csv,927,AvgDialog,Content,克莱门汀（唤醒体）,可惜这里是我的心灵空间，%player%，看来你注定要成为我的同族了。,残念ですが、ここは私の精神空間です。%player%。あなたは結局、私の同族になる運命からは逃れられません。
AvgDialog_73775_Content_53,bqwt,avg星辰章2_AvgDialog_C_M.csv,928,AvgDialog,Content,克莱门汀（唤醒体）,"接下来，是我为你特殊定制的深度治疗时刻。
当然，为了确保疗效，我隐藏了你的小道具。",ここからは、あなたのために特別に用意した深層治療の時間です。\n確実に効果を得られるよう、あなたの小道具は隠しておきました。
AvgDialog_73775_Content_54,bqwu,avg星辰章2_AvgDialog_C_M.csv,929,AvgDialog,Content,克莱门汀（唤醒体）,尽情向我展示你的痛苦，你的挣扎，即将蜕变的小虫子——,さあ、存分に見せてください。\nあなたの苦痛を、あなたの足掻きを。\nまもなく羽化を迎える、小さな虫さん——
AvgDialog_73789_Content_1,aqdL,avg星辰章2_AvgDialog_C_M.csv,930,AvgDialog,Content,,认知重构实验,認知再構築実験
AvgDialog_73789_Content_2,aqdW,avg星辰章2_AvgDialog_C_M.csv,931,AvgDialog,Content,伯克利,嘿，醒醒！,おい、起きろ！
AvgDialog_73789_Content_3,aqeh,avg星辰章2_AvgDialog_C_M.csv,932,AvgDialog,Content,,黑暗中，似乎有人在不停呼唤你，拍打你，迫使你睁开了眼睛。,暗闇の中で、誰かが絶えずあなたを呼び、揺さぶり、無理やり目覚めさせようとしている。そしてあなたは、ゆっくりと目を開けた。
AvgDialog_73789_Content_4,aqes,avg星辰章2_AvgDialog_C_M.csv,933,AvgDialog,Content,伯克利,你终于醒了。,ようやく起きたか。
AvgDialog_73789_Content_5,aqeD,avg星辰章2_AvgDialog_C_M.csv,934,AvgDialog,Content,,一张非人而亵渎的脸出现在你眼前，令你本能摸向了胸前。,目の前に現れたのは、人ならざる冒涜的な顔だった。\nあなたはとっさに胸元へと手を伸ばす。
AvgDialog_73789_Content_6,aqeO,avg星辰章2_AvgDialog_C_M.csv,935,AvgDialog,Content,玩家,！！！,！！！
AvgDialog_73789_Content_7,aqeZ,avg星辰章2_AvgDialog_C_M.csv,936,AvgDialog,Content,玩家,银钥匙、不见了！？,シルバーキーが、ない！？
AvgDialog_73789_Content_8,aqfk,avg星辰章2_AvgDialog_C_M.csv,937,AvgDialog,Content,伯克利,钥匙不见了？没事，就算你把自己反锁在房间里，咱也有办法把你救出来。,鍵がなくなったのか？心配するな。たとえ自分で部屋に鍵をかけて閉じこもったとしても、俺にはお前を外に出す方法がある。
AvgDialog_73789_Content_9,aqfs,avg星辰章2_AvgDialog_C_M.csv,938,AvgDialog,Content,伯克利,唔！你疯了，干什么！,ぐっ！おい、何をするんだ！？気でも狂ったか！
AvgDialog_73789_Content_10,aqdM,avg星辰章2_AvgDialog_C_M.csv,939,AvgDialog,Content,,你将那非人的怪物抵在墙边，用胳膊压迫他的脖颈。,あなたはその異形の怪物を壁際へ押しつけ、腕で首を締め上げる。
AvgDialog_73789_Content_11,aqdN,avg星辰章2_AvgDialog_C_M.csv,940,AvgDialog,Content,玩家,闭嘴。我问，你答。,黙って。質問するのは私だ。お前はただ答えればいい。
AvgDialog_73789_Content_12,aqdO,avg星辰章2_AvgDialog_C_M.csv,941,AvgDialog,Content,克莱门汀（唤醒体）,%player%，想知道什么，你可以直接来问我，我很乐意替你解答。,%player%。知りたいことがあるなら、直接私に聞いてください。喜んでお答えしますよ。
AvgDialog_73789_Content_13,aqdP,avg星辰章2_AvgDialog_C_M.csv,942,AvgDialog,Content,,直到这时，你才发现这里还有第三人。,そのとき初めて、あなたはこの場にもう一人いることに気づいた。
AvgDialog_73789_Content_14,aqdQ,avg星辰章2_AvgDialog_C_M.csv,943,AvgDialog,Content,玩家,克莱门汀……我失败了？还在疗养院里？！,クレメンタイン……まさか、失敗したの？\nここはまだ療養所の中ってこと！？
AvgDialog_73789_Content_15,aqdR,avg星辰章2_AvgDialog_C_M.csv,944,AvgDialog,Content,克莱门汀（唤醒体）,确切地说，<Yellow:你是在我的心灵房间>。疗养院只是外壳，它才是主体。,正確には、<Yellow:あなたは私の心の部屋の中にいます>。\n療養所はただの外殻にすぎません。こちらが本体なんです。
AvgDialog_73789_Content_16,aqdS,avg星辰章2_AvgDialog_C_M.csv,945,AvgDialog,Content,玩家,……为什么告诉我这些？,……どうして私にそれを教えたの？
AvgDialog_73789_Content_17,aqdT,avg星辰章2_AvgDialog_C_M.csv,946,AvgDialog,Content,克莱门汀（唤醒体）,为什么不呢？你已经遗失了银钥匙，又被困在我掌控的空间，还能对我做什么？,教えない理由があるでしょうか？あなたはすでにシルバーキーを失い、私が支配する空間に閉じ込められています。\nそんな状態で、あなたに一体何ができるというのですか？
AvgDialog_73789_Content_18,aqdU,avg星辰章2_AvgDialog_C_M.csv,947,AvgDialog,Content,克莱门汀（唤醒体）,或许顺从我的安排，成为我的同族，是你最明智的选择。,むしろ私の治療を受け、私の同族となることが、あなたにとって最も賢明な選択ではありませんか？
AvgDialog_73789_Content_19,aqdV,avg星辰章2_AvgDialog_C_M.csv,948,AvgDialog,Content,,你没有废话，起身冲向克莱门汀，意图攻击。刹那间，空气变得凝滞，让你的拳头停在克莱门汀的面前，无法再进一步。,あなたは返事をする代わりに、クレメンタインに飛びかかった。だが攻撃を仕掛けようとしたその瞬間、空気が粘りつくように重くなる。\nあなたの拳は彼女の目の前で止まり、それ以上進むことができない。
AvgDialog_73789_Content_20,aqdX,avg星辰章2_AvgDialog_C_M.csv,949,AvgDialog,Content,,克莱门汀微笑，她只是这样静静微笑着凝视你，而你，在看不见的无形挤压下放下双手。,クレメンタインは微笑んだ。\nただ静かに微笑みながら、あなたを見つめている。そしてあなたは、見えない圧力に押さ戻されるように、ゆっくりと両腕を下ろした。
AvgDialog_73789_Content_21,aqdY,avg星辰章2_AvgDialog_C_M.csv,950,AvgDialog,Content,克莱门汀（唤醒体）,这样才对，好孩子。,そう、それでいいんです。いい子ですね。
AvgDialog_73789_Content_22,aqdZ,avg星辰章2_AvgDialog_C_M.csv,951,AvgDialog,Content,克莱门汀（唤醒体）,记得要对自己的心理医生保持最起码的尊重和配合。,自分の精神科医に対して、最低限の敬意と協力は忘れないでください。
AvgDialog_73789_Content_23,aqea,avg星辰章2_AvgDialog_C_M.csv,952,AvgDialog,Content,玩家,我从没承认过你是我的心理医生，也绝不会成为你的同族。,君のことを自分の精神科医と認めたことは一度もないし、君の同族になるつもりもない。
AvgDialog_73789_Content_24,aqeb,avg星辰章2_AvgDialog_C_M.csv,953,AvgDialog,Content,玩家,我是人类，这点我很清楚。,私は人間だ。それだけは確かだ。
AvgDialog_73789_Content_25,aqec,avg星辰章2_AvgDialog_C_M.csv,954,AvgDialog,Content,克莱门汀（唤醒体）,哎呀，不必这么笃定，因为根据具身认知理论，我们的认知是被身体及其活动方式塑造出来的。,まあ、そこまで断言する必要はありませんよ。\n身体化された認知理論によれば、認知は身体とその行動様式によって形作られるのですから。
AvgDialog_73789_Content_26,aqed,avg星辰章2_AvgDialog_C_M.csv,955,AvgDialog,Content,克莱门汀（唤醒体）,比如说饿着肚子时法官会比平时将案子判得更重，比如说一个人对于生活满意程度，常与他周围亲友的生活水平相关。,例えば、空腹の裁判官は普段よりも重い判決を下す傾向にあります。人の生活満足度は、周囲の人々の生活水準に左右されます。
AvgDialog_73789_Content_27,aqee,avg星辰章2_AvgDialog_C_M.csv,956,AvgDialog,Content,克莱门汀（唤醒体）,而在这个空间，我将其推进了一步，不仅存在形式的改变会影响认知，认知也会影响存在形式。,この空間では、それをさらに強化しました。存在の形が認知に影響を与えるだけでなく、認知そのものが存在の形をも変えるんです。
AvgDialog_73789_Content_28,aqef,avg星辰章2_AvgDialog_C_M.csv,957,AvgDialog,Content,玩家,你的意思是……只要我认为自己是虫子，就会变成虫子？,つまり……自分が虫だと思えば、本当に虫になるということ？
AvgDialog_73789_Content_29,aqeg,avg星辰章2_AvgDialog_C_M.csv,958,AvgDialog,Content,克莱门汀（唤醒体）,聪明。到时候，你会先从手臂长出虫鳞，几丁质的甲壳会覆盖你柔软的身躯。,賢いですね、そのとおりです。そのときあなたの腕にはまず虫の鱗が生え、柔らかな肉体はキチン質の甲殻に覆われていくでしょう。
AvgDialog_73789_Content_30,aqei,avg星辰章2_AvgDialog_C_M.csv,959,AvgDialog,Content,克莱门汀（唤醒体）,然后是声带、眼睛，三百六十度的复眼能够让你看清楚地见到这个世界的真实，还有宇宙。,次に声帯、そして眼球。360度の複眼は、この世界の真実と宇宙そのものを見通す資格を与えてくれます。
AvgDialog_73789_Content_31,aqej,avg星辰章2_AvgDialog_C_M.csv,960,AvgDialog,Content,克莱门汀（唤醒体）,最后，是我最喜欢的环节，虫群的共振……,そして最後に、群れの共鳴……私の一番好きなステップです。
AvgDialog_73789_Content_32,aqek,avg星辰章2_AvgDialog_C_M.csv,961,AvgDialog,Content,克莱门汀（唤醒体）,啊，你已经迫不及待想要出去了吗？,ああ、もう外に出たくてたまらないのですね？
AvgDialog_73789_Content_33,aqel,avg星辰章2_AvgDialog_C_M.csv,962,AvgDialog,Content,,你趁机迈出的脚步一顿，丝毫没有被发现偷跑的尴尬。,あなたは、こっそり踏み出そうとした足をぴたりと止め、何食わぬ顔でクレメンタインに向き直った。
AvgDialog_73789_Content_34,aqem,avg星辰章2_AvgDialog_C_M.csv,963,AvgDialog,Content,玩家,既然是治疗，那么患者随便走走，了解治疗场所也是理所当然的。,治療の一環だというなら、患者が自由に歩き回って施設を見学したいと思うのも当然じゃない？
AvgDialog_73789_Content_35,aqen,avg星辰章2_AvgDialog_C_M.csv,964,AvgDialog,Content,克莱门汀（唤醒体）,你说得没错，我也很乐意陪你进行这一过程，只是我这边还有些小问题需要处理。,おっしゃるとおりです。私も喜んでお付き合いしたいところですが、少々片付けなければならない問題がありまして……
AvgDialog_73789_Content_36,aqeo,avg星辰章2_AvgDialog_C_M.csv,965,AvgDialog,Content,玩家,恐怕不只是小问题吧。,少々どころの話じゃないだろうね。
AvgDialog_73789_Content_37,aqep,avg星辰章2_AvgDialog_C_M.csv,966,AvgDialog,Content,,你敏锐戳穿克莱门汀的掩饰，想要趁此打探更多信息，可惜克莱门汀并没有上当。,あなたはクレメンタインのごまかしを見抜き、そこからさらに情報を引き出そうとしたが、彼女はその手には乗らなかった。
AvgDialog_73789_Content_38,aqeq,avg星辰章2_AvgDialog_C_M.csv,967,AvgDialog,Content,克莱门汀（唤醒体）,参观治疗场所这件事情，只能麻烦伯克利了，希望你不要介意。,施設の見学については、バークレーに任せるしかありませんね。\nどうか気を悪くなさらないでください。
AvgDialog_73789_Content_39,aqer,avg星辰章2_AvgDialog_C_M.csv,968,AvgDialog,Content,伯克利,包在我身上，我会从我们小镇最热闹的地方开始带%heorshe%参观。,任せてくれ。俺がこの町で一番賑やかな場所から案内してやるよ。
AvgDialog_73789_Content_40,aqet,avg星辰章2_AvgDialog_C_M.csv,969,AvgDialog,Content,伯克利,看到那些亮闪闪的矿石没有？那可是镇子的重要收入来源，咱们所有人都靠进山挖矿石，卖给商人维持生计。,あの光り輝く鉱石が見えるか？あれはこの町の重要な収入源なんだ。俺たちは山で鉱石を掘り、それを商人に売って生計を立てている。
AvgDialog_73789_Content_41,aqeu,avg星辰章2_AvgDialog_C_M.csv,970,AvgDialog,Content,,一来到街上，监视你的伯克利就自来熟的介绍起小镇，滔滔不绝，手舞足蹈。,通りに出るや否や、バークレーは親しげに小さな町の案内を始めた。身振り手振りを交えながら、途切れることなく話し続ける。
AvgDialog_73789_Content_42,aqev,avg星辰章2_AvgDialog_C_M.csv,971,AvgDialog,Content,玩家,我并不想知道，谢谢。,知りたくもないけど、ありがとう。
AvgDialog_73789_Content_43,aqew,avg星辰章2_AvgDialog_C_M.csv,972,AvgDialog,Content,伯克利,听着，大家，这是克莱门汀带来参加<Yellow:生命仪式>的新人，我们作为未来的同族，是不是该展现自己的热情？,おい、みんな聞け！\nこいつはクレメンタインが<Yellow:生命の儀式>に連れてきた新人だ！\n俺たちの未来の同族として、盛大に歓迎してやろうじゃないか！
AvgDialog_73789_Content_44,aqex,avg星辰章2_AvgDialog_C_M.csv,973,AvgDialog,Content,,伯克利拍着你的肩膀忽然大喊起来。借此，你看清了他身后不停扩散的<Yellow:融蚀>。,バークレーがあなたの肩を叩きながら大声を上げたそのとき、あなたは彼の背後で絶えず広がり続ける<Yellow:融蝕>をはっきりと目にした。
AvgDialog_73789_Content_45,aqey,avg星辰章2_AvgDialog_C_M.csv,974,AvgDialog,Content,玩家,<Yellow:融蚀？>这明明是克莱门汀的心灵空间，为什么会有融蚀存在？,<Yellow:融蝕>？ここはクレメンタインの精神空間のはず……\nどうして融蝕が存在するんだろう？
AvgDialog_73789_Content_46,aqez,avg星辰章2_AvgDialog_C_M.csv,975,AvgDialog,Content,玩家,难道这个镇子曾经遭受过融蚀？前几个记忆都是过去的复现，所以这个可能性是成立的。,まさか、この町はかつて融蝕の被害を受けたことがある？\nこれまでの記憶は、どれも過去の出来事の再現だった……\nだとすれば、その可能性は十分にある。
AvgDialog_73789_Content_47,aqeA,avg星辰章2_AvgDialog_C_M.csv,976,AvgDialog,Content,,思索间，那些非人的镇民将你包围，每个人的身上都或多或少带着融蚀痕迹。,考え込んでいる間に、異形の町人たちがあなたを取り囲んでいた。\nそれぞれの体には、多かれ少なかれ融蝕の痕跡が刻まれている。
AvgDialog_73789_Content_48,aqeB,avg星辰章2_AvgDialog_C_M.csv,977,AvgDialog,Content,虫人男性,新人，来，喝杯姜汁啤酒，我亲自酿造的，就连木酒桶都是我手工制作，保证爽口！,新人さん、さあ、このジンジャービールを飲んでくれ。俺が自分で醸造したんだ。木の樽だって手作りなんだぞ。のど越しは保証する！
AvgDialog_73789_Content_49,aqeC,avg星辰章2_AvgDialog_C_M.csv,978,AvgDialog,Content,虫人小孩,我、我要送你祭司大人制作的附身符，据说能提高生命仪式的成功率，帮助你获得生命层次的进化。,ぼ、僕は祭司様が作ったお守りをあげるよ。生命の儀式の成功率が上がって、生命の進化を遂げやすくなるんだって。
AvgDialog_73789_Content_50,aqeE,avg星辰章2_AvgDialog_C_M.csv,979,AvgDialog,Content,虫人女性,还有我还有我，我要送你……,私も私も！私は……
AvgDialog_73789_Content_51,aqeF,avg星辰章2_AvgDialog_C_M.csv,980,AvgDialog,Content,,数不清的礼物混着融蚀浆，被放到你胸前，你却只关注到了每个人亲切温和的笑脸。,融蝕の粘液にまみれた贈り物が、次々とあなたの胸元へ差し出される。あなたの目には、彼らの親しげで穏やかな笑顔が映っていた。
AvgDialog_73789_Content_52,aqeG,avg星辰章2_AvgDialog_C_M.csv,981,AvgDialog,Content,玩家,……,……
AvgDialog_73789_Content_53,aqeH,avg星辰章2_AvgDialog_C_M.csv,982,AvgDialog,Content,,一股温暖从你的心脏蔓延，同时奔涌的，还有刺痛。你明确感知到有什么东西在血肉里生长。,胸の奥から温かな感覚が広がっていく。だがそれと同時に、鋭い痛みも押し寄せてくる。あなたは、自身の体の中で何かが育ち始めているのをはっきりと感じた。
AvgDialog_73789_Content_54,aqeI,avg星辰章2_AvgDialog_C_M.csv,983,AvgDialog,Content,,你将谢谢咽回肚里，扔下礼物，推开伯克利向前跑。,言いかけたお礼の言葉を飲み込み、贈り物を無理やり投げ捨てる。\nそしてバークレーを押しのけ、逃げるようにその場から駆け出した。
AvgDialog_73789_Content_55,aqeJ,avg星辰章2_AvgDialog_C_M.csv,984,AvgDialog,Content,伯克利,哎哟……喂，你的礼物！,おっと……おい、お前の贈り物だぞ！
AvgDialog_73789_Content_56,aqeK,avg星辰章2_AvgDialog_C_M.csv,985,AvgDialog,Content,伯克利,巡逻队，巡逻队，新人逃跑啦！,警備隊はどこだ！新人が逃げたぞ！
AvgDialog_73789_Content_57,aqeL,avg星辰章2_AvgDialog_C_M.csv,986,AvgDialog,Content,,你一路狂奔，直到喘不过气来才停下，掀开了衣服——,あなたは息が切れるまでひたすら走り続けた。\nそして立ち止まり、服をめくると——
AvgDialog_73789_Content_58,aqeM,avg星辰章2_AvgDialog_C_M.csv,987,AvgDialog,Content,,那些刺痛的地方，长出了虫鳞。,刺すような痛みを感じた場所には、虫のような鱗が生えていた。
AvgDialog_73789_Content_59,aqeN,avg星辰章2_AvgDialog_C_M.csv,988,AvgDialog,Content,玩家,认知影响存在形式……我对自己的人类身份产生了怀疑，所以才会长出虫鳞？,認知が存在に影響を与える……自分が人間であることに疑念を抱いたから、鱗が生えてきたってこと？
AvgDialog_73789_Content_60,aqeP,avg星辰章2_AvgDialog_C_M.csv,989,AvgDialog,Content,玩家,不，我很清醒，我只是……,違う、私はまだ正気だ。ただ……
AvgDialog_73789_Content_61,aqeQ,avg星辰章2_AvgDialog_C_M.csv,990,AvgDialog,Content,老约翰,咳咳。谁在外面？伯克利？,ゴホッ、ゴホッ。\n外にいるのは誰だ？バークレーか？
AvgDialog_73789_Content_62,aqeR,avg星辰章2_AvgDialog_C_M.csv,991,AvgDialog,Content,,"突然响起的声音令你噤声，躲进了阴影角落。
很快，一道缠满绷带的苍老身影颤巍巍出现。",突然聞こえた声に、あなたは息を殺し、物陰に身を潜める。\nほどなくして、全身に包帯を巻いた老人が、よろよろと姿を現した。
AvgDialog_73789_Content_63,aqeS,avg星辰章2_AvgDialog_C_M.csv,992,AvgDialog,Content,老约翰,伯克利，你是来通知我们参加<Yellow:生命仪式>的吗？谢天谢地，小贝拉终于能摆脱折磨，拥抱更高层次的生命了……,バークレー、お前さんが<Yellow:生命の儀式>への参加を知らせに来てくれたのか？ありがたい。これで幼いベラも苦しみから解放される。\nより高次の生命へと至れるのだな……
AvgDialog_73789_Content_64,aqeT,avg星辰章2_AvgDialog_C_M.csv,993,AvgDialog,Content,,但门外什么都没有，那道苍老的身影只能一步一步，再艰难地挪回屋。,しかし、扉の外には誰もいない。\n老人は肩を落とし、苦しげな足取りで家の中へと戻っていった。
AvgDialog_73789_Content_65,aqeU,avg星辰章2_AvgDialog_C_M.csv,994,AvgDialog,Content,老约翰,祭司说，生命仪式会提高我们的存在层次，治愈人类这种低级生命衍生出的怪病。,祭司様は言っておられた。生命の儀式は、我々をより高次の存在へと導き、人間という下等な生命ゆえに生じる奇病を癒してくださると。
AvgDialog_73789_Content_66,aqeV,avg星辰章2_AvgDialog_C_M.csv,995,AvgDialog,Content,老约翰,那些伟大的存在，创造我们的存在，会再次庇佑我们，让我们踏过生命进化的门槛。,我らを創りたもうた偉大なる存在が、再び我らを庇護してくださる。進化の門を越えさせてくださるのだ。
AvgDialog_73789_Content_67,aqeW,avg星辰章2_AvgDialog_C_M.csv,996,AvgDialog,Content,老约翰,如果只有一个名额，我一定要让给小贝拉，她才六岁。只要参加生命仪式，治好怪病，还有大好的未来人生……,もし枠が一つしかないのなら、私は必ずベラに譲ろう。あの子はまだ6歳だ。これから先、長い人生が待っているのだから……
AvgDialog_73789_Content_68,aqeX,avg星辰章2_AvgDialog_C_M.csv,997,AvgDialog,Content,,风将老约翰的声音吹散。你忍不住探头向窗户里看了一眼，见到一个躺在床上、已经失去呼吸的女孩，和一张照片。,風が老人の声をさらっていく。\nあなたは窓からこっそりと部屋の中を覗き込んだ。\nそこには、ベッドに横たわるすでに息絶えた少女と、一枚の写真があった。
AvgDialog_73789_Content_69,aqeY,avg星辰章2_AvgDialog_C_M.csv,998,AvgDialog,Content,,女孩的模样和那些似人似虫的镇民没有区别，但那被融蚀浆浸染心脏和大半身躯的照片显示了她的真实：她是个人类。,少女の姿は、あの人とも虫ともつかない町の住民と何ら変わりない。だが、融蝕の痕跡が残る写真には、彼女の本来の姿が映っていた。\n彼女は、人間だったのだ。
AvgDialog_73789_Content_70,aqfa,avg星辰章2_AvgDialog_C_M.csv,999,AvgDialog,Content,,或者说，她曾是个人类。,——かつては。
AvgDialog_73789_Content_71,aqfb,avg星辰章2_AvgDialog_C_M.csv,1000,AvgDialog,Content,玩家,！！！,！！！
AvgDialog_73789_Content_72,aqfc,avg星辰章2_AvgDialog_C_M.csv,1001,AvgDialog,Content,,"更多的虫鳞在你的血肉里生长。
毫无疑问，你对于这些镇民是人是虫的认知产生了恍惚与模糊。",虫のような鱗がさらに増えていく。あなたの中で確実に、あの町の住民たちに対する認識が揺らぎ始めていた。
AvgDialog_73789_Content_73,aqfd,avg星辰章2_AvgDialog_C_M.csv,1002,AvgDialog,Content,,而认知上的恍惚与模糊，也让你陷入了内心的道德困境。,その認識の揺らぎは、あなたを倫理的な葛藤へと追い込んでいく。
AvgDialog_73789_Content_74,aqfe,avg星辰章2_AvgDialog_C_M.csv,1003,AvgDialog,Content,玩家,若他们是虫子，此刻的我不该如此软弱，而若他们是人……,もし彼らが虫なのだとしたら、今の私はあまりにも甘すぎる。\nだけど、もし彼らが人間なのだとしたら……
AvgDialog_73789_Content_75,aqff,avg星辰章2_AvgDialog_C_M.csv,1004,AvgDialog,Content,玩家,身为守密人的我，不该对于他们的苦难无动于衷。,守秘者として、彼らの苦しみに無関心であってはならない。
AvgDialog_73789_Content_76,aqfg,avg星辰章2_AvgDialog_C_M.csv,1005,AvgDialog,Content,玩家,……,……
AvgDialog_73789_Content_77,aqfh,avg星辰章2_AvgDialog_C_M.csv,1006,AvgDialog,Content,,长久的沉默后，你伸出长满虫鳞的手，敲了敲门窗。,長い沈黙の末、あなたは鱗に覆われた腕を伸ばし、窓を軽く叩いた。
AvgDialog_73789_Content_78,aqfi,avg星辰章2_AvgDialog_C_M.csv,1007,AvgDialog,Content,,闻声而来的老约翰踏入房间，终于发现孙女早就死去，痛苦地哀嚎。,音を聞きつけた老人は部屋へ駆け込み、孫娘がすでに息絶えていたことを知ると、悲痛な叫び声を上げた。
AvgDialog_73789_Content_79,aqfj,avg星辰章2_AvgDialog_C_M.csv,1008,AvgDialog,Content,,而你，面无表情地站起来，向前走。,そしてあなたは、無表情のまま立ち上がり、歩き出す。
AvgDialog_73789_Content_80,aqfl,avg星辰章2_AvgDialog_C_M.csv,1009,AvgDialog,Content,,没有目的地，没有任何思考，只是机械地向前走。,行くあてもなく、何も考えず、ただ機械のように前へと歩き続ける。
AvgDialog_73789_Content_81,aqfm,avg星辰章2_AvgDialog_C_M.csv,1010,AvgDialog,Content,？？？（克莱门汀）,在伤害他人与伤害自己间，你最终还是选择了后者。,他人を傷つけるのか、それとも自分を傷つけるのか。\nあなたは、後者を選んだのですね。
AvgDialog_73789_Content_82,aqfn,avg星辰章2_AvgDialog_C_M.csv,1011,AvgDialog,Content,,一道人影出现在你面前。,ふと人影があなたの前に現れた。
AvgDialog_73789_Content_83,aqfo,avg星辰章2_AvgDialog_C_M.csv,1012,AvgDialog,Content,玩家,克莱门汀？不，你不是她，你没有翅膀……,クレメンタイン？\n違う、彼女じゃない。翅がない……
AvgDialog_73789_Content_84,aqfp,avg星辰章2_AvgDialog_C_M.csv,1013,AvgDialog,Content,玩家,你是，另一个克莱门汀？！,君は、もう一人のクレメンタイン！？
AvgDialog_73789_Content_85,aqfq,avg星辰章2_AvgDialog_C_M.csv,1014,AvgDialog,Content,,你震惊地望着「另一个克莱门汀」，而远处，巡逻队逐渐逼近。,あなたは目を見開き、「もう一人のクレメンタイン」を見つめる。\nその背後からは、巡回隊が徐々に迫ってきていた。
AvgDialog_73783_Content_1,apWH,avg星辰章2_AvgDialog_C_M.csv,1015,AvgDialog,Content,,友谊的虫蛹,友情の蛹
AvgDialog_73783_Content_2,apWS,avg星辰章2_AvgDialog_C_M.csv,1016,AvgDialog,Content,巡逻队长,我们盛情欢迎你的到来，你却想要逃跑？果然人类才是最薄情残忍的种族。,我々がこんなにも歓迎しているというのに、お前は逃げるのか？\nやはり人間こそ、この世で一番薄情で残酷な種族だ。
AvgDialog_73783_Content_3,apXd,avg星辰章2_AvgDialog_C_M.csv,1017,AvgDialog,Content,,似人似虫的巡逻队长手持剑杖，向你走近。,人とも虫ともつかない警備隊の隊長が、剣のついた杖を手にあなたへと歩み寄る。
AvgDialog_73783_Content_4,apXo,avg星辰章2_AvgDialog_C_M.csv,1018,AvgDialog,Content,巡逻队长,你想去干什么？是不是想找人来屠杀我们这些异类！,何を企んでいる？まさか、我々のような異端者を虐殺するために援軍を呼ぶつもりじゃないだろうな！？
AvgDialog_73783_Content_5,apXz,avg星辰章2_AvgDialog_C_M.csv,1019,AvgDialog,Content,巡逻队长,那我告诉你，你站错了队。孩子，你必须为自己的选择付出代价。,ならば教えてやる。お前はここにいるべきではなかったのだ。\n自分の選択の代償を払うがいい！
AvgDialog_73783_Content_6,apXK,avg星辰章2_AvgDialog_C_M.csv,1020,AvgDialog,Content,,剑杖举起，向着你的头颅。,男は杖を掲げ、あなたの頭めがけて振り下ろそうとした。
AvgDialog_73783_Content_7,apXV,avg星辰章2_AvgDialog_C_M.csv,1021,AvgDialog,Content,？？？（克莱门汀）,<Shake:奥利弗叔叔，等等。>,<Shake:オリバーおじさん、待って。>
AvgDialog_73783_Content_8,apYg,avg星辰章2_AvgDialog_C_M.csv,1022,AvgDialog,Content,？？？（克莱门汀）,%heorshe%不是叛徒，%heorshe%、%heorshe%是我的朋友。,%heorshe%は裏切り者ではありません。\n%heorshe%、%heorshe%は私の友達です。
AvgDialog_73783_Content_9,apYr,avg星辰章2_AvgDialog_C_M.csv,1023,AvgDialog,Content,,「另一个克莱门汀」拽住奥利弗，而后奥利弗不自然地歪着头，似乎陷入宕机，几秒后才反应过来。,「もう一人のクレメンタイン」がオリバーの腕を掴んで引き止めた。男は不自然に首を傾げ、まるで思考が止まったかのように固まる。\nしばらくして、ようやく反応を取り戻した。
AvgDialog_73783_Content_10,apWI,avg星辰章2_AvgDialog_C_M.csv,1024,AvgDialog,Content,奥利弗,克莱门汀，我从小看着你长大，不希望你被坏人欺骗。你真的认为%heorshe%值得信任吗？,クレメンタイン、俺は君を幼い頃から見てきた。悪いやつに騙されていないか心配しているんだ。こいつは本当に信用できるのか？
AvgDialog_73783_Content_11,apWJ,avg星辰章2_AvgDialog_C_M.csv,1025,AvgDialog,Content,,克莱门汀？就连名字也一模一样！震惊之下，你看向了女孩。,クレメンタイン？名前まで同じだなんて！\n驚きのあまり、あなたは少女を見つめた。
AvgDialog_73783_Content_12,apWK,avg星辰章2_AvgDialog_C_M.csv,1026,AvgDialog,Content,克莱门汀八章,我确定。我相信%heorshe%。,大丈夫、%heorshe%は信用できます。
AvgDialog_73783_Content_13,apWL,avg星辰章2_AvgDialog_C_M.csv,1027,AvgDialog,Content,奥利弗,那他刚才的行为是？,では、さっきの行動はどう説明する？
AvgDialog_73783_Content_14,apWM,avg星辰章2_AvgDialog_C_M.csv,1028,AvgDialog,Content,克莱门汀八章,刚才……呃，奥利弗叔叔，你知道我的身体，我、我活不了多久了……,さっきは……えっと、オリバーおじさんも知っているでしょう？\n私の体は、もう長くはもたないって……
AvgDialog_73783_Content_15,apWN,avg星辰章2_AvgDialog_C_M.csv,1029,AvgDialog,Content,克莱门汀八章,在死前，我想交一个朋友，看蛹化的虫子如何获得新生。,死ぬ前に、友達が欲しかったんです。\n蛹が虫になって、新たに生まれ変わるのを見たかったの。
AvgDialog_73783_Content_16,apWO,avg星辰章2_AvgDialog_C_M.csv,1030,AvgDialog,Content,奥利弗,……你选择和%heorshe%成为朋友？,……こいつと友達になることを選んだのか？
AvgDialog_73783_Content_17,apWP,avg星辰章2_AvgDialog_C_M.csv,1031,AvgDialog,Content,克莱门汀八章,是的，我不希望我的朋友受到伤害。,ええ。私の友達が傷つくのは嫌です。
AvgDialog_73783_Content_18,apWQ,avg星辰章2_AvgDialog_C_M.csv,1032,AvgDialog,Content,奥利弗,……好吧，我明白了。,……わかった。
AvgDialog_73783_Content_19,apWR,avg星辰章2_AvgDialog_C_M.csv,1033,AvgDialog,Content,奥利弗,%player%，这次先放过你。以后注意自己的言行，我会盯着你的。,今回は見逃してやる、%player%。\nだが今後は自分の言動に気をつけろ。俺は見ているからな。
AvgDialog_73783_Content_20,apWT,avg星辰章2_AvgDialog_C_M.csv,1034,AvgDialog,Content,,留下警告后，奥利弗离开，你看着他远去的背景，更加确认了一个事实：这些人都曾经真实存在过。,そう言い残すと、オリバーは立ち去った。あなたは遠ざかっていくその背中を見つめながら、ある事実を改めて確信する。\n——この人たちは、かつて本当にこの世界で生きていたのだと。
AvgDialog_73783_Content_21,apWU,avg星辰章2_AvgDialog_C_M.csv,1035,AvgDialog,Content,克莱门汀八章,请你不要责怪奥利弗叔叔，他只是想保护大家。,オリバーおじさんを責めないでください。\nあの人は、みんなを守ろうとしているだけなんです。
AvgDialog_73783_Content_22,apWV,avg星辰章2_AvgDialog_C_M.csv,1036,AvgDialog,Content,玩家,保护？难道有人想伤害你们……也就是说，奥利弗口中的屠杀是真的？,守る？誰かが君たちを傷つけようとしているのか……\nつまり、オリバーが言っていた虐殺は、本当にあったってこと？
AvgDialog_73783_Content_23,apWW,avg星辰章2_AvgDialog_C_M.csv,1037,AvgDialog,Content,克莱门汀八章,我们的血脉、我们的信仰，乃至我们可能长出虫鳞的皮肤，都昭示了异类的身份，不是吗？,私たちの血筋も、信仰も、それに虫のような鱗が生えるこの肌も……\nどれも、私たちが異端であることの証ですから。
AvgDialog_73783_Content_24,apWX,avg星辰章2_AvgDialog_C_M.csv,1038,AvgDialog,Content,克莱门汀八章,但那个叛徒也没有什么好下场。他死了，自杀。,ですがその裏切り者も、いい最期は迎えませんでした。\n死んだんです。自ら命を絶ちました。
AvgDialog_73783_Content_25,apWY,avg星辰章2_AvgDialog_C_M.csv,1039,AvgDialog,Content,,你沉默。尽管这个克莱门汀言行都很友善，但你无法放下戒心，你仍记得克莱门汀随时都可以「复制」自己。,あなたは黙り込む。目の前のクレメンタインは言動こそ穏やかで友好的だが、警戒を解くことはできない。彼女がいつでも自分を「複製」できることを、あなたはまだ忘れていなかった。
AvgDialog_73783_Content_26,apWZ,avg星辰章2_AvgDialog_C_M.csv,1040,AvgDialog,Content,玩家,……你和克莱门汀，我是指那个克莱门汀，是什么关系？双胞胎？,君とクレメンタイン……\nいや、君ともう一人のクレメンタインはどういう関係なの？
AvgDialog_73783_Content_27,apXa,avg星辰章2_AvgDialog_C_M.csv,1041,AvgDialog,Content,克莱门汀八章,不知道。我……失去了记忆，忘了自己真正的存在。,わかりません。私は……記憶を失っていて、自分が本当は何者なのかも思い出せないんです。
AvgDialog_73783_Content_28,apXb,avg星辰章2_AvgDialog_C_M.csv,1042,AvgDialog,Content,,然后，又是一阵沉默。,再び、沈黙が流れる。
AvgDialog_73783_Content_29,apXc,avg星辰章2_AvgDialog_C_M.csv,1043,AvgDialog,Content,克莱门汀八章,你似乎并不相信我……,やはり、私のことは信じられませんか……
AvgDialog_73783_Content_30,apXe,avg星辰章2_AvgDialog_C_M.csv,1044,AvgDialog,Content,,克莱门汀向你靠近一步，而你本能后退，和克莱门汀保持距离。,クレメンタインがあなたに一歩近づく。\nあなたは思わず後ずさりし、彼女との距離を保った。
AvgDialog_73783_Content_31,apXf,avg星辰章2_AvgDialog_C_M.csv,1045,AvgDialog,Content,克莱门汀八章,好吧，你的行动已经告诉了我答案。,あなたの行動が、すでに答えを示していますね。
AvgDialog_73783_Content_32,apXg,avg星辰章2_AvgDialog_C_M.csv,1046,AvgDialog,Content,克莱门汀八章,但请你相信，我没有恶意，我只是想要帮助你。,ですが、どうか信じてください。私はあなたに害をなすつもりなんてありません。ただ、あなたを助けたいだけなんです。
AvgDialog_73783_Content_33,apXh,avg星辰章2_AvgDialog_C_M.csv,1047,AvgDialog,Content,玩家,谢谢，但我自己的事情，我自己会解决。,ありがとう。でも、自分のことは自分で何とかするよ。
AvgDialog_73783_Content_34,apXi,avg星辰章2_AvgDialog_C_M.csv,1048,AvgDialog,Content,,你向后撤退，想要离开，克莱门汀却忽然抓住了你的手。,あなたは後ずさりながら、その場を離れようとする。\nしかし、クレメンタインがふいにあなたの手を掴んだ。
AvgDialog_73783_Content_35,apXj,avg星辰章2_AvgDialog_C_M.csv,1049,AvgDialog,Content,克莱门汀八章,我会向你证明的。,証明してみせます。
AvgDialog_73783_Content_36,apXk,avg星辰章2_AvgDialog_C_M.csv,1050,AvgDialog,Content,,下一瞬，你的手被克莱门汀放到了她的心口。,クレメンタインはあなたの手をそっと自分の胸に当てた。
AvgDialog_73783_Content_38,apXm,avg星辰章2_AvgDialog_C_M.csv,1052,AvgDialog,Content,,你听到了心跳声，以及似乎发自灵魂的嗡鸣。,あなたの手に伝わってきたのは、鼓動。\nそして、魂の奥底から響いてくるような、かすかな羽音だった。
AvgDialog_73783_Content_39,apXn,avg星辰章2_AvgDialog_C_M.csv,1053,AvgDialog,Content,克莱门汀八章,我想以人的身份，去看看真正的世界，去过新的生活。,私は、人として本当の世界を見てみたい。\nそして、新しい人生を歩みたいんです。
AvgDialog_73783_Content_40,apXp,avg星辰章2_AvgDialog_C_M.csv,1054,AvgDialog,Content,,你感觉到了——那是一颗，和人类一样温暖、律动的心脏。,あなたは感じた——それは、人間と変わらない、温かく脈打つ心臓。
AvgDialog_73783_Content_41,apXq,avg星辰章2_AvgDialog_C_M.csv,1055,AvgDialog,Content,克莱门汀八章,我想保持自己人类的身份，我想以一个人类的身份死去。,私は、人としての自分を失いたくありません。\n人間として生き、人間として死にたいんです。
AvgDialog_73783_Content_42,apXr,avg星辰章2_AvgDialog_C_M.csv,1056,AvgDialog,Content,,——那是一颗，有着人类意志，秉承人性法则的心脏。,——そこには、人としての意思を宿し、人の心を貫こうとする心臓があった。
AvgDialog_73783_Content_43,apXs,avg星辰章2_AvgDialog_C_M.csv,1057,AvgDialog,Content,@2门汀,我不想失去人性，我不想失去@2，我不想忘记自己究竟是谁……,人間らしさを失いたくない。@2を失いたくない。\n自分が何者なのかを、忘れたくない……
AvgDialog_73783_Content_44,apXt,avg星辰章2_AvgDialog_C_M.csv,1058,AvgDialog,Content,,"<Red:  保持人性                                                                      救救我   
不要忘记自己                                                                                                      
                                              
                             保持人性
                        不要忘记自己                                                   杀了我 >",<Red:人間らしさを保って                                                                 助けて   \n                                            自分を忘れないで\n                                              \n                                                人間らしさを保って\n                        自分を忘れないで                                                   殺して >
AvgDialog_73783_Content_45,apXu,avg星辰章2_AvgDialog_C_M.csv,1059,AvgDialog,Content,玩家,……,……
AvgDialog_73783_Content_46,apXv,avg星辰章2_AvgDialog_C_M.csv,1060,AvgDialog,Content,,数不清的绝望和悲哀向你涌来，仿佛要将你溺毙。,数え切れないほどの絶望と悲しみが押し寄せ、あなたは溺れそうになる。
AvgDialog_73783_Content_47,apXw,avg星辰章2_AvgDialog_C_M.csv,1061,AvgDialog,Content,,你收回手，强行切断这种意识上的连接，如死里逃生，大口喘气。,あなたは慌てて手を引き、意識のつながりを無理やり断ち切った。\n死地から生還したかのように、荒い呼吸を繰り返す。
AvgDialog_73783_Content_48,apXx,avg星辰章2_AvgDialog_C_M.csv,1062,AvgDialog,Content,玩家,你到底是谁？！为什么要接近我？！,君はいったい何者なの！？どうして私に近づいてくるの！？
AvgDialog_73783_Content_49,apXy,avg星辰章2_AvgDialog_C_M.csv,1063,AvgDialog,Content,克莱门汀八章,我不知道……我只是想要……,わかりません……私は、ただ……
AvgDialog_73783_Content_50,apXA,avg星辰章2_AvgDialog_C_M.csv,1064,AvgDialog,Content,玩家,想要帮我？那就请你离开，离开这里！离开我！,私を助けたい？\nなら、早くここから出ていって！私の前から消えて！
AvgDialog_73783_Content_51,apXB,avg星辰章2_AvgDialog_C_M.csv,1065,AvgDialog,Content,,"虫鳞不断在你的血肉中生长，带来疼痛，带来痛苦，带来愤怒。
你很想压制，但理智的闸门已被摧毁。",虫のような鱗はますます増えていく。痛みと苦痛、そして怒りが湧き上がり、あなたはそれを必死に抑え込もうとする。\nしかし、理性の堰はすでに決壊していた。
AvgDialog_73783_Content_52,apXC,avg星辰章2_AvgDialog_C_M.csv,1066,AvgDialog,Content,,"你狠狠拔下身上的虫鳞，带起血肉，带起咬牙切齿的惨叫。
一片又一片。",あなたは力づくで鱗を引き剥がした。皮膚が裂ける痛みに歯を食いしばって耐えながら、一枚、また一枚と剥いでいく。
AvgDialog_73783_Content_53,apXD,avg星辰章2_AvgDialog_C_M.csv,1067,AvgDialog,Content,玩家,克莱门汀，我承认你的把戏起作用了。我确实无法伤害他们，因为他们的行为符合人性，让我想起了曾经见过的人类。,クレメンタイン、君の仕掛けは確かに効いてると認めるよ。\n私には彼らを傷つけることはできない。彼らの行動はあまりにも人間らしくて、かつて出会った人たちのことを思い出すから。
AvgDialog_73783_Content_54,apXE,avg星辰章2_AvgDialog_C_M.csv,1068,AvgDialog,Content,玩家,或许他们本就是人类，或许那亵渎可怖的外表只是你施加的某种伪装，目的只是为了蒙蔽我，在我走上歧途时嘲笑我的可悲。,もしかしたら、彼らは元々人間なのかもしれない。あの冒涜的でおぞましい外見は君の偽装で、私を欺いているだけなのかもしれない。\nもし私が道を踏み外したとき、その愚かさを嘲笑うためのね。
AvgDialog_73783_Content_55,apXF,avg星辰章2_AvgDialog_C_M.csv,1069,AvgDialog,Content,玩家,我不会上当的。我绝不会上当！,でも、私は騙されない。絶対に騙されない！
AvgDialog_73783_Content_56,apXG,avg星辰章2_AvgDialog_C_M.csv,1070,AvgDialog,Content,,你一片片拔掉虫鳞，然而那虫鳞却越来越多，似乎永远无法祛除。,あなたはひたすら鱗を剥がし続ける。\nしかし、鱗は増える一方で、永遠に取り除けないかのように思えた。
AvgDialog_73783_Content_57,apXH,avg星辰章2_AvgDialog_C_M.csv,1071,AvgDialog,Content,,属于虫子的鳞片，在人的血肉中生长，噗噜噗噜，哗啦哗啦，嘿嘿，那是血与肉崩溃的声音。,虫のような鱗は体内まで増えていく。\nグシャッ、バキッ、パキン。\nああ、それは体が崩れていく音です。
AvgDialog_73783_Content_58,apXI,avg星辰章2_AvgDialog_C_M.csv,1072,AvgDialog,Content,玩家,好疼！,痛っ……！
AvgDialog_73783_Content_59,apXJ,avg星辰章2_AvgDialog_C_M.csv,1073,AvgDialog,Content,,它们欢呼，它们雀跃，它们游走在人的躯体上，一点点割裂人的灵魂，涂抹上虫的色彩。,それは喚起し、跳ね回り、身体の中を這い回る。\n少しずつ魂を切り裂き、虫の色で塗りつぶしていく。
AvgDialog_73783_Content_60,apXL,avg星辰章2_AvgDialog_C_M.csv,1074,AvgDialog,Content,,嘘，嘘，转变就要开始。,しーっ、もうすぐ変異が始まりますよ。
AvgDialog_73783_Content_61,apXM,avg星辰章2_AvgDialog_C_M.csv,1075,AvgDialog,Content,玩家,<Shake:啊啊啊啊！！！——>,<Shake:ああああ——！！！>
AvgDialog_73783_Content_62,apXN,avg星辰章2_AvgDialog_C_M.csv,1076,AvgDialog,Content,,哈哈哈，看呀，看呀，这就是人类。,ふふふ、見てください。これが人間です。
AvgDialog_73783_Content_63,apXO,avg星辰章2_AvgDialog_C_M.csv,1077,AvgDialog,Content,,脆弱，敏感，一点点轻微的刺激，就会像气球一样炸裂，彻底消失。,脆くて、敏感で、ほんのわずかな刺激だけで風船のように弾け、消えてしまう。
AvgDialog_73783_Content_64,apXP,avg星辰章2_AvgDialog_C_M.csv,1078,AvgDialog,Content,玩家,<Change>救命……救救我……,<Change>誰か……助けて……
AvgDialog_73783_Content_65,apXQ,avg星辰章2_AvgDialog_C_M.csv,1079,AvgDialog,Content,,你的意识开始模糊，理智开始崩溃，跪在了地上。,意識は次第に霞み、理性が崩壊していく。\nあなたは地面に崩れ落ち、膝をついた。
AvgDialog_73783_Content_66,apXR,avg星辰章2_AvgDialog_C_M.csv,1080,AvgDialog,Content,玩家,明明我只是想拯救威廉，拯救被困在疗养院的所有人，现在，却连自己都无法救赎。,私はただ、ウィリアムを救いたかっただけなのに。\n療養所に囚われているすべての人を救いたかっただけなのに……\n自分自身すら救うことができない。
AvgDialog_73783_Content_67,apXS,avg星辰章2_AvgDialog_C_M.csv,1081,AvgDialog,Content,玩家,人类？虫子？哈，又有什么区别……,人間？虫？\nははっ、そんなものに違いなんてあるの？
AvgDialog_73783_Content_68,apXT,avg星辰章2_AvgDialog_C_M.csv,1082,AvgDialog,Content,玩家,我开始……分不清了……,もう……わからなくなってきた……
AvgDialog_73783_Content_69,apXU,avg星辰章2_AvgDialog_C_M.csv,1083,AvgDialog,Content,玩家,……我不想食言。威廉，我不想把你托付的最后一件事情搞砸。,……約束を破りたくない。\nウィリアム、君に託された最後の願いを台無しにしたくない。
AvgDialog_73783_Content_70,apXW,avg星辰章2_AvgDialog_C_M.csv,1084,AvgDialog,Content,克莱门汀八章,那就努力践行诺言。%player%，痛苦只是我们破蛹获得新生的过程。,なら、その約束を果たしましょう。%player%。痛みは、蛹が殻を破って新しく生まれ変わるための過程にすぎないのですから。
AvgDialog_73783_Content_71,apXX,avg星辰章2_AvgDialog_C_M.csv,1085,AvgDialog,Content,,一只虫蛹标本出现在你的视线里。,あなたの視界に、一匹の虫の蛹の標本が現れた。
AvgDialog_73783_Content_72,apXY,avg星辰章2_AvgDialog_C_M.csv,1086,AvgDialog,Content,,你抬起头，见到克莱门汀在向着你微笑。,顔を上げると、クレメンタインが微笑みながらこちらを見つめている。
AvgDialog_73783_Content_73,apXZ,avg星辰章2_AvgDialog_C_M.csv,1087,AvgDialog,Content,克莱门汀八章,不要被另一个我的话术所干扰，%player%，关于你真正的本质，你的心里一直有着正确答案。,もう一人の私の言葉に惑わされないで、%player%。\n心の中には、すでに自分の本質について正しい答えがあるはずです。
AvgDialog_73783_Content_74,apYa,avg星辰章2_AvgDialog_C_M.csv,1088,AvgDialog,Content,克莱门汀八章,就像我的心，也一直在给我回答，正确的、唯一的回答。,私の心もまた、私自身に答えを返し続けています。\n正しい、唯一の答えを。
AvgDialog_73783_Content_75,apYb,avg星辰章2_AvgDialog_C_M.csv,1089,AvgDialog,Content,克莱门汀八章,认知和意识确实可以被环境、被行为、被他人影响和塑造出来，但我始终认为：自己，才是塑造自我的最终力量。,認知は確かに環境や行動、他者の影響を受け、形作られます。\nですが、私はずっと信じているんです。\n自分自身こそが、自分を形作る最後の力なのだと。
AvgDialog_73783_Content_76,apYc,avg星辰章2_AvgDialog_C_M.csv,1090,AvgDialog,Content,克莱门汀八章,因为人类最可贵的，不就是自我教育、自我修正、自我成长，从而不断向前走，追寻向更好的未来的能力吗？,人間にとって最も尊いものとは、自ら学び、正し、成長する力。\nより良い未来を追い求めて、前へ進み続ける力ではありませんか？
AvgDialog_73783_Content_77,apYd,avg星辰章2_AvgDialog_C_M.csv,1091,AvgDialog,Content,克莱门汀八章,%player%，你不需要分清人类和虫子，你只需要坚持你想要坚持的东西。,%player%、人間と虫の区別をつける必要はありません。\nただ、自分が守りたいと思うものを守ればいいんです。
AvgDialog_73783_Content_78,apYe,avg星辰章2_AvgDialog_C_M.csv,1092,AvgDialog,Content,克莱门汀八章,比如，人类的自我认知和灵魂。,例えば——人間としての自己認識と魂を。
AvgDialog_73783_Content_79,apYf,avg星辰章2_AvgDialog_C_M.csv,1093,AvgDialog,Content,玩家,……,……
AvgDialog_73783_Content_80,apYh,avg星辰章2_AvgDialog_C_M.csv,1094,AvgDialog,Content,玩家,……你为什么要帮我？我是说，我们才刚见面，而且我的态度……,……どうして私を助けるの？まだ会ったばかりなのに。\nそれに、さっきの私の態度も……
AvgDialog_73783_Content_81,apYi,avg星辰章2_AvgDialog_C_M.csv,1095,AvgDialog,Content,克莱门汀八章,因为，我也在坚持我要坚持的东西。,私にも、守りたいものがありますから。
AvgDialog_73783_Content_82,apYj,avg星辰章2_AvgDialog_C_M.csv,1096,AvgDialog,Content,克莱门汀八章,这里只有我们两个人类，而我一直想要一个朋友。,ここには「人間」は私たち二人しかいません。\nそして私はずっと、友達が欲しかったんです。
AvgDialog_73783_Content_83,apYk,avg星辰章2_AvgDialog_C_M.csv,1097,AvgDialog,Content,克莱门汀八章,人类虽然残酷，但也有真诚善良的一面，会互相帮助，互相扶持，一起渡过难关，迎接美好的黎明与未来。,人間には残酷な一面もありますが、誠実で優しい一面もあります。\n人は互いに助け合い、支え合いながら困難を乗り越える。\nそして、美しい夜明けと未来へ進んでいくんです。
AvgDialog_73783_Content_84,apYl,avg星辰章2_AvgDialog_C_M.csv,1098,AvgDialog,Content,克莱门汀八章,而这个，就是见证——我们互帮互助，充满人性美德的见证。,これは、その証です——互いに助け合い、人間性の美徳を示した証。
AvgDialog_73783_Content_85,apYm,avg星辰章2_AvgDialog_C_M.csv,1099,AvgDialog,Content,,等待破蛹的昆虫，就此放到了你的手中。,羽化を待つ蛹が、あなたの手の中に置かれる。
AvgDialog_73783_Content_86,apYn,avg星辰章2_AvgDialog_C_M.csv,1100,AvgDialog,Content,玩家,……,……
AvgDialog_73783_Content_87,apYo,avg星辰章2_AvgDialog_C_M.csv,1101,AvgDialog,Content,玩家,……谢谢。,……ありがとう。
AvgDialog_73783_Content_88,apYp,avg星辰章2_AvgDialog_C_M.csv,1102,AvgDialog,Content,,你看着那枚昆虫，沉默。,あなたはその標本を見つめたまま、黙り込む。
AvgDialog_73783_Content_89,apYq,avg星辰章2_AvgDialog_C_M.csv,1103,AvgDialog,Content,,就在你想说些什么时，克莱门汀忽然抬头。,何か言おうとしたその時、クレメンタインがふいに顔を上げた。
AvgDialog_73783_Content_90,apYs,avg星辰章2_AvgDialog_C_M.csv,1104,AvgDialog,Content,克莱门汀八章,！！！,！！！
AvgDialog_73783_Content_91,apYt,avg星辰章2_AvgDialog_C_M.csv,1105,AvgDialog,Content,克莱门汀八章,她发现我了。我必须躲起来！,彼女に気づかれた。隠れないと！
AvgDialog_73783_Content_92,apYu,avg星辰章2_AvgDialog_C_M.csv,1106,AvgDialog,Content,,"克莱门汀小跑着离开。
视线不再受阻的情况下，你看清了克莱门汀口中的「她」。",クレメンタインは小走りでその場を去っていった。\n視界を遮るものがなくなり、あなたはクレメンタインが言っていた「彼女」の姿をはっきりと捉える。
AvgDialog_73783_Content_93,apYv,avg星辰章2_AvgDialog_C_M.csv,1107,AvgDialog,Content,玩家,另一个克莱门汀？,もう一人のクレメンタイン？
AvgDialog_73783_Content_94,apYw,avg星辰章2_AvgDialog_C_M.csv,1108,AvgDialog,Content,玩家,她在看我，还是……,彼女は私を見ているのか、それとも……
AvgDialog_73783_Content_95,btKF,avg星辰章2_AvgDialog_C_M.csv,1109,AvgDialog,Content,,"未等你说完，另一个克莱门汀隐去了身影。
这下你确定了对方关注的目标。",あなたが言い終える前に、もう一人のクレメンタインは姿を消した。その瞬間、あなたは彼女が誰を見ていたのか確信する。
AvgDialog_73783_Content_96,btKG,avg星辰章2_AvgDialog_C_M.csv,1110,AvgDialog,Content,玩家,这里是克莱门汀的心灵房间，理论上来说应该只有一个「克莱门汀」。可现在……,ここはクレメンタインの精神世界だ。理論上、ここにいる「クレメンタイン」は一人だけのはず。でも今……
AvgDialog_73783_Content_97,btKH,avg星辰章2_AvgDialog_C_M.csv,1111,AvgDialog,Content,玩家,克莱门汀为什么要分裂出另一个自己？,どうしてクレメンタインは、もう一人の自分を生み出しているんだろう？
AvgDialog_73783_Content_98,btKI,avg星辰章2_AvgDialog_C_M.csv,1112,AvgDialog,Content,玩家,不，现在没时间想这个，最要紧的是找到银钥匙。,いや、今はそんなことを考えている場合じゃない。\n最優先は、シルバーキーを見つけることだ。
AvgDialog_73783_Content_99,btKJ,avg星辰章2_AvgDialog_C_M.csv,1113,AvgDialog,Content,玩家,深夜，大家都入睡后，监视力度应该最弱，那时我就使用精神追溯，寻找银钥匙。,深夜、皆が眠った後なら監視も弱まるはずだ。\nそのときに精神追跡を使って、シルバーキーを探し出そう。
AvgDialog_73779_Content_1,apRi,avg星辰章2_AvgDialog_C_M.csv,1114,AvgDialog,Content,,二重身,ドッペルゲンガー
AvgDialog_73779_Content_2,apRt,avg星辰章2_AvgDialog_C_M.csv,1115,AvgDialog,Content,,镇子的深夜并不静谧，因为在这里，虫鸣永恒存在。,深夜の町は常に虫の声が響き、静寂とはほど遠かった。
AvgDialog_73779_Content_3,apRD,avg星辰章2_AvgDialog_C_M.csv,1116,AvgDialog,Content,,但这对你来说是好事，它可以掩盖你移动时的脚步声。,しかし、それはむしろあなたにとって好都合だった。\n移動する時の足音をかき消してくれるからだ。
AvgDialog_73779_Content_4,apRE,avg星辰章2_AvgDialog_C_M.csv,1117,AvgDialog,Content,玩家,好，这个位置应该就可以了，既不会和上一个探索区域重复，也远离克莱门汀的屋子。,よし、この位置でいいかな。前回の探索範囲とも重ならないし、クレメンタインの家からも離れている。
AvgDialog_73779_Content_5,apRF,avg星辰章2_AvgDialog_C_M.csv,1118,AvgDialog,Content,玩家,现在闭眼，感知银钥匙……,目を閉じて……シルバーキーを感じ取るんだ……
AvgDialog_73779_Content_6,apRG,avg星辰章2_AvgDialog_C_M.csv,1119,AvgDialog,Content,玩家,只要银钥匙还在克莱门汀的心灵空间内，我就应该能感知到它。,シルバーキーがまだクレメンタインの精神空間の中にあるなら、見つけられるはず。
AvgDialog_73779_Content_7,apRH,avg星辰章2_AvgDialog_C_M.csv,1120,AvgDialog,Content,,当然，精神追溯的力度要降到最低，只能感应到主动响应的存在。但这对于找银钥匙已经够了。,精神追跡の力は最小限に抑えているため、反応を返す存在だけしか感じ取ることはできない。それでも、シルバーキーを探すには十分だ。
AvgDialog_73779_Content_8,apRI,avg星辰章2_AvgDialog_C_M.csv,1121,AvgDialog,Content,,你沉入精神深潭，意识化为丝线，谨慎地向整个小镇蔓延探索。,あなたは精神世界の深淵へと沈み、意識を糸のように変えて慎重に町全体へ広げていく。
AvgDialog_73779_Content_9,apRJ,avg星辰章2_AvgDialog_C_M.csv,1122,AvgDialog,Content,,很快，一个散发着温柔气息的光斑响应了你的呼唤。,やがて、柔らかな気配を放つ光の点が、あなたの呼びかけに反応した。
AvgDialog_73779_Content_10,apRj,avg星辰章2_AvgDialog_C_M.csv,1123,AvgDialog,Content,玩家,意识光斑？克莱门汀的心灵房间为什么会有主动响应我的意识光斑？,意識の光？\nシルバーキー以外に、こちらの呼びかけに応える光があるなんて……
AvgDialog_73779_Content_11,apRk,avg星辰章2_AvgDialog_C_M.csv,1124,AvgDialog,Content,玩家,等等，光斑上的气息有些熟悉……,待って、この光の気配には見覚えがある……
AvgDialog_73779_Content_12,apRl,avg星辰章2_AvgDialog_C_M.csv,1125,AvgDialog,Content,玩家,这是、克莱门汀！？,これは、クレメンタイン！？
AvgDialog_73779_Content_13,apRm,avg星辰章2_AvgDialog_C_M.csv,1126,AvgDialog,Content,,你猛然切断意识连接，僵在原地。,あなたは接続を切り、その場に立ち尽くした。
AvgDialog_73779_Content_14,apRn,avg星辰章2_AvgDialog_C_M.csv,1127,AvgDialog,Content,,深夜的虫鸣无休无止，冲刷着你心中的惊悚与疑惑。,虫の声は途切れることなく響き、あなたの疑念を洗い流していく。
AvgDialog_73779_Content_15,apRo,avg星辰章2_AvgDialog_C_M.csv,1128,AvgDialog,Content,玩家,刚才的意识光斑没有分裂，没有残缺，也就是说……克莱门汀主动响应了我。,さっきの光は、分裂もしていなければ欠けてもいなかった。\nつまり……反応したのはクレメンタイン自身だ。
AvgDialog_73779_Content_16,apRp,avg星辰章2_AvgDialog_C_M.csv,1129,AvgDialog,Content,玩家,不是某个克莱门汀，而是「克莱门汀」这个存在，完整的存在响应了我！,もう一人のクレメンタインじゃない。\n本来の「クレメンタイン」自身が私の呼びかけに応えたんだ！
AvgDialog_73779_Content_17,apRq,avg星辰章2_AvgDialog_C_M.csv,1130,AvgDialog,Content,,这个认知让你陷入困惑，但你很快就没有时间思考了，因为某个意识通过刚才的链接反向追溯到了你。,その事実にあなたは困惑する。\nしかし、すぐに考えている時間はなくなった。\n先ほどのリンクをたどり、彼女があなたへ語りかけてきたからだ。
AvgDialog_73779_Content_18,apRr,avg星辰章2_AvgDialog_C_M.csv,1131,AvgDialog,Content,克莱门汀八章,救救我……%player%，请救救我……,助けて……%player%……お願い、助けて……
AvgDialog_73779_Content_19,apRs,avg星辰章2_AvgDialog_C_M.csv,1132,AvgDialog,Content,克莱门汀八章,我……不想死，我不想死……,私……死にたくない。死にたくない……
AvgDialog_73779_Content_20,apRu,avg星辰章2_AvgDialog_C_M.csv,1133,AvgDialog,Content,,有那么一瞬间，你觉得现在的情况荒谬且可笑——就好像掌控整个监狱的狱警向囚犯求救。,なんとも奇妙な話だ。\n監獄を支配する看守が、囚人に助けを求めるなんて。
AvgDialog_73779_Content_21,apRv,avg星辰章2_AvgDialog_C_M.csv,1134,AvgDialog,Content,玩家,那么是谁在追杀这个克莱门汀？答案，我只能想到另一个克莱门汀。,だとすると、このクレメンタインを追い詰めているのは誰だろう？\n思い当たるのは、もう一人のクレメンタインしかいない。
AvgDialog_73779_Content_22,apRw,avg星辰章2_AvgDialog_C_M.csv,1135,AvgDialog,Content,玩家,这是克莱门汀之间的厮杀……我最该做的，是趁这个机会去找银钥匙。,クレメンタイン同士が殺し合っている……だけど、今私が最優先でやるべきことは、シルバーキーを探し出すことだ。
AvgDialog_73779_Content_23,apRx,avg星辰章2_AvgDialog_C_M.csv,1136,AvgDialog,Content,玩家,威廉、疗养院的所有人都等着我拯救。,ウィリアムも、療養所に囚われている人たちも、皆私の助けを待っている。
AvgDialog_73779_Content_24,apRy,avg星辰章2_AvgDialog_C_M.csv,1137,AvgDialog,Content,,你用理性说服自己，但某个画面却渐渐从心头浮现。,あなたは無理やり自分を納得させようとする。\nだがそのとき、ふと彼女の言葉が脳裏によみがえった。
AvgDialog_73779_Content_25,apRz,avg星辰章2_AvgDialog_C_M.csv,1138,AvgDialog,Content,克莱门汀八章,这里只有我们两个人类，而我一直想要一个朋友。,ここに「人間」は私たち二人しかいません。\nそして私はずっと、友達が欲しかったんです。
AvgDialog_73779_Content_26,apRA,avg星辰章2_AvgDialog_C_M.csv,1139,AvgDialog,Content,克莱门汀八章,人类虽然残酷，但也有真诚善良的一面，会互相帮助，互相扶持，一起渡过难关，迎接美好的黎明与未来。,人間には残酷な一面もありますが、誠実で優しい一面もあります。\n人は互いに助け合い、支え合いながら困難を乗り越える。\nそして、美しい夜明けと未来へ進んでいくんです。
AvgDialog_73779_Content_27,apRB,avg星辰章2_AvgDialog_C_M.csv,1140,AvgDialog,Content,克莱门汀八章,而这个，就是见证——我们互帮互助，充满人性美德的见证。,これは、その証です——互いに助け合い、人間性の美徳を示した証。
AvgDialog_73779_Content_28,apRC,avg星辰章2_AvgDialog_C_M.csv,1141,AvgDialog,Content,玩家,……,……
AvgDialog_73779_Content_29,btKy,avg星辰章2_AvgDialog_C_M.csv,1142,AvgDialog,Content,玩家,……,……
AvgDialog_73779_Content_30,btKz,avg星辰章2_AvgDialog_C_M.csv,1143,AvgDialog,Content,,你拿出克莱门汀送你的虫蛹标本，望着它深深吸气，深深叹息。,あなたはクレメンタインから渡された虫の蛹の標本を取り出し、それを見つめながら深くため息をついた。
AvgDialog_73779_Content_31,btKA,avg星辰章2_AvgDialog_C_M.csv,1144,AvgDialog,Content,玩家,理性固然可贵，但道德与善良，也是人类与野兽的区别之一，不是吗？,理性はもちろん大切だ。\nだけど、道徳心や善良さも、人と獣を分けるものの一つ、でしょ？
AvgDialog_73778_Content_1,apQj,avg星辰章2_AvgDialog_C_M.csv,1145,AvgDialog,Content,克莱门汀战损版1,唔——,うっ——
AvgDialog_73778_Content_2,apQu,avg星辰章2_AvgDialog_C_M.csv,1146,AvgDialog,Content,,小镇无人在意的边缘房间里，正在进行一场单方面迫害。,町の片隅にある、誰も気に留めないような家の中で、一方的な迫害が行われていた。
AvgDialog_73778_Content_3,apQF,avg星辰章2_AvgDialog_C_M.csv,1147,AvgDialog,Content,,施害者动作温柔，近乎爱抚，手段却残酷异常。,クレメンタインの手つきは優しく、まるで慈しむようですらある。\nだが、その行いはあまりにも残酷だった。
AvgDialog_73778_Content_4,apQQ,avg星辰章2_AvgDialog_C_M.csv,1148,AvgDialog,Content,克莱门汀战损版1,为什么……要这样对我……,どうして……こんなことをするの……
AvgDialog_73778_Content_5,apRb,avg星辰章2_AvgDialog_C_M.csv,1149,AvgDialog,Content,克莱门汀（唤醒体）,不要害怕，这只是为了修正错误，进行的必要工作。,怖がることはありません。\nこれは誤りを正すために必要なことなんです。
AvgDialog_73778_Content_6,apRe,avg星辰章2_AvgDialog_C_M.csv,1150,AvgDialog,Content,克莱门汀战损版1,错误……？,誤り……？
AvgDialog_73778_Content_7,apRf,avg星辰章2_AvgDialog_C_M.csv,1151,AvgDialog,Content,克莱门汀（唤醒体）,是的，你的存在就是个错误。或者，我应该说得更清楚一些，你不该存在。,ええ、あなたという存在そのものが誤りなんです。\nもっと正確に言いましょうか。あなたは存在してはいけないのです。
AvgDialog_73778_Content_8,apRg,avg星辰章2_AvgDialog_C_M.csv,1152,AvgDialog,Content,克莱门汀（唤醒体）,真正的你早就已经死了，如今的你……很抱歉，你只是一个意外。,本来のあなたは、もうとっくに死んでいるんです。今のあなたは……残念ですが、ただの偶然によって生まれた存在にすぎません。
AvgDialog_73778_Content_9,apRh,avg星辰章2_AvgDialog_C_M.csv,1153,AvgDialog,Content,克莱门汀（唤醒体）,我现在的行为，只是让这个意外回归正轨，结束「克莱门汀」，也就是我们的分裂状态。,私はその偶然をあるべき姿へ戻さなければなりません。つまり、「クレメンタイン」——私たちが分裂した状態を終わらせるのです。
AvgDialog_73778_Content_10,apQk,avg星辰章2_AvgDialog_C_M.csv,1154,AvgDialog,Content,克莱门汀战损版1,你说谎、你在说谎！,嘘……そんなの嘘よ！
AvgDialog_73778_Content_11,apQl,avg星辰章2_AvgDialog_C_M.csv,1155,AvgDialog,Content,克莱门汀（唤醒体）,无法接受就开始拒绝承认真相吗？哎呀，真不愧是另一个我。,受け入れられないからといって、真実から目を背けるんですか？\nふふ、さすがはもう一人の私ですね。
AvgDialog_73778_Content_12,apQm,avg星辰章2_AvgDialog_C_M.csv,1156,AvgDialog,Content,克莱门汀（唤醒体）,但是如今的我已经摆脱了脆弱，成为了更伟大、坚强的存在了。,ですが、今の私はその弱さを克服しました。\nより偉大で、より強いな存在へと生まれ変わったのです。
AvgDialog_73778_Content_13,apQn,avg星辰章2_AvgDialog_C_M.csv,1157,AvgDialog,Content,克莱门汀（唤醒体）,记得你诞生的原因吗？没错，就是%player%创造了你，用@3——,あなたは、どうやって自分が生まれたのか覚えていますか？そう、%player%があなたを作り出したのです。@3を使って——
AvgDialog_73778_Content_14,apQo,avg星辰章2_AvgDialog_C_M.csv,1158,AvgDialog,Content,,施害者微笑着指了指自己的胸膛，心脏所在的位置。,彼女は微笑みながら、自分の胸——心臓のある場所を指さした。
AvgDialog_73778_Content_15,apQp,avg星辰章2_AvgDialog_C_M.csv,1159,AvgDialog,Content,克莱门汀（唤醒体）,这里，不受我控制的潜意识，被我抛弃的那些累赘——也就是你，响应了它。,この精神空間で、私の制御を離れた潜在意識——私が切り捨てた余計なもの、つまりあなたがそれに応えてしまったのです。
AvgDialog_73778_Content_16,apQq,avg星辰章2_AvgDialog_C_M.csv,1160,AvgDialog,Content,克莱门汀（唤醒体）,这引来了许多麻烦，就连这个空间本身，都开始陷入混乱，很是让人头疼呢。,そのせいで厄介なことになってしまいました。\nこの精神空間そのものまで混乱し始めて、本当に頭が痛いですよ。
AvgDialog_73778_Content_17,apQr,avg星辰章2_AvgDialog_C_M.csv,1161,AvgDialog,Content,克莱门汀（唤醒体）,所以，请你安静地消失吧，处理掉你之后，我还要继续对%player%的治疗。,ですから、どうか静かに消えてください。あなたを始末したら、私は%heorshe%の治療を続けなければならないのですから。
AvgDialog_73778_Content_18,apQs,avg星辰章2_AvgDialog_C_M.csv,1162,AvgDialog,Content,克莱门汀战损版1,不准伤害%heorshe%……,%heorshe%を……傷つけないで……
AvgDialog_73778_Content_19,apQt,avg星辰章2_AvgDialog_C_M.csv,1163,AvgDialog,Content,,受害者的手臂紧紧攥住了另一个自己，而回答是飞溅的血液。,クレメンタインは、もう一人の自分の腕を強くつかんだ。\n血飛沫があがる。
AvgDialog_73778_Content_20,apQv,avg星辰章2_AvgDialog_C_M.csv,1164,AvgDialog,Content,,施害者的手穿过另一个自己的血肉，探入腑脏，准备切断最后的生机。,彼女の手が、もう一人の自分の身体を貫いた。\nそしてそのまま心臓を狙い、命を絶とうとする。
AvgDialog_73778_Content_21,apQw,avg星辰章2_AvgDialog_C_M.csv,1165,AvgDialog,Content,克莱门汀（唤醒体）,啊，一切终于要结束了……,ああ、ついにすべてが終わるんですね……
AvgDialog_73778_Content_22,apQx,avg星辰章2_AvgDialog_C_M.csv,1166,AvgDialog,Content,伯克利,着火了！着火了！快救火！,火事、火事だ！早く火を消せ！
AvgDialog_73778_Content_23,apQy,avg星辰章2_AvgDialog_C_M.csv,1167,AvgDialog,Content,,"门外忽然吵闹起来。
克莱门汀停下手中动作，沉思了几秒，忽然露出了满是恶意的笑容。",突然、外が騒がしくなった。クレメンタインは手を止め、数秒考えこんだ後、悪意に満ちた笑みを浮かべた。
AvgDialog_73778_Content_24,apQz,avg星辰章2_AvgDialog_C_M.csv,1168,AvgDialog,Content,克莱门汀（唤醒体）,克莱门汀，另一个我，%player%来见你了。,クレメンタイン、もう一人の私。%player%があなたに会いにきましたよ。
AvgDialog_73778_Content_25,apQA,avg星辰章2_AvgDialog_C_M.csv,1169,AvgDialog,Content,伯克利,着火了！着火了！快救火！,火事、火事だ！早く火を消せ！
AvgDialog_73778_Content_26,apQB,avg星辰章2_AvgDialog_C_M.csv,1170,AvgDialog,Content,,一片慌乱中，你潜伏在黑暗里，见到克莱门汀离开，才闯进屋内。,辺りが騒然とする中、あなたは影に身を潜めていた。クレメンタインが立ち去るのを見届けると、あなたは部屋に駆け込んだ。
AvgDialog_73778_Content_27,apQC,avg星辰章2_AvgDialog_C_M.csv,1171,AvgDialog,Content,玩家,克莱门汀，我来救——,クレメンタイン、助けに——
AvgDialog_73778_Content_28,apQD,avg星辰章2_AvgDialog_C_M.csv,1172,AvgDialog,Content,,你的声音戛然而止，因为重伤的克莱门汀无法再和你逃离这里。,あなたの声が途切れる。\nクレメンタインは、もうここから逃げ出すことはできない。
AvgDialog_73778_Content_29,apQE,avg星辰章2_AvgDialog_C_M.csv,1173,AvgDialog,Content,,她就要死了。,彼女は、もうすぐ息絶えようとしていた。
AvgDialog_73778_Content_30,apQG,avg星辰章2_AvgDialog_C_M.csv,1174,AvgDialog,Content,玩家,……,……
AvgDialog_73778_Content_31,apQH,avg星辰章2_AvgDialog_C_M.csv,1175,AvgDialog,Content,克莱门汀战损版1,%player%……？,%player%……？
AvgDialog_73778_Content_32,apQI,avg星辰章2_AvgDialog_C_M.csv,1176,AvgDialog,Content,玩家,我在这里。,ここにいるよ。
AvgDialog_73778_Content_33,apQJ,avg星辰章2_AvgDialog_C_M.csv,1177,AvgDialog,Content,,克莱门汀用最后的力气看向你，叫出你的名字。而你，走过去握住了她的手。,クレメンタインが最後の力を振り絞り、あなたの名前を呼ぶ。\nあなたは彼女の元へ駆け寄り、その手を握った。
AvgDialog_73778_Content_34,apQK,avg星辰章2_AvgDialog_C_M.csv,1178,AvgDialog,Content,克莱门汀战损版1,谢谢……你来救我……,ありがとう……助けに来てくれて……
AvgDialog_73778_Content_35,apQL,avg星辰章2_AvgDialog_C_M.csv,1179,AvgDialog,Content,玩家,……不用谢。我只是坚持了……,……お礼はいらないよ。私はただ、守ろうとしただけ……
AvgDialog_73778_Content_36,apQM,avg星辰章2_AvgDialog_C_M.csv,1180,AvgDialog,Content,克莱门汀战损版1,人类的自我认知和……灵魂？,人間という自己認識と……魂を？
AvgDialog_73778_Content_37,apQN,avg星辰章2_AvgDialog_C_M.csv,1181,AvgDialog,Content,,克莱门汀最后向你微笑，失血导致的寒冷令她不由自主地靠进你怀里。,クレメンタインは最後に微笑むと、失血による冷えに震えながら、あなたの胸元へと身を寄せた。
AvgDialog_73778_Content_38,apQO,avg星辰章2_AvgDialog_C_M.csv,1182,AvgDialog,Content,克莱门汀战损版1,好冷啊，我是不是要死了……可是我还没、真正看过这个世界……,寒い……私、もう死ぬのかな……でも、まだ……本当の世界を見ていない……
AvgDialog_73778_Content_39,apQP,avg星辰章2_AvgDialog_C_M.csv,1183,AvgDialog,Content,克莱门汀战损版1,我想看看真正的人类世界，想像……普通人那样活一次……,本当の人間の世界を見てみたい。\n一度でいいから、普通の人間みたいに生きてみたい……
AvgDialog_73778_Content_40,apQR,avg星辰章2_AvgDialog_C_M.csv,1184,AvgDialog,Content,克莱门汀战损版1,我想……破蛹……新生……,私も……繭を破って……生まれ変わりたい……
AvgDialog_73778_Content_41,apQS,avg星辰章2_AvgDialog_C_M.csv,1185,AvgDialog,Content,,一滴泪从眼角落下，那是逐渐停止呼吸的克莱门汀对这个世界最后的留恋。,涙が目尻から零れ落ちる。それは、呼吸が次第に途絶えゆくクレメンタインが、この世界に残した最後の未練だった。
AvgDialog_73778_Content_42,apQT,avg星辰章2_AvgDialog_C_M.csv,1186,AvgDialog,Content,玩家,……晚安，克莱门汀。,……おやすみ、クレメンタイン。
AvgDialog_73778_Content_43,apQU,avg星辰章2_AvgDialog_C_M.csv,1187,AvgDialog,Content,,你替克莱门汀整理好凌乱的碎发，擦干她身上的血迹。,あなたはクレメンタインの乱れた髪を整え、その顔についた血を拭き取る。
AvgDialog_73778_Content_44,apQV,avg星辰章2_AvgDialog_C_M.csv,1188,AvgDialog,Content,,你知道那双眼睛不会再睁开，你只是在给她最后的尊严与体面。,その瞳が二度と開かないことを理解しながら、それでも彼女に最後の尊厳を残してあげたかった。
AvgDialog_73778_Content_45,apQW,avg星辰章2_AvgDialog_C_M.csv,1189,AvgDialog,Content,,做完这一切后，你看向门口，对着空气说话。,すべてを終えた後、あなたは扉の方へと視線を向け、誰もいない空間に向かって口を開く。
AvgDialog_73778_Content_46,apQX,avg星辰章2_AvgDialog_C_M.csv,1190,AvgDialog,Content,玩家,克莱门汀，不出来收网吗？你用另一个自己作为陷阱，而我跳进来了。,もう隠れるのはやめたの？クレメンタイン。君はもう一人の自分を囮に使ったんだね。そして、私はその罠に引っかかった。
AvgDialog_73778_Content_47,apQY,avg星辰章2_AvgDialog_C_M.csv,1191,AvgDialog,Content,克莱门汀（唤醒体）,陷阱？原来你是这样理解我的行为。,罠、ですか？あなたはそう解釈するのですね。
AvgDialog_73778_Content_48,apQZ,avg星辰章2_AvgDialog_C_M.csv,1192,AvgDialog,Content,,克莱门汀凭空出现在房间里，带着常规的微笑。,何もない空間からクレメンタインが姿を現し、いつもと変わらぬ微笑みを浮かべる。
AvgDialog_73778_Content_49,apRa,avg星辰章2_AvgDialog_C_M.csv,1193,AvgDialog,Content,克莱门汀（唤醒体）,但实际上，我只是出于一个医生的博爱与仁慈，为你考虑而已。,私はただ、医師としての博愛と慈悲から、あなたのためを思って行動しただけですよ。
AvgDialog_73778_Content_50,apRc,avg星辰章2_AvgDialog_C_M.csv,1194,AvgDialog,Content,克莱门汀（唤醒体）,你来这里不就是想要见见她吗？而我，没有拒绝你的请求，还贴心地给你们留出了空间。,あなたがここに来たのも、彼女に会いたかったからでしょう？\n私は、お二人のために時間と場所を用意したまでです。
AvgDialog_73778_Content_51,apRd,avg星辰章2_AvgDialog_C_M.csv,1195,AvgDialog,Content,玩家,……少在这里偷换概念。你明知道我真正的目的是救她，而非见她。,……話をすり替えないで。君にはわかっていたはずだ。\n私の本当の目的は彼女を救うことであって、会うことじゃない。
AvgDialog_73778_Content_52,bqwB,avg星辰章2_AvgDialog_C_M.csv,1196,AvgDialog,Content,克莱门汀（唤醒体）,哎呀，被你发现了。但我的目的已经达到了不是吗？,あら、見抜かれてしまいましたか。\nですが、私の目的はすでに果たされています。
AvgDialog_73778_Content_53,bqwC,avg星辰章2_AvgDialog_C_M.csv,1197,AvgDialog,Content,克莱门汀（唤醒体）,那些虫鳞，让你很痛吧。再忍耐一下，很快，一切很快就要结束了。,その虫のような鱗、ずいぶん痛かったでしょう。もう少しだけ我慢してください。すぐに、すべてが終わりますから。
AvgDialog_73778_Content_54,bqwD,avg星辰章2_AvgDialog_C_M.csv,1198,AvgDialog,Content,,克莱门汀笑起来，与此同时，恐怖的嘶鸣瞬间入侵了你的身体和灵魂。,クレメンタインは微笑んだ。同時に、身の毛もよだつ嘶きが、あなたの肉体と魂を瞬く間に侵食する。
AvgDialog_73778_Content_55,bqwE,avg星辰章2_AvgDialog_C_M.csv,1199,AvgDialog,Content,,你没有拒绝，放任自己陷入了昏厥。,あなたは抗う間もなく、意識を失った。
AvgDialog_73778_Content_56,btKw,avg星辰章2_AvgDialog_C_M.csv,1200,AvgDialog,Content,克莱门汀（唤醒体）,%player%，欢迎进入疗程的最后阶段，<Yellow:生命仪式>。,%player%、治療はいよいよ最終段階——<Yellow:生命の儀式>が始まります。
AvgDialog_73778_Content_57,btKx,avg星辰章2_AvgDialog_C_M.csv,1201,AvgDialog,Content,克莱门汀（唤醒体）,当一切结束，你将迎来真正的转化与新生——我的朋友，我的同族。,すべてが終われば、あなたは真の転化と新たな生を手にするでしょう。そして、あなたは我々の友となり、同胞となるのです。
AvgDialog_73795_Content_1,aqil,avg星辰章2_AvgDialog_C_M.csv,1202,AvgDialog,Content,,蝴蝶飞,蝶が舞う
AvgDialog_73795_Content_2,aqiw,avg星辰章2_AvgDialog_C_M.csv,1203,AvgDialog,Content,,再次睁眼时，你的视线被一个古怪诡异的祭坛占满。,再び目を覚ますと、そこには奇怪で禍々しい祭壇が広がっていた。
AvgDialog_73795_Content_3,aqiH,avg星辰章2_AvgDialog_C_M.csv,1204,AvgDialog,Content,,你被捆在祭坛里，和许多陷入沉睡的身影一起，作为祭品，迎接仪式。,あなたは祭壇に縛りつけられており、眠りに落ちた人々が周りを囲むように横たわっている。
AvgDialog_73795_Content_4,aqiN,avg星辰章2_AvgDialog_C_M.csv,1205,AvgDialog,Content,玩家,这些，都是被困在疗养院的人？！,彼らはもしかして、療養所に閉じ込められていた人たち！？
AvgDialog_73795_Content_5,aqiO,avg星辰章2_AvgDialog_C_M.csv,1206,AvgDialog,Content,克莱门汀（唤醒体）,可以这么说，但比起人类或者祭品这样的称呼，我更喜欢「同族」这个词。,そうなりますね。ですが、人間や生贄などという呼び方よりも、私は「同族」という言葉のほうが好きですね。
AvgDialog_73795_Content_6,aqiP,avg星辰章2_AvgDialog_C_M.csv,1207,AvgDialog,Content,克莱门汀（唤醒体）,<Yellow:生命仪式>，源自古老虫族的产物，能够让人类抛弃低层次的躯壳，拥抱更加伟大的生命形式，完成由人到@2的转化。,<Yellow:生命の儀式>——それは虫族に古くから伝わる儀式です。\n人間という下等な器を捨て去り、より高次の生命へと至る。\nそして、人から@2への転化を果たすのです。
AvgDialog_73795_Content_7,aqiQ,avg星辰章2_AvgDialog_C_M.csv,1208,AvgDialog,Content,克莱门汀（唤醒体）,当然，当存在形式更改，你的内在、你的思维、你的意识，也必然会产生变化。,もちろん、存在そのものが変われば、あなたの内面も、思考も、意識も、それに伴って変化します。
AvgDialog_73795_Content_8,aqiR,avg星辰章2_AvgDialog_C_M.csv,1209,AvgDialog,Content,玩家,具身认知理论？,身体化された認知理論、か。
AvgDialog_73795_Content_9,aqiS,avg星辰章2_AvgDialog_C_M.csv,1210,AvgDialog,Content,克莱门汀（唤醒体）,哎呀，看来你还是将我的话听进去了，这也属于暗示的一种哦，%player%。,あら、私の話をちゃんと聞いていてくださったようですね。\nそれもまた、一種の暗示ですよ、%player%。
AvgDialog_73795_Content_10,aqim,avg星辰章2_AvgDialog_C_M.csv,1211,AvgDialog,Content,克莱门汀（唤醒体）,不过仪式比理论更高级，当@2种族的历史在你的脑海中闪过时，那些知识会促使你蜕化新生，从身躯到认知都成为我的同族。,ですが、この儀式は理論などより、はるかに高度なものです。\n@2という種族の歴史があなたの脳裏を駆け巡るとき、その知識はあなたを新たな存在へと羽化させるでしょう。\n肉体だけでなく、認識さえも我々の同族となるのです。
AvgDialog_73795_Content_11,aqin,avg星辰章2_AvgDialog_C_M.csv,1212,AvgDialog,Content,克莱门汀（唤醒体）,一只真正的@2虫族。,——真の@2虫族へ。
AvgDialog_73795_Content_12,aqio,avg星辰章2_AvgDialog_C_M.csv,1213,AvgDialog,Content,玩家,……那克莱门汀呢？另一个克莱门汀，你为什么要杀了她。,……クレメンタインは？\nどうして、もう一人のクレメンタインを殺したの？
AvgDialog_73795_Content_13,aqip,avg星辰章2_AvgDialog_C_M.csv,1214,AvgDialog,Content,克莱门汀（唤醒体）,答案很明显不是吗？心灵空间只需要一个掌控者，那就是我。,答えは明白でしょう？この精神空間の支配者は一人いれば十分。\nその座にいるのは、この私です。
AvgDialog_73795_Content_14,aqiq,avg星辰章2_AvgDialog_C_M.csv,1215,AvgDialog,Content,克莱门汀（唤醒体）,更何况她的认知……出了一些问题。,それに、あの子の認識には少々……問題がありましたから。
AvgDialog_73795_Content_15,aqir,avg星辰章2_AvgDialog_C_M.csv,1216,AvgDialog,Content,玩家,是指让你对自己的认知产生冲突，还是指是让这个心灵空间崩溃？,問題というのは、自分自身の認識と矛盾を起こしていたから？\nそれとも、この精神空間そのものを崩壊させかねなかったから？
AvgDialog_73795_Content_16,aqis,avg星辰章2_AvgDialog_C_M.csv,1217,AvgDialog,Content,克莱门汀（唤醒体）,你还是这么充满了好奇精神，我非常欣赏。只是可惜，时间到了，仪式必须开始。,相変わらず、あなたは好奇心旺盛ですね。そんなところも嫌いではありません。ですが、もう時間です。儀式を始めなければなりません。
AvgDialog_73795_Content_17,aqit,avg星辰章2_AvgDialog_C_M.csv,1218,AvgDialog,Content,,下一刻，克莱门汀启动祭坛，那充满非人感的祭坛立刻发出了光芒。,クレメンタインが祭壇を起動すると、異形じみたその祭壇はたちまち妖しい光を放ち始めた。
AvgDialog_73795_Content_18,aqiu,avg星辰章2_AvgDialog_C_M.csv,1219,AvgDialog,Content,,随后，某种无形的恐怖带着诡异的嘶鸣缓慢降临。,そして、耳障りな嘶きを伴った名状しがたい恐怖が、ゆっくりとこの場へ降り立つ。
AvgDialog_73795_Content_19,aqiv,avg星辰章2_AvgDialog_C_M.csv,1220,AvgDialog,Content,,"熟悉的流窜感再次来临，你感觉什么东西在消失——
某种未知生命榨取着你的存在本身，让你逐渐变得不再像你自己。",再び、あの体を這い回るような感覚に襲われる。\n何かが失われていく——あなたという存在そのものが、未知の存在に搾り取られ、自分が自分でなくなっていく。
AvgDialog_73795_Content_20,aqix,avg星辰章2_AvgDialog_C_M.csv,1221,AvgDialog,Content,,这是种看不见的转变，但你明确感知到了自己的崩溃。就像机器，一个齿轮接着一个齿轮扭曲，转化，畸变，直到彻底变成虫子。,目に見える変化ではない。\nそれでも、あなたは確かに自らが崩れていくのを感じていた。\nまるで機械のように、一つ、また一つと歯車が歪み、組み替えられ、完全な虫へと作り替えられていく。
AvgDialog_73795_Content_21,aqiy,avg星辰章2_AvgDialog_C_M.csv,1222,AvgDialog,Content,玩家,但人不是机器。,だけど、人間は機械じゃない。
AvgDialog_73795_Content_22,aqiz,avg星辰章2_AvgDialog_C_M.csv,1223,AvgDialog,Content,,令人痛苦的光芒里，你看向那些陷入沉睡的身影——他们或许只是这世界平凡的某人，但他们的生命，每个都宝贵无比。,苦痛に満ちた光の中で、あなたは眠り続ける人々へと目を向けた。\n彼らは、この世界のどこにでもいる、平凡な誰かなのかもしれない。\nそれでも、その命は、どれもがかけがえのないものだった。
AvgDialog_73795_Content_23,aqiA,avg星辰章2_AvgDialog_C_M.csv,1224,AvgDialog,Content,玩家,进入这间疗养院后，我就一直处于被动，被动地与威廉分开，被动地失去银钥匙，被动地看着另一个克莱门汀死去。,この療養所に来てから、私はずっと受け身だった。\n受け身のまま、ウィリアムと引き離され、シルバーキーを失い、もう一人のクレメンタインが死ぬのを見届けるしかなかった。
AvgDialog_73795_Content_24,aqiB,avg星辰章2_AvgDialog_C_M.csv,1225,AvgDialog,Content,玩家,因为我背负着他人的生命，因为我害怕自己出现差错，引发更加不可收拾的后果，但现在我才明白，犹豫只是让我失去更多。,なぜなら私は、誰かの命を背負っていたから。判断を誤れば、取り返しのつかない結果を招くかもしれないと思っていた。\nでも、今になってようやくわかった。\n迷いは、失うものを増やすだけなんだ。
AvgDialog_73795_Content_25,aqiC,avg星辰章2_AvgDialog_C_M.csv,1226,AvgDialog,Content,玩家,所以上一次，我没有反抗。因为我要在这里，在所谓的生命仪式上，做出决断。,だから今回、私は抵抗しなかった。\nこの場所で、この「生命の儀式」の場で、決断を下すために。
AvgDialog_73795_Content_26,aqiD,avg星辰章2_AvgDialog_C_M.csv,1227,AvgDialog,Content,克莱门汀（唤醒体）,做出决断？何必继续挣扎，成为我的同族不好吗？,決断、ですか？なぜそこまでして抗おうとするのです？\n我々の同族となることの、何がいけないというのでしょう。
AvgDialog_73795_Content_27,aqiE,avg星辰章2_AvgDialog_C_M.csv,1228,AvgDialog,Content,克莱门汀（唤醒体）,世界不止这里，不止地球，还有广袤的宇宙，抛弃脆弱的人类本身，拥抱更加伟大、更加深邃的宇宙吧。,世界はここだけではありません。地球だけでもありません。外には、広大な宇宙が広がっています。脆く矮小な人間という殻を捨て去り、より偉大で、より深遠な宇宙を受け入れてください。
AvgDialog_73795_Content_28,aqiF,avg星辰章2_AvgDialog_C_M.csv,1229,AvgDialog,Content,,你闭上眼睛，放开意识追溯胸前那遗失的物品——无所保留，无所顾忌。,あなたは目を閉じる。そして、今は胸元にないシルバーキーを意識の中で辿る。恐れるものなど、なにもない。
AvgDialog_73795_Content_29,aqiG,avg星辰章2_AvgDialog_C_M.csv,1230,AvgDialog,Content,玩家,人类的确脆弱，但脆弱不代表不坚韧、不勇敢、不伟大。当人性闪耀辉光时，就连最深沉的黑暗也可以照亮。,人間は確かに脆い。だけど、脆さは弱さを意味するわけでも、勇気のなさを意味するわけでも、ましてや矮小さを意味するわけでもない。\n人間性の輝きは、どんなに深い闇であろうと照らし出せるんだ。
AvgDialog_73795_Content_30,aqiI,avg星辰章2_AvgDialog_C_M.csv,1231,AvgDialog,Content,玩家,而人性的辉光，是理智、是道德、是善良、是真诚、是无私，以及最重要的，勇气。,その光とは、理性であり、道徳であり、善良さであり、誠実さであり、無私の心であり——そして何より、勇気だ。
AvgDialog_73795_Content_31,aqiJ,avg星辰章2_AvgDialog_C_M.csv,1232,AvgDialog,Content,玩家,这些辉光，会让人们互相扶持，共渡难关，迎接美好的黎明与未来。,その輝きがあるからこそ、人は互いに支え合い、困難を乗り越え、やがて希望に満ちた未来へたどり着ける。
AvgDialog_73795_Content_32,aqiK,avg星辰章2_AvgDialog_C_M.csv,1233,AvgDialog,Content,,意识剧痛难忍，然后是皮肤渗血，崩裂，但你没有停止。你的心意已决。,意識が引き裂かれるような激痛が走る。皮膚が裂け、血が滲む。\nそれでもあなたは止めようとしなかった。心はすでに決まっている。
AvgDialog_73795_Content_33,aqiL,avg星辰章2_AvgDialog_C_M.csv,1234,AvgDialog,Content,玩家,回应我的呼唤，银钥匙。为了拯救所有人。,呼びかけに応えよ、シルバーキー。私はすべての人を助けるんだ。
AvgDialog_73795_Content_34,aqiM,avg星辰章2_AvgDialog_C_M.csv,1235,AvgDialog,Content,克莱门汀（唤醒体）,作为患者，%player%你可真是不合格。,%player%、あなたは患者としては失格ですね。
AvgDialog_73795_Content_35,bqxV,avg星辰章2_AvgDialog_C_M.csv,1236,AvgDialog,Content,克莱门汀（唤醒体）,但我是合格的心理医生，知道该如何引导和治疗犯错的患者。,ですが、私は優秀な精神科医です。\n患者を導き、治療する方法は心得ています。
AvgDialog_73795_Content_36,bqxW,avg星辰章2_AvgDialog_C_M.csv,1237,AvgDialog,Content,克莱门汀（唤醒体）,治疗过程可能伴随着人格解离、抑郁狂躁，别怕，我会尽量温柔一些的。,治療の過程では、人格の解離、抑うつ、躁状態が伴うかもしれません。怖がらなくてもいいですよ。できるだけ優しく行いますから。
AvgDialog_73794_Content_1,aqhc,avg星辰章2_AvgDialog_C_M.csv,1238,AvgDialog,Content,,无声的厮杀里，突然传来了什么东西破碎的声音。,静かな死闘の中で、突然、何かが弾ける音がした。
AvgDialog_73794_Content_2,aqhn,avg星辰章2_AvgDialog_C_M.csv,1239,AvgDialog,Content,,随后，你感觉什么东西在你的口袋里翻涌，飞腾，彻底冲开了束缚。,あなたのポケットの中で何かが蠢き、跳ね上がり、束縛から解き放たれるのを感じる。
AvgDialog_73794_Content_3,aqhy,avg星辰章2_AvgDialog_C_M.csv,1240,AvgDialog,Content,,无数由光芒组成的蝴蝶出现在你的面前，它们翻飞着、消融着、以身躯阻挡克莱门汀对你的精神攻击。,数え切れないほどの光の蝶が、あなたの目の前に現れた。それらはひらひらと舞い、溶け、クレメンタインの精神攻撃を防いでいる。
AvgDialog_73794_Content_4,aqhJ,avg星辰章2_AvgDialog_C_M.csv,1241,AvgDialog,Content,克莱门汀（唤醒体）,……残留意志转化成的光蝶？,……残留意志が、蝶に変化したというのですか？
AvgDialog_73794_Content_5,aqhU,avg星辰章2_AvgDialog_C_M.csv,1242,AvgDialog,Content,,你下意识搜索口袋，只翻出了一些残破的碎屑，虫蛹标本碎屑。,あなたははっとしてポケットの中を探る。そこに残っていたのは、砕け散った欠片——蛹の標本の残骸だけだった。
AvgDialog_73794_Content_6,aqif,avg星辰章2_AvgDialog_C_M.csv,1243,AvgDialog,Content,玩家,破蛹新生……是克莱门汀！,蛹からの羽化……クレメンタイン！
AvgDialog_73794_Content_7,aqii,avg星辰章2_AvgDialog_C_M.csv,1244,AvgDialog,Content,克莱门汀（唤醒体）,另一个我……死去后的残留意志在保护你？,もう一人の私が……死後に残った意志があなたを守っているというのですか？
AvgDialog_73794_Content_8,aqij,avg星辰章2_AvgDialog_C_M.csv,1245,AvgDialog,Content,克莱门汀（唤醒体）,为什么……连「我」也无法明白我的决定？,どうして……「私」は、私自身の決断さえ理解できないの？
AvgDialog_73794_Content_9,aqik,avg星辰章2_AvgDialog_C_M.csv,1246,AvgDialog,Content,,后面的话你再听不见，因为那些光芒组成的蝴蝶涌向了你，围绕了你，融入了你，像一个虫蛹，将你裹藏。,その言葉があなたに届くことはなかった。光の蝶たちが押し寄せ、周囲を覆い、そしてあなたの中へと溶け込んでいく。\nそれらはまるで蛹のように、あなたを包み込んだ。
AvgDialog_73794_Content_10,aqhd,avg星辰章2_AvgDialog_C_M.csv,1247,AvgDialog,Content,艾伦？,克莱门汀，醒醒，快醒醒。,クレメンタイン、起きて。早く起きるんだ。
AvgDialog_73794_Content_11,aqhe,avg星辰章2_AvgDialog_C_M.csv,1248,AvgDialog,Content,,如之前阅览他人的记忆，你不受控制地睁开了眼睛。,自分の意思とは関係なく、目が開く。\nこれまでと同じように、また誰かの記憶を見ているらしい。
AvgDialog_73794_Content_12,aqhf,avg星辰章2_AvgDialog_C_M.csv,1249,AvgDialog,Content,克莱门汀八章,父亲……怎么了？,父さん……どうしたの？
AvgDialog_73794_Content_13,aqhg,avg星辰章2_AvgDialog_C_M.csv,1250,AvgDialog,Content,玩家,我这是、进入了克莱门汀的记忆？看样子，还是克莱门汀成为唤醒体前的记忆……,これは……クレメンタインの記憶？\nクレメンタインが覚醒体になる前の記憶みたいだ……
AvgDialog_73794_Content_14,aqhh,avg星辰章2_AvgDialog_C_M.csv,1251,AvgDialog,Content,,未等你细想，一个满脸惊慌的人影出现在你眼前——那是克莱门汀的父亲。,考える間もなく、ひどく狼狽した男が目の前に現れた——クレメンタインの父親だった。
AvgDialog_73794_Content_15,aqhi,avg星辰章2_AvgDialog_C_M.csv,1252,AvgDialog,Content,艾伦,他们、他们来了，带着武器。,やつらが来た……武器を持っている。
AvgDialog_73794_Content_16,aqhj,avg星辰章2_AvgDialog_C_M.csv,1253,AvgDialog,Content,克莱门汀八章,谁？,誰が？
AvgDialog_73794_Content_17,aqhk,avg星辰章2_AvgDialog_C_M.csv,1254,AvgDialog,Content,,枪声代替了父亲的回答，一同出现的，还有惨叫，族人的惨叫。,銃声が父の答えの代わりとなり、同時に悲鳴が響く。\n仲間たちの悲鳴だ。
AvgDialog_73794_Content_18,aqhl,avg星辰章2_AvgDialog_C_M.csv,1255,AvgDialog,Content,,「怪物，滚出去」，有人这样咒骂着，「异类，恶心的东西」，有人这样叫嚣着。,「怪物め、出ていけ！」と罵る声が聞こえる。\n「異端者よ、気持ち悪い！」と叫ぶ声も聞こえる。
AvgDialog_73794_Content_19,aqhm,avg星辰章2_AvgDialog_C_M.csv,1256,AvgDialog,Content,克莱门汀八章,可这里不是我们的家吗，父亲？,父さん、ここは私たちの家じゃないの？
AvgDialog_73794_Content_20,aqho,avg星辰章2_AvgDialog_C_M.csv,1257,AvgDialog,Content,克莱门汀八章,你带奥利弗叔叔，还有那些渴望改变，渴望活出个人样的族人来到这里，就是为了打造新的家园……,父さんは、オリバーおじさんや人間らしく生きたいと願った人たちを連れてここに来たんでしょう？新しい故郷を作るために……
AvgDialog_73794_Content_21,aqhp,avg星辰章2_AvgDialog_C_M.csv,1258,AvgDialog,Content,艾伦,……我错了。我低估了人类面对恐惧与未知时的兽性。,……私が間違っていた。\n人間が恐怖と未知に直面したときに見せる残酷さを、甘く見ていた。
AvgDialog_73794_Content_22,aqhq,avg星辰章2_AvgDialog_C_M.csv,1259,AvgDialog,Content,艾伦,也许我们……我们这些异类，对于人类社会而言，永远都是叛徒——天生的叛徒。,きっと私たちは……私たちのような異形は、人間社会には永遠に受け入れられないのかもしれない——生まれながらの異端者として。
AvgDialog_73794_Content_23,aqhr,avg星辰章2_AvgDialog_C_M.csv,1260,AvgDialog,Content,,然后，是一阵奔逃，以及惨叫、枪声、血液，还有怀中的死亡。,その後に続いたのは、終わりの見えない逃避行だった。\n悲鳴、銃声、流れる血——そして、腕の中で迎える死。
AvgDialog_73794_Content_24,aqhs,avg星辰章2_AvgDialog_C_M.csv,1261,AvgDialog,Content,奥利弗头像,不要哭，能保护你……是我的荣幸。,泣くな……お前を守れたことは……私の誇りだ。
AvgDialog_73794_Content_25,aqht,avg星辰章2_AvgDialog_C_M.csv,1262,AvgDialog,Content,克莱门汀八章,奥利弗叔叔，奥利弗叔叔，不要死……求求你不要死……,オリバーおじさん……オリバーおじさん！\n死なないで……お願い、死なないで……
AvgDialog_73794_Content_26,aqhu,avg星辰章2_AvgDialog_C_M.csv,1263,AvgDialog,Content,奥利弗头像,我不会死……只要你记得我，我就不会死……对不对，艾伦？,私は死なないさ……お前が私を覚えていてくれる限り、私は死なない……そうだろう、アレン？
AvgDialog_73794_Content_27,aqhv,avg星辰章2_AvgDialog_C_M.csv,1264,AvgDialog,Content,艾伦,……,……
AvgDialog_73794_Content_28,aqhw,avg星辰章2_AvgDialog_C_M.csv,1265,AvgDialog,Content,,父亲沉默着，而克莱门汀，第一次明白了死亡。,父は黙ったままだった。\nそしてクレメンタインは、そのとき初めて「死」を知った。
AvgDialog_73794_Content_29,aqhx,avg星辰章2_AvgDialog_C_M.csv,1266,AvgDialog,Content,,生命的重量是如此之轻，还没握住，就已经流逝。,命とは、あまりにも儚いものだった。\n掴もうとしたその瞬間には、もう指の間から零れ落ちてしまう。
AvgDialog_73794_Content_30,aqhz,avg星辰章2_AvgDialog_C_M.csv,1267,AvgDialog,Content,克莱门汀八章,咳咳，父亲，我想要更多的酊剂，给我更多的酊剂，求你了。,ゴホゴホッ……父さん、もっと薬をください……お願い……
AvgDialog_73794_Content_31,aqhA,avg星辰章2_AvgDialog_C_M.csv,1268,AvgDialog,Content,艾伦,不行，不可以再增加药量了，你会死的。,駄目だ。これ以上、薬の量は増やせない。お前が死んでしまう。
AvgDialog_73794_Content_32,aqhB,avg星辰章2_AvgDialog_C_M.csv,1269,AvgDialog,Content,克莱门汀八章,可是那样，咳……至少我死的时候是安宁的，没有痛苦的，父亲……,でも、それなら……ゴホッ……せめて、最期くらいは、安らかに……苦しまずに逝きたいんです……父さん……
AvgDialog_73794_Content_33,aqhC,avg星辰章2_AvgDialog_C_M.csv,1270,AvgDialog,Content,艾伦,不要再提这个话题！求你了，克莱门汀，不要再提这个话题。我无法失去你。,その話はやめてくれ！頼む、クレメンタイン……二度と、そんなことは言わないでくれ。お前を失うなんて、私には耐えられない。
AvgDialog_73794_Content_34,aqhD,avg星辰章2_AvgDialog_C_M.csv,1271,AvgDialog,Content,艾伦,我、我宁愿失去生命，也不愿失去你……,私は……この命を失うことになっても、お前だけは失いたくない……
AvgDialog_73794_Content_35,aqhE,avg星辰章2_AvgDialog_C_M.csv,1272,AvgDialog,Content,,泪水顺着眼角留下，淹没克莱门汀的沉默，克莱门汀的绝望，还有克莱门汀不断失去的什么东西。,父の頬を伝った涙が、ぽたりと零れ落ちる。\nその涙は、クレメンタインの沈黙を、絶望を、そして彼女の中から少しずつ失われていく何かを、静かに包み込んでいった。
AvgDialog_73794_Content_36,aqhF,avg星辰章2_AvgDialog_C_M.csv,1273,AvgDialog,Content,,那是她第一次品尝到人的痛苦——身为人，成为人，维持人性的痛苦。,それは、クレメンタインが初めて知った、人としての苦しみだった——人として生きる苦しみ、人になる苦しみ。そして、人間らしさを保ち続ける苦しみ。
AvgDialog_73794_Content_37,aqhG,avg星辰章2_AvgDialog_C_M.csv,1274,AvgDialog,Content,艾伦,克莱门汀，我们要离开这里。我已经预定好了马车，现在就出发。,クレメンタイン、ここを出よう。\n馬車の手配は済ませてある。今すぐ出発するんだ。
AvgDialog_73794_Content_38,aqhH,avg星辰章2_AvgDialog_C_M.csv,1275,AvgDialog,Content,,然而没有声音回答。,しかし、返事はなかった。
AvgDialog_73794_Content_39,aqhI,avg星辰章2_AvgDialog_C_M.csv,1276,AvgDialog,Content,艾伦,克莱门汀！,クレメンタイン！
AvgDialog_73794_Content_40,aqhK,avg星辰章2_AvgDialog_C_M.csv,1277,AvgDialog,Content,,熟练地试探鼻息，确认女儿还有微弱的呼吸后，父亲脱力地跪在了地上。,父は慣れた手つきで娘の鼻先に手を当てる。まだかすかに呼吸していることを確かめると、その場に力なく膝をついた。
AvgDialog_73794_Content_41,aqhL,avg星辰章2_AvgDialog_C_M.csv,1278,AvgDialog,Content,,膝盖叩拜地板的声音，惊醒了克莱门汀。,膝が床を打つ音で、クレメンタインはゆっくりと目を覚ます。
AvgDialog_73794_Content_42,aqhM,avg星辰章2_AvgDialog_C_M.csv,1279,AvgDialog,Content,克莱门汀八章,父亲……我好像听到你说，要离开这里？,父さん……今、ここを離れるって言ったの？
AvgDialog_73794_Content_43,aqhN,avg星辰章2_AvgDialog_C_M.csv,1280,AvgDialog,Content,艾伦,是的，离开这里，回到……回到故乡。,そうだ。ここを出る。そして……故郷へ帰る。
AvgDialog_73794_Content_44,aqhO,avg星辰章2_AvgDialog_C_M.csv,1281,AvgDialog,Content,克莱门汀八章,可是你一生的心愿就是远离那里。,でも、父さんの一番の願いは、あそこから離れることだったでしょう？
AvgDialog_73794_Content_45,aqhP,avg星辰章2_AvgDialog_C_M.csv,1282,AvgDialog,Content,克莱门汀八章,你说，咳咳，那不是人类该居住的地方，任何想要活出个人样的人，都必须离开那里。,父さんは言ってた……ゴホッ、ゴホッ……\nあそこは人間の住む場所じゃないって。\n人間らしく生きたいなら、あそこを離れなきゃって……
AvgDialog_73794_Content_46,aqhQ,avg星辰章2_AvgDialog_C_M.csv,1283,AvgDialog,Content,艾伦,……是的，我是这样说过。,……そうだ。確かに私はそう言った。
AvgDialog_73794_Content_47,aqhR,avg星辰章2_AvgDialog_C_M.csv,1284,AvgDialog,Content,艾伦,但那和我们回去并不冲突。因为我现在才明白，什么才是我生命中最重要的。,だが、そんなことはもうどうでもいい。今になってようやく気づいたんだ。私にとって何が最も大切なのかを。
AvgDialog_73794_Content_48,aqhS,avg星辰章2_AvgDialog_C_M.csv,1285,AvgDialog,Content,艾伦,是你，克莱门汀，只要你活着，我的生命就是圆满的。,それはお前だ、クレメンタイン。\nお前が生きてさえいてくれれば、それだけでいい。
AvgDialog_73794_Content_49,aqhT,avg星辰章2_AvgDialog_C_M.csv,1286,AvgDialog,Content,,门外响起铃声，那是马车夫在摇晃挂在马车上的铃铛，催促客人上路。,扉の外で鈴の音が響く。\n御者が馬に吊るした鈴を鳴らし、出発を急かしているのだ。
AvgDialog_73794_Content_50,aqhV,avg星辰章2_AvgDialog_C_M.csv,1287,AvgDialog,Content,艾伦,来，我抱着你。故乡的房子已经托人打点好了，和这里差不多，你会喜欢的。,さあ、おいで。私が抱いていこう。故郷の家はもう手配してある。\nこことそう変わらない場所だ。お前もきっと気に入るだろう。
AvgDialog_73794_Content_51,aqhW,avg星辰章2_AvgDialog_C_M.csv,1288,AvgDialog,Content,艾伦,还有你的病，也会好起来的。那些……族人，最擅长治疗这种病症。,お前の病気も、きっと良くなる。\nあの……同胞たちは、この手の病を治すのが得意だから。
AvgDialog_73794_Content_52,aqhX,avg星辰章2_AvgDialog_C_M.csv,1289,AvgDialog,Content,艾伦,他们向我保证过，只要我……只要你过去，很快就会给你举行仪式。,彼らも約束してくれた。\n私が……いや、お前がそこへ行けば、すぐに儀式を行ってくれると。
AvgDialog_73794_Content_53,aqhY,avg星辰章2_AvgDialog_C_M.csv,1290,AvgDialog,Content,,就这样，似乎永无尽头的铃声，将她带回了父亲的故乡，父亲渴望逃离的故乡，父亲不得不回去的故乡。,こうして、終わることのないように思えた鈴の音とともに、彼女は父の故郷へと連れ戻された。\n父が逃れようとした故郷。それでも、戻らざるをえなかった故郷へ。
AvgDialog_73794_Content_54,aqhZ,avg星辰章2_AvgDialog_C_M.csv,1291,AvgDialog,Content,,叮铃铃，叮铃铃，那时候的她不知道，这是属于她人生的安魂曲。,チリン、チリン——そのときの彼女はまだ知らなかった。\nそれが、自らの人生に捧げられた鎮魂の調べであるということに。
AvgDialog_73794_Content_55,aqia,avg星辰章2_AvgDialog_C_M.csv,1292,AvgDialog,Content,克莱门汀八章,……,……
AvgDialog_73794_Content_56,aqib,avg星辰章2_AvgDialog_C_M.csv,1293,AvgDialog,Content,克莱门汀八章,！！！,！！！
AvgDialog_73794_Content_57,aqic,avg星辰章2_AvgDialog_C_M.csv,1294,AvgDialog,Content,,直到人类的内脏溶解在血肉组成的虫蛹里，克莱门汀才终于明白发生了什么事情。,彼女の内臓が、血肉でできた蛹の中で溶けていくその瞬間まで、クレメンタインは何が起きているのか理解できなかった。
AvgDialog_73794_Content_58,aqid,avg星辰章2_AvgDialog_C_M.csv,1295,AvgDialog,Content,克莱门汀八章,不要哭，克莱门汀，这是必要的进化过程。,泣いてはだめ、クレメンタイン。\nこれは進化に必要なことなの……
AvgDialog_73794_Content_59,aqie,avg星辰章2_AvgDialog_C_M.csv,1296,AvgDialog,Content,克莱门汀八章,<Yellow:生命仪式>会提高我们的存在层次，治愈人类这种低级生命衍生出的怪病。,<Yellow:生命の儀式>は、我々をより高次の存在へと導き、人間という下等な生命ゆえに生じる病を癒してくださる。
AvgDialog_73794_Content_60,aqig,avg星辰章2_AvgDialog_C_M.csv,1297,AvgDialog,Content,克莱门汀八章,而那些伟大的存在，创造我们的存在，会再次庇佑我们，让我们踏过生命进化的门槛。,我らを創りたもうた偉大なる存在が、再び我らを庇護してくださる。進化の門を越えさせてくださるの。
AvgDialog_73794_Content_61,aqih,avg星辰章2_AvgDialog_C_M.csv,1298,AvgDialog,Content,,你只需要全心全意想着一件事情——<Yellow:破蛹，获得新生>。,そなたはただ強く願えばいい——<Yellow:羽化と新生>を。
AvgDialog_73794_Content_62,bqxU,avg星辰章2_AvgDialog_C_M.csv,1299,AvgDialog,Content,,父亲，我很快就能痊愈，回家和你团聚了……,父さん、病気はすぐによくなるよ……\nそしたら、家に帰って、また一緒に暮らそう……
AvgDialog_73785_Content_1,apZQ,avg星辰章2_AvgDialog_C_M.csv,1300,AvgDialog,Content,,我有许多梦想,たくさんの夢
AvgDialog_73785_Content_2,aqab,avg星辰章2_AvgDialog_C_M.csv,1301,AvgDialog,Content,,嘶啦——,ビシッ——
AvgDialog_73785_Content_3,aqam,avg星辰章2_AvgDialog_C_M.csv,1302,AvgDialog,Content,,又一具人蛹破裂，里面的血肉艰难地爬出来，但没过多久，就彻底死去。,また一つ、人の形をした蛹が破裂した。中から肉塊が苦しげに這い出てくるが、ほどなくして息絶えてしまった。
AvgDialog_73785_Content_4,aqax,avg星辰章2_AvgDialog_C_M.csv,1303,AvgDialog,Content,克莱门汀战损版,托马斯？不对，爱德华？也不是这个名字，哦，我想到了，是本杰明。,トーマス？いえ、エドワード？それも違いますか。ああ、思い出しました。ベンジャミンですね。
AvgDialog_73785_Content_5,aqaI,avg星辰章2_AvgDialog_C_M.csv,1304,AvgDialog,Content,怪物先生?,@3。,@3。
AvgDialog_73785_Content_6,aqaQ,avg星辰章2_AvgDialog_C_M.csv,1305,AvgDialog,Content,克莱门汀战损版,也不对？好吧，我必须承认，认识太多朋友也不是好事，我已经开始记不住他们的名字了。,それも違うんですか？まあいいでしょう。同族が多すぎるのも考えものですね。名前が覚えきれなくなってきました。
AvgDialog_73785_Content_7,aqaR,avg星辰章2_AvgDialog_C_M.csv,1306,AvgDialog,Content,克莱门汀战损版,让我想想，最开始是老约翰还有小贝拉，然后是奥斯顿、伯克利、贝尔黛娜、克里斯托弗、艾萨克、艾玛、詹姆士、伊西多、艾……,ええと、最初はジョンおじいさんとベラ、それからオーストン、バークレー、ベルデナ、クリストファー、アイザック、エマ、ジェームズ、イシドロ、ア……
AvgDialog_73785_Content_8,aqaS,avg星辰章2_AvgDialog_C_M.csv,1307,AvgDialog,Content,克莱门汀战损版,<Shake:唔……！！！>,<Shake:うっ……！！！>
AvgDialog_73785_Content_9,aqaT,avg星辰章2_AvgDialog_C_M.csv,1308,AvgDialog,Content,,"<Italic:这个人用手扒着土，身体扭曲着，气喘吁吁，
完全忘却了时间，安全，方位，甚至自己的意图，只是在被永恒黑暗笼罩的地底疯狂地向前爬着>",<Italic:その男は手で地面を掻き、身体をねじりながら喘いでいる。\n時間も、方角も、ここへ来た目的さえも忘れ、ただひたすら永遠の闇に覆われた地底を狂ったように這い進む。>
AvgDialog_73785_Content_10,apZR,avg星辰章2_AvgDialog_C_M.csv,1309,AvgDialog,Content,,克莱门汀一阵反胃，忍不住呕出了声。,クレメンタインは強い吐き気に襲われ、思わずえずいた。
AvgDialog_73785_Content_11,apZS,avg星辰章2_AvgDialog_C_M.csv,1310,AvgDialog,Content,怪物先生?,@3？,@3？
AvgDialog_73785_Content_12,apZT,avg星辰章2_AvgDialog_C_M.csv,1311,AvgDialog,Content,克莱门汀战损版,我没事，谢谢关心……唔！,私は大丈夫です、心配しないで……うっ！
AvgDialog_73785_Content_13,apZU,avg星辰章2_AvgDialog_C_M.csv,1312,AvgDialog,Content,怪物先生?,@4@3？,@4@3？
AvgDialog_73785_Content_14,apZV,avg星辰章2_AvgDialog_C_M.csv,1313,AvgDialog,Content,克莱门汀战损版,不，不用休息。我只是……只是在这里呆了太久……,いえ、休む必要はありません……\nただ、ここに長く居すぎただけです……
AvgDialog_73785_Content_15,apZW,avg星辰章2_AvgDialog_C_M.csv,1314,AvgDialog,Content,,"久到已经忘记了自己，久到已经失去了自己。
在这个巢穴，无法逃脱。",長すぎて自分が何者なのかを忘れ、長すぎて自分を失ってしまった。この巣からは、逃れることができない。
AvgDialog_73785_Content_16,apZX,avg星辰章2_AvgDialog_C_M.csv,1315,AvgDialog,Content,克莱门汀战损版,你说，下一批朋友什么时候来？说实话，我真的不太希望见到他们。,次の同族はいつ来るんですか？\n正直なところ、あまり会いたくはないのですが……
AvgDialog_73785_Content_17,apZY,avg星辰章2_AvgDialog_C_M.csv,1316,AvgDialog,Content,克莱门汀战损版,外面可比这里精彩美好多了……至少我模模糊糊的记忆是这么告诉我的。,外の世界は、ここよりもずっと美しいのでしょう？\n少なくとも、私の曖昧な記憶はそう告げています。
AvgDialog_73785_Content_18,apZZ,avg星辰章2_AvgDialog_C_M.csv,1317,AvgDialog,Content,,这次，那只剩下未知血肉的朋友没有说话，只是深深凝视着克莱门汀。,次に来た同族は、何も言わなかった。\nただクレメンタインをじっと見つめている。
AvgDialog_73785_Content_19,aqaa,avg星辰章2_AvgDialog_C_M.csv,1318,AvgDialog,Content,,不知为何，她从那几乎无法称为“眼睛”的部位里，看出了浓到永生都无法释怀的哀伤。,なぜか彼女は、そのもはや「目」とも呼べない部位から、永遠に消えることのないほどの深い悲しみを読み取ってしまった。
AvgDialog_73785_Content_20,aqac,avg星辰章2_AvgDialog_C_M.csv,1319,AvgDialog,Content,克莱门汀战损版,唉！我已经完全不记得自己为什么会出现在这里了。你呢，怪物先生？,ああもう、どうして私はこんなところにいるんでしょうか。\nあなたはどうです、怪物さん？
AvgDialog_73785_Content_21,aqad,avg星辰章2_AvgDialog_C_M.csv,1320,AvgDialog,Content,怪物先生,@4@4，@2@4。,@4@4，@2@4。
AvgDialog_73785_Content_22,aqae,avg星辰章2_AvgDialog_C_M.csv,1321,AvgDialog,Content,克莱门汀战损版,你说你是为了和女儿团聚才来到这里的？真是感人。,あなたは娘と再会するためにここへ来たんですか？\nそれは感動的な話ですね。
AvgDialog_73785_Content_23,aqaf,avg星辰章2_AvgDialog_C_M.csv,1322,AvgDialog,Content,克莱门汀战损版,那你，找到你的女儿了吗？,それで、その娘さんには会えたのですか？
AvgDialog_73785_Content_24,aqag,avg星辰章2_AvgDialog_C_M.csv,1323,AvgDialog,Content,怪物先生,@2——,@2——
AvgDialog_73785_Content_25,aqah,avg星辰章2_AvgDialog_C_M.csv,1324,AvgDialog,Content,,一只光蝶从怪物先生的胸膛里飞了出来。,一匹の光の蝶が、その怪物の胸から飛び出した。
AvgDialog_73785_Content_26,aqai,avg星辰章2_AvgDialog_C_M.csv,1325,AvgDialog,Content,,记忆如水波荡漾，彻底消散，化为数不清的飞舞之蝶。,記憶は水面の波紋のように揺らぎ、完全に消え去ると、無数の舞い散る蝶へと変わっていく。
AvgDialog_73785_Content_27,aqaj,avg星辰章2_AvgDialog_C_M.csv,1326,AvgDialog,Content,克莱门汀战损版,%player%，你能听到我的声音吗？,%player%、私の声が聞こえますか？
AvgDialog_73785_Content_28,aqak,avg星辰章2_AvgDialog_C_M.csv,1327,AvgDialog,Content,玩家,克莱门汀？你还活着？！,クレメンタイン？君はまだ生きてるの！？
AvgDialog_73785_Content_29,aqal,avg星辰章2_AvgDialog_C_M.csv,1328,AvgDialog,Content,克莱门汀战损版,……抱歉，我的时间不多了。,……ごめんなさい。もう時間がありません。
AvgDialog_73785_Content_30,aqan,avg星辰章2_AvgDialog_C_M.csv,1329,AvgDialog,Content,克莱门汀战损版,在消失前，我必须要做一件事情。,消えてしまう前に、やらなければならないことがあるんです。
AvgDialog_73785_Content_31,aqao,avg星辰章2_AvgDialog_C_M.csv,1330,AvgDialog,Content,,一只蝴蝶飞舞于你的手畔，溢出的微光如指引，但你拒绝了。,一匹の蝶があなたの手のそばを舞い、溢れ出す微かな光で道を示す。だが、あなたはそれを拒んだ。
AvgDialog_73785_Content_32,aqap,avg星辰章2_AvgDialog_C_M.csv,1331,AvgDialog,Content,玩家,……如果我的逃生，需要以你的死亡为代价，克莱门汀，请容我拒绝。,……ここから出るのに、君の死を代償にしなければならないのなら、お断りするよ、クレメンタイン。
AvgDialog_73785_Content_33,aqaq,avg星辰章2_AvgDialog_C_M.csv,1332,AvgDialog,Content,玩家,别人为我牺牲这种事情，一次就够了。,誰かが私のために犠牲になるなんて、一度で十分だ。
AvgDialog_73785_Content_34,aqar,avg星辰章2_AvgDialog_C_M.csv,1333,AvgDialog,Content,,但那只蝴蝶不肯放弃，持续盘旋在你的手边——你似乎，听到了叹息。,しかしその蝶は諦めず、あなたの手のそばを舞い続ける。\nそして、あなたはそこにため息のような声を聞いた気がした。
AvgDialog_73785_Content_35,aqas,avg星辰章2_AvgDialog_C_M.csv,1334,AvgDialog,Content,克莱门汀战损版,有时候，我会想，我的诞生究竟是因为你的创造，还是我的回应。现在我明白了，两者都不是答案。,ときどき考えるんです。私が生まれたのは、あなたが作り出したからなのか、それとも私自身が応えたからなのか。\n今ならわかります。どちらも答えではありません。
AvgDialog_73785_Content_36,aqat,avg星辰章2_AvgDialog_C_M.csv,1335,AvgDialog,Content,克莱门汀战损版,是克莱门汀心中的痛苦，孕育了我。,私を生んだのは、クレメンタインの心にある痛みだったんです。
AvgDialog_73785_Content_37,aqau,avg星辰章2_AvgDialog_C_M.csv,1336,AvgDialog,Content,克莱门汀战损版,%player%，我不是在走向死亡，而是在走向新生，毕竟，我始终是「克莱门汀」，不是吗？,%player%、私は死へ向かっているのではありません。新たに生まれ変わろうとしているんです。\n私はいつだって「クレメンタイン」なんですから、そうでしょう？
AvgDialog_73785_Content_38,aqav,avg星辰章2_AvgDialog_C_M.csv,1337,AvgDialog,Content,,蝴蝶落到了你的手掌，犹如一次温柔的牵手，这次，你已无法再拒绝。,蝶があなたの掌に舞い降りる。それはまるで優しく手を取るような感覚で、今度ばかりは、あなたは拒むことができなかった。
AvgDialog_73785_Content_39,aqaw,avg星辰章2_AvgDialog_C_M.csv,1338,AvgDialog,Content,克莱门汀战损版,%player%，那次，不是我响应了你，而是我们，是克莱门汀响应了你。,%player%、あの時応えたのは私ではありません。私たちです。クレメンタインが、あなたに応えたんです。
AvgDialog_73785_Content_40,aqay,avg星辰章2_AvgDialog_C_M.csv,1339,AvgDialog,Content,,蝴蝶微弱的光芒骤然变亮，浸染你的视野——,蝶の微かな光が一気に集まり、あなたの視界を染め上げる——
AvgDialog_73785_Content_41,aqaz,avg星辰章2_AvgDialog_C_M.csv,1340,AvgDialog,Content,,一把银钥匙，出现在你的视线里。,そこに、一本のシルバーキーが現れた。
AvgDialog_73785_Content_42,aqaA,avg星辰章2_AvgDialog_C_M.csv,1341,AvgDialog,Content,克莱门汀战损版,日复一日的绝望中，我已经不再奢望救赎，但你……听到了我的求救……,日々繰り返される絶望の中で、私はもう救いなど望んではいませんでした。でもあなたは……私の救いを求める声を聞いてくれた。
AvgDialog_73785_Content_43,aqaB,avg星辰章2_AvgDialog_C_M.csv,1342,AvgDialog,Content,克莱门汀战损版,向美好的黎明与未来进发吧，%player%，你的辉光，照耀到了我……,美しい夜明けと未来へ向かって進んでください、%player%。あなたの輝きが、私を照らしてくれたのです……
AvgDialog_73785_Content_44,aqaC,avg星辰章2_AvgDialog_C_M.csv,1343,AvgDialog,Content,,在克莱门汀不断化为光点逸散的笑容里，你似乎又听到了光蝶展翅的声音。,クレメンタインが微笑みながら、光の粒となって消えていく。\nあなたは再び光の蝶が羽ばたく音を聞いた気がした。
AvgDialog_73785_Content_45,aqaD,avg星辰章2_AvgDialog_C_M.csv,1344,AvgDialog,Content,,——我想以人的身份，去看看真正的世界，去过新的生活。,——私は、人として本当の世界を見てみたい。\nそして、新しい人生を歩みたいんです。
AvgDialog_73785_Content_46,aqaE,avg星辰章2_AvgDialog_C_M.csv,1345,AvgDialog,Content,,——我想保持自己人类的身份，我想以一个人类的身份死去。,——私は、人としての自分を失いたくありません。\n人間として生き、人間として死にたいんです。
AvgDialog_73785_Content_47,aqaF,avg星辰章2_AvgDialog_C_M.csv,1346,AvgDialog,Content,,"漆黑的空间里，那个微笑着的克莱门汀消失了，只剩下银钥匙。
这从绚烂到黑暗的快速过渡，让你沉默了片刻。",眩い光から一転して、漆黒の闇に包まれる。微笑んでいたクレメンタインは消え、そこにはシルバーキーだけが残されていた。
AvgDialog_73785_Content_48,aqaG,avg星辰章2_AvgDialog_C_M.csv,1347,AvgDialog,Content,,然后，你拿起了银钥匙。,あなたはシルバーキーを手に取る。
AvgDialog_73785_Content_49,aqaH,avg星辰章2_AvgDialog_C_M.csv,1348,AvgDialog,Content,玩家,我会记住你的，记住一个人，至死保持了她的人性。,君のことは忘れない。\n最後まで人間らしさを失わなかった、一人の人間として。
AvgDialog_73785_Content_50,aqaJ,avg星辰章2_AvgDialog_C_M.csv,1349,AvgDialog,Content,玩家,该干活了，%player%。,さあ行こう、%player%。
AvgDialog_73785_Content_51,aqaK,avg星辰章2_AvgDialog_C_M.csv,1350,AvgDialog,Content,玩家,无论是这个世界，还是另一个世界，都有人在等你。,この世界にも、もう一つの世界にも、私を待っている人がいる。
AvgDialog_73785_Content_52,aqaL,avg星辰章2_AvgDialog_C_M.csv,1351,AvgDialog,Content,,被打断仪式的祭坛里，你握住银钥匙，和克莱门汀互相凝视——你们都明白这是最终决战。,儀式が中断された祭壇の上で、あなたはシルバーキーを握り締め、クレメンタインと視線を交わす——\n互いに、これが最終決戦であることを理解していた。
AvgDialog_73785_Content_53,aqaM,avg星辰章2_AvgDialog_C_M.csv,1352,AvgDialog,Content,克莱门汀（唤醒体）,最终，一切还是走到了我最不希望的地步。,結局、すべては私が最も望んでいなかった結末へと辿り着いてしまいましたね。
AvgDialog_73785_Content_54,aqaN,avg星辰章2_AvgDialog_C_M.csv,1353,AvgDialog,Content,克莱门汀（唤醒体）,明明、明明我是那么希望你成为我的同族……真是令人惋惜。,あなたには、何としても我々の同族になってほしかったのに……\n本当に残念です。
AvgDialog_73785_Content_55,aqaO,avg星辰章2_AvgDialog_C_M.csv,1354,AvgDialog,Content,,亵渎的虫鸣和银钥匙的嗡鸣共同响起。模糊的意识里，你见到克莱门汀身后凝聚起某种令人惊骇的投影。,冒涜的な虫の羽音と、シルバーキーの唸りが重なり合って響く。\n朦朧とする意識の中、あなたはクレメンタインの背後に、言葉では言い表せないほど恐ろしい巨大な影が浮かび上がるのを目にした。
AvgDialog_73785_Content_56,aqaP,avg星辰章2_AvgDialog_C_M.csv,1355,AvgDialog,Content,克莱门汀（唤醒体）,我的同族，也回应我的呼唤吧！,我が同族よ、私の呼びかけに応えなさい！
AvgDialog_73785_Content_57,bqxv,avg星辰章2_AvgDialog_C_M.csv,1356,AvgDialog,Content,克莱门汀（唤醒体）,为了你们的降临，为了这些即将到来的新生。,あなたたちが降臨するために——そして、まもなく迎える新たな命のために。
AvgDialog_73785_Content_58,bqxw,avg星辰章2_AvgDialog_C_M.csv,1357,AvgDialog,Content,克莱门汀（唤醒体）,%player%，也请你感受@2虫族真实的力量，由此，你会认知到宇宙的残酷与博大，以及……,%player%……あなたも@2虫族の真なる力を味わえば、宇宙の過酷さと広大さを思い知るでしょう。そして……
AvgDialog_73785_Content_59,bqxx,avg星辰章2_AvgDialog_C_M.csv,1358,AvgDialog,Content,克莱门汀（唤醒体）,人类的渺小与脆弱。,人間という存在が、いかにちっぽけで脆いものであるかを。
AvgDialog_73785_Content_60,bqxy,avg星辰章2_AvgDialog_C_M.csv,1359,AvgDialog,Content,,"那无法形容的恐怖向着你而来，摧毁你的理智。
一片空白的大脑，忽然回忆起熔毁·朵尔曾经的话语。",形容しがたい恐怖が、あなたへと迫る。\nそれは容赦なく、あなたの理性を打ち砕いた。\n真っ白になった意識の中で、あなたはふと溶壊・ドールがかつて口にした言葉を思い出した。
AvgDialog_73785_Content_61,btKK,avg星辰章2_AvgDialog_C_M.csv,1360,AvgDialog,Content,熔毁·朵尔,关键时刻，模拟空间能量波动，也能作为一种攻击手段……,空間エネルギーの波動をシミュレートし、いざという時には、攻撃手段としても利用できるわ。
AvgDialog_80978_Content_1,bqIz,avg星辰章2_AvgDialog_C_M.csv,1361,AvgDialog,Content,克莱门汀（唤醒体）,为什么……为什么你总能做出这些出人意料的事情？,なぜ……なぜあなたは、いつもそんな予想外のことをやってのけるんです？
AvgDialog_80978_Content_2,bqID,avg星辰章2_AvgDialog_C_M.csv,1362,AvgDialog,Content,克莱门汀（唤醒体）,真的好想剖开你的大脑，仔仔细细窥视每一个褶皱，每一条神经纤维，那里一定、一定潜藏着最美味的痛苦吧……,あなたの脳を開いて、その一つひとつの皺や神経線維を隅々まで覗いてみたいものです。そこにはきっと……\nきっと、この上なく甘美な苦痛が秘められているのでしょうね……
AvgDialog_80978_Content_3,bqIE,avg星辰章2_AvgDialog_C_M.csv,1363,AvgDialog,Content,玩家,你没有机会知道。一切就要结束了。,君にそれを知る機会はないよ。すべては、もうすぐ終わる。
AvgDialog_80978_Content_4,bqIF,avg星辰章2_AvgDialog_C_M.csv,1364,AvgDialog,Content,克莱门汀（唤醒体）,结束？怎么会呢，这只是……一个测试而已。,終わる？いいえ、そんなはずはありません。\nこれはただの……実験にすぎないのですから。
AvgDialog_80978_Content_5,bqIG,avg星辰章2_AvgDialog_C_M.csv,1365,AvgDialog,Content,克莱门汀（唤醒体）,弥萨格的银钥匙，还有你，果然很神奇，竟然能够穿透这间疗养院，链接虚空。,ミサゴ大学のシルバーキー、そしてあなた。本当に興味深いですね。この療養所すら超え、虚空にまでリンクを繋げることができるとは。
AvgDialog_80978_Content_6,bqIH,avg星辰章2_AvgDialog_C_M.csv,1366,AvgDialog,Content,克莱门汀（唤醒体）,但别忘了，这里终归受我掌控——你，也是受我掌控的人之一。,ですが、忘れないでください。ここは私の支配下にあります——\nそして、あなたもまた、私に支配される者の一人なのです。
AvgDialog_80978_Content_7,bqII,avg星辰章2_AvgDialog_C_M.csv,1367,AvgDialog,Content,玩家,你又篡改了我的认知？,また私の認知を書き換えたの？
AvgDialog_80978_Content_8,bqIJ,avg星辰章2_AvgDialog_C_M.csv,1368,AvgDialog,Content,克莱门汀（唤醒体）,别担心，只有一点点而已。现在来见见真正的@2吧。,心配はいりません。ほんの少しだけですよ。\nさあ、本物の@2に会うときです。
AvgDialog_80978_Content_9,bqIK,avg星辰章2_AvgDialog_C_M.csv,1369,AvgDialog,Content,克莱门汀（唤醒体）,毕竟，没有你和银钥匙，我也无法召唤出这种程度的它。,あなたとシルバーキーがなければ、これほどの存在を呼び出すことなど、私にもできませんでした。
AvgDialog_80978_Content_10,bqIA,avg星辰章2_AvgDialog_C_M.csv,1370,AvgDialog,Content,,那闪耀着宇宙辉光的存在用目光锁定住你，轻轻抖动羽翼，迎接着蜕变的时刻。,宇宙の輝きをまとったその存在は、あなたをじっと見据え、翼を静かに震わせながら、変異の時を迎えようとしていた。
AvgDialog_80978_Content_11,bqIB,avg星辰章2_AvgDialog_C_M.csv,1371,AvgDialog,Content,,你本能地感到恐惧，但再多的恐惧，也无法让你退后哪怕一步。,あなたは本能的に恐怖を覚える。だが、どれほど恐ろしくとも、一歩たりとも退くことはできなかった。
AvgDialog_80978_Content_12,bqIC,avg星辰章2_AvgDialog_C_M.csv,1372,AvgDialog,Content,玩家,……拉蒙娜、威廉还有「克莱门汀」，请看着我，战斗吧！,ラモンナ、ウィリアム、それに「クレメンタイン」……\n私は負けるわけにはいかないんだ、絶対に！
AvgDialog_80977_Content_1,bqHX,avg星辰章2_AvgDialog_C_M.csv,1373,AvgDialog,Content,克莱门汀（唤醒体）,好孩子，能够坚持到这里，已经很棒了，接下来，你可以休息了。,いい子ですね。ここまで本当によく頑張りました。もう十分です。\nあとは、ゆっくり休んでください。
AvgDialog_80977_Content_2,bqIi,avg星辰章2_AvgDialog_C_M.csv,1374,AvgDialog,Content,克莱门汀（唤醒体）,是的，你感到很疲惫，想要休息、休息……,そう、あなたは疲れているんです。休みたくて仕方がない……
AvgDialog_80977_Content_3,bqIs,avg星辰章2_AvgDialog_C_M.csv,1375,AvgDialog,Content,,你咬紧牙关，想要保持理智，然而克莱门汀充满催眠感的声音，却让力竭的你越发疲惫、困顿。,あなたは歯を食いしばり、何とか意識を保とうとする。\nだが、クレメンタインの声は、限界まで消耗したあなたをさらに深い眠りへと引きずり込んでいく。
AvgDialog_80977_Content_4,bqIt,avg星辰章2_AvgDialog_C_M.csv,1376,AvgDialog,Content,玩家,不要……,や……め‥‥…
AvgDialog_80977_Content_5,bqIu,avg星辰章2_AvgDialog_C_M.csv,1377,AvgDialog,Content,玩家,我还没……,私は、まだ……
AvgDialog_80977_Content_6,bqIv,avg星辰章2_AvgDialog_C_M.csv,1378,AvgDialog,Content,环行拉蒙娜？,不要睡，守密人。,眠ってはいけない、守秘者。
AvgDialog_80977_Content_7,bqIw,avg星辰章2_AvgDialog_C_M.csv,1379,AvgDialog,Content,,你猛然睁开眼睛，见到弥萨格标志性的手套。,あなたははっと目を見開く。視界に飛び込んできたのは、ミサゴ大学の象徴ともいえる手袋だった。
AvgDialog_80977_Content_8,bqIx,avg星辰章2_AvgDialog_C_M.csv,1380,AvgDialog,Content,玩家,拉蒙娜……,ラモンナ……
AvgDialog_80977_Content_9,bqIy,avg星辰章2_AvgDialog_C_M.csv,1381,AvgDialog,Content,,"只一眼，你就知道对方是谁。
因为在脑海中，你无数次勾勒过她的形貌。",一目見ただけで、相手が誰なのか分かった。\nあなたは幾度となく、その姿を思い描いてきたのだから。
AvgDialog_80977_Content_10,bqHY,avg星辰章2_AvgDialog_C_M.csv,1382,AvgDialog,Content,本源拉蒙娜通讯器,是的，是我。,ああ、私だ。
AvgDialog_80977_Content_11,bqHZ,avg星辰章2_AvgDialog_C_M.csv,1383,AvgDialog,Content,本源拉蒙娜通讯器,我听到了你的呼唤，所以我来了。,あなたの呼び声が聞こえたから、来たんだ。
AvgDialog_80977_Content_12,bqIa,avg星辰章2_AvgDialog_C_M.csv,1384,AvgDialog,Content,克莱门汀（唤醒体）,呼唤？啊，我明白了，我扩散了银芯的牵引，或许这点微光对于宇宙毫无意义。,呼び声？ああ、そういえば、シルバーコアの光を拡散させたんでしたね。宇宙ではこんなかすかな光、何の意味もありませんが……
AvgDialog_80977_Content_13,bqIb,avg星辰章2_AvgDialog_C_M.csv,1385,AvgDialog,Content,克莱门汀（唤醒体）,对于一直搜寻%player%气息的你来说，确是渴求已久的太阳。,%player%の気配を探し続けていたあなたにとっては、それは長い間待ち望んでいた太陽だった。
AvgDialog_80977_Content_14,bqIc,avg星辰章2_AvgDialog_C_M.csv,1386,AvgDialog,Content,克莱门汀（唤醒体）,但是，或许%player%最想见到的并不是你，或者说，这个形态的你？,ですが、%player%が本当に会いたかったのは、あなたではない……いえ、その姿のあなたではないかもしれませんよ？
AvgDialog_80977_Content_15,bqId,avg星辰章2_AvgDialog_C_M.csv,1387,AvgDialog,Content,玩家,环行·拉蒙娜，你不要听她胡说，我……,環行・ラモンナ、彼女の言うことなんか聞かないで。私は……
AvgDialog_80977_Content_16,bqIe,avg星辰章2_AvgDialog_C_M.csv,1388,AvgDialog,Content,本源拉蒙娜通讯器,我明白。我不是她，也永远不可能成为她，但毕竟，她也算是我对吗？,わかっている。私は彼女ではないし、永遠に彼女にはなれない。\nだが……彼女もまた私の一部なんだろう？
AvgDialog_80977_Content_17,bqIf,avg星辰章2_AvgDialog_C_M.csv,1389,AvgDialog,Content,本源拉蒙娜通讯器,我和她最底层的色彩，对于%player%你的执着，是一样的。,私と彼女、その魂の最も深いところにある%player%への想いだけは、同じだから。
AvgDialog_80977_Content_18,bqIg,avg星辰章2_AvgDialog_C_M.csv,1390,AvgDialog,Content,玩家,……,……
AvgDialog_80977_Content_19,bqIh,avg星辰章2_AvgDialog_C_M.csv,1391,AvgDialog,Content,,不知为何，你看向了克莱门汀。,なぜか、あなたはクレメンタインへと視線を向けた。
AvgDialog_80977_Content_20,bqIj,avg星辰章2_AvgDialog_C_M.csv,1392,AvgDialog,Content,,死去的她，活着的她，两个克莱门汀互不相同，互不理解，但她们终归是一个人。,死んでしまった彼女と、生きている彼女。二人のクレメンタインは互いに異なり、互いを理解することもできない。\nそれでも結局、彼女たちは同じ人間だった。
AvgDialog_80977_Content_21,bqIk,avg星辰章2_AvgDialog_C_M.csv,1393,AvgDialog,Content,玩家,所以，她才会说不是她响应了我，而是「克莱门汀」响应了我。,だからこそ、私に応えたのは彼女ではなく、「クレメンタイン」だったのか。
AvgDialog_80977_Content_22,bqIl,avg星辰章2_AvgDialog_C_M.csv,1394,AvgDialog,Content,克莱门汀（唤醒体）,可怜的%player%已经开始说胡话了。,かわいそうに。寝言まで言い始めてしまいましたか。
AvgDialog_80977_Content_23,bqIm,avg星辰章2_AvgDialog_C_M.csv,1395,AvgDialog,Content,克莱门汀（唤醒体）,记住，不要将获得新生的我与那个渺小脆弱的人类相提并论，不然我会生气的。,新たな生を得たこの私を、あのちっぽけで脆弱な人間と同列に語らないでください……さもなければ、本当に怒りますよ。
AvgDialog_80977_Content_24,bqIn,avg星辰章2_AvgDialog_C_M.csv,1396,AvgDialog,Content,,"你没有接话，而是看向环行·拉蒙娜。
此刻，你的心中已经有了破局的办法。",あなたは返事をせず、環行・ラモンナへと視線を向けた。\n頭には、すでにこの状況を打開する策が浮かんでいる。
AvgDialog_80977_Content_25,bqIo,avg星辰章2_AvgDialog_C_M.csv,1397,AvgDialog,Content,玩家,环行·拉蒙娜，你还能坚持多久？,環行・ラモンナ、あとどれくらい持ちこたえられる？
AvgDialog_80977_Content_26,bqIp,avg星辰章2_AvgDialog_C_M.csv,1398,AvgDialog,Content,本源拉蒙娜通讯器,理论上来说，我只能坚持几分钟。但是，只要没有死亡，我就会无数次撕裂维度来到这里。,理論上は、数分が限界だ。\nだが、死なない限り、何度でも次元を越えてあなたのもとへ行ける。
AvgDialog_80977_Content_27,bqIq,avg星辰章2_AvgDialog_C_M.csv,1399,AvgDialog,Content,本源拉蒙娜通讯器,无论需要重复多少次，我都会陪着你，战斗到最后。,たとえ何度繰り返すことになろうと、私はあなたと共に最後まで戦い続ける。
AvgDialog_80977_Content_28,bqIr,avg星辰章2_AvgDialog_C_M.csv,1400,AvgDialog,Content,玩家,……我明白了，搭档。那就让我们，战斗至获得胜利。,……わかった、相棒。\nそれじゃあ、勝利をつかむその瞬間まで——戦おう。
AvgDialog_80977_Content_29,btLa,avg星辰章2_AvgDialog_C_M.csv,1401,AvgDialog,Content,玩家,因为无论是这个世界，还是另一个世界，都有人在等我。,この世界にも、もう一つの世界にも、私を待っている人がいるんだ。
AvgDialog_73786_Content_1,aqaU,avg星辰章2_AvgDialog_C_M.csv,1402,AvgDialog,Content,夏盖虫族,这一次，你也选择拒绝吗，我们的造物？,今回もまた、拒むというのか。我らが創造物よ。
AvgDialog_73786_Content_2,aqbf,avg星辰章2_AvgDialog_C_M.csv,1403,AvgDialog,Content,克莱门汀八章,是的，我拒绝。,ええ、拒否します。
AvgDialog_73786_Content_3,aqbq,avg星辰章2_AvgDialog_C_M.csv,1404,AvgDialog,Content,夏盖虫族,哪怕离宇宙的真相咫尺之遥，哪怕只要与我们共生，就能明晰维度的奥秘，畅游整个宇宙？,宇宙の真理まであと一歩だとしてもか？我らと共生すれば、次元の神秘を理解し、この宇宙を自在に渡ることさえできるというのに。
AvgDialog_73786_Content_4,aqbB,avg星辰章2_AvgDialog_C_M.csv,1405,AvgDialog,Content,夏盖虫族,你是个特殊的孩子，是我们这些@2虫族已死亡意志最合适的载体。,お前は特別な子だ。@2虫族に残された、死せる意志を受け継ぐに最もふさわしい器なのだ。
AvgDialog_73786_Content_5,aqbM,avg星辰章2_AvgDialog_C_M.csv,1406,AvgDialog,Content,夏盖虫族,我们会庇佑你，让你踏过生命进化的门槛——你来到这里，举行仪式，不正是为了这些？,我らはお前を庇護し、さらなる進化を授けよう——\nお前がここにきて儀式を執り行ったのも、そのためではなかったか？
AvgDialog_73786_Content_6,aqbQ,avg星辰章2_AvgDialog_C_M.csv,1407,AvgDialog,Content,克莱门汀八章,……我不知道。我的记忆越来越模糊了。,……わかりません。私の記憶は、どんどん薄れていっていますから。
AvgDialog_73786_Content_7,aqbR,avg星辰章2_AvgDialog_C_M.csv,1408,AvgDialog,Content,夏盖虫族,我们可以帮你恢复记忆，无论重复多少次。,我らなら、その記憶を何度でも取り戻してやれる。
AvgDialog_73786_Content_8,aqbS,avg星辰章2_AvgDialog_C_M.csv,1409,AvgDialog,Content,夏盖虫族,人类的生命，在宇宙的维度，不过是一瞬间。,人間の命など、宇宙という次元から見れば、一瞬の瞬きにすぎぬ。
AvgDialog_73786_Content_9,aqbT,avg星辰章2_AvgDialog_C_M.csv,1410,AvgDialog,Content,夏盖虫族,但是你做好面对真相的准备了吗？我们的造物。,真実と向き合う覚悟はできているか、我らが創造物よ。
AvgDialog_73786_Content_10,aqaV,avg星辰章2_AvgDialog_C_M.csv,1411,AvgDialog,Content,,沉默中，无形的帷幕被撤下，露出真实。然后她看到了——,沈黙の中、目には見えない帳が静かに取り払われ、隠されていた真実が姿を現す。そして彼女は目にした——
AvgDialog_73786_Content_11,aqaW,avg星辰章2_AvgDialog_C_M.csv,1412,AvgDialog,Content,血肉艾伦,@2@3,@2@3
AvgDialog_73786_Content_12,aqaX,avg星辰章2_AvgDialog_C_M.csv,1413,AvgDialog,Content,,已经分辨不出是什么的血肉扒着土，嘶鸣不止，机械重复地向前爬着。他忘却了时间，安全，方位，甚至忘记了自己来此的意图。,もはや何なのかすら判別できない肉塊が地面を掻きむしり、絶えず低い呻き声を上げながら、ただひたすら前へと這い進んでいる。\nそれは時間も、方角も、そしてここへ来た目的さえも忘れていた。
AvgDialog_73786_Content_13,aqaY,avg星辰章2_AvgDialog_C_M.csv,1414,AvgDialog,Content,,"他本该死去，但心中那强烈的欲求让他活了下去。
哪怕，他已经忘记了那欲求究竟为何。",本来なら、彼はもう死んでいるはずだった。\nだが、胸の奥に残った強い願望が、彼を生かし続けていた。\nたとえ、それが何だったのか、すでに忘れてしまっていたとしても。
AvgDialog_73786_Content_14,aqaZ,avg星辰章2_AvgDialog_C_M.csv,1415,AvgDialog,Content,血肉艾伦,@2@4,@2@4
AvgDialog_73786_Content_15,aqba,avg星辰章2_AvgDialog_C_M.csv,1416,AvgDialog,Content,,"不属于人类的污秽音节从他的口器发出，不带任何意义。
他只是在凭借虫子最基础、最低级的本能嘶鸣而已。",人間には理解できない穢れた音節が、彼の口器から漏れる。\nそこには何の意味もない。彼はただ、虫としての最も原始的で、最も低次の本能に従って鳴いているだけだった。
AvgDialog_73786_Content_16,aqbb,avg星辰章2_AvgDialog_C_M.csv,1417,AvgDialog,Content,克莱门汀八章,！！！,！！！
AvgDialog_73786_Content_17,aqbc,avg星辰章2_AvgDialog_C_M.csv,1418,AvgDialog,Content,,克莱门汀不忍地别过了头。事实上，她根本没有头，因为她已经死去，只留下意识与银芯——@4说，那是她特殊的证明。,クレメンタインは耐えきれず、顔を背けた。\nもっとも、彼女には顔など存在しない。\n彼女はとうに死んでおり、残されたのは意識とシルバーコアだけ——@4曰く、それこそが彼女が特別である証だった。
AvgDialog_73786_Content_18,aqbd,avg星辰章2_AvgDialog_C_M.csv,1419,AvgDialog,Content,克莱门汀八章,父亲、父亲……父亲！,父さん、父さん……父さん！
AvgDialog_73786_Content_19,aqbe,avg星辰章2_AvgDialog_C_M.csv,1420,AvgDialog,Content,,克莱门汀努力呼唤着，但这呼喊没有声音，也永远不会被人听闻。,クレメンタインは必死に呼びかける。\nだが、その叫びに声はなく、誰かに届くこともなかった。
AvgDialog_73786_Content_20,aqbg,avg星辰章2_AvgDialog_C_M.csv,1421,AvgDialog,Content,血肉艾伦,克……@3,クレ……@3
AvgDialog_73786_Content_21,aqbh,avg星辰章2_AvgDialog_C_M.csv,1422,AvgDialog,Content,克莱门汀八章,父亲，你还记得我！？？,父さん、私のことを覚えているの！？
AvgDialog_73786_Content_22,aqbi,avg星辰章2_AvgDialog_C_M.csv,1423,AvgDialog,Content,,彷如奇迹般，父亲看向了她，那布满虫鳞的血肉握住了她在世上最后的遗留。,まるで奇跡のように、父は彼女へと視線を向けた。虫の鱗に覆われた肉塊の手が、彼女がこの世に残した最後の欠片をそっと握りしめる。
AvgDialog_73786_Content_23,aqbj,avg星辰章2_AvgDialog_C_M.csv,1424,AvgDialog,Content,克莱门汀八章,是的，父亲，我是克莱门汀，是你最爱的女儿——,そうよ、父さん。私がクレメンタイン。あなたが一番愛した娘——
AvgDialog_73786_Content_24,aqbk,avg星辰章2_AvgDialog_C_M.csv,1425,AvgDialog,Content,,她无声呐喊着，但很快，就失去了所有声音——她眼睁睁看着自己的银芯，被父亲吞了下去。,彼女は声なき叫びを上げた。\nしかし、すぐにすべての声を失った——\n彼女はただ見つめることしかできなかった。\n父が、自分のシルバーコアを飲み込んでしまう、その瞬間を。
AvgDialog_73786_Content_25,aqbl,avg星辰章2_AvgDialog_C_M.csv,1426,AvgDialog,Content,夏盖虫族,需要清洗你的记忆吗，孩子。我们说过，我们可以重复无数次。,子よ、記憶を消し去りたいか？\n何度もいったとおり、我々にはそれができる。
AvgDialog_73786_Content_26,aqbm,avg星辰章2_AvgDialog_C_M.csv,1427,AvgDialog,Content,克莱门汀八章,是的，谢谢，请洗去我的记忆吧。,ええ、お願いします。私の記憶を消してください。
AvgDialog_73786_Content_27,aqbn,avg星辰章2_AvgDialog_C_M.csv,1428,AvgDialog,Content,克莱门汀八章,我突然发现，永远待在这个巢穴也很好。,ふと思ったんです。\n永遠にこの巣に留まり続けるのも、悪くないのはないかと。
AvgDialog_73786_Content_28,aqbo,avg星辰章2_AvgDialog_C_M.csv,1429,AvgDialog,Content,夏盖虫族,恐怕「永远」这个词，并不适合人类。,「永遠」という言葉は、人間には相応しくない。
AvgDialog_73786_Content_29,aqbp,avg星辰章2_AvgDialog_C_M.csv,1430,AvgDialog,Content,夏盖虫族,那特殊物品确实让你父亲的存在本身稍微延长，也让他得以加入我们的意志交流，但我们一致认为，这种局面很快就会结束。,あの特殊な物質は、確かにお前の父の存在そのものをわずかに延命し、彼が我々の意志の交信に加わることを可能にした。\nだが、この状況は長くは続かない——我らの判断は一致している。
AvgDialog_73786_Content_30,aqbr,avg星辰章2_AvgDialog_C_M.csv,1431,AvgDialog,Content,克莱门汀八章,<Shake:为什么……>,<Shake:どうして……>
AvgDialog_73786_Content_31,aqbs,avg星辰章2_AvgDialog_C_M.csv,1432,AvgDialog,Content,夏盖虫族,因为人类存在本身，就是如此脆弱。,人間という存在そのものが、あまりにも脆弱だからだ。
AvgDialog_73786_Content_32,aqbt,avg星辰章2_AvgDialog_C_M.csv,1433,AvgDialog,Content,夏盖虫族,想要摆脱这种脆弱，就必须超脱人类这一概念。,その脆弱さから逃れたいのなら、人間という概念そのものを超越せねばならない。
AvgDialog_73786_Content_33,aqbu,avg星辰章2_AvgDialog_C_M.csv,1434,AvgDialog,Content,克莱门汀八章,……,……
AvgDialog_73786_Content_34,aqbv,avg星辰章2_AvgDialog_C_M.csv,1435,AvgDialog,Content,克莱门汀八章,那东西……银芯，可以让他超脱吗？,あの……シルバーコアがあれば、彼は超越できるんですか？
AvgDialog_73786_Content_35,aqbw,avg星辰章2_AvgDialog_C_M.csv,1436,AvgDialog,Content,夏盖虫族,很遗憾，那是你的东西，是你的生命、你的意志所析出的奇迹。,残念ながら、あれはお前のものだ。\nお前の命、お前の意志から生まれた奇跡なのだ。
AvgDialog_73786_Content_36,aqbx,avg星辰章2_AvgDialog_C_M.csv,1437,AvgDialog,Content,克莱门汀八章,……,……
AvgDialog_73786_Content_37,aqby,avg星辰章2_AvgDialog_C_M.csv,1438,AvgDialog,Content,克莱门汀八章,为什么告诉我这些？为什么现在才告诉我这些？！就是为了让我和你们融合，成为一个怪物？,どうして？どうして今になってそんなことを教えるの！？\n私をあなたたちと融合させて、怪物にするためですか！？
AvgDialog_73786_Content_38,aqbz,avg星辰章2_AvgDialog_C_M.csv,1439,AvgDialog,Content,克莱门汀八章,作为高维生命，俯视、操纵、玩弄我们这些人类，这些低维生物，究竟对你们有什么好处！,高次元の生命であるあなたたちは、私たち人間——低次元の生物を見下し、操り、弄んでいる。そんなことに何の意味があるというの！？
AvgDialog_73786_Content_39,aqbA,avg星辰章2_AvgDialog_C_M.csv,1440,AvgDialog,Content,夏盖虫族,"我们并没有如此，而且我们相当礼貌，以人类的标准而言。
只是人类本身太脆弱了。",我らに、そのような意図はない。\n人間の基準で言えば、我々はむしろ十分に礼儀正しい存在だろう。\nただ——人間という存在そのものが、あまりにも脆弱なのだ。
AvgDialog_73786_Content_40,aqbC,avg星辰章2_AvgDialog_C_M.csv,1441,AvgDialog,Content,夏盖虫族,"而你，有机会超脱这一切。
只要你下定决心，不再执着于那些虚假的温暖。",そして、お前にはすべてを超越する機会がある。\nただ決意するだけでいい。もう、偽りの温もりに執着しないと。
AvgDialog_73786_Content_41,aqbD,avg星辰章2_AvgDialog_C_M.csv,1442,AvgDialog,Content,克莱门汀八章,！！！,！！！
AvgDialog_73786_Content_42,aqbE,avg星辰章2_AvgDialog_C_M.csv,1443,AvgDialog,Content,,一种无力感从灵魂深处涌现，令克莱门汀失去了言语。她不知道该说什么，也不知道能说什么——,無力感が魂の奥底から込み上げ、クレメンタインは言葉を失った。\n何を言えばいいのかも、何を言えるのかも分からない——
AvgDialog_73786_Content_43,aqbF,avg星辰章2_AvgDialog_C_M.csv,1444,AvgDialog,Content,,因为人类太过渺小与脆弱。,人間という存在そのものが、あまりにも脆弱だからだ。
AvgDialog_73786_Content_44,aqbG,avg星辰章2_AvgDialog_C_M.csv,1445,AvgDialog,Content,,忽然，一只血肉组成的手抚上了克莱门汀的额头。是父亲。,そのとき、不意に血肉で形作られた手がクレメンタインの額に触れた。それは、父の手だった。
AvgDialog_73786_Content_45,aqbH,avg星辰章2_AvgDialog_C_M.csv,1446,AvgDialog,Content,,随后，父亲拥抱了她，用力地拥抱了她。,そして父は、彼女を抱きしめた。\n力いっぱい、強く抱きしめた。
AvgDialog_73786_Content_46,aqbI,avg星辰章2_AvgDialog_C_M.csv,1447,AvgDialog,Content,艾伦,@2门汀……对不起……为我所做的一切……,@2タイン……すまない……私のために、ここまで……
AvgDialog_73786_Content_47,aqbJ,avg星辰章2_AvgDialog_C_M.csv,1448,AvgDialog,Content,克莱门汀八章,为什么突然道歉，难道说……,どうして急に謝るの？まさか……
AvgDialog_73786_Content_48,aqbK,avg星辰章2_AvgDialog_C_M.csv,1449,AvgDialog,Content,克莱门汀八章,"不要这样，不要这样！
我不要什么超脱的生命，父亲，我不想要什么超脱的生命！",だめ！やめて！私は超越した命なんていらない！\n父さん、私はそんなもの望んでいない！
AvgDialog_73786_Content_49,aqbL,avg星辰章2_AvgDialog_C_M.csv,1450,AvgDialog,Content,,"然而那唯一的温暖还是消失了。
她彻底和这个世界失去了联系。",しかし、その唯一の温もりも、ついに消えて去った。\nその瞬間、彼女は完全にこの世界との繋がりを失った。
AvgDialog_73786_Content_50,aqbN,avg星辰章2_AvgDialog_C_M.csv,1451,AvgDialog,Content,,嘶啦——,ビシッ——
AvgDialog_73786_Content_51,aqbO,avg星辰章2_AvgDialog_C_M.csv,1452,AvgDialog,Content,,满是血肉与破碎人蛹的虫巢里，忽然爆发出了耀眼的光芒，犹如一轮太阳，照亮了这一方世界。,血肉と砕けた人の蛹で満たされた虫の巣の中に、突如として眩い光が溢れた。それはまるで太陽のように、暗闇の世界を照らし出した。
AvgDialog_73786_Content_52,aqbP,avg星辰章2_AvgDialog_C_M.csv,1453,AvgDialog,Content,,而地上翻涌的，是血与肉组成的海洋，一艘名为人类的战舰崩溃，以自身孕育出一个远超人类的生命。,その地上で渦巻いているものは、血と肉でできた海だった。\n「人間」という名の戦艦は崩れ落ち、その身をもって。人間を遥かに超えた生命を生み出した。
AvgDialog_73786_Content_53,btKL,avg星辰章2_AvgDialog_C_M.csv,1454,AvgDialog,Content,克莱门汀八章,可是父亲，为什么我流不出一滴眼泪？,でも、父さん……どうして私は、一滴の涙も流せないの？
AvgDialog_73786_Content_54,btKM,avg星辰章2_AvgDialog_C_M.csv,1455,AvgDialog,Content,,"因为虫子没有泪腺，也没有情感皮层
那属于人类",なぜなら、虫には涙腺も、感情を生み出す脳も存在しないからだ。\n——それは、人間のものなのだ。
AvgDialog_73780_Content_1,apRK,avg星辰章2_AvgDialog_C_M.csv,1456,AvgDialog,Content,,社会性动物,社会性動物
AvgDialog_73780_Content_2,apRV,avg星辰章2_AvgDialog_C_M.csv,1457,AvgDialog,Content,熔毁·朵尔,模拟空间能量波动，作为攻击的手段，会对心灵空间造成能量冲击。,空間エネルギーの波動をシミュレートし、それを攻撃手段として利用することで、精神空間に衝撃を与えることができるわ。
AvgDialog_73780_Content_3,apSg,avg星辰章2_AvgDialog_C_M.csv,1458,AvgDialog,Content,熔毁·朵尔,通讯器的做工和材质，只够支撑其影响一小片区域，而若是银钥匙……,通信機の構造と素材では、限られた範囲にしか影響を与えられない。けど、シルバーキーなら……
AvgDialog_73780_Content_4,apSr,avg星辰章2_AvgDialog_C_M.csv,1459,AvgDialog,Content,熔毁·朵尔,我想，那足以干扰整个疗养院，短暂打破这片独立空间的<Yellow:平衡>……人为制造出裂隙，让里面的意识借此逃脱。,おそらく療養所全体に干渉し、この独立した空間の<Yellow:均衡>を一時的に崩すことができるはずよ。人為的に裂け目を生み出して、中に閉じ込められた意識をそこから逃がすの。
AvgDialog_73780_Content_5,apSC,avg星辰章2_AvgDialog_C_M.csv,1460,AvgDialog,Content,,轰——,ドォン——
AvgDialog_73780_Content_6,apSN,avg星辰章2_AvgDialog_C_M.csv,1461,AvgDialog,Content,,凭借熔毁·朵尔模拟过的能量波动，你强行用银钥匙链接了心灵空间。,溶壊・ドールがシミュレートした波動を利用し、あなたは強引にシルバーキーで精神空間へのリンクを繋いだ。
AvgDialog_73780_Content_7,apSY,avg星辰章2_AvgDialog_C_M.csv,1462,AvgDialog,Content,,这链接十分短暂，却足以打破这片空间的平稳。,そのリンクはほんの一瞬だった。\nだがこの空間の均衡を崩すには十分だった。
AvgDialog_73780_Content_8,apTj,avg星辰章2_AvgDialog_C_M.csv,1463,AvgDialog,Content,,整个心灵空间都在震动，变化，片片崩溃，最终停在整个空间结构的最外层，疗养院。,精神空間全体が震え、変貌し、無数の欠片となって崩壊していく。\nそして最後に、療養所だけが残った。
AvgDialog_73780_Content_9,apTu,avg星辰章2_AvgDialog_C_M.csv,1464,AvgDialog,Content,玩家,为什么……咳咳，裂隙没有出现？,どうして……ゴホッ、裂け目が現れないの？
AvgDialog_73780_Content_10,apRL,avg星辰章2_AvgDialog_C_M.csv,1465,AvgDialog,Content,,承受了克莱门汀攻击和链接心灵空间代价的你，彻底跪倒在地。,クレメンタインの攻撃を受け、さらに精神世界へのリンクを繋いだ代償によって、あなたはついにその場へ膝をついた。
AvgDialog_73780_Content_11,apRM,avg星辰章2_AvgDialog_C_M.csv,1466,AvgDialog,Content,,但你不允许自己倒下，在拯救所有被困在疗养院的受害者前。,それでも、倒れるわけにはいかなかった。\n療養所に囚われたすべての人を救い出す、その時までは。
AvgDialog_73780_Content_12,apRN,avg星辰章2_AvgDialog_C_M.csv,1467,AvgDialog,Content,克莱门汀（唤醒体）,哎呀，恐怕要让你失望了。,ああ、残念でしたね。
AvgDialog_73780_Content_13,apRO,avg星辰章2_AvgDialog_C_M.csv,1468,AvgDialog,Content,克莱门汀（唤醒体）,只要我还活着，这片空间就会永恒存在。因为……,私が生きている限り、この空間は存在し続けます。なぜなら……
AvgDialog_73780_Content_14,apRP,avg星辰章2_AvgDialog_C_M.csv,1469,AvgDialog,Content,,克莱门汀笑着指了指自己的心脏。,クレメンタインは微笑みながら、自分の心臓を指差した。
AvgDialog_73780_Content_15,apRQ,avg星辰章2_AvgDialog_C_M.csv,1470,AvgDialog,Content,克莱门汀（唤醒体）,我将它链接到了这里——,私は、この空間をここに繋げたのですから——
AvgDialog_73780_Content_16,apRR,avg星辰章2_AvgDialog_C_M.csv,1471,AvgDialog,Content,玩家,你是指……银芯？！,ここって……君のシルバーコア！？
AvgDialog_73780_Content_17,apRS,avg星辰章2_AvgDialog_C_M.csv,1472,AvgDialog,Content,克莱门汀（唤醒体）,没错，就是银芯。我与这片心灵空间，同生共死。,そう、シルバーコアです。\n私は、この精神空間と一体化しているんです。
AvgDialog_73780_Content_18,apRT,avg星辰章2_AvgDialog_C_M.csv,1473,AvgDialog,Content,玩家,银芯是唤醒体的核心，这样的行为……太疯狂了。,シルバーコアは覚醒体の核だ。\nそんなことするなんて……正気とは思えない。
AvgDialog_73780_Content_19,apRU,avg星辰章2_AvgDialog_C_M.csv,1474,AvgDialog,Content,克莱门汀（唤醒体）,疯狂？我倒是遇到过几个称得上「疯狂」的患者，但我从来不觉得自己疯狂。,正気ではない、ですか？確かに私はこれまで、「狂っている」患者に何人も出会ってきました。\nですが、自分自身を狂っていると思ったことは、一度もありません。
AvgDialog_73780_Content_20,apRW,avg星辰章2_AvgDialog_C_M.csv,1475,AvgDialog,Content,克莱门汀（唤醒体）,相信我，心理医师最有资格评价一个人的精神状态，因此我很冷静。,信じてください。人の精神状態を見極めるのが、精神科医です。\nその私から見ても、私は冷静です。
AvgDialog_73780_Content_21,apRX,avg星辰章2_AvgDialog_C_M.csv,1476,AvgDialog,Content,克莱门汀（唤醒体）,哪怕她回来，带回了一些东西，也不会对我产生任何影响。,たとえ彼女が戻ってきて、何かを持ち帰ったとしても……私には何の影響もありません。
AvgDialog_73780_Content_22,apRY,avg星辰章2_AvgDialog_C_M.csv,1477,AvgDialog,Content,玩家,她……另一个克莱门汀！？,彼女って……もう一人のクレメンタインのこと？
AvgDialog_73780_Content_23,apRZ,avg星辰章2_AvgDialog_C_M.csv,1478,AvgDialog,Content,克莱门汀（唤醒体）,当然是另一个我。我说过，那只是结束我们分裂状态的必要工作。,もちろん、もう一人の私です。言ったでしょう？あれは、私たちの分裂した状態を終わらせるために必要な過程にすぎないのです。
AvgDialog_73780_Content_24,apSa,avg星辰章2_AvgDialog_C_M.csv,1479,AvgDialog,Content,克莱门汀（唤醒体）,我个人对于她……从来没有什么恶意。,私は個人的に、彼女に対して……悪意を抱いたことなど一度もありません。
AvgDialog_73780_Content_25,apSb,avg星辰章2_AvgDialog_C_M.csv,1480,AvgDialog,Content,,她在说谎，你看出来了。,彼女は嘘をついている。あなたにはわかっていた。
AvgDialog_73780_Content_26,apSc,avg星辰章2_AvgDialog_C_M.csv,1481,AvgDialog,Content,,这是克莱门汀的心灵世界，一切事物都是她内心想法的表达。,ここはクレメンタインの精神世界。\nここに存在するすべては、彼女の内なる想いが形になったものだ。
AvgDialog_73780_Content_27,apSd,avg星辰章2_AvgDialog_C_M.csv,1482,AvgDialog,Content,,她分裂了自己，她杀了自己——她憎恶着自己。,彼女は自分自身を分裂させた。そして自分自身を殺した——\n彼女は、自分自身を憎んでいるのだ。
AvgDialog_73780_Content_28,apSe,avg星辰章2_AvgDialog_C_M.csv,1483,AvgDialog,Content,克莱门汀（唤醒体）,虽然你多次拒绝了我，但作为直面过祂的存在，作为我的患者，我愿意原谅你一次。,あなたは何度も私を拒みましたが——あの方と直接対峙した存在であり、私の患者でもあるのですから、一度だけ許してあげましょう。
AvgDialog_73780_Content_29,apSf,avg星辰章2_AvgDialog_C_M.csv,1484,AvgDialog,Content,克莱门汀（唤醒体）,只要以后你乖乖的……,これからはちゃんと言うことを聞いてくれれば、それでいいんです。
AvgDialog_73780_Content_30,apSh,avg星辰章2_AvgDialog_C_M.csv,1485,AvgDialog,Content,,克莱门汀笑着走过来，伸出手慢慢抚上你的脸庞。,クレメンタインは微笑みながら歩み寄ると、そっと手を伸ばし、あなたの頬へと触れた。
AvgDialog_73780_Content_31,apSi,avg星辰章2_AvgDialog_C_M.csv,1486,AvgDialog,Content,克莱门汀（唤醒体）,多次使用银钥匙、透支身体很痛吧，没关系，这些痛苦很快就会消失了。,何度もシルバーキーを使い、そのたびに身体を酷使してきた……\n辛かったでしょう？ですが、安心してください。\nその苦しみも、もうすぐ終わります。
AvgDialog_73780_Content_32,apSj,avg星辰章2_AvgDialog_C_M.csv,1487,AvgDialog,Content,克莱门汀（唤醒体）,我会结束你的痛苦，为你带来新生。当然，这需要一点小小的付出。,私があなたの苦しみを終わらせ、新たな命を授けましょう。\nもちろん、そのためにはほんの少しだけ代償を払ってもらいますが。
AvgDialog_73780_Content_33,apSk,avg星辰章2_AvgDialog_C_M.csv,1488,AvgDialog,Content,克莱门汀（唤醒体）,毕竟，在这个燃烧的世界，生存，总是伴随着代价。,結局、この燃える世界で生き延びるには、常に代償が伴うのです。
AvgDialog_73780_Content_34,apSl,avg星辰章2_AvgDialog_C_M.csv,1489,AvgDialog,Content,,熟悉的虫鸣声，爬向你的耳道、挤入你的眼球，大脑似乎在摇晃，又似乎在癫狂，完全不受你的操控。,聞き慣れた虫の羽音が耳の奥へ入り込み、眼球へとねじ込むように迫ってくる。脳が揺さぶられているような、あるいは狂気に呑まれるような感覚。もはや、自分で制御することなどできない。
AvgDialog_73780_Content_35,apSm,avg星辰章2_AvgDialog_C_M.csv,1490,AvgDialog,Content,,为了保持理智，也为了缓解血肉不断生长虫鳞的痛苦，你不得不说些什么。,理性を保ち、身体に虫の鱗が絶えず生え続ける痛みに耐えるために、あなたは何かを言わずにはいられなかった。
AvgDialog_73780_Content_36,apSn,avg星辰章2_AvgDialog_C_M.csv,1491,AvgDialog,Content,玩家,这些话，你也对那些患者说过，是不是？,同じようなことを、他の患者たちにも言ったの？
AvgDialog_73780_Content_37,apSo,avg星辰章2_AvgDialog_C_M.csv,1492,AvgDialog,Content,玩家,这个燃烧的世界焚毁了他们的理智，变成怪物，是他们自认为的最后救赎。,この燃える世界は、彼らの理性を焼き尽くし、怪物へと変えた。\n君の言葉は、彼らにとって最後の救いだった。
AvgDialog_73780_Content_38,apSp,avg星辰章2_AvgDialog_C_M.csv,1493,AvgDialog,Content,玩家,最终，为了活下去，他们抛弃了一切，甚至抛弃了存在本身。,そして生き延びるために、彼らはすべてを捨てた。\n存在そのものさえも。
AvgDialog_73780_Content_39,apSq,avg星辰章2_AvgDialog_C_M.csv,1494,AvgDialog,Content,克莱门汀（唤醒体）,这有什么问题？生物的本能就是活下去，我完全理解他们的选择。,それの何が悪いというのでしょう？\n生きようとすることは、生物として当然の本能です。\n私には彼らの選択が理解できます。
AvgDialog_73780_Content_40,apSs,avg星辰章2_AvgDialog_C_M.csv,1495,AvgDialog,Content,克莱门汀（唤醒体）,而且，相信我，痛苦和纠结只是一瞬间的事情。,信じてください。\n苦しみや葛藤は、ほんの一瞬のことです。
AvgDialog_73780_Content_41,apSt,avg星辰章2_AvgDialog_C_M.csv,1496,AvgDialog,Content,克莱门汀（唤醒体）,只要仪式完成，你会获得新生，他们会获得新生，所有人都会得偿所愿。,儀式さえ終われば、あなたは新たな命を得る。彼らも新たな命を得るでしょう。誰もが望みどおりの結末を手にするのです。
AvgDialog_73780_Content_42,apSu,avg星辰章2_AvgDialog_C_M.csv,1497,AvgDialog,Content,玩家,……你说得没错，活下去是生物的本能，我也理解。但是……,……君の言うとおり、生きようとすることは、生物の本能だ。\nそれは理解できる。でも……
AvgDialog_73780_Content_43,apSv,avg星辰章2_AvgDialog_C_M.csv,1498,AvgDialog,Content,玩家,我不接受。威廉，还有那些主动赴死的人，也没有接受。,私は受け入れない。\nウィリアムも、自ら死を選んだ人たちも、受け入れなかった。
AvgDialog_73780_Content_44,apSw,avg星辰章2_AvgDialog_C_M.csv,1499,AvgDialog,Content,,因为总有什么东西，要比活下去，更加重要。,なぜなら、この世界には——生き延びることよりも大切なことがあるからだ。
AvgDialog_73780_Content_45,apSx,avg星辰章2_AvgDialog_C_M.csv,1500,AvgDialog,Content,玩家,这一点，克莱门汀你应该亲身体验过，老约翰、奥利弗，还有……艾伦，他们以生命，告诉了你自己的选择。,クレメンタイン、そのことは君自身が身をもって知っているはずだ。\nジョンじいさん、オリバー……そしてアレン。\n彼らは自らの命をもって、自分自身の答えを君に示したんだから。
AvgDialog_73780_Content_46,apSy,avg星辰章2_AvgDialog_C_M.csv,1501,AvgDialog,Content,克莱门汀（唤醒体）,！！！,！！！
AvgDialog_73780_Content_47,apSz,avg星辰章2_AvgDialog_C_M.csv,1502,AvgDialog,Content,,克莱门汀的笑容瞬间消失。愤怒的虫鸣直捣到你的大脑深处，切断了你与自己身躯的联系。,クレメンタインの笑みが、一瞬にして消えた。怒りに満ちた虫の羽音が脳の奥深くまで突き刺さり、あなたと肉体との繋がりを断ち切る。
AvgDialog_73780_Content_48,apSA,avg星辰章2_AvgDialog_C_M.csv,1503,AvgDialog,Content,,你看不见，你听不到，你说不出话，也动弹不了。但你知道，你的意志连通着克莱门汀。,何も見えない。何も聞こえない。声も出せず、指一本動かせない。\nそれでも、あなたは知っていた。\n自分の意志だけはクレメンタインへと繋がっていることを。
AvgDialog_73780_Content_49,apSB,avg星辰章2_AvgDialog_C_M.csv,1504,AvgDialog,Content,,"那次链接克莱门汀的意识光斑，并不是意外——
「克莱门汀」这个存在，一直窥视着你、关注着你、等待着你。",あのとき、クレメンタインの意識の光にリンクしたのは偶然ではなかった——\n「クレメンタイン」という存在は、ずっとあなたを見つめ、見守り、そして待ち続けていた。
AvgDialog_73780_Content_50,apSD,avg星辰章2_AvgDialog_C_M.csv,1505,AvgDialog,Content,玩家,克莱门汀，就像你说的，没有人能够剥离过去。那些痛苦，其实一直就存在于你的心底，对不对？,クレメンタイン。\n君が言ったとおり、誰も過去を切り離すことなんてできない。\nあの苦しみは、本当はずっと君の心の奥底にあった……そうでしょ？
AvgDialog_73780_Content_51,apSE,avg星辰章2_AvgDialog_C_M.csv,1506,AvgDialog,Content,玩家,所以你才会愤怒，愤怒到杀死自己，愤怒到现在想要杀我。,だから君は怒った。自分を殺すほどに。\nそして今は、私を殺そうとするほどに。
AvgDialog_73780_Content_52,apSF,avg星辰章2_AvgDialog_C_M.csv,1507,AvgDialog,Content,玩家,因为，那些痛彻心扉的经历，就算改变了存在形式，也会印在你的心里，你的灵魂里。,あの胸を引き裂くような記憶は、たとえ存在の形が変わったとしても、君の心に、魂に刻み込まれている。
AvgDialog_73780_Content_53,apSG,avg星辰章2_AvgDialog_C_M.csv,1508,AvgDialog,Content,玩家,它们不曾消失，它们一直存在。,それは消えたわけじゃない。ずっとそこにあったんだ。
AvgDialog_73780_Content_54,apSH,avg星辰章2_AvgDialog_C_M.csv,1509,AvgDialog,Content,,"你伸展意识，在黑暗中寻找。
此刻，你已经明白了另一个克莱门汀的深意：",あなたは意識を広げ、闇の中を探る。そして今、もう一人のクレメンタインが本当に伝えたかったことを理解した。
AvgDialog_73780_Content_55,apSI,avg星辰章2_AvgDialog_C_M.csv,1510,AvgDialog,Content,,她向你展示过她的心脏，她为你寻来了银钥匙，她送给你虫蛹标本，就是想要——,彼女が自分の鼓動をあなたに感じさせたのも、シルバーキーを探し出してくれたのも、蛹の標本を託したのも——\nすべては、あなたにそれを伝えるためだった。
AvgDialog_73780_Content_56,apSJ,avg星辰章2_AvgDialog_C_M.csv,1511,AvgDialog,Content,,"漆黑的空间里，出现了一颗银芯——
几乎是在瞬间，这颗银芯就主动做出了回应。",漆黒の空間に、一つのシルバーコアが現れた。\nそれはすぐさま、あなたの呼びかけに応じた。
AvgDialog_73780_Content_57,apSK,avg星辰章2_AvgDialog_C_M.csv,1512,AvgDialog,Content,玩家,……,……
AvgDialog_73780_Content_58,apSL,avg星辰章2_AvgDialog_C_M.csv,1513,AvgDialog,Content,克莱门汀八章,%player%，你不需要分清人类和虫子，你只需要坚持你想要坚持的东西。,%player%、人間と虫の区別をつける必要はありません。ただ、自分が守りたいと思うものを守ればいいんです。
AvgDialog_73780_Content_59,apSM,avg星辰章2_AvgDialog_C_M.csv,1514,AvgDialog,Content,克莱门汀八章,比如，人类的自我认知和灵魂。,例えば——人間としての自己認識と魂を。
AvgDialog_73780_Content_60,apSO,avg星辰章2_AvgDialog_C_M.csv,1515,AvgDialog,Content,克莱门汀八章,请你相信，我没有恶意，我只是想要帮助你。,どうか信じてください。私はあなたに害をなすつもりなんてありません。ただ、あなたを助けたいだけなんです。
AvgDialog_73780_Content_61,apSP,avg星辰章2_AvgDialog_C_M.csv,1516,AvgDialog,Content,玩家,……,……
AvgDialog_73780_Content_62,apSQ,avg星辰章2_AvgDialog_C_M.csv,1517,AvgDialog,Content,玩家,我明白你想要帮助我，也明白要坚持属于人类的自我认知和灵魂，可是……,君が助けようとしてくれていることも、人間としての自己認識や魂を守るべきだということもわかる。だけど……
AvgDialog_73780_Content_63,apSR,avg星辰章2_AvgDialog_C_M.csv,1518,AvgDialog,Content,玩家,一定要以这种方式吗？,本当に、こういうやり方でなければいけないの？
AvgDialog_73780_Content_64,apSS,avg星辰章2_AvgDialog_C_M.csv,1519,AvgDialog,Content,,"没有回应。
黑暗无垠的空间里，只有沉默的银芯。",返事はなかった。\n果てしない暗闇で、シルバーコアは沈黙したままだった。
AvgDialog_73780_Content_65,apST,avg星辰章2_AvgDialog_C_M.csv,1520,AvgDialog,Content,玩家,可是我……,でも、私は……
AvgDialog_73780_Content_66,apSU,avg星辰章2_AvgDialog_C_M.csv,1521,AvgDialog,Content,,你的声音在哽咽，手也在颤抖，但有些事情，无法逃避。,あなたの声は喉の奥で詰まり、手も震えている。\nそれでも、避けられないことがある。
AvgDialog_73780_Content_67,apSV,avg星辰章2_AvgDialog_C_M.csv,1522,AvgDialog,Content,,链接克莱门汀的银芯,クレメンタインのシルバーコアとリンクする
AvgDialog_73780_Content_68,apSW,avg星辰章2_AvgDialog_C_M.csv,1523,AvgDialog,Content,,再等等……,あと少しだけ……
AvgDialog_73780_Content_69,apSX,avg星辰章2_AvgDialog_C_M.csv,1524,AvgDialog,Content,,是的，在这个燃烧的世界，生存，总是伴随着代价。,そう、この燃える世界で生き延びるには、常に代償が伴う。
AvgDialog_73780_Content_70,apSZ,avg星辰章2_AvgDialog_C_M.csv,1525,AvgDialog,Content,,而你，基于人类的理性，做出了选择。,そしてあなたは、人間としての理性に基づいて、選択をした。
AvgDialog_73780_Content_71,apTa,avg星辰章2_AvgDialog_C_M.csv,1526,AvgDialog,Content,玩家,一会就好……让她，多存在一秒……,少しだけでいい……彼女を、あと一秒だけでも……
AvgDialog_73780_Content_72,apTb,avg星辰章2_AvgDialog_C_M.csv,1527,AvgDialog,Content,,你知道自己该理智，然而人类的感性，却又如此让你犹豫踌躇。,理性では分かっているはずなのに、人間としての感情が、あなたをためらわせ、躊躇させる。
AvgDialog_73780_Content_73,apTc,avg星辰章2_AvgDialog_C_M.csv,1528,AvgDialog,Content,,轰——,ドォン——
AvgDialog_73780_Content_74,apTd,avg星辰章2_AvgDialog_C_M.csv,1529,AvgDialog,Content,,经受刺激的银芯自主做出了选择，而在那磅礴的死意面前，心灵空间做出了退步，彻底崩解。,刺激を受けたシルバーコアが反応し、その圧倒的な「死の意志」の前に、精神空間は完全に崩壊した。
AvgDialog_73780_Content_75,apTe,avg星辰章2_AvgDialog_C_M.csv,1530,AvgDialog,Content,,一道道裂隙出现，而数不清的、被困在这里的魂灵，借着它们奔向自由。,裂け目が生まれ、そこに閉じ込められていた数え切れないほどの魂たちが、一斉に飛び出していく。
AvgDialog_73780_Content_76,apTf,avg星辰章2_AvgDialog_C_M.csv,1531,AvgDialog,Content,,"在那欢涌的无数灵魂下，是静静凝望你的克莱门汀。
她的身体，也在崩溃。",溢れ出す無数の魂の下で、クレメンタインが静かにあなたを見つめている。彼女の身体もまた、崩壊しつつあった。
AvgDialog_73780_Content_77,apTg,avg星辰章2_AvgDialog_C_M.csv,1532,AvgDialog,Content,玩家,……对不起。,……ごめん。
AvgDialog_73780_Content_78,apTh,avg星辰章2_AvgDialog_C_M.csv,1533,AvgDialog,Content,克莱门汀（唤醒体）,……,……
AvgDialog_73780_Content_79,apTi,avg星辰章2_AvgDialog_C_M.csv,1534,AvgDialog,Content,,第一次，克莱门汀收敛了自己的笑容。她歪着头，似乎在思考什么。,そのとき初めて、クレメンタインの顔から笑みが消えた。\n彼女は首を傾げ、何かを深く考え込んでいるようだった。
AvgDialog_73780_Content_80,apTk,avg星辰章2_AvgDialog_C_M.csv,1535,AvgDialog,Content,克莱门汀（唤醒体）,为什么……要说对不起？为什么，你们最后都要说……对不起？,どうして……謝るんですか？\nどうして、あなたたちは最後に必ず……謝るの？
AvgDialog_73780_Content_81,apTl,avg星辰章2_AvgDialog_C_M.csv,1536,AvgDialog,Content,克莱门汀（唤醒体）,我不明白，我真的不明白！,わからない、本当にわからない！
AvgDialog_73780_Content_82,apTm,avg星辰章2_AvgDialog_C_M.csv,1537,AvgDialog,Content,,"当种族的历史在我脑海中闪过时
从各方面来说，我都是一只昆虫
它已经成为了我的一部分",虫族の歴史が頭をよぎったとき、あらゆる意味で私は虫になった。\nそれはもう、私の一部になってしまった。
AvgDialog_73780_Content_83,apTn,avg星辰章2_AvgDialog_C_M.csv,1538,AvgDialog,Content,,而虫子没有泪腺，也没有情感皮层,そして虫には涙腺もなければ、感情を生み出す脳もない。
AvgDialog_73780_Content_84,apTo,avg星辰章2_AvgDialog_C_M.csv,1539,AvgDialog,Content,,克莱门汀握住你的手，放在了自己的胸膛，心脏所在的位置。,クレメンタインはあなたの手を取り、自分の胸元、心臓のある場所に当てた。
AvgDialog_73780_Content_85,apTp,avg星辰章2_AvgDialog_C_M.csv,1540,AvgDialog,Content,克莱门汀（唤醒体）,告诉我，你听到了什么？一只虫子的鸣叫，还是，一个人类的心跳？,教えてください。あなたには何が聞こえますか？\n虫の鳴き声？それとも、人間の心臓の鼓動？
AvgDialog_73780_Content_86,apTq,avg星辰章2_AvgDialog_C_M.csv,1541,AvgDialog,Content,克莱门汀（唤醒体）,不，什么都没有。这里是空的！,いいえ、何も聞こえるはずがない。空っぽなんですから！
AvgDialog_73780_Content_87,apTr,avg星辰章2_AvgDialog_C_M.csv,1542,AvgDialog,Content,玩家,不是空的。,空っぽなんかじゃないよ。
AvgDialog_73780_Content_88,apTs,avg星辰章2_AvgDialog_C_M.csv,1543,AvgDialog,Content,玩家,里面有一颗银芯。白银之心，也是一颗心。,シルバーコアがある。白銀の心——それもまた一つの心臓だ。
AvgDialog_73780_Content_89,apTt,avg星辰章2_AvgDialog_C_M.csv,1544,AvgDialog,Content,玩家,但这颗不同于人类与虫族的心脏，需要你自己去定义。就像真正的自己，需要你去选择，去塑造，去成为。,でもその心臓は、人間とも虫族とも異なるものだ。\nだから、君自身が定義しないといけない。\n本当の自分を、自分で選び、形作っていくように。
AvgDialog_73780_Content_90,apTv,avg星辰章2_AvgDialog_C_M.csv,1545,AvgDialog,Content,玩家,人并非生来就明白自己是什么，这需要成长，需要理解和超越。这是你的原话。,人は生まれながらに自分が何者か知っているわけじゃない。\nそれを知るためには、成長し、理解し、そして乗り越えていくことが必要なんだ。これは君が言っていたことだよ。
AvgDialog_73780_Content_91,apTw,avg星辰章2_AvgDialog_C_M.csv,1546,AvgDialog,Content,克莱门汀（唤醒体）,！！！,！！！
AvgDialog_73780_Content_92,apTx,avg星辰章2_AvgDialog_C_M.csv,1547,AvgDialog,Content,,克莱门汀怔怔望着你，望了许久。,クレメンタインは呆然とあなたを見つめた。長い間、ただじっと。
AvgDialog_73780_Content_93,bqwU,avg星辰章2_AvgDialog_C_M.csv,1548,AvgDialog,Content,,我到底是什么？,私はいったい何なの？
AvgDialog_73780_Content_94,bqwV,avg星辰章2_AvgDialog_C_M.csv,1549,AvgDialog,Content,,——本我。,——イド。
AvgDialog_73780_Content_95,bqwW,avg星辰章2_AvgDialog_C_M.csv,1550,AvgDialog,Content,,——超我。,——超自我。
AvgDialog_73780_Content_96,bqwX,avg星辰章2_AvgDialog_C_M.csv,1551,AvgDialog,Content,,人类？还是虫族？,人間？それとも虫族？
AvgDialog_73780_Content_97,bqwY,avg星辰章2_AvgDialog_C_M.csv,1552,AvgDialog,Content,,一滴泪从克莱门汀的眼中忽然落下。,一筋の涙が、クレメンタインの頬を伝い落ちる。
AvgDialog_73780_Content_98,bqwZ,avg星辰章2_AvgDialog_C_M.csv,1553,AvgDialog,Content,,"这是一滴迟来的泪。
这是一滴在心底酝酿许久的泪，久到它的主人，已经忘记了它的存在。",あまりにも遅すぎた涙だった。心の奥底で長い間育まれ、あまり長く留まり続けたせいで、彼女さえその存在を忘れてしまっていた涙。
AvgDialog_73780_Content_99,bqxa,avg星辰章2_AvgDialog_C_M.csv,1554,AvgDialog,Content,,"她以为那些过去已经真正的「过去」，以为自己的生命迎来了新生。
但原来，没有人可以剥离自己的过去。",彼女は、あの過去は本当に「過去」になったのだと思っていた。\n自分は新たに生まれ変わったのだと。\nだが、誰も自分の過去を切り離すことなどできない。
AvgDialog_73780_Content_100,bqwF,avg星辰章2_AvgDialog_C_M.csv,1555,AvgDialog,Content,,"父亲，不必向我道歉
成为你的女儿本身，已经足够幸福",父さん、謝らないで。\nあなたの娘として生まれたこと、それだけで私は十分幸せだった。
AvgDialog_73780_Content_101,bqwG,avg星辰章2_AvgDialog_C_M.csv,1556,AvgDialog,Content,,轰轰——,ドォォン——
AvgDialog_73780_Content_102,bqwH,avg星辰章2_AvgDialog_C_M.csv,1557,AvgDialog,Content,,心灵空间的坍塌仍在继续，不断消散的克莱门汀擦去眼角的泪水，向你露出复杂的微笑。,精神空間の崩壊はなおも続いていた。消えゆくクレメンタインは目尻の涙を拭い、複雑な微笑みをあなたへ向ける。
AvgDialog_73780_Content_103,bqwI,avg星辰章2_AvgDialog_C_M.csv,1558,AvgDialog,Content,克莱门汀（唤醒体）,真是场了不起的心理治疗。作为患者，我想我有必要袒露一切。,本当に素晴らしい心理療法でした。\n患者として、私は包み隠さず話すべきなのでしょうね。
AvgDialog_73780_Content_104,bqwJ,avg星辰章2_AvgDialog_C_M.csv,1559,AvgDialog,Content,克莱门汀（唤醒体）,与我融合时，她带回来了……被你们称为人性和爱的东西。,私と融合したとき、彼女は持ち帰ってきたんです……あなたたちが「人間性」や「愛」と呼ぶものを。
AvgDialog_73780_Content_105,bqwK,avg星辰章2_AvgDialog_C_M.csv,1560,AvgDialog,Content,克莱门汀（唤醒体）,她想要守护你，而这影响到了我。,彼女はあなたを守ろうとした。\nそして、その想いは私にも影響を与えた。
AvgDialog_73780_Content_106,bqwL,avg星辰章2_AvgDialog_C_M.csv,1561,AvgDialog,Content,克莱门汀（唤醒体）,我可以杀死我自己，但我……无法真正伤害自己想要守护的人。,私は自分を殺すことはできても……自分が守りたいと思った相手を、本当に傷つけることはできなかったんです。
AvgDialog_73780_Content_107,bqwM,avg星辰章2_AvgDialog_C_M.csv,1562,AvgDialog,Content,玩家,<Shake:克莱门汀……>,<Shake:クレメンタイン……>
AvgDialog_73780_Content_108,bqwN,avg星辰章2_AvgDialog_C_M.csv,1563,AvgDialog,Content,,你没有说完。克莱门汀忽然抱住了你，用力一推——,あなたが言い終えるより早く、クレメンタインはあなたを抱きしめ、そのまま力強く突き放した。
AvgDialog_73780_Content_109,bqwO,avg星辰章2_AvgDialog_C_M.csv,1564,AvgDialog,Content,克莱门汀（唤醒体）,不需要道别。心理治疗结束后，患者就需要离开。,お別れの言葉はいりません。\n治療が終われば、患者は去っていくのですから。
AvgDialog_73780_Content_110,bqwP,avg星辰章2_AvgDialog_C_M.csv,1565,AvgDialog,Content,,空间破碎的声音在刹那间停止，一切都如幻梦般消失无踪。,空間が砕け散る音は、その瞬間ぴたりと止み、すべては幻のように跡形もなく消え去った。
AvgDialog_73780_Content_111,bqwQ,avg星辰章2_AvgDialog_C_M.csv,1566,AvgDialog,Content,,在最后关头，你被克莱门汀推离了那彻底破碎消失的空间，回到了现实世界。,最後の瞬間、あなたはクレメンタインに押し出され、完全に崩壊していくその空間から、現実世界へと戻った。
AvgDialog_73780_Content_112,bqwR,avg星辰章2_AvgDialog_C_M.csv,1567,AvgDialog,Content,克莱门汀（唤醒体）,这是次成功的心理治疗……对我而言。,これは……私にとって、意味のある心理療法でした。
AvgDialog_73780_Content_113,bqwS,avg星辰章2_AvgDialog_C_M.csv,1568,AvgDialog,Content,,"克莱门汀最后的声音在你的心中回响。
那是拥抱的片刻，她在你耳边的低喃。",クレメンタインの最後の声が、あなたの心の中に響く。\nそれは彼女があなたを抱きしめた瞬間、耳元で囁いた言葉だった。
AvgDialog_73780_Content_114,bqwT,avg星辰章2_AvgDialog_C_M.csv,1569,AvgDialog,Content,克莱门汀（唤醒体）,在这宇宙，不止人类这一种社会性生物。,この宇宙で、社会性を持つ生物は人間だけではないんですよ。
AvgDialog_73780_Content_115,btKB,avg星辰章2_AvgDialog_C_M.csv,1570,AvgDialog,Content,玩家,……,……
AvgDialog_73780_Content_116,btKC,avg星辰章2_AvgDialog_C_M.csv,1571,AvgDialog,Content,玩家,所以克莱门汀，在这场仪式的最初，你只是渴望着同族？,つまり……クレメンタイン、君は儀式を通して本当にただ同族になってほしかっただけなの？
AvgDialog_73780_Content_117,btKD,avg星辰章2_AvgDialog_C_M.csv,1572,AvgDialog,Content,,"没有回答，你也没有指望获得回答。
将银钥匙紧紧攥在手中后，你努力向前走——",返事はなかった。\nあなたも、返事が返ってくるとは期待していなかった。\nシルバーキーを強く握りしめ、あなたは前へと歩き出す。
AvgDialog_73780_Content_118,btKE,avg星辰章2_AvgDialog_C_M.csv,1573,AvgDialog,Content,,你要去拯救其他人——或者说，同族。,あなたには救うべき人たちがいる——\nあるいは、彼女の言葉を借りるなら、あなたの同族たちを。
AvgDialog_73777_Content_1,apOJ,avg星辰章2_AvgDialog_C_M.csv,1574,AvgDialog,Content,,燃烧的世界，再见,さよなら、燃える世界
AvgDialog_73777_Content_2,apOU,avg星辰章2_AvgDialog_C_M.csv,1575,AvgDialog,Content,玩家,……,……
AvgDialog_73777_Content_3,apPf,avg星辰章2_AvgDialog_C_M.csv,1576,AvgDialog,Content,玩家,！！！,！！！
AvgDialog_73777_Content_4,apPq,avg星辰章2_AvgDialog_C_M.csv,1577,AvgDialog,Content,玩家,——,——
AvgDialog_73777_Content_5,apPB,avg星辰章2_AvgDialog_C_M.csv,1578,AvgDialog,Content,熔毁·朵尔,如果没什么事情能填充你的大脑，你可以再重新阅读一下@2虫族的报告。,頭に詰め込むものが何もないなら、「@2虫族に関する報告書」をもう一度読み返してみたら？
AvgDialog_73777_Content_6,apPM,avg星辰章2_AvgDialog_C_M.csv,1579,AvgDialog,Content,玩家,我现在很难看进去任何文字……,今は文字を読む気になれないよ……
AvgDialog_73777_Content_7,apPX,avg星辰章2_AvgDialog_C_M.csv,1580,AvgDialog,Content,玩家,熔毁·朵尔，克莱门汀的唤醒实验能够成功吗？,溶壊・ドール。\nクレメンタインの覚醒実験は、本当に成功するかな？
AvgDialog_73777_Content_8,apQh,avg星辰章2_AvgDialog_C_M.csv,1581,AvgDialog,Content,熔毁·朵尔,你在质疑一个天才的科研水平？,天才であるこの私の研究能力を疑っているの？
AvgDialog_73777_Content_9,apQi,avg星辰章2_AvgDialog_C_M.csv,1582,AvgDialog,Content,玩家,当然不是，只是……,そういうわけじゃないよ。ただ……
AvgDialog_73777_Content_10,apOK,avg星辰章2_AvgDialog_C_M.csv,1583,AvgDialog,Content,熔毁·朵尔,只是克莱门汀的精神状态不太稳定，只是担心虚空会侵蚀克莱门汀的银芯，还是担心醒来的克莱门汀出现什么问题？,クレメンタインの精神状態が不安定なことを気にしているの？\nそれとも、虚空がシルバーコアを侵蝕することを？\nあるいは、目覚めたクレメンタインに何か問題が起きることを？
AvgDialog_73777_Content_11,apOL,avg星辰章2_AvgDialog_C_M.csv,1584,AvgDialog,Content,熔毁·朵尔,你还不明白吗？当我们捕捉到克莱门汀意识碎片的时候，就已经代表了她的选择和意志。,まだわからないのかしら？クレメンタインの意識の欠片を捕捉できた時点で、それはすでに彼女自身の選択と意志を示しているのよ。
AvgDialog_73777_Content_12,apOM,avg星辰章2_AvgDialog_C_M.csv,1585,AvgDialog,Content,克莱门汀（唤醒体）,是的，我的意志和我的选择，都是你，%player%。,ええ、私が自らの意志で選んだ答えは、あなただけです。%player%
AvgDialog_73777_Content_13,apON,avg星辰章2_AvgDialog_C_M.csv,1586,AvgDialog,Content,玩家,克莱门汀！,クレメンタイン！
AvgDialog_73777_Content_14,apOO,avg星辰章2_AvgDialog_C_M.csv,1587,AvgDialog,Content,熔毁·朵尔,感觉如何，是否需要我帮忙调试身躯？,調子はどうかしら？必要ならボディの調整をするけど。
AvgDialog_73777_Content_15,apOP,avg星辰章2_AvgDialog_C_M.csv,1588,AvgDialog,Content,克莱门汀（唤醒体）,我想暂时还不需要。我现在很好，或许从来都没有这么好过。,今のところは必要ないと思います。とても調子がいいんです。\nこんなに満たされた気分は、初めてかもしれません。
AvgDialog_73777_Content_16,apOQ,avg星辰章2_AvgDialog_C_M.csv,1589,AvgDialog,Content,玩家,……,……
AvgDialog_73777_Content_17,apOR,avg星辰章2_AvgDialog_C_M.csv,1590,AvgDialog,Content,克莱门汀（唤醒体）,%player%，从你的微表情来看，你似乎有许多话想对我说。,%player%、あなたの表情からするに、私に言いたいことがたくさんあるようですね。
AvgDialog_73777_Content_18,apOS,avg星辰章2_AvgDialog_C_M.csv,1591,AvgDialog,Content,克莱门汀（唤醒体）,请畅所欲言，我是个专业的倾听者。,どうぞ遠慮なく話してください。私は聞き役のプロですから。
AvgDialog_73777_Content_19,apOT,avg星辰章2_AvgDialog_C_M.csv,1592,AvgDialog,Content,玩家,那天的话，你是故意说给我听的吧？,あのときの言葉……あれは、わざと私に聞かせたんだよね？
AvgDialog_73777_Content_20,apOV,avg星辰章2_AvgDialog_C_M.csv,1593,AvgDialog,Content,克莱门汀（唤醒体）,你是指「人性和爱」……当然，有一些故意的成分，但我也没有说谎。,「人間性」や「愛」のことですか？……ええ、多少はそのような意図もありました。ですが、嘘はついていません。
AvgDialog_73777_Content_21,apOW,avg星辰章2_AvgDialog_C_M.csv,1594,AvgDialog,Content,克莱门汀（唤醒体）,我最终没有痛下杀手，不是吗？作为守密人，你应该最明白唤醒体真正失控的可怕后果。,結局、私はあなたにとどめを刺さなかったでしょう？\n守秘者であるあなたなら、覚醒体が本当に制御を失った時、どれほど恐ろしい結果になるかを誰よりも理解しているはずです。
AvgDialog_73777_Content_22,apOX,avg星辰章2_AvgDialog_C_M.csv,1595,AvgDialog,Content,玩家,我明白，也正是考虑到这一点，我才会选择尝试唤醒你。,うん、理解しているよ。\nだからこそ、私は君を覚醒させることを選んだ。
AvgDialog_73777_Content_23,apOY,avg星辰章2_AvgDialog_C_M.csv,1596,AvgDialog,Content,克莱门汀（唤醒体）,感谢你的选择，让我再一次获得新生。,その選択に感謝します。あなたのおかげで、私はもう一度、新たな命を得ることができました。
AvgDialog_73777_Content_24,apOZ,avg星辰章2_AvgDialog_C_M.csv,1597,AvgDialog,Content,玩家,只是……,ただ……
AvgDialog_73777_Content_25,apPa,avg星辰章2_AvgDialog_C_M.csv,1598,AvgDialog,Content,克莱门汀（唤醒体）,我说过，请畅所欲言。对于你，这点耐心和包容，我还是有的。,言ったはずですよ。遠慮なく話してください、と。\nあなたに対しては、それくらいの忍耐も包容力もありますから。
AvgDialog_73777_Content_26,apPb,avg星辰章2_AvgDialog_C_M.csv,1599,AvgDialog,Content,玩家,……克莱门汀，如今你拥有了新的身份，你可以去看真正的世界，过自己想要的新的生活。,……クレメンタイン。君は今、新たな人生を手に入れた。\n本当の世界を見て、自分が望む生き方を選べる。
AvgDialog_73777_Content_27,apPc,avg星辰章2_AvgDialog_C_M.csv,1600,AvgDialog,Content,玩家,你可以做任何你想要做的事情，但唯有一点——,やりたいことは何だってできる。でも、一つだけ——
AvgDialog_73777_Content_28,apPd,avg星辰章2_AvgDialog_C_M.csv,1601,AvgDialog,Content,克莱门汀（唤醒体）,不要伤害无辜者，我猜你是想说这个。,罪のない人たちを傷つけないで……そう言いたいのでしょう？
AvgDialog_73777_Content_29,apPe,avg星辰章2_AvgDialog_C_M.csv,1602,AvgDialog,Content,玩家,在了解@2虫族的生活方式后，我觉得有必要强调这一点。,@2虫族の生き方を知った以上、それだけは伝えておくべきだと思ったんだ。
AvgDialog_73777_Content_30,apPg,avg星辰章2_AvgDialog_C_M.csv,1603,AvgDialog,Content,克莱门汀（唤醒体）,当然，这并不是什么难事。一个充满博爱精神的心理医生，不会介意患者的身份。,もちろん、それほど難しくはないはずです。博愛精神に満ちた精神科医は、患者の素性を気にしたりしませんから。
AvgDialog_73777_Content_31,apPh,avg星辰章2_AvgDialog_C_M.csv,1604,AvgDialog,Content,克莱门汀（唤醒体）,虐待狂、变态人格、悖德型人格……在这个病态的世界，有太多的病人需要医治，没有必要打扰无辜者的生活。,サディスト、反社会的な人、反道徳的な人……この病んだ世界には、治療を必要とする患者があまりにも多すぎます。\nわざわざ罪のない人々の暮らしを乱す必要なんてありません。
AvgDialog_73777_Content_32,apPi,avg星辰章2_AvgDialog_C_M.csv,1605,AvgDialog,Content,克莱门汀（唤醒体）,最重要的，我想尝试做出一些改变。,何より、私は自分自身を変えてみたいんです。
AvgDialog_73777_Content_33,apPj,avg星辰章2_AvgDialog_C_M.csv,1606,AvgDialog,Content,玩家,我想，你是指「成为真正的自己」这件事。,それはつまり、「本当の自分」を探すってこと？
AvgDialog_73777_Content_34,apPk,avg星辰章2_AvgDialog_C_M.csv,1607,AvgDialog,Content,克莱门汀（唤醒体）,是的，不是作为人类或是虫族，而是作为唤醒体，一个新生的我，去寻找自己。,ええ。人間としてでも虫族としてでもなく、覚醒体として——新たに生まれ変わった私として、自分を探していきたいんです。
AvgDialog_73777_Content_35,apPl,avg星辰章2_AvgDialog_C_M.csv,1608,AvgDialog,Content,克莱门汀（唤醒体）,当然，这不代表我会忘记正事，审查会那边，我会持续关注的。,もちろん、本来の目的を忘れるつもりはありません。\n審査会の動向は、引き続き注意深く見守っていきます。
AvgDialog_73777_Content_36,apPm,avg星辰章2_AvgDialog_C_M.csv,1609,AvgDialog,Content,熔毁·朵尔,持续关注……你的潜在意思是，审查会的某些行为会影响到这个世界的存续？,注意深く見守る、ね……それはつまり、審査会の何らかの行動が、この世界の存続に影響を及ぼす可能性があるということ？
AvgDialog_73777_Content_37,apPn,avg星辰章2_AvgDialog_C_M.csv,1610,AvgDialog,Content,克莱门汀（唤醒体）,或许，但根据目前所观察到的，我还无法下定结论。,おそらくは。ただ、現時点で確認できている情報だけでは、まだ結論は出せません。
AvgDialog_73777_Content_38,apPo,avg星辰章2_AvgDialog_C_M.csv,1611,AvgDialog,Content,克莱门汀（唤醒体）,如果你们不介意，我想回去继续潜伏，直到调查出结果。当然，这结果会与你们共享。,よろしければ、私は調査結果が出るまで、再び潜伏を続けたいと思います。もちろん、その結果はあなたたちと共有します。
AvgDialog_73777_Content_39,apPp,avg星辰章2_AvgDialog_C_M.csv,1612,AvgDialog,Content,玩家,那就麻烦你了。还有……,それなら頼んだよ。それと……
AvgDialog_73777_Content_40,apPr,avg星辰章2_AvgDialog_C_M.csv,1613,AvgDialog,Content,克莱门汀（唤醒体）,威廉，是吗？,ウィリアム、ですね？
AvgDialog_73777_Content_41,apPs,avg星辰章2_AvgDialog_C_M.csv,1614,AvgDialog,Content,玩家,是的。所有疗养院的受害者都已经处置妥当，但我没有找到威廉，他……,うん。療養所の患者たちは全員救出されたけど、ウィリアムだけが見つからなかった。彼は……
AvgDialog_73777_Content_42,apPt,avg星辰章2_AvgDialog_C_M.csv,1615,AvgDialog,Content,熔毁·朵尔,关于威廉，也许我有一些线索。,ウィリアムについてなら、いくつか手がかりがあるわ。
AvgDialog_73777_Content_43,apPu,avg星辰章2_AvgDialog_C_M.csv,1616,AvgDialog,Content,,熔毁·朵尔拿出一本笔记本，尽管破损严重，你还是认出了一些字迹：葬骸墓地。,溶壊・ドールは一冊のノートを取り出した。それはひどく痛んでいたが、あなたはいくつかの文字を読み取ることができた。\n——葬骸墓地。
AvgDialog_73777_Content_44,apPv,avg星辰章2_AvgDialog_C_M.csv,1617,AvgDialog,Content,玩家,这么说，威廉接下来的计划是前往这个葬骸墓地，为什么？,つまり、ウィリアムの次の目的地はこの葬骸墓地ってこと？\nでも、なぜ……？
AvgDialog_73777_Content_45,apPw,avg星辰章2_AvgDialog_C_M.csv,1618,AvgDialog,Content,熔毁·朵尔,这就是你需要去调查的原因。,それを調べるのが、あなたが調査に行く理由よ。
AvgDialog_73777_Content_46,apPx,avg星辰章2_AvgDialog_C_M.csv,1619,AvgDialog,Content,玩家,看来这次，我又要单独行动了。,どうやらまた、単独行動になりそうだね。
AvgDialog_73777_Content_47,apPy,avg星辰章2_AvgDialog_C_M.csv,1620,AvgDialog,Content,玩家,没问题，我现在就……,よし。じゃあ、すぐにでも……
AvgDialog_73777_Content_48,apPz,avg星辰章2_AvgDialog_C_M.csv,1621,AvgDialog,Content,,熔毁·朵尔用目光阻止了你的话语。,溶壊・ドールが視線だけで、あなたを制した。
AvgDialog_73777_Content_49,apPA,avg星辰章2_AvgDialog_C_M.csv,1622,AvgDialog,Content,熔毁·朵尔,我说过，下次，我会在监视器上加载我知道的所有武器。,言ったはずよ。\n次は、私が知る限りのあらゆる武器を装置に搭載すると。
AvgDialog_73777_Content_50,apPC,avg星辰章2_AvgDialog_C_M.csv,1623,AvgDialog,Content,熔毁·朵尔,现在是时候践行这句话了。,今こそ、この言葉を実行に移す時よ。
AvgDialog_73777_Content_51,apPD,avg星辰章2_AvgDialog_C_M.csv,1624,AvgDialog,Content,,熔毁·朵尔以行动作为了回答。等你反应过来时，已经被拽离了房间。,溶壊・ドールは言葉ではなく、行動で答えた。あなたが状況を理解したときには、すでに部屋の外へと引きずり出されていた。
AvgDialog_73777_Content_52,apPE,avg星辰章2_AvgDialog_C_M.csv,1625,AvgDialog,Content,,克莱门汀望着你们离开的背影，无声微笑，随后她收敛笑容，望向那份关于虫族的报告。,クレメンタインは、あなたたちが去っていく背中を見つめ、声を出さずに微笑んだ。\nそして彼女は笑みを収めると、虫族に関する報告書へ目を向けた。
AvgDialog_73777_Content_53,apPF,avg星辰章2_AvgDialog_C_M.csv,1626,AvgDialog,Content,,她没有说话，只是沉默着站了许久。,彼女は何も言わず、ただ長い間、黙ってそこにいた。
AvgDialog_73777_Content_54,apPG,avg星辰章2_AvgDialog_C_M.csv,1627,AvgDialog,Content,,当她离开时，一阵风吹来，翻开了放在桌上的@2虫族的报告。,クレメンタインが立ち去った後、一陣の風が吹き、机の上に置かれていた「@2虫族に関する報告書」のページをめくった。
AvgDialog_73777_Content_55,apPH,avg星辰章2_AvgDialog_C_M.csv,1628,AvgDialog,Content,,「……年前，@2虫族降临位于@4的@2小镇……抓捕人类，进行残酷@2实现，创造亵渎造物，即具有虫族血脉的人类……」,「……年前、@2虫族は@4に位置する@2の小さな町に降り立った……人間を捕らえ、残酷な@2実験を行い、冒涜的な被造物——\nすなわち虫族の血脈を持つ人間を生み出した……」
AvgDialog_73777_Content_56,apPI,avg星辰章2_AvgDialog_C_M.csv,1629,AvgDialog,Content,,「融蚀出现……虫族大量死亡，残存的@2虫族抛弃造物离开……造物们因@2性更容易引起@4的@2，罹患怪病——融蚀。」,「融蝕が発生……多くの虫族が死亡。生き残った@2虫族は被造物を捨て、去っていった……被造物たちは@2の性質ゆえに@4の@2を引き起こしやすく、奇病——融蝕に感染した」
AvgDialog_73777_Content_57,apPJ,avg星辰章2_AvgDialog_C_M.csv,1630,AvgDialog,Content,,「造物们不知真相……认为是人类的生命形式引发怪病，依照虫族残留文献举行<Yellow:生命仪式>，企图回归@2虫族这种超脱的生命存在，造成……悲剧……」,「被造物たちは真実を知らず……奇病の原因は人間形態にあると思い込み、虫族の残した文献に従って<Yellow:生命の儀式>を執り行った。\n@2虫族という超越した生命存在へ回帰しようとした結果、彼らは悲劇を招くこととなる……」
AvgDialog_73777_Content_58,apPK,avg星辰章2_AvgDialog_C_M.csv,1631,AvgDialog,Content,,「……受害者人数高达@1千，包括老约翰（72岁）、贝拉（6岁）、伯克利（23岁）等……所有人皆化为血肉@2，痛苦死亡……」,「被害者数は@1千人に上り、ジョン(72歳)、ベラ(6歳)、バークレー(23歳)を含む全員が肉塊@2へと変異し、苦痛の末に死亡……」
AvgDialog_73777_Content_59,apPL,avg星辰章2_AvgDialog_C_M.csv,1632,AvgDialog,Content,,「其中克莱门汀的父亲艾伦最为特殊……为了和女儿团聚，艾伦故意染上融蚀……举行<Yellow:生命仪式>……」,「その中でも、クレメンタインの父であるアレンは特に異例だった……娘と再会するため、アレンは意図的に融蝕に感染し……\n<Yellow:生命の儀式>を執り行ったのだ」
AvgDialog_73777_Content_60,apPN,avg星辰章2_AvgDialog_C_M.csv,1633,AvgDialog,Content,,一天前,一日前
AvgDialog_73777_Content_61,apPO,avg星辰章2_AvgDialog_C_M.csv,1634,AvgDialog,Content,,深夜，无人的蜡像馆里，出现了两个身影。,深夜。誰もいない蝋人形館に、二つの影が現れた。
AvgDialog_73777_Content_62,apPP,avg星辰章2_AvgDialog_C_M.csv,1635,AvgDialog,Content,赫伯特,阿尔比诺，这次的计划失败了，你知道谁应该负主要责任吗？,アルビノ、今回の計画は失敗した。\n誰が責任を取るべきか、分かるかね？
AvgDialog_73777_Content_63,apPQ,avg星辰章2_AvgDialog_C_M.csv,1636,AvgDialog,Content,阿尔比诺,让我想想……从战略层面而言，应该是你。,そうですね……戦略的な観点から言えば、あなたでしょう。
AvgDialog_73777_Content_64,apPR,avg星辰章2_AvgDialog_C_M.csv,1637,AvgDialog,Content,阿尔比诺,但是从战术层面考虑，或许我也该负一点责任。,ですが、戦術面で考えるなら、私にも多少の責任はあるかもしれません。
AvgDialog_73777_Content_65,apPS,avg星辰章2_AvgDialog_C_M.csv,1638,AvgDialog,Content,,赫伯特无声摩挲伽拉忒亚的额头。从额头到脖颈，再到脊背。,ハーバートは無言のまま、ガラテアの頭をそっと撫でた。\n額から首筋へ、そして背中へと。
AvgDialog_73777_Content_66,apPT,avg星辰章2_AvgDialog_C_M.csv,1639,AvgDialog,Content,,当伽拉忒亚满足地甩尾时，赫伯特才再次开口。,ガラテアが満足そうに尻尾を振ったのを見て、ハーバートは再び口を開いた。
AvgDialog_73777_Content_67,apPU,avg星辰章2_AvgDialog_C_M.csv,1640,AvgDialog,Content,赫伯特,我想，我们应该将%player%的危险性提到最高。为此，我们需要%hisorher%资料，完整资料。,我々は%player%に対する警戒を最高レベルまで引き上げるべきだな。そのためには、%hisorher%の資料、それも完全な資料が必要だ。
AvgDialog_73777_Content_68,apPV,avg星辰章2_AvgDialog_C_M.csv,1641,AvgDialog,Content,赫伯特,这次，阿尔比诺，我想你不会再玩忽职守了。否则——你不会再有任何假期。,アルビノ、今回ばかりは君ももう職務を怠るような真似はしないだろうね。さもなくば——二度と休暇は与えられない。
AvgDialog_73777_Content_69,apPW,avg星辰章2_AvgDialog_C_M.csv,1642,AvgDialog,Content,阿尔比诺,……好吧好吧，你赢了。,……はいはい、わかりました。
AvgDialog_73777_Content_70,apPY,avg星辰章2_AvgDialog_C_M.csv,1643,AvgDialog,Content,阿尔比诺,那克莱门汀呢？她的银芯被%player%拿走了。,クレメンタインはどうするんです？\n彼女のシルバーコアは%player%に奪われてしまいましたが。
AvgDialog_73777_Content_71,apPZ,avg星辰章2_AvgDialog_C_M.csv,1644,AvgDialog,Content,赫伯特,阿尔比诺，不要被狩猎的本能带偏目标。重要的是计划。,アルビノ。狩猟本能に惑わされて、目的を見失うな。\n重要なのは計画だ。
AvgDialog_73777_Content_72,apQa,avg星辰章2_AvgDialog_C_M.csv,1645,AvgDialog,Content,阿尔比诺,明白了。我现在去搜集%player%的资料。,わかりました。すぐに%player%の資料を集めに行きましょう。
AvgDialog_73777_Content_73,apQb,avg星辰章2_AvgDialog_C_M.csv,1646,AvgDialog,Content,,看着阿尔比诺离开，赫伯特再次摸了摸伽拉忒亚的额头。,アルビノが立ち去るのを見送りながら、ハーバートは再びガラテアの頭を撫でた。
AvgDialog_73777_Content_74,apQc,avg星辰章2_AvgDialog_C_M.csv,1647,AvgDialog,Content,赫伯特,伽拉忒亚，耐心。我们会再见到%heorshe%的。,ガラテア、焦る必要はない。\n私たちはまた%heorshe%に会うことになる。
AvgDialog_73777_Content_75,apQd,avg星辰章2_AvgDialog_C_M.csv,1648,AvgDialog,Content,,三天前,三日前
AvgDialog_73777_Content_76,apQe,avg星辰章2_AvgDialog_C_M.csv,1649,AvgDialog,Content,威廉,确认被害人员全员获救，密境完全消失，危机解除。,被害者全員の救出を確認。\n密境は完全に消滅し、危機は解消された。
AvgDialog_73777_Content_77,apQf,avg星辰章2_AvgDialog_C_M.csv,1650,AvgDialog,Content,,在你落入克莱门汀密境的树林里，威廉拿出纸和笔迅速写着什么。,あなたがクレメンタインの密境に落ちた森の中で、ウィリアムは紙とペンを取り出し、素早く書き留めた。
AvgDialog_73777_Content_78,apQg,avg星辰章2_AvgDialog_C_M.csv,1651,AvgDialog,Content,,随后，他的动作忽然顿住。,その直後、彼の手がふと止まる。
AvgDialog_73777_Content_79,bqwv,avg星辰章2_AvgDialog_C_M.csv,1652,AvgDialog,Content,威廉,至于%player%……理应不存在于这个世界的%player%出现，原因不明，动机不明，预计后果不明。,%player%について……本来、この世界に存在するはずのない%player%が現れた。原因不明。動機不明。予測される結果も不明。
AvgDialog_73777_Content_80,bqww,avg星辰章2_AvgDialog_C_M.csv,1653,AvgDialog,Content,威廉,结论，需要更多信息以了解世界的异常。,結論——世界の異常を把握するため、さらなる情報が必要。
AvgDialog_73777_Content_81,bqwx,avg星辰章2_AvgDialog_C_M.csv,1654,AvgDialog,Content,,威廉收起纸和笔，向着某一处远眺，就是在那里，%player%获救离开。,ウィリアムは紙とペンをしまい、ある一点を遠く見つめた。そこは、%player%が救出され、立ち去った場所だった。
AvgDialog_73777_Content_82,bqwy,avg星辰章2_AvgDialog_C_M.csv,1655,AvgDialog,Content,,但很快，威廉就从缅怀中清醒。明白自己该做什么的他，再次转身，消失在了树林里。,しかし、ウィリアムはすぐに物思いから我に返った。自分がすべきことを理解した彼は、踵を返し、森の中へと消えていった。
AvgDialog_73777_Content_83,bqwz,avg星辰章2_AvgDialog_C_M.csv,1656,AvgDialog,Content,,只有被风吹散的余音，证明他曾来过的痕迹。,ただ、風に吹き散らされる残響だけが、彼がここにいた証を残していた。
AvgDialog_73777_Content_84,bqwA,avg星辰章2_AvgDialog_C_M.csv,1657,AvgDialog,Content,威廉,愿银钥指引我们。,銀の鍵の導きがあらんことを。
AvgDialog_73777_Content_85,btKv,avg星辰章2_AvgDialog_C_M.csv,1658,AvgDialog,Content,,为了拯救这燃烧中的世界,この燃える世界を、救うために。
AvgRole_1880_RoleName,arIG,avg角色_AvgRole_C.csv,885,AvgRole,RoleName,,医生,医師
AvgRole_1881_RoleName,arIJ,avg角色_AvgRole_C.csv,886,AvgRole,RoleName,,医生,医師
AvgRole_1882_RoleName,arIM,avg角色_AvgRole_C.csv,887,AvgRole,RoleName,,@2,@2
AvgRole_1883_RoleName,arIP,avg角色_AvgRole_C.csv,888,AvgRole,RoleName,,@2,@2
AvgRole_1884_RoleName,arIS,avg角色_AvgRole_C.csv,889,AvgRole,RoleName,,患者,患者
AvgRole_1885_RoleName,arIV,avg角色_AvgRole_C.csv,890,AvgRole,RoleName,,？？？,？？？
AvgRole_1885_Tittle,arIX,avg角色_AvgRole_C.csv,890,AvgRole,Tittle,,融蚀患者,融蝕患者
AvgRole_1886_RoleName,arIY,avg角色_AvgRole_C.csv,891,AvgRole,RoleName,,克劳德,クラウド
AvgRole_1886_Tittle,arJa,avg角色_AvgRole_C.csv,891,AvgRole,Tittle,,融蚀患者,融蝕患者
AvgRole_1888_RoleName,arJe,avg角色_AvgRole_C.csv,893,AvgRole,RoleName,,？？？,？？？
AvgRole_1889_RoleName,arJh,avg角色_AvgRole_C.csv,894,AvgRole,RoleName,,失忆少年,記憶喪失の少年
AvgRole_1890_RoleName,arJk,avg角色_AvgRole_C.csv,895,AvgRole,RoleName,,少年威廉,少年ウィリアム
AvgRole_1891_RoleName,arJn,avg角色_AvgRole_C.csv,896,AvgRole,RoleName,,男童,男の子
AvgRole_1892_RoleName,arJq,avg角色_AvgRole_C.csv,897,AvgRole,RoleName,,女童,女の子
AvgRole_1893_RoleName,arJt,avg角色_AvgRole_C.csv,898,AvgRole,RoleName,,威廉的父亲,ウィリアムの父
AvgRole_1894_RoleName,arJw,avg角色_AvgRole_C.csv,899,AvgRole,RoleName,,伯克利,バークレー
AvgRole_1895_RoleName,arJz,avg角色_AvgRole_C.csv,900,AvgRole,RoleName,,詹@1士,ジェ@1ズ
AvgRole_1896_RoleName,arJC,avg角色_AvgRole_C.csv,901,AvgRole,RoleName,,艾玛,エマ
AvgRole_1897_RoleName,arJF,avg角色_AvgRole_C.csv,902,AvgRole,RoleName,,@1尔黛娜,@1ルデナ
AvgRole_1898_RoleName,arJI,avg角色_AvgRole_C.csv,903,AvgRole,RoleName,,巡逻队长,警備隊長
AvgRole_1899_RoleName,arJL,avg角色_AvgRole_C.csv,904,AvgRole,RoleName,,奥利弗,オリバー
AvgRole_1900_RoleName,arJO,avg角色_AvgRole_C.csv,905,AvgRole,RoleName,,奥利弗,オリバー
AvgRole_1901_RoleName,arJR,avg角色_AvgRole_C.csv,906,AvgRole,RoleName,,艾伦,アレン
AvgRole_1901_Tittle,arJT,avg角色_AvgRole_C.csv,906,AvgRole,Tittle,,克莱门汀的父亲,クレメンタインの父
AvgRole_1902_RoleName,arJU,avg角色_AvgRole_C.csv,907,AvgRole,RoleName,,？？？,？？？
AvgRole_1903_RoleName,arJX,avg角色_AvgRole_C.csv,908,AvgRole,RoleName,,怪物先生,怪物
AvgRole_1904_RoleName,arKa,avg角色_AvgRole_C.csv,909,AvgRole,RoleName,,@2,@2
AvgRole_1905_RoleName,arKd,avg角色_AvgRole_C.csv,910,AvgRole,RoleName,,@2虫族,@2虫族
AvgRole_1905_Tittle,arKf,avg角色_AvgRole_C.csv,910,AvgRole,Tittle,,消逝@2的残留意志,消え去る@2の残留意志
AvgRole_1906_RoleName,arKg,avg角色_AvgRole_C.csv,911,AvgRole,RoleName,,疗养院广播,療養所の放送
AvgRole_1907_RoleName,arKj,avg角色_AvgRole_C.csv,912,AvgRole,RoleName,,老约翰,ジョン
AvgRole_1908_RoleName,arKm,avg角色_AvgRole_C.csv,913,AvgRole,RoleName,,伽拉忒亚,ガラテア
AvgRole_1908_Tittle,arKo,avg角色_AvgRole_C.csv,913,AvgRole,Tittle,,赫伯特的爱宠,ハーバートのペット
AvgRole_1909_RoleName,arKp,avg角色_AvgRole_C.csv,914,AvgRole,RoleName,,@2门汀,@2メンタイン
AvgRole_1910_RoleName,arKs,avg角色_AvgRole_C.csv,915,AvgRole,RoleName,,克莱门汀,クレメンタイン
AvgRole_1911_RoleName,arKv,avg角色_AvgRole_C.csv,916,AvgRole,RoleName,,？？？,？？？
AvgRole_1912_RoleName,arKy,avg角色_AvgRole_C.csv,917,AvgRole,RoleName,,@2门汀,@2メンタイン
AvgRole_1913_RoleName,arKB,avg角色_AvgRole_C.csv,918,AvgRole,RoleName,,克莱门汀,クレメンタイン
AvgRole_1919_RoleName,bqMO,avg角色_AvgRole_C.csv,926,AvgRole,RoleName,,赫伯特,ハーバート
AvgRole_1919_Tittle,bqMQ,avg角色_AvgRole_C.csv,926,AvgRole,Tittle,,雕塑家协会会长,彫刻家協会会長
AvgRole_1920_RoleName,bqMR,avg角色_AvgRole_C.csv,927,AvgRole,RoleName,,卡斯托尔,カストル
AvgRole_1922_RoleName,bqMX,avg角色_AvgRole_C.csv,929,AvgRole,RoleName,,波吕克斯,ポリュクス
AvgRole_1925_RoleName,bqNg,avg角色_AvgRole_C.csv,932,AvgRole,RoleName,,灯芯,灯芯
AvgRole_1928_RoleName,bqNp,avg角色_AvgRole_C.csv,935,AvgRole,RoleName,,旅馆店主,旅館の店主
AvgRole_1930_RoleName,bqNv,avg角色_AvgRole_C.csv,937,AvgRole,RoleName,,商队领队,商隊長
AvgRole_1931_RoleName,bqNy,avg角色_AvgRole_C.csv,938,AvgRole,RoleName,,商队成员,商隊員
AvgRole_1932_RoleName,bqNB,avg角色_AvgRole_C.csv,939,AvgRole,RoleName,,商人,商人
AvgRole_1933_RoleName,bqNE,avg角色_AvgRole_C.csv,940,AvgRole,RoleName,,船长奥恩,船長オーン
AvgRole_1934_RoleName,bqNH,avg角色_AvgRole_C.csv,941,AvgRole,RoleName,,水手约翰,水夫ジョン
AvgRole_1935_RoleName,bqNK,avg角色_AvgRole_C.csv,942,AvgRole,RoleName,,水手诺曼,水夫ノーマン
AvgRole_1936_RoleName,bqNN,avg角色_AvgRole_C.csv,943,AvgRole,RoleName,,水手杰克,水夫ジャック
AvgRole_1937_RoleName,bqNQ,avg角色_AvgRole_C.csv,944,AvgRole,RoleName,,水手理查德,水夫リチャード
AvgRole_1943_RoleName,bqOi,avg角色_AvgRole_C.csv,950,AvgRole,RoleName,,健康乘客,健康な乗客
AvgRole_1945_RoleName,bqOo,avg角色_AvgRole_C.csv,952,AvgRole,RoleName,,克珀珊特,コーパサント
AwakerPotency_13516_PotencyDesc,atfA,h唤醒体启灵_AwakerPotency_A.csv,22,AwakerPotency,PotencyDesc,拉蒙娜,灵知觉醒「第一哲学」获得强化，每次生效时额外使拉蒙娜造成的基础伤害提高 10%。,霊知覚醒「第一哲学」が強化され、効果が発動するたび、追加でラモンナの基礎ダメージが10%増加する。
AwakerPotency_54176_PotencyName,atoD,h唤醒体启灵_AwakerPotency_A.csv,668,AwakerPotency,PotencyName,塔薇,无穷智慧,無限の叡智
AwakerPotency_54176_PotencyDesc,atoC,h唤醒体启灵_AwakerPotency_A.csv,668,AwakerPotency,PotencyDesc,塔薇,「通晓万物之理」变化的指令卡算力消耗 -1。「纵贯时序之翼」额外将一张「灵感」置入手中。,「万物の理を知る」が変化した指令カードの行動力消費-1。「時を貫く翼」は追加で「啓示」を1枚獲得する。
AwakerPotency_54176_PotencyDesc,atoC,h唤醒体启灵_AwakerPotency_A.csv,668,AwakerPotency,PotencyDesc,塔薇,「通晓万物之理」变化的指令卡算力消耗 -1。「纵贯时序之翼」额外将一张「灵感」置入手中。,「万物の理を知る」で変化した指令カードの行動力消費-1。「時を貫く翼」は追加で「啓示」を1枚獲得する。
AwakerPotency_54174_PotencyDesc,atoy,h唤醒体启灵_AwakerPotency_A.csv,670,AwakerPotency,PotencyDesc,塔薇,「基础打击」和「基础防御」使塔薇获得 3％ 暴击率和暴击伤害，至多 30％。探索中首次触发死亡抵抗时，将一张「过往回声」置入手中。,「攻撃」と「防御」は3%のクリティカル率とクリティカルダメージを獲得する（最大30%）。この探索中、初めて死亡抵抗が発動した後、「過去の響き」を1枚手札に追加する。
AwakerPotency_54184_PotencyDesc,atoS,h唤醒体启灵_AwakerPotency_A.csv,674,AwakerPotency,PotencyDesc,塔薇,塔薇造成的伤害、护盾、生命回复临时提高 35%，发现的技能卡数量由 5 张改为 10 张并立即获得 3 算力。,タヴィが与えるダメージ、シールド、ライフ回復が一時的に35%増加する。発見するスキルカードが5枚から10枚になり、即座に3点の行動力を獲得する。
AwakerPotency_54161_PotencyDesc,atnY,h唤醒体启灵_AwakerPotency_A.csv,682,AwakerPotency,PotencyDesc,塔薇,灵知觉醒「穿越银钥之门」获得强化，塔薇释放狂气爆发后所有唤醒体本回合指令卡最终伤害 +15%，还会使下 1 张其他唤醒体指令卡额外生效 1 次。,霊知覚醒「銀の門を越えて」が強化され、タヴィが狂気解放を発動後、すべての覚醒体の指令カードがこのターンに与える最終ダメージ+15%。次に使用する他の覚醒体の指令カードは追加で1回発動する。
AwakerPotency_130916_PotencyName,bPAA,h唤醒体启灵_AwakerPotency_A.csv,854,AwakerPotency,PotencyName,莫丝,默斯克斯！大！轰！炸！,メルスケス！大！爆！撃！
AwakerTalent_46446_TalentDesc_1,bqQN,h唤醒体天赋_AwakerTalent_A_M.csv,50,AwakerTalent,TalentDesc,拉蒙娜,·拉蒙娜额外获得 2.5 点银钥充能属性。每个同调率等级额外使拉蒙娜获得 0.5 点银钥充能属性。 \n·每拥有 1 点银钥充能等级属性，就使「女王之剑」基础伤害提高 1 %，打出后获得 0.75 临时界域精通。,・ラモンナは追加で2.5点のキーチャージを獲得する。同調率のレベルに応じて、ラモンナは追加で0.5点のキーチャージを獲得する。\n・キーチャージを1点獲得するごとに、「女王の剣」の基礎ダメージが1%増加し、使用後、0.75点の一時的な界域知識を獲得する。
Charge_119940_Name,bKkP,c充值_Charge_A.csv,92,Charge,Name,,复律纪行,復学紀行
CollectionHall_126989_LockTip,bOBt,t图鉴_CollectionHall_A.csv,62,CollectionHall,LockTip,,唤醒「徐」后解锁,「徐」を召喚すると解放
CollectionHall_134293_LockTip,bSNB,t图鉴_CollectionHall_A.csv,63,CollectionHall,LockTip,,唤醒「阿拉克涅」后解锁,「アラクネ」を召喚すると解放
CollectionHall_57606_Title,byOt,t图鉴_CollectionHall_A.csv,71,CollectionHall,Title,,凯蒂古拉,キャティグラ
CollectionHall_59455_LockTip,avLC,t图鉴_CollectionHall_A.csv,81,CollectionHall,LockTip,,通关特遣纪录「狩猎愉快！」解锁,特務記録「良き狩りを！」クリアで解放
CollectionHall_59454_LockTip,avLz,t图鉴_CollectionHall_A.csv,82,CollectionHall,LockTip,,通关意识潜游「诸事如常」解锁,意識潜行「いつも通り」クリアで解放
CollectionHall_89706_Title,bxxx,t图鉴_CollectionHall_A.csv,84,CollectionHall,Title,,克珀珊特,コーパサント
CollectionHall_89706_LockTip,bxxw,t图鉴_CollectionHall_A.csv,84,CollectionHall,LockTip,,唤醒「克珀珊特」后解锁,「コーパサント」を召喚すると解放
CollectionHall_90416_Title,bxYv,t图鉴_CollectionHall_A.csv,85,CollectionHall,Title,,卡斯托尔,カストル
CollectionHall_90416_LockTip,bxYu,t图鉴_CollectionHall_A.csv,85,CollectionHall,LockTip,,唤醒「卡斯托尔」后解锁,「カストル」を召喚すると解放
CollectionHall_100442_Title,bCzZ,t图鉴_CollectionHall_A.csv,86,CollectionHall,Title,,皮克曼,ピックマン
CollectionHall_100442_LockTip,bCzY,t图鉴_CollectionHall_A.csv,86,CollectionHall,LockTip,,唤醒「皮克曼」后解锁,「ピックマン」を召喚すると解放
CollectionHall_129601_LockTip,bPfh,t图鉴_CollectionHall_A.csv,87,CollectionHall,LockTip,,唤醒「莫丝」后解锁,「モス」を召喚すると解放
CollectionHall_57620_LockTip,avJg,t图鉴_CollectionHall_A.csv,88,CollectionHall,LockTip,,唤醒「皮克曼」后解锁,「ピックマン」を召喚すると解放
CollectionHall_124844_Title,bMHh,t图鉴_CollectionHall_A.csv,99,CollectionHall,Title,,茉夏,ムシェット
CollectionHall_124844_LockTip,bMHg,t图鉴_CollectionHall_A.csv,99,CollectionHall,LockTip,,唤醒「茉夏」后解锁,「ムシェット」を召喚すると解放
CollectionHall_57603_Title,bAhO,t图鉴_CollectionHall_A.csv,107,CollectionHall,Title,,杜勒赛因,ドゥルセイン
CollectionHall_57603_LockTip,bAhN,t图鉴_CollectionHall_A.csv,107,CollectionHall,LockTip,,唤醒「杜勒赛因」后解锁,「ドゥルセイン」を召喚すると解放
CollectionHall_121341_Title,bKHk,t图鉴_CollectionHall_A.csv,108,CollectionHall,Title,,诞妄·墨菲,誕妄・マーフィー
CollectionHall_121341_LockTip,bKHj,t图鉴_CollectionHall_A.csv,108,CollectionHall,LockTip,,唤醒「诞妄·墨菲」后解锁,「誕妄・マーフィー」を召喚すると解放
CollectionHall_57651_LockTip,avKV,t图鉴_CollectionHall_A.csv,114,CollectionHall,LockTip,,通关特遣纪录「宁静的裂殖」解锁,特務記録「静かな分裂」クリアで解放
CollectionHall_94553_Title,byOy,t图鉴_CollectionHall_A.csv,120,CollectionHall,Title,,波吕克斯,ポリュクス
CollectionHall_94553_LockTip,byOx,t图鉴_CollectionHall_A.csv,120,CollectionHall,LockTip,,通关异梦视界「天边之外·下」解锁,異夢視界「空の彼方・下」クリアで解放
CollectionHall_57623_LockTip,avJp,t图鉴_CollectionHall_A.csv,128,CollectionHall,LockTip,,通关异梦视界「亵渎」解锁,異夢視界「冒涜」クリアで解放
CollectionHall_70839_LockTip,avPa,t图鉴_CollectionHall_A.csv,129,CollectionHall,LockTip,,通关第一章解锁,第一章クリアで解放
CollectionHall_65503_Title,avMF,t图鉴_CollectionHall_A.csv,295,CollectionHall,Title,,艾尔沃斯的归人,雪山への帰還
CollectionHall_81508_Title,btNM,t图鉴_CollectionHall_A.csv,304,CollectionHall,Title,,重临雾都,霧の都への再訪
CollectionHall_90415_Title,bxYs,t图鉴_CollectionHall_A.csv,320,CollectionHall,Title,,天边之外·上,空の彼方・上
CollectionHall_117619_Title,bIpM,t图鉴_CollectionHall_A.csv,322,CollectionHall,Title,,天边之外·下,空の彼方・下
CollectionHall_100310_Title,bCuD,t图鉴_CollectionHall_A.csv,333,CollectionHall,Title,,不朽极昼,不朽の白夜
CollectionHall_100309_Title,bCuC,t图鉴_CollectionHall_A.csv,336,CollectionHall,Title,,畸世绘,歪世絵
CollectionHall_116205_Title,bCEC,t图鉴_CollectionHall_A.csv,338,CollectionHall,Title,,再见永无乡,永遠の国で会いましょう
CollectionHall_120344_Title,bKpU,t图鉴_CollectionHall_A.csv,355,CollectionHall,Title,,你我终将重逢,再会の誓い
CollectionHall_127239_Title,bOzg,t图鉴_CollectionHall_A.csv,540,CollectionHall,Title,,磐龙古国,磐龍国
CollectionHall_49105_LockTip,avfQ,t图鉴_CollectionHall_A.csv,549,CollectionHall,LockTip,,通关特遣纪录「血的颜色：悔过」解锁,特務記録「血の色：懺悔」クリアで解放
CollectionHall_61045_Title,avLJ,t图鉴_CollectionHall_A.csv,552,CollectionHall,Title,,A小调：终末交响曲,イ短調：終末交響曲
CollectionHall_72087_Title,avUD,t图鉴_CollectionHall_A.csv,554,CollectionHall,Title,,星辰正位之刻,星辰正しき刻
CollectionHall_81282_Title,bsip,t图鉴_CollectionHall_A.csv,555,CollectionHall,Title,,窥视灵魂之旅,魂を見つめる旅
CollectionHall_81282_LockTip,bsio,t图鉴_CollectionHall_A.csv,555,CollectionHall,LockTip,,通关调查行动星辰篇2-1解锁,調査星辰篇2-1クリアで解放
CollectionHall_96790_Title,bACP,t图鉴_CollectionHall_A.csv,556,CollectionHall,Title,,王邸的夜宴,王邸の夜宴
CollectionHall_96790_LockTip,bACO,t图鉴_CollectionHall_A.csv,556,CollectionHall,LockTip,,通关调查行动星辰篇3-1解锁,調査星辰篇3-1クリアで解放
CollectionHall_121898_Title,bKVf,t图鉴_CollectionHall_A.csv,557,CollectionHall,Title,,永世虚妄巡礼,果てなき虚妄の巡礼
CollectionHall_121898_LockTip,bKVe,t图鉴_CollectionHall_A.csv,557,CollectionHall,LockTip,,通关调查行动星辰篇4-0解锁,調査星辰篇4-0クリアで解放
CollectionHall_134295_Title,bSNG,t图鉴_CollectionHall_A.csv,558,CollectionHall,Title,,命途罗织之网,運命が織りなす網
CollectionHall_134295_LockTip,bSNF,t图鉴_CollectionHall_A.csv,558,CollectionHall,LockTip,,通关调查行动星辰篇5-1解锁,調査星辰篇5-1クリアで解放
CollectionHall_70554_Title,avOV,t图鉴_CollectionHall_A.csv,570,CollectionHall,Title,,名侦探手册：月夜传说,名探偵マニュアル：月夜の伝説
CollectionHall_70554_LockTip,avOU,t图鉴_CollectionHall_A.csv,570,CollectionHall,LockTip,,需要通关限时角色活动「名侦探手册：月夜传说」任一关卡,期間限定キャラクターイベント「名探偵マニュアル：月夜の伝説」の任意のステージをクリアすると開放
CollectionHall_70550_Title,avOJ,t图鉴_CollectionHall_A.csv,571,CollectionHall,Title,,无形交响：轰鸣之音,
CollectionHall_70550_LockTip,avOI,t图鉴_CollectionHall_A.csv,571,CollectionHall,LockTip,,需要通关限时角色活动「无形交响：轰鸣之音」任一关卡,期間限定キャラクターイベント「無形の交響曲：轟音の響き」の任意のステージをクリアすると開放
CollectionHall_70549_Title,avOG,t图鉴_CollectionHall_A.csv,572,CollectionHall,Title,,雪山消融之时：野兽雄心,雪解けの刻：獣の本能
CollectionHall_70549_LockTip,avOF,t图鉴_CollectionHall_A.csv,572,CollectionHall,LockTip,,需要通关限时角色活动「雪山消融之时：野兽雄心」任一关卡,期間限定キャラクターイベント「雪解けの刻：獣の本能」の任意のステージをクリアすると開放
CollectionHall_80175_Title,bsij,t图鉴_CollectionHall_A.csv,580,CollectionHall,Title,,埋于记忆之下：恐惧愈疗,記憶に埋もれて：不安の緩和
CollectionHall_80175_LockTip,bsii,t图鉴_CollectionHall_A.csv,580,CollectionHall,LockTip,,需要通关限时角色活动「埋于记忆之下：恐惧愈疗」任一关卡,期間限定キャラクターイベント「記憶に埋もれて：不安の緩和」の任意のステージをクリアすると開放
CollectionHall_84274_Title,btOC,t图鉴_CollectionHall_A.csv,582,CollectionHall,Title,,于暴雨中摇曳：邃海迷航,嵐の中で：深海漂流
CollectionHall_84274_LockTip,btOB,t图鉴_CollectionHall_A.csv,582,CollectionHall,LockTip,,需要通关限时角色活动「于暴雨中摇曳：邃海迷航」任一关卡,期間限定キャラクターイベント「嵐の中で：深海漂流」の任意のステージをクリアすると開放
CollectionHall_89999_Title,bxNb,t图鉴_CollectionHall_A.csv,584,CollectionHall,Title,,镜像囚徒：飞跃青空,鏡の囚人：青空を越えて
CollectionHall_89999_LockTip,bxNa,t图鉴_CollectionHall_A.csv,584,CollectionHall,LockTip,,需要通关限时活动「镜像囚徒：飞跃青空」任一关卡,期間限定キャラクターイベント「鏡の囚人：青空を越えて」の任意のステージをクリアすると開放
CollectionHall_94552_Title,byFx,t图鉴_CollectionHall_A.csv,585,CollectionHall,Title,,伟大的征服：神圣的猎食,偉大なる征服：神聖な狩り
CollectionHall_94552_LockTip,byFw,t图鉴_CollectionHall_A.csv,585,CollectionHall,LockTip,,需要通关限时活动「伟大的征服：神圣的猎食」任一关卡,期間限定キャラクターイベント「偉大なる征服：神聖な狩り」の任意のステージをクリアすると開放
CollectionHall_95981_Title,bzTl,t图鉴_CollectionHall_A.csv,586,CollectionHall,Title,,死灵的美学：噬灵之飨,死霊の美学：魂の饗宴
CollectionHall_95981_LockTip,bzTk,t图鉴_CollectionHall_A.csv,586,CollectionHall,LockTip,,需要通关限时活动「死灵的美学：噬灵之飨」任一关卡,期間限定キャラクターイベント「死霊の美学：魂の饗宴」の任意のステージをクリアすると開放
CollectionHall_97158_Title,bAJs,t图鉴_CollectionHall_A.csv,587,CollectionHall,Title,,坠临的万千耀光：烬灭追猎,降り注ぐ幾千の光：灰燼の追跡
CollectionHall_97158_LockTip,bAJr,t图鉴_CollectionHall_A.csv,587,CollectionHall,LockTip,,需要通关限时活动「坠临的万千耀光：烬灭追猎」任一关卡,期間限定キャラクターイベント「降り注ぐ幾千の光：灰燼の追跡」の任意のステージをクリアすると開放
CollectionHall_95469_Title,bzRh,t图鉴_CollectionHall_A.csv,588,CollectionHall,Title,,黑阳垂照的永夏,黒き太陽と永遠の夏
CollectionHall_95469_LockTip,bzRg,t图鉴_CollectionHall_A.csv,588,CollectionHall,LockTip,,限时活动「黑阳垂照的永夏：彻夏狂欢」中领取第 1 天奖励,期間限定イベント「黒き太陽と永遠の夏：真夏の狂宴」で1日目の報酬を受け取る
CollectionHall_97150_Title,bAJq,t图鉴_CollectionHall_A.csv,589,CollectionHall,Title,,画布的暗面：异界图卷,キャンバスの闇：異界図巻
CollectionHall_97150_LockTip,bAJp,t图鉴_CollectionHall_A.csv,589,CollectionHall,LockTip,,需要通关限时活动「画布的暗面：异界画卷」任一关卡,期間限定キャラクターイベント「キャンバスの闇：異界画巻」の任意のステージをクリアすると開放
CollectionHall_97896_Title,bBcw,t图鉴_CollectionHall_A.csv,590,CollectionHall,Title,,如果一切如常,すべてがいつも通りなら
CollectionHall_97896_LockTip,bBcv,t图鉴_CollectionHall_A.csv,590,CollectionHall,LockTip,,需要通关限时活动「如果一切如常：日光下新事」任一关卡,期間限定キャラクターイベント「すべてがいつも通りなら：日差しの下で」の任意のステージをクリアすると開放
CollectionHall_116601_Title,bHvJ,t图鉴_CollectionHall_A.csv,591,CollectionHall,Title,,极昼的终夜：交融的苦血,白夜の終わり：交錯する苦悩と血
CollectionHall_116601_LockTip,bHvI,t图鉴_CollectionHall_A.csv,591,CollectionHall,LockTip,,需要通关限时活动「极昼的终夜：交融的苦血」任一关卡,期間限定キャラクターイベント「白夜の終わり：交錯する苦悩と血」の任意のステージをクリアすると開放
CollectionHall_97736_Title,bBbZ,t图鉴_CollectionHall_A.csv,592,CollectionHall,Title,,神诞的祭礼：创生七日,神誕の儀：創生の七日間
CollectionHall_97736_LockTip,bBbY,t图鉴_CollectionHall_A.csv,592,CollectionHall,LockTip,,需要通关限时活动「神诞的祭礼：创生七日」任一关卡,期間限定キャラクターイベント「神誕の儀：創生の七日間」の任意のステージをクリアすると開放
CollectionHall_122565_Title,bLBH,t图鉴_CollectionHall_A.csv,593,CollectionHall,Title,,雾境的燔礼：迷失的自我,霧境の燔祭：迷える自我
CollectionHall_122565_LockTip,bLBG,t图鉴_CollectionHall_A.csv,593,CollectionHall,LockTip,,需要通关限时活动「雾境的燔礼：迷失的自我」任一关卡,期間限定キャラクターイベント「霧境の燔祭：迷える自我」の任意のステージをクリアすると開放
CollectionHall_125443_Title,bMVz,t图鉴_CollectionHall_A.csv,594,CollectionHall,Title,,海城旧闻：玄女无相,海城の逸話：形なき神女
CollectionHall_125443_LockTip,bMVy,t图鉴_CollectionHall_A.csv,594,CollectionHall,LockTip,,需要通关限时活动「海城旧闻：玄女无相」任一关卡,期間限定キャラクターイベント「海城の逸話：形なき神女」の任意のステージをクリアすると開放
CollectionHall_129803_Title,bPmb,t图鉴_CollectionHall_A.csv,595,CollectionHall,Title,,疾驰的欢愉专列：列车启程,疾走する歓楽特急：出発進行
CollectionHall_129803_LockTip,bPma,t图鉴_CollectionHall_A.csv,595,CollectionHall,LockTip,,需要通关限时活动「疾驰的欢愉专列：列车启程」任一关卡,期間限定キャラクターイベント「疾走する陥落特急：出発進行」の任意のステージをクリアすると開放
CollectionHall_131000_Title,bPEW,t图鉴_CollectionHall_A.csv,596,CollectionHall,Title,,默斯克斯的呼唤：莫丝与海,メルスケスの呼び声：モスと海
CollectionHall_131000_LockTip,bPEV,t图鉴_CollectionHall_A.csv,596,CollectionHall,LockTip,,需要通关限时活动「默斯克斯的呼唤：莫丝与海」任一关卡,期間限定キャラクターイベント「メルスケスの呼び声：モスと海」の任意のステージをクリアすると開放
CollectionHall_126315_Title,bNrO,t图鉴_CollectionHall_A.csv,597,CollectionHall,Title,,织者自缚：木偶的舞台,束縛された織り手：操り人形の舞台
CollectionHall_126315_LockTip,bNrN,t图鉴_CollectionHall_A.csv,597,CollectionHall,LockTip,,需要通关限时活动「织者自缚：木偶的舞台」任一关卡,期間限定キャラクターイベント「束縛されし織り手：操り人形の舞台」の任意のステージをクリアすると開放
CommonID_Card_Weapon_Desc,avWX,t通用中文ID_CommonID_A.csv,58,CommonID,Desc,,命轮卡,命輪カード
ErrCode_ERR_TEAM_NO_WEAPON_SLOT_Desc,awmm,c错误码提示_ErrCode_A.csv,221,ErrCode,Desc,,队伍唤醒体没有设置命轮,チームの覚醒体に命輪が設定されていません
ErrCode_ERR_TEAM_WEAPON_NOT_EXISTS_Desc,awmo,c错误码提示_ErrCode_A.csv,222,ErrCode,Desc,,命轮不存在,命輪は存在しません
ErrCode_ERR_PVPTEAM_NEED_WEAPON_Desc,awkM,c错误码提示_ErrCode_A.csv,267,ErrCode,Desc,,相位对弈队伍上阵命轮不足,対人戦チームの命輪が不足しています
ErrCode_ERR_ITEM_START_DROP_DATE_Desc,awjV,c错误码提示_ErrCode_A.csv,300,ErrCode,Desc,,命轮或钥令还未到开放时间,命輪またはキーオーダーはまだ開放時間に達していない
ErrCode_ERR_UNIT_USED_ONCE_Desc,awmu,c错误码提示_ErrCode_A.csv,303,ErrCode,Desc,,唤醒体、命轮或钥令今日在本玩法中已使用过,覚醒体、命輪、またはキーオーダーは今日このプレイで使用済みです
FeatureUnlock_17015_UnlockDesc,aCph,g功能解锁_FeatureUnlock_A.csv,50,FeatureUnlock,UnlockDesc,,<FeatureUnlockTitle:唤醒仪式已开启>\n\n<FeatureUnlockDesc:可使用「无垢之芯」和「流明之芯」获取唤醒体和命轮。\n通过唤醒仪式还可获得「根源沉淀」，用以在弥萨格商店中兑换珍稀材料。>,<FeatureUnlockTitle:召喚が解放されました>\n\n<FeatureUnlockDesc:「ヘブンズコア」や「ルミナスコア」を使用し、「覚醒体」および「命輪」を入手できます。付随して入手できる「根源の澱」はミサゴ商店で希少なアイテムと交換が可能です。>
LanguageConfig_PVPCollectFilterTypeName_Weapon_CN,aGWo,d多语言_LanguageConfig_C.csv,1735,LanguageConfig,CN,,命轮,命輪
LanguageConfig_DestroyWeapon_CN,aGJH,d多语言_LanguageConfig_C.csv,1757,LanguageConfig,CN,,摧毁命轮,<color=#FF7370>命輪破壊</color>
LanguageConfig_AssistAwakerSortTypeWeaponPotency_CN,bLSz,d多语言_LanguageConfig_C.csv,3243,LanguageConfig,CN,,命轮叠位等级,命輪の強化レベル
ItemTag_18666_Name,aCIr,d道具标签_ItemTag_C.csv,35,ItemTag,Name,,命轮,命輪
PanelText_UI_Recharge_Panel_Main_Text_C_Toggle_Select_Month_Content,aIVR,j界面文字表_PanelText_C.csv,231,PanelText,Content,,月相观测,月相観測
PanelText_UI_Recharge_Panel_Main_Text_C_Bigitle_Content,aIVr,j界面文字表_PanelText_C.csv,239,PanelText,Content,,月相观测,月相観測
PanelText_UI_Pvp_Team_Main_Text_C_Name_7_Content,aIUu,j界面文字表_PanelText_C.csv,1236,PanelText,Content,,装备命轮,命輪の装備
PanelText_UI_Pvp_Team_Main_Text_C_Name_8_Content,aIUv,j界面文字表_PanelText_C.csv,1237,PanelText,Content,,装备命轮,命輪の装備
PanelText_UI_Pvp_Team_Main_Text_C_Name_9_Content,aIUw,j界面文字表_PanelText_C.csv,1238,PanelText,Content,,装备命轮,命輪の装備
PanelText_UI_Pvp_Team_Main_Text_C_Name_10_Content,aIUn,j界面文字表_PanelText_C.csv,1239,PanelText,Content,,装备命轮,命輪の装備
PanelText_UI_Collection_Panel_Main_Text_C_Weapon_Content,aIwW,j界面文字表_PanelText_C.csv,1786,PanelText,Content,,命轮,命輪
PanelText_UI_Collection_Panel_Main_Text_C_Trinket_Content,aIwV,j界面文字表_PanelText_C.csv,1787,PanelText,Content,,密契,密契
PanelText_UI_Events_Panel_Main_Text_C_PermanentRule_Content,bOIF,j界面文字表_PanelText_C.csv,3178,PanelText,Content,,记忆回廊,記憶の回廊
PanelText_UI_Events_Panel_Main_Text_C_PermanentActivity_Content,bOIE,j界面文字表_PanelText_C.csv,3179,PanelText,Content,,记忆回廊,記憶の回廊
Resonance_79421_Name_1,bqXb,g共鸣_Resonance_A_M.csv,231,Resonance,Name,,生命仪式,生命の儀式
SeasonRankReward_132569_Name_4,bRUl,s赛季排行奖励_SeasonRankReward_A_M.csv,11,SeasonRankReward,Name,,深潜学者,深奥の学者
SeasonRankReward_132569_Name_5,bRUm,s赛季排行奖励_SeasonRankReward_A_M.csv,12,SeasonRankReward,Name,,深潜大师,深奥の達人
Skill_78785_Name,aQUS,j技能表_Skill_A.csv,1446,Skill,Name,克莱门汀,生命重构治疗,生命再構築治療
Skill_66350_Name,aQaN,j技能表_Skill_A.csv,1482,Skill,Name,塔薇,穿越银钥之门,銀の門を超えて
Skill_98984_Desc_0,bCtO,j技能表_Skill_A.csv,1533,Skill,Desc,皮克曼,【<DevouredIconKeywords:吞噬> ：本回合打出的下 1 张指令卡算力消耗- 2。】获得 [Power:Arg1] 点<PowerIconKeywords:力量> 。本回合其他唤醒体狂气爆发造成的最终伤害、护盾、生命回复提高 [Arg2]％。<FaxianKeywords:发现> 3 张具有<Chuanggoukeyin:创构的刻印>的出战唤醒体的「技能」，选择 1 张置入手中并为其赋予<DepleteIconKeywords:消耗>和<RetainIconKeywords:保留>。,【<DevouredIconKeywords:捕食> ：このターンに使用する次の指令カード1枚の行動力消費-2。】[Power:Arg1]点の<PowerIconKeywords:力>を獲得。このターン、他の覚醒体の狂気解放の最終ダメージ、シールド、ライフ回復が[Arg2]%増加する。<FaxianKeywords:発見>： <Chuanggoukeyin:創造の刻印>が付与された出撃中の覚醒体の「スキル」3枚から1枚を選び、<DepleteIconKeywords:除外>と<RetainIconKeywords:保持>を付与し、手札に追加する。
Skill_98984_Desc_2,bCtP,j技能表_Skill_A.csv,1533,Skill,Desc,皮克曼,【<DevouredIconKeywords:吞噬> ：本回合打出的下 1 张指令卡算力消耗 -2。】获得 [Power:Arg1] 点<PowerIconKeywords:力量> 。本回合其他唤醒体狂气爆发造成的最终伤害、护盾、生命回复提高 [Arg2]％。<FaxianKeywords:发现> 3 张具有<Chuanggoukeyin:创构的刻印>的出战唤醒体的「技能」，选择 1 张置入手中并为其赋予<DepleteIconKeywords:消耗>和<RetainIconKeywords:保留>。,【<DevouredIconKeywords:捕食> ：このターンに使用する次の指令カード1枚の計算力消費-2。】[Power:Arg1]点の<PowerIconKeywords:力>を獲得。このターン、他の覚醒体の狂気解放の最終ダメージ、シールド、ライフ回復が[Arg2]%増加する。<FaxianKeywords:発見>：<Chuanggoukeyin:創造の刻印>が付与された出陣中の覚醒体の「スキル」3枚から1枚を選び、<DepleteIconKeywords:除外>と<RetainIconKeywords:保持>を付与し、手札に追加する。
Skill_98984_OverLimitUtlSkillDesc,bCne,j技能表_Skill_A.csv,1533,Skill,OverLimitUtlSkillDesc,皮克曼,【<DevouredIconKeywords:吞噬> ：本回合打出的下 1 张指令卡算力消耗- 2。】获得 [Power:Arg1] 点<PowerIconKeywords:力量> 。本回合其他唤醒体狂气爆发造成的最终伤害、护盾、生命回复提高 [Arg2]％。获得 1 层<Kuangxiang:狂想>，<FaxianKeywords:发现> 3 张具有<Chuanggoukeyin:创构的高级刻印>的出战唤醒体的「技能」2 次，选择 1 张置入手中并为其赋予<DepleteIconKeywords:消耗>和<RetainIconKeywords:保留>。,【<DevouredIconKeywords:捕食> ：このターンに使用する次の指令カード1枚の計算力消費-2。】[Power:Arg1]点の<PowerIconKeywords:力>を獲得。このターン、他の覚醒体の狂気解放の最終ダメージ、シールド、ライフ回復が[Arg2]%増加する。1点の<Kuangxiang:狂想>を獲得。<FaxianKeywords:発現>：<Chuanggoukeyin:創造の上位刻印>が付与された出撃中の覚醒体の「スキル」を3枚から1枚を2回選び、<DepleteIconKeywords:除外>と<RetainIconKeywords:保持>を付与し、手札に追加する。
Skill_98984_Desc_0,bCtO,j技能表_Skill_A.csv,1533,Skill,Desc,皮克曼,【<DevouredIconKeywords:吞噬> ：本回合打出的下 1 张指令卡算力消耗- 2。】获得 [Power:Arg1] 点<PowerIconKeywords:力量> 。本回合其他唤醒体狂气爆发造成的最终伤害、护盾、生命回复提高 [Arg2]％。<FaxianKeywords:发现> 3 张具有<Chuanggoukeyin:创构的刻印>的出战唤醒体的「技能」，选择 1 张置入手中并为其赋予<DepleteIconKeywords:消耗>和<RetainIconKeywords:保留>。,【<DevouredIconKeywords:捕食> ：このターンに使用する次の指令カード1枚の行動力消費-2。】[Power:Arg1]点の<PowerIconKeywords:力>を獲得。このターン、他の覚醒体の狂気解放の最終ダメージ、シールド、ライフ回復が[Arg2]%増加する。<FaxianKeywords:発見>： <Chuanggoukeyin:創造の刻印>が付与された出撃中の覚醒体の「スキル」3枚から1枚を選び、<DepleteIconKeywords:除外>と<RetainIconKeywords:保持>を付与し、手札に追加する。
Skill_98984_Desc_2,bCtP,j技能表_Skill_A.csv,1533,Skill,Desc,皮克曼,【<DevouredIconKeywords:吞噬> ：本回合打出的下 1 张指令卡算力消耗 -2。】获得 [Power:Arg1] 点<PowerIconKeywords:力量> 。本回合其他唤醒体狂气爆发造成的最终伤害、护盾、生命回复提高 [Arg2]％。<FaxianKeywords:发现> 3 张具有<Chuanggoukeyin:创构的刻印>的出战唤醒体的「技能」，选择 1 张置入手中并为其赋予<DepleteIconKeywords:消耗>和<RetainIconKeywords:保留>。,【<DevouredIconKeywords:捕食> ：このターンに使用する次の指令カード1枚の計算力消費-2。】[Power:Arg1]点の<PowerIconKeywords:力>を獲得。このターン、他の覚醒体の狂気解放の最終ダメージ、シールド、ライフ回復が[Arg2]%増加する。<FaxianKeywords:発見>：<Chuanggoukeyin:創造の刻印>が付与された出陣中の覚醒体の「スキル」3枚から1枚を選び、<DepleteIconKeywords:除外>と<RetainIconKeywords:保持>を付与し、手札に追加する。
Skill_98984_OverLimitUtlSkillDesc,bCne,j技能表_Skill_A.csv,1533,Skill,OverLimitUtlSkillDesc,皮克曼,【<DevouredIconKeywords:吞噬> ：本回合打出的下 1 张指令卡算力消耗- 2。】获得 [Power:Arg1] 点<PowerIconKeywords:力量> 。本回合其他唤醒体狂气爆发造成的最终伤害、护盾、生命回复提高 [Arg2]％。获得 1 层<Kuangxiang:狂想>，<FaxianKeywords:发现> 3 张具有<Chuanggoukeyin:创构的高级刻印>的出战唤醒体的「技能」2 次，选择 1 张置入手中并为其赋予<DepleteIconKeywords:消耗>和<RetainIconKeywords:保留>。,【<DevouredIconKeywords:捕食> ：このターンに使用する次の指令カード1枚の計算力消費-2。】[Power:Arg1]点の<PowerIconKeywords:力>を獲得。このターン、他の覚醒体の狂気解放の最終ダメージ、シールド、ライフ回復が[Arg2]%増加する。1点の<Kuangxiang:狂想>を獲得。<FaxianKeywords:発現>：<Chuanggoukeyin:創造の上位刻印>が付与された出撃中の覚醒体の「スキル」を3枚から1枚を2回選び、<DepleteIconKeywords:除外>と<RetainIconKeywords:保持>を付与し、手札に追加する。
Skill_98987_Desc,bCnr,j技能表_Skill_A.csv,1537,Skill,Desc,皮克曼,消耗 1 层「<Kuangxiang:狂想>」，选择所有<FaxianKeywords:发现>效果。获得 1 层<Chuangyi:创意>。,「<Kuangxiang:狂想>」を1点消費して、すべての<FaxianKeywords:発見>効果を選択できる。1点の<Chuangyi:創意>を獲得。
Skill_99016_Desc,bCnP,j技能表_Skill_A.csv,1538,Skill,Desc,皮克曼,消耗 1 层「<Kuangxiang:狂想>」，选择所有<FaxianKeywords:发现>效果。获得 1 层<Chuangyi:创意>。,「<Kuangxiang:狂想>」を1点消費して、すべての<FaxianKeywords:発見>効果を選択できる。1点の<Chuangyi:創意>を獲得。
Skill_130929_Name,bPLM,j技能表_Skill_A.csv,1586,Skill,Name,莫丝,漩涡来了！,渦巻き、来る！
Stage_80251_Name,bsUl,g关卡_Stage_A.csv,320,Stage,Name,,眼睛,目
Stage_80251_Desc,bsUk,g关卡_Stage_A.csv,320,Stage,Desc,,让我来看看，看看是什么样的成分与结构，组成了“你”与“我”。,さあ、見せてください。\n「あなた」と「私」を構成している成分と構造が、一体どのようなものなのかを。
Stage_80252_Name,bsUo,g关卡_Stage_A.csv,321,Stage,Name,,不受控的梦,制御できぬ夢
Stage_80252_Desc,bsUn,g关卡_Stage_A.csv,321,Stage,Desc,,哦，朋友，我们都会做梦。\n只是有的人会让梦成为现实，而有的人的现实，就像梦一样荒诞无经。,ああ、友よ。私たちは皆、夢をみるものだ。\nただ、夢を現実にする者もいれば、現実がまるで夢のように荒唐無稽な者もいる。
Stage_80253_Name,bsUr,g关卡_Stage_A.csv,322,Stage,Name,,失落的记忆,失われた記憶
Stage_80253_Desc,bsUq,g关卡_Stage_A.csv,322,Stage,Desc,,我要在失落的记忆里起舞，忘记爱我的人和我爱的人，只和自己永恒地起舞，舞到时间的尽头。,失われた記憶の中で踊る。\n私を愛した人も、私が愛した人も忘れ、ただ自分自身と永遠に、時の果てに至るまで踊り続ける。
Stage_80254_Name,bsUu,g关卡_Stage_A.csv,323,Stage,Name,,追捕,追補
Stage_80254_Desc,bsUt,g关卡_Stage_A.csv,323,Stage,Desc,,逃，逃，小狗狗快逃。\n用你的惊慌失措与痛苦无助，为我们表演一场滑稽戏。,逃げろ、逃げろ。狼狽え、苦しみ、無力な姿を晒しながら、滑稽な見世物を演じてみせろ。
Stage_80255_Name,bsUx,g关卡_Stage_A.csv,324,Stage,Name,,他者的凝视,他者の視線
Stage_80255_Desc,bsUw,g关卡_Stage_A.csv,324,Stage,Desc,,在看着你，我在看着你。\n每时每刻，无时无刻，就那样看着你。,あなたを見ている。ずっとあなたを見ている。\nいつだって、どんなときも、ただ、あなたを見ている。
Stage_80256_Name,bsUA,g关卡_Stage_A.csv,325,Stage,Name,,相似的身影,よく似た姿
Stage_80256_Desc,bsUz,g关卡_Stage_A.csv,325,Stage,Desc,,回忆并不可靠，因为随着我在其中的翻找，它开始损毁和褪色。究竟用什么办法才可以让你的身影永恒固定？\n如果回忆不牢固，那就刻在生命里。,記憶は当てにならない。思い返すたびに薄れ、色褪せていくからだ。\nどうすれば、あなたの姿を永遠に留めておけるのだろう。\n記憶が頼りにならないのなら、いっそ命に刻み込めばいい。
Stage_80257_Name,bsUD,g关卡_Stage_A.csv,326,Stage,Name,,五声枪响,五発の銃声
Stage_80257_Desc,bsUC,g关卡_Stage_A.csv,326,Stage,Desc,,前三枪只是预奏。\n最后的两枪里，一枪带走他的生命，一枪带走他的灵魂。,最初の三発は、まだ序章にすぎなかった。\n最後の二発のうち、一発は彼の命を奪い、もう一発は彼の魂を奪った。
Stage_80258_Name,bsUG,g关卡_Stage_A.csv,327,Stage,Name,,好奇心害死猫,好奇心は猫を殺す
Stage_80258_Desc,bsUF,g关卡_Stage_A.csv,327,Stage,Desc,,“好奇”向你抛出了一个问题，哪怕明知答案满是荆棘，会让你焚毁殆尽，你也无法拒绝。\n你终究是那只无法拒绝“好奇”的猫。,「好奇心」があなたに問いを投げかける。\nその答えが茨に覆われていて、知れば自らを焼き尽くすことになるとわかっていても、\nあなたは抗えない。あなたは結局、「好奇心」を拒めない猫なのだから。
Stage_80259_Name,bsUJ,g关卡_Stage_A.csv,328,Stage,Name,,咨询邀请,カウンセリングのご案内
Stage_80259_Desc,bsUI,g关卡_Stage_A.csv,328,Stage,Desc,,世界是个大型的疗养院，每个人都在发疯，或者隐藏自己的疯狂。\n所以，要来一场心理咨询吗？,世界は巨大な療養所のようなものです。\n誰もが何かしらの狂気を抱えているか、あるいはそれを隠して生きています。\nそれでは、あなたもカウンセリングを受けてみませんか？
Stage_80245_Name,bsTT,g关卡_Stage_A.csv,329,Stage,Name,,你好，燃烧的世界,こんにちは、燃える世界
Stage_80245_Desc,bsTS,g关卡_Stage_A.csv,329,Stage,Desc,,火焰，带来光明，也带来疼痛与伤害。\n当整个世界都在燃烧，我愿将生命化为一滴泪水，汇聚成痛苦的海洋。,炎は光をもたらすと同時に、痛みと傷ももたらす。\n世界のすべてが燃え尽きるとき、私はこの命を一滴の涙へと変え、苦しみの海へと注ぎ込もう。
Stage_80246_Name,bsTW,g关卡_Stage_A.csv,330,Stage,Name,,孤独的勇者,孤独な勇者
Stage_80246_Desc,bsTV,g关卡_Stage_A.csv,330,Stage,Desc,,勇者是孤独的，人类无法真正走进他，龙也无法真正理解他。\n究竟是屠龙，还是化身为龙，这是一个问题。,勇者とは孤独な存在だ。\n人は彼の心に踏み込むことができず、竜もまた彼を真に理解することはできない。\n竜を討つのか、それとも自らが竜となるのか——それが問題だ。
Stage_80243_Name,bsTN,g关卡_Stage_A.csv,331,Stage,Name,,认知重构实验,認知再構築実験
Stage_80243_Desc,bsTM,g关卡_Stage_A.csv,331,Stage,Desc,,人是一种社会性动物，他们受到社会的影响，又影响着社会。\n所以，告诉我，你被生活和环境塑造成了什么样的自己？,人間は社会的な生き物です。\n社会から影響を受け、同時に社会へ影響を与えながら生きています。\nでは、教えてください。\nあなたはこれまで人生と環境によって、どのような自分を作り上げてきたのでしょうか？
Stage_80244_Name,bsTQ,g关卡_Stage_A.csv,332,Stage,Name,,友谊的虫蛹,友情の蛹
Stage_80244_Desc,bsTP,g关卡_Stage_A.csv,332,Stage,Desc,,原谅我没有什么礼物赠送给你。\n这一枚小小的虫蛹，是我对你最深重的祝福：陷入绝境时，请你一定要破茧重生。,あなたへの贈り物が何もなくて、ごめんなさい。\nこの小さな蛹は、私からあなたへの心からの祝福です。\n絶望に囚われたときは、どうか殻を破って、再び生まれ変わってください。
Stage_80249_Name,bsUf,g关卡_Stage_A.csv,333,Stage,Name,,二重身,ドッペルゲンガー
Stage_80249_Desc,bsUe,g关卡_Stage_A.csv,333,Stage,Desc,,我是我的朋友，也是我的敌人。\n这场合作与厮杀不会停止，直到场上只留下一人。,私は私の友であり、同時に私の敵でもある。\nこの協力と殺し合いは、ただ一人が残るまで終わらない。
Stage_80250_Name,bsUi,g关卡_Stage_A.csv,334,Stage,Name,,蝴蝶飞,蝶が舞う
Stage_80250_Desc,bsUh,g关卡_Stage_A.csv,334,Stage,Desc,,小小的蝴蝶，穿过梦境，飞向现实。\n或许它太过愚蠢，但蝴蝶的选择，与人不同。,小さな蝶が夢を超え、現実へと飛んでいく。\nたとえ愚かな選択だったとしても、蝶は人と異なる道を選んだのだ。
Stage_80247_Name,bsTZ,g关卡_Stage_A.csv,335,Stage,Name,,我有许多梦想,たくさんの夢
Stage_80247_Desc,bsTY,g关卡_Stage_A.csv,335,Stage,Desc,,我对世界满怀梦想，希望鲜花一直盛开，希望微笑永恒长存。\n但生命只给了我一个梦。,私は世界に夢を抱いていた。\n花がいつまでも咲き続け、笑顔がいつまでも続くことを願っていた。\nしかし、人生は私にたった一つの夢しか与えてくれなかった。
Stage_80248_Name,bsUc,g关卡_Stage_A.csv,336,Stage,Name,,社会性动物,社会性動物
Stage_80248_Desc,bsUb,g关卡_Stage_A.csv,336,Stage,Desc,,群体是流动的琥珀，每个灵魂都在折射他人的光芒，又在透明牢笼里看见自己的倒影。,その群れは、流動する琥珀のようだ。\n一つひとつの魂は、互いの光を映し合いながら、透明な檻の中に自らの姿を映し出している。
Stage_80242_Name,bsTK,g关卡_Stage_A.csv,337,Stage,Name,,燃烧的世界，再见,さよなら、燃える世界
Stage_80242_Desc,bsTJ,g关卡_Stage_A.csv,337,Stage,Desc,,故事最后，世界仍在燃烧，我已做好告别的准备。\n但我们终将重逢。,物語の終わりを迎えてもなお、世界は燃え続けている。\n私はもう、別れを告げる覚悟を決めた。だが、私たちはきっとまた巡り合える。
Stage_80260_Name,bsUM,g关卡_Stage_A.csv,392,Stage,Name,,不受控的梦,制御できぬ夢
Stage_80260_Desc,bsUL,g关卡_Stage_A.csv,392,Stage,Desc,,哦，朋友，我们都会做梦。\n只是有的人会让梦成为现实，而有的人的现实，就像梦一样荒诞无经。,ああ、友よ。私たちは皆、夢をみるものだ。\nただ、夢を現実にする者もいれば、現実がまるで夢のように荒唐無稽な者もいる。
Stage_80261_Name,bsUP,g关卡_Stage_A.csv,393,Stage,Name,,失落的记忆,失われた記憶
Stage_80261_Desc,bsUO,g关卡_Stage_A.csv,393,Stage,Desc,,我要在失落的记忆里起舞，忘记爱我的人和我爱的人，只和自己永恒地起舞，舞到时间的尽头。,失われた記憶の中で踊る。\n私を愛した人も、私が愛した人も忘れ、ただ自分自身と永遠に、時の果てに至るまで踊り続ける。
Stage_80262_Name,bsUS,g关卡_Stage_A.csv,394,Stage,Name,,追捕,追補
Stage_80262_Desc,bsUR,g关卡_Stage_A.csv,394,Stage,Desc,,逃，逃，小狗狗快逃。\n用你的惊慌失措与痛苦无助，为我们表扬一场滑稽戏。,逃げろ、逃げろ。狼狽え、苦しみ、無力な姿を晒しながら、滑稽な見世物を演じてみせろ。
Stage_80263_Name,bsUV,g关卡_Stage_A.csv,395,Stage,Name,,相似的身影,よく似た姿
Stage_80263_Desc,bsUU,g关卡_Stage_A.csv,395,Stage,Desc,,回忆并不可靠，因为随着我在其中的翻找，它开始损毁和褪色。究竟用什么办法才可以让你的身影永恒固定？\n如果回忆不牢固，那就刻在生命里。,記憶は当てにならない。思い返すたびに薄れ、色褪せていくからだ。\nどうすれば、あなたの姿を永遠に留めておけるのだろう。\n記憶が頼りにならないのなら、いっそ命に刻み込めばいい。
Stage_80264_Name,bsUY,g关卡_Stage_A.csv,396,Stage,Name,,五声枪响,五発の銃声
Stage_80264_Desc,bsUX,g关卡_Stage_A.csv,396,Stage,Desc,,前三枪只是预奏。\n最后的两枪里，一枪带走他的生命，一枪带走他的灵魂。,最初の三発は、まだ序章にすぎなかった。\n最後の二発のうち、一発は彼の命を奪い、もう一発は彼の魂を奪った。
Stage_80265_Name,bsVb,g关卡_Stage_A.csv,397,Stage,Name,,咨询邀请,カウンセリングのご案内
Stage_80265_Desc,bsVa,g关卡_Stage_A.csv,397,Stage,Desc,,世界是个大型的疗养院，每个人都在发疯，或者隐藏自己的疯狂。\n所以，要来一场心理咨询吗？,世界は巨大な療養所のようなものです。\n誰もが何かしらの狂気を抱えているか、あるいはそれを隠して生きています。\nそれでは、あなたもカウンセリングを受けてみませんか？
Stage_80266_Name,bsVe,g关卡_Stage_A.csv,398,Stage,Name,,你好，燃烧的世界,こんにちは、燃える世界
Stage_80266_Desc,bsVd,g关卡_Stage_A.csv,398,Stage,Desc,,火焰，带来光明，也带来疼痛与伤害。\n当整个世界都在燃烧，我愿将生命化为一滴泪水，汇聚成痛苦的海洋。,炎は光をもたらすと同時に、痛みと傷ももたらす。\n世界のすべてが燃え尽きるとき、私はこの命を一滴の涙へと変え、苦しみの海へと注ぎ込もう。
Stage_80267_Name,bsVh,g关卡_Stage_A.csv,399,Stage,Name,,孤独的勇者,孤独な勇者
Stage_80267_Desc,bsVg,g关卡_Stage_A.csv,399,Stage,Desc,,勇者是孤独的，人类无法真正走进他，龙也无法真正理解他。\n究竟是屠龙，还是化身为龙，这是一个问题。,勇者とは孤独な存在だ。\n人は彼の心に踏み込むことができず、竜もまた彼を真に理解することはできない。\n竜を討つのか、それとも自らが竜となるのか——それが問題だ。
Stage_80268_Name,bsVk,g关卡_Stage_A.csv,400,Stage,Name,,认知重构实验,認知再構築実験
Stage_80268_Desc,bsVj,g关卡_Stage_A.csv,400,Stage,Desc,,人是一种社会性动物，他们受到社会的影响，又影响着社会。\n所以，告诉我，你被生活和环境塑造成了什么样的自己？,人間は社会的な生き物です。\n社会から影響を受け、同時に社会へ影響を与えながら生きています。\nでは、教えてください。\nあなたはこれまで人生と環境によって、どのような自分を作り上げてきたのでしょうか？
Stage_80270_Name,bsVq,g关卡_Stage_A.csv,401,Stage,Name,,二重身,友情の蛹
Stage_80270_Desc,bsVp,g关卡_Stage_A.csv,401,Stage,Desc,,我是我的朋友，也是我的敌人。\n这场合作与厮杀不会停止，直到场上只留下一人。,あなたへの贈り物が何もなくて、ごめんなさい。\nこの小さな蛹は、私からあなたへの心からの祝福です。\n絶望に囚われたときは、どうか殻を破って、再び生まれ変わってください。
Stage_80271_Name,bsVt,g关卡_Stage_A.csv,402,Stage,Name,,蝴蝶飞,ドッペルゲンガー
Stage_80271_Desc,bsVs,g关卡_Stage_A.csv,402,Stage,Desc,,小小的蝴蝶，穿过梦境，飞向现实。\n或许它太过愚蠢，但蝴蝶的选择，与人不同。,私は私の友であり、同時に私の敵でもある。\nこの協力と殺し合いは、ただ一人が残るまで終わらない。
Stage_80269_Name,bsVn,g关卡_Stage_A.csv,403,Stage,Name,,我有许多梦想,たくさんの夢
Stage_80269_Desc,bsVm,g关卡_Stage_A.csv,403,Stage,Desc,,我对世界满怀梦想，希望鲜花一直盛开，希望微笑永恒长存。\n但生命只给了我一个梦。,私は世界に夢を抱いていた。\n花がいつまでも咲き続け、笑顔がいつまでも続くことを願っていた。\nしかし、人生は私にたった一つの夢しか与えてくれなかった。
StageGroup_70939_Name,aRGW,g关卡组_StageGroup_A.csv,36,StageGroup,Name,,重临雾都,霧の都への再訪
State_100542_Desc,bCCL,z状态表_State_A.csv,112,State,Desc,,皮克曼触发「发现」效果时额外增加「灵感迸发！」选项：消耗 1 层「狂想」，选择所有「发现」效果并获得 1 层「创意」。,ピックマンが「発見」効果を発動した場合、「ひらめきが湧き上がる！」の選択を追加：「狂想」を1点消費し、すべての効果を選択して1点の「創意」を獲得する。
State_66359_Desc,aZix,z状态表_State_A.csv,3754,State,Desc,,随机产生若干个选项来进行选择。,ランダムに複数の選択肢を生成し、その中から選択する。
State_90059_Desc,bxOF,z状态表_State_A.csv,4899,State,Desc,,本回合承受主动或触腕伤害时，移除等量侵蚀并失去移除量的 [DescArg1]％ 生命，承受其它伤害时移除 50% 伤害量的侵蚀。,このターンにアクティブダメージまたは触腕ダメージを受けた場合、同量の侵蝕を除去し、除去した量の300%のライフを失う。それ以外のダメージを受けた場合は、ダメージの50%の侵蝕を除去する。
State_100527_Name,bCCz,z状态表_State_A.csv,5382,State,Name,,狂想,狂想
State_100527_Desc,bCCy,z状态表_State_A.csv,5382,State,Desc,,皮克曼触发「发现」效果时额外增加「灵感迸发！」选项：消耗 1 层「狂想」，选择所有效果并获得 1 层「创意」。,ピックマンが「発見」効果を発動した場合、「ひらめきが湧き上がる！」の選択を追加：「狂想」を1点消費し、すべての効果を選択して1点の「創意」を獲得する。
State_131188_Desc,bRsA,z状态表_State_A.csv,6108,State,Desc,,打出的「技能」进入「维度裂隙」并为所有同名的技能附加「命运残碎」，离开维度裂隙后清除。维度裂隙满时，「背弃之网」涅芙蕾雅行动后清空维度裂隙，将下个意图转变为强力的狂气爆发。,使用した「スキル」は「次元の裂け目」に入り、同名のスキルに「運命の破片」を付与する。「次元の裂け目」から出すと除去する。「次元の裂け目」が上限に達すると、「背信の網」ネフレイアが行動した後に「次元の裂け目」をリセットし、次の行動予測は強力な「狂気解放」に転換する。
Task_132877_Desc,bRYL,r任务_Task_A.csv,7320,Task,Desc,,本赛季通关 3 次「幻梦深潜」,
Tutorial_54393_Desc_1,bniC,j教程_Tutorial_A_M.csv,97,Tutorial,Desc,,在<TutorialHighlight:相位对弈>模式中，唤醒体阵亡后，手牌中属于该唤醒体的卡牌会变为<TutorialHighlight:幻象>。将<TutorialHighlight:命轮>装备给已阵亡唤醒体也获得1张幻象，同时返还消耗的算力。幻象还可以被特定命轮的效果合成<TutorialHighlight:小小心愿>。,<TutorialHighlight:対人戦>モードでは、覚醒体が倒れるとその覚醒体のカードは<TutorialHighlight:幻影>カードになります。倒れた覚醒体に<TutorialHighlight:命輪>を装備すると1枚の幻影カードが追加され、行動力消費が返還されます。\n幻影は特定の命輪の効果で<TutorialHighlight:小さな願い>に変換も可能です。
Voice_81143_AwakerVoiceContent,btAL,y语音_Voice_A.csv,2135,Voice,AwakerVoiceContent,克莱门汀,精神医师治愈患者的方法是用环钻术钻开患者的头骨——放轻松，那是许久以前了，如今我们有许多方式去测量与深入患者的心灵。,精神科医が患者を治療する方法は、骨穿孔開窓術で頭蓋骨を開くこと——なんて、それはずいぶん昔の話です。今では患者の精神を探る方法は、たくさんあるんですよ。
Voice_90360_AwakerVoiceContent,bxXn,y语音_Voice_A.csv,2227,Voice,AwakerVoiceContent,卡斯托尔,小的时候，提灯对我们的管控还没有那么严格，有时候波吕克斯不知道去说了些什么，就能神奇地要来一把糖果。品尝那些糖果的感觉……就像现在一样。,"幼い頃は、提灯教会の監視もさほど厳しくはなかった。\n
時おりポリュクスが、どう言いくるめたのか、大人から飴をもらってくることがあってな。\nその飴の味を……今、思い出した。"
Voice_96371_AwakerVoiceContent,bApw,y语音_Voice_A.csv,2274,Voice,AwakerVoiceContent,杜勒赛因,我是司掌死亡之神，但请不要误会，我从不制造死亡。我只是追随死亡的脚步，摘下那丰美成熟的果实。,どうぞ、ご安心を。わたくしは死を司る神ですが、死を生むことはいたしません。ただ死の足音を追い、熟した果実を摘んでいるだけです。
Voice_95081_AwakerVoiceContent,bzwB,y语音_Voice_A.csv,2364,Voice,AwakerVoiceContent,波吕克斯,跟随于丽埃特的那段时间，我做错了许多事，本不应再得到这样的信任。可您依然选择了我……请放心，我会重新去找寻属于我的信念。圣子不会再让他的臣民失望，也不会让您失望。,我が身はジュリエットに従いし頃、多くの過ちを犯している。本来ならば、そなたの信頼に浴する資格なぞない……しかし、そなたは我を選んだ。我は必ず己の信ずべき光を再び見出す。民を、そして御身を決して裏切らぬ。も失望させじ。
Voice_95067_AwakerVoiceContent,bzvR,y语音_Voice_A.csv,2365,Voice,AwakerVoiceContent,波吕克斯,那些黑暗，从于丽埃特的咒文中散布的黑暗，一直笼罩在我的脑海……可现在，那黑暗里竟然出现了一道光！那微弱的光点，是想告诉我什么吗？,ジュリエットの呪詛より散りし闇は、常に我の心を覆って離れぬ……されど今、その深淵に光が差した！この微かな輝きは、我に何を語るのだろうか？
Voice_95087_AwakerVoiceContent,bzwN,y语音_Voice_A.csv,2366,Voice,AwakerVoiceContent,波吕克斯,我看到了！那道光，那道闪耀在意识深处的光，它变得越来越明亮了！它在呼唤我……,おお！意識の深淵にて瞬くあの光が、ひときわ輝きを増しているぞ。我を呼び覚まそうというのか……
Voice_123801_AwakerVoiceContent,bLYY,y语音_Voice_A.csv,2433,Voice,AwakerVoiceContent,茉夏,一直提升我的能力，你就不怕我有天会失控吗……哈哈，开玩笑的。,鍛えてくれるのはありがたいけど、あたしがいつか暴走したらどうする気？……な～んてね。ははっ、冗談だってば。
Voice_123795_AwakerVoiceContent,bLYL,y语音_Voice_A.csv,2438,Voice,AwakerVoiceContent,茉夏,一次失败并不能代表什么……才怪。你们都洗干净脖子等着我！,まぁ、人生に失敗の1回や2回……あってたまるかぁ～！！おまえら全員、首洗って待ってな！！
Voice_123316_AwakerVoiceContent,bLQs,y语音_Voice_A.csv,2463,Voice,AwakerVoiceContent,茉夏,我只是在伪装正常人回答你的问题？啊，还是被你发现了——那么，你做好看见我真实面目的准备了吗？,「思っていることを素直に言え」？「『正しく』答えようとするな」？……あちゃ～、バレちゃってたか。それじゃあ、あたしの本性と向き合う覚悟はできてるんだよね？
Voice_123314_AwakerVoiceContent,bLQm,y语音_Voice_A.csv,2464,Voice,AwakerVoiceContent,茉夏,不受控的疯子？你说得没错。这里可不是我的世界，没有那些无聊的法律和规矩……在这里，我想做什么就做什么，所以守密人，你可要小心了，千万别被失控的疯子咬了。,手に負えない狂人、か……その通りかもね。ここはあたしがいた世界じゃない。くだらない法律も、掟もない。だから、どう振る舞おうがあたしの自由。つ・ま・り……暴走した狂人に噛まれたくなかったら、せいぜい気をつけるんだよ、守秘者さん。
Voice_123796_AwakerVoiceContent,bLYN,y语音_Voice_A.csv,2467,Voice,AwakerVoiceContent,茉夏,有任务？下次不用打招呼，我们已经熟到不需要表演「社交见面流程」了。,何、何？任務？……あ～、そっちかぁ。もう、次からは挨拶とかいいから。あたしとあなたの仲でしょ？「社交辞令」とか、息苦しいだけだもん。
Voice_123803_AwakerVoiceContent,bLZd,y语音_Voice_A.csv,2474,Voice,AwakerVoiceContent,茉夏,我承认她很可爱……嗯，没错，看她和那些流浪在校园里的野猫追逐、打架确实挺可爱的。,あの子かぁ……うん、確かにかわいいと思う。大学の野良猫と追いかけっこしたり、ケンカしてる時とか、特に。
Voice_126977_AwakerVoiceContent,bObw,y语音_Voice_A.csv,2540,Voice,AwakerVoiceContent,徐,您来不梦乡，想要找寻什么呢？,あなた様はこの不夢郷でいったい何を捜しにこられたのかしら？
Voice_126949_AwakerVoiceContent,bOah,y语音_Voice_A.csv,2542,Voice,AwakerVoiceContent,徐,休怒休怨，万事成空。,怒ることなかれ、恨むことなかれ。万象空無であると知れ。
Voice_126978_AwakerVoiceContent,bOby,y语音_Voice_A.csv,2543,Voice,AwakerVoiceContent,徐,休怒休怨，万事成空。,怒ることなかれ、恨むことなかれ。万象空無であると知れ。
Voice_126946_AwakerVoiceContent,bOab,y语音_Voice_A.csv,2544,Voice,AwakerVoiceContent,徐,勿思勿扰，盲听哑从，凡尘皆为负累！,無心なり、不乱なり。盲にて聴き、唖にて従え。塵世万事は枷と知れ！
Voice_126947_AwakerVoiceContent,bOad,y语音_Voice_A.csv,2545,Voice,AwakerVoiceContent,徐,勿思勿扰，盲听哑从，凡尘皆为负累！,無心なり、不乱なり。盲にて聴き、唖にて従え。塵世万事は枷と知れ！
Voice_126966_AwakerVoiceContent,bOaV,y语音_Voice_A.csv,2554,Voice,AwakerVoiceContent,徐,"臃容众为何追随在妾身身边，又因何组建？有趣的问题，您也有过什么求而不得之人，力所不逮之悔吗？
\n唔，看上去似乎没有，好可惜。
\n那种在绝境中挣扎的表情，若是出现在您脸上，一定非常~非常有意思。",脹婦会とはいったいどういう組織で、どうしてわらわにつきまとっているのかって？\n面白いことをお聞きになりますのね。\nあなた様はこれまで、思いが届かなかった人や、やりたくてもできなかったことはございますか？\nどうやらなさそうですわね。残念ですわ。\n絶望にゆがむあなた様のお顔は、きっと、至高の芸術に違いありませんわ。
Voice_127090_AwakerVoiceContent,bOic,y语音_Voice_A.csv,2560,Voice,AwakerVoiceContent,徐,"在磐龙国的传说中，孔雀是种美丽招摇的凶兽。
美丽又恶毒，听上去就让人心悸，若是丑陋而善良，则有些乏味了。",磐竜国の伝説の中で、孔雀は美しくも獰猛な獣とされています。\n美しくて、獰猛。聞くだけで、胸が踊りますわ。\n醜くて優しいなんて、おもしろくもなんともありませんもの。
