Activity_67745_ActivityName,abca,h活动_Activity_A.csv,49,Activity,ActivityName,,雪山消融之时·复刻,雪解けの刻・復刻,,,,,,,,,,,,,,
Activity_67745_ActivityTips,abcd,h活动_Activity_A.csv,49,Activity,ActivityTips,,<Title:活动简介>\n1、活动期间，守密人可通过限时玩法「野兽雄心」和「成就奖励」收集三种「花苞」，「花苞」可在「山峦巨口」中用于交换从而获得道具奖励，包括活动限定SR命轮「待到雪山消融」、「无垢之芯」、「流明之芯」、「贤石碎屑」、「拟态凝晶」等。\n2、活动期间「特遣纪录：艾尔沃斯的归人」将免费开放。\n\n<Title:活动时间>\n1、7 月 13 日 9:00 - 8 月 10 日 9:00（GMT+8），所有活动内容均可参与。\n2、8 月 10 日 9:00 - 8 月 17 日 9:00（GMT+8），仅保留「山峦巨口」和「成就奖励」，其他内容均已结束不可参与。\n\n<Title: 野兽雄心>\n1、「野兽雄心」包含 5 个关卡，每 2 天自动开放 1 个。\n2、每次挑战将消耗 「灵啡肽」× 120 ，挑战成功将获得活动货币「寒冻花苞」、「银霜花苞」和「日光花苞」。\n3、关卡通关后，解锁该关卡的「重现」功能。请注意：使用「重现」功能时，无法获得同调率。\n4、可以使用校友会助战和「共鸣：吞噬山脉」来帮助你更轻松地通关。\n5、关卡解锁后第2天，解锁该关卡的癫狂难度。完成癫狂难度首通可获得丰厚的活动货币奖励。\n6、请注意：癫狂难度挑战不消耗灵啡肽，不可重现，且首通后重复挑战不会再获得活动货币奖励。\n\n<Title: 花苞加成>\n1、守密人拥有特定唤醒体或命轮（不要求上阵）可以使「野兽雄心」关卡任务报酬中的「寒冻花苞」、「银霜花苞」和「日光花苞」获得额外的掉落加成（包括重现），具体加成如下：\n·唤醒体「血链·希洛」：启灵0/1/2/3及以上，加成20%/30%/40%/50%\n·SSR命轮「沉入殷红」：叠位0/1/2/3及以上，加成20%/30%/40%/50%\n·SR命轮「待到雪山消融」：叠位0/1/2/3及以上，加成20%/30%/40%/50%\n2、不同唤醒体或命轮的「花苞加成」以叠加的方式结算。\n3、特别的，癫狂难度首通挑战奖励不会受到「花苞加成」影响。\n\n<Title:共鸣：吞噬山脉>\n1、守密人可以通过完成活动成就获取「吞噬之心」。 \n2、消耗「吞噬之心」，激活「共鸣：吞噬山脉」，可以让守密人在活动玩法「野兽雄心」中变得更强，挑战更加轻松。\n\n<Title: 山峦巨口>\n1、「山峦巨口」共有三个交换商店，开启时间如下：\n·「吞食的野心」： 7 月 13 日 9 时开启。\n·「复仇的战意」： 7 月 15 日 9 时开启。\n·「重生的希冀」： 7 月 17 日 9 时开启。\n2、每次交换将消耗「寒冻花苞」/「银霜花苞」/「日光花苞」×  1000 ，随机获得交换商店中的五个物品奖励。\n3、每个交换商店的物品奖励分为「特殊物品」和「普通物品」两种，重置时可以使特殊物品奖励的剩余数量重置至上限，具体规则为：\n（1）前 2 次重置：当「特殊物品」无剩余数量后，守密人可以选择重置，重置后会将「特殊物品」和「普通物品」的剩余数量重置至上限；也可以选择继续交换，当「普通物品」也无剩余数量后，须进行重置才可以继续交换。\n（2）第 3 次开始重置：当「普通物品」无剩余数量后才可以进行重置，重置会将「普通物品」的剩余数量重置至上限，「特殊物品」不再重置。\n4、8 月 17 日 9:00（GMT+8）后，剩余未交换的「花苞」将按照每个兑换「蔷薇金券」× 40 的比例进行回收，请守密人注意查收邮件。\n\n<Title: 特遣纪录>\n1、活动期间「特遣纪录：艾尔沃斯的归人」将免费开放。每隔 2 天会推出新的事件，通关「特遣纪录：艾尔沃斯的归人」后可以在成就奖励中获得「银芯」、活动限定SR命轮「待到雪山消融」等奖励，成就奖励仅在活动期间开启，活动结束后将无法完成和领取。\n2、活动结束后，「特遣纪录：艾尔沃斯的归人」的调查进度会保留，如果活动期间未解锁「特遣纪录：艾尔沃斯的归人」，活动结束后仍然可以消耗「现实起点」×7解锁。\n3、无论是否在活动期间，通关「特遣纪录：艾尔沃斯的归人」后都可以获得「钥令：群山的觉悟」。,<Title:イベント概要>\n1、イベント期間中、守秘者は期間限定の「獣の野心」や「達成報酬」で3種類の「蕾」を集めることができ、「蕾」は「山嶺の大穴」でアイテムに交換可能。イベント限定SR命輪「雪山が溶けるまで」、ヘブンズコア、ルミナスコア、賢石の破片、擬態凝晶などを獲得可能。\n2、イベント期間「特務記録：雪山への帰還」が無料開放されます。\n\n<Title:イベント期間>\n1、10月7日9:00 - 10月21日9:00(GMT+8)、すべてのイベント内容に参加可能。\n2、10月21日9:00 - 10月28日9:00(GMT+8)、「山嶺の大穴」と「達成報酬」のみ参加可能、それ以外の内容は終了。\n\n<Title: 獣の本能>\n1、「獣の本能」は5つのステージがあり、2日ごとに1つ解放されます。\n2、毎回の挑戦で120点のエンフェリンを消費、成功するとイベント通貨「寒氷の蕾」、「銀霜の蕾」、「日光の蕾」を獲得。\n3、ステージクリア後、「リプレイ」機能が解放されます。「リプレイ」機能使用時、同調率は獲得できません。\n4、フレンドの救援や「共鳴：白銀の顎」を利用して通過しやすくします。\n5、ステージ解放の翌日、「超難度」も解放。初クリアで豊富なイベント通貨を獲得。\n6、「超難度」挑戦ではエンフェリンを消費せず、リプレイ不可。初クリア後、繰り返し挑戦しても通貨を獲得できません。\n\n<Title:蕾ボーナス>\n1. 守秘者が特定の覚醒体または命輪（参戦不要）を所有している場合、「獣の本能」の報酬に「寒氷の蕾」、「銀霜の蕾」、「日光の蕾」のドロップ率が増加（リプレイを含む）。具体的なブーストは以下の通り：\n・覚醒体「血ノ鎖・ヘロット」：霊知啓発0/1/2/3以上で、20%/30%/40%/50%アップ\n・SSR命輪「深紅に沈む」：強化0/1/2/3以上で、20%/30%/40%/50%アップ\n・SR命輪「雪山が溶けるまで」：強化0/1/2/3以上で、20%/30%/40%/50%アップ\n2. 異なる覚醒体や命輪の「蕾ボーナス」は累積されます。\n3. 特に「超難度」の初クリア報酬は「蕾ボーナス」には影響しません。\n\n<Title:共鳴：白銀の顎>\n1、守秘者はイベント実績を完了することで「獣の心」を獲得できます。\n2、 「獣の心」を消費し、「共鳴：白銀の顎」を発動、イベントプレイ「獣の本能」で強化され、挑戦が楽になります。\n\n<Title: 山嶺の大穴>\n1．「山嶺の大穴」には3つの交換商店があり、開店時間は以下の通り：\n・「貪食の野心」：10月7日9:00開放。\n・「復讐の戦意」：10月9日9:00開放。\n・「再生の希望」：10月11日9:00開放。\n2. 交換ごとに1000「寒氷の蕾」/「銀霜の蕾」/「日光の蕾」を消費し、ランダムで交換商店の5つのアイテムを獲得。\n3. 交換商店のアイテムは「特別アイテム」と「通常アイテム」に分かれ、リセット時「特別アイテム」の残量が上限にリセットされる。具体的なルールは以下の通り：\n（1）初回と2回目のリセット： 「特別アイテム」がなくなるとリセット可能、リセット後は「特別アイテム」と「通常アイテム」の残量が上限に。リセットせずに続けたい場合、「通常アイテム」もなくなるとリセットが必要。\n（2）3回目以降のリセット：「通常アイテム」がなくなるとリセット可能、リセット後「通常アイテム」の残量が上限に。「特別アイテム」はリセットされません。\n4. 10月28日9:00(GMT+8)以降、未交換の「蕾」は1個あたり薔薇金券×40で回収されますので、守秘者はメールをチェックしてください。\n\n<Title: 特務記録>\n1. イベント期間中、「特務記録：雪山への帰還」が無料開放。2日ごとに新しい事件が追加され、「特務記録：雪山への帰還」をクリアすることでシルバーコアやイベント限定SR命輪「雪山が溶けるまで」などの報酬が達成報酬として獲得可能。達成報酬はイベント期間中のみ有効、イベント終了後は完了および受取不可。\n2. イベント終了後、「特務記録：雪山への帰還」の調査進捗は保存されます。イベント期間中に「特務記録：雪山への帰還」を解放していない場合、イベント終了後も「起点装置」×7を消費して解放可能です。\n3. イベント期間を問わず、「特務記録：雪山の帰還」のクリア後、「キーオーダー：銀峰の覚悟」を獲得できます。,,,,,,,,,,,,,,
Activity_67745_ActivityPlot,abcb,h活动_Activity_A.csv,49,Activity,ActivityPlot,,艾尔沃斯的冰雪终年不化，正如她的仇恨。\n当未来与过去的双手交叠，战士将高举剑刃，向命运发起复仇的冲锋。\n当她迎向黑色的浪涛，你是她的旌旗。,アイズルワースの氷雪は永遠に溶けない。彼女の憎しみのように。\n未来と過去が交錯するとき、戦士は剣を掲げ、運命に復讐の牙を向く。\nあなたは、黒い波涛へ踏み込む彼女の戦旗になれ。,,,,,,,,,,,,,,
Activity_67745_ActivityStageEndContent,abcc,h活动_Activity_A.csv,49,Activity,ActivityStageEndContent,,活动已结束，当前仅可参与「山峦巨口」,イベントは終了し、現在は「山岳の大口」のみ参加可能です。,,,,,,,,,,,,,,
Activity_78791_ActivityName,abkU,h活动_Activity_A.csv,105,Activity,ActivityName,,雪山消融之时·复刻,雪解けの刻・復刻,,,,,,,,,,,,,,
Activity_78791_ActivityTips,abkX,h活动_Activity_A.csv,105,Activity,ActivityTips,,<Title:活动简介>\n1、活动期间，守密人可通过限时玩法「野兽雄心」和「成就奖励」收集三种「花苞」，「花苞」可在「山峦巨口」中用于交换从而获得道具奖励，包括活动限定SR命轮「待到雪山消融」、「无垢之芯」、「流明之芯」、「贤石碎屑」、「拟态凝晶」等。\n2、活动期间「特遣纪录：艾尔沃斯的归人」将免费开放。\n\n<Title:活动时间>\n1、5 月 19 日 9:00 - 6 月 2 日 9:00（GMT+8），所有活动内容均可参与。\n2、6 月 2 日 9:00 - 6 月 9 日 9:00（GMT+8），仅保留「山峦巨口」和「成就奖励」，其他内容均已结束不可参与。\n\n<Title: 野兽雄心>\n1、「野兽雄心」包含 5 个关卡，每 2 天自动开放 1 个。\n2、每次挑战将消耗 「灵啡肽」× 120 ，挑战成功将获得活动货币「寒冻花苞」、「银霜花苞」和「日光花苞」。\n3、关卡通关后，解锁该关卡的「重现」功能。请注意：使用「重现」功能时，无法获得同调率。\n4、可以使用校友会助战和「共鸣：吞噬山脉」来帮助你更轻松地通关。\n5、关卡解锁后第2天，解锁该关卡的癫狂难度。完成癫狂难度首通可获得丰厚的活动货币奖励。\n6、请注意：癫狂难度挑战不消耗灵啡肽，不可重现，且首通后重复挑战不会再获得活动货币奖励。\n\n<Title: 花苞加成>\n1、守密人拥有特定唤醒体或命轮（不要求上阵）可以使「野兽雄心」关卡任务报酬中的「寒冻花苞」、「银霜花苞」和「日光花苞」获得额外的掉落加成（包括重现），具体加成如下：\n·唤醒体「血链·希洛」：启灵0/1/2/3及以上，加成20%/30%/40%/50%\n·SSR命轮「沉入殷红」：叠位0/1/2/3及以上，加成20%/30%/40%/50%\n·SR命轮「待到雪山消融」：叠位0/1/2/3及以上，加成20%/30%/40%/50%\n2、不同唤醒体或命轮的「花苞加成」以叠加的方式结算。\n3、特别的，癫狂难度首通挑战奖励不会受到「花苞加成」影响。\n\n<Title:共鸣：吞噬山脉>\n1、守密人可以通过完成活动成就获取「吞噬之心」。 \n2、消耗「吞噬之心」，激活「共鸣：吞噬山脉」，可以让守密人在活动玩法「野兽雄心」中变得更强，挑战更加轻松。\n\n<Title: 山峦巨口>\n1、「山峦巨口」共有三个交换商店，开启时间如下：\n·「吞食的野心」： 5 月 19 日 9 时开启。\n·「复仇的战意」： 5 月 21 日 9 时开启。\n·「重生的希冀」： 5 月 23 日 9 时开启。\n2、每次交换将消耗 750「寒冻花苞」/「银霜花苞」/「日光花苞」，随机获得交换商店中的五个物品奖励。\n3、每个交换商店的物品奖励分为「特殊物品」和「普通物品」两种，重置时可以使特殊物品奖励的剩余数量重置至上限，具体规则为：\n（1）前 2 次重置：当「特殊物品」无剩余数量后，守密人可以选择重置，重置后会将「特殊物品」和「普通物品」的剩余数量重置至上限；也可以选择继续交换，当「普通物品」也无剩余数量后，须进行重置才可以继续交换。\n（2）第 3 次开始重置：当「普通物品」无剩余数量后才可以进行重置，重置会将「普通物品」的剩余数量重置至上限，「特殊物品」不再重置。\n4、6 月 9 日 9:00（GMT+8）后，剩余未交换的「花苞」将按照每个兑换「蔷薇金券」× 40 的比例进行回收，请守密人注意查收邮件。\n\n<Title: 特遣纪录>\n1、活动期间「特遣纪录：艾尔沃斯的归人」将免费开放。通关「特遣纪录：艾尔沃斯的归人」后可以在成就奖励中获得活动限定SR命轮「待到雪山消融」等奖励，成就奖励仅在活动期间开启，活动结束后将无法完成和领取。\n2、活动结束后，「特遣纪录：艾尔沃斯的归人」的调查进度会保留，如果活动期间未解锁「特遣纪录：艾尔沃斯的归人」，活动结束后仍然可以消耗「现实起点」×7解锁。\n3、无论是否在活动期间，通关「特遣纪录：艾尔沃斯的归人」后都可以获得「钥令：群山的觉悟」。,<Title:イベント概要>\n1、イベント期間中、守秘者は期間限定の「獣の野心」や「達成報酬」で3種類の「蕾」を集めることができ、「蕾」は「山嶺の大穴」でアイテムに交換可能。イベント限定SR命輪「雪山が溶けるまで」、ヘブンズコア、ルミナスコア、賢石の破片、擬態凝晶などを獲得可能。\n2、イベント期間「特務記録：雪山への帰還」が無料開放されます。\n\n<Title:イベント期間>\n1、5月19日9:00 - 6月2日9:00(GMT+8)、すべてのイベント内容に参加可能。\n2、6月2日9:00 - 6月9日9:00(GMT+8)、「山嶺の大穴」と「達成報酬」のみ参加可能、それ以外の内容は終了。\n\n<Title: 獣の本能>\n1、「獣の本能」は5つのステージがあり、2日ごとに1つ解放されます。\n2、毎回の挑戦で120点のエンフェリンを消費、成功するとイベント通貨「寒氷の蕾」、「銀霜の蕾」、「日光の蕾」を獲得。\n3、ステージクリア後、「リプレイ」機能が解放されます。「リプレイ」機能使用時、同調率は獲得できません。\n4、フレンドの救援や「共鳴：白銀の顎」を利用して通過しやすくします。\n5、ステージ解放の翌日、「超難度」も解放。初クリアで豊富なイベント通貨を獲得。\n6、「超難度」挑戦ではエンフェリンを消費せず、リプレイ不可。初クリア後、繰り返し挑戦しても通貨を獲得できません。\n\n<Title:蕾ボーナス>\n1. 守秘者が特定の覚醒体または命輪（参戦不要）を所有している場合、「獣の本能」の報酬に「寒氷の蕾」、「銀霜の蕾」、「日光の蕾」のドロップ率が増加（リプレイを含む）。具体的なブーストは以下の通り：\n・覚醒体「血ノ鎖・ヘロット」：霊知啓発0/1/2/3以上で、20%/30%/40%/50%アップ\n・SSR命輪「深紅に沈む」：強化0/1/2/3以上で、20%/30%/40%/50%アップ\n・SR命輪「雪山が溶けるまで」：強化0/1/2/3以上で、20%/30%/40%/50%アップ\n2. 異なる覚醒体や命輪の「蕾ボーナス」は累積されます。\n3. 特に「超難度」の初クリア報酬は「蕾ボーナス」には影響しません。\n\n<Title:共鳴：白銀の顎>\n1、守秘者はイベント実績を完了することで「獣の心」を獲得できます。\n2、 「獣の心」を消費し、「共鳴：白銀の顎」を発動、イベントプレイ「獣の本能」で強化され、挑戦が楽になります。\n\n<Title: 山嶺の大穴>\n1．「山嶺の大穴」には3つの交換商店があり、開店時間は以下の通り：\n・「貪食の野心」：5月19日9:00開放。\n・「復讐の戦意」：5月21日9:00開放。\n・「再生の希望」：5月23日9:00開放。\n2. 交換ごとに1000「寒氷の蕾」/「銀霜の蕾」/「日光の蕾」を消費し、ランダムで交換商店の5つのアイテムを獲得。\n3. 交換商店のアイテムは「特別アイテム」と「通常アイテム」に分かれ、リセット時「特別アイテム」の残量が上限にリセットされる。具体的なルールは以下の通り：\n（1）初回と2回目のリセット： 「特別アイテム」がなくなるとリセット可能、リセット後は「特別アイテム」と「通常アイテム」の残量が上限に。リセットせずに続けたい場合、「通常アイテム」もなくなるとリセットが必要。\n（2）3回目以降のリセット：「通常アイテム」がなくなるとリセット可能、リセット後「通常アイテム」の残量が上限に。「特別アイテム」はリセットされません。\n4. 6月9日9:00(GMT+8)以降、未交換の「蕾」は1個あたり薔薇金券×40で回収されますので、守秘者はメールをチェックしてください。\n\n<Title: 特務記録>\n1. イベント期間中、「特務記録：雪山への帰還」が無料開放。2日ごとに新しい事件が追加され、「特務記録：雪山への帰還」をクリアすることでシルバーコアやイベント限定SR命輪「雪山が溶けるまで」などの報酬が達成報酬として獲得可能。達成報酬はイベント期間中のみ有効、イベント終了後は完了および受取不可。\n2. イベント終了後、「特務記録：雪山への帰還」の調査進捗は保存されます。イベント期間中に「特務記録：雪山への帰還」を解放していない場合、イベント終了後も「起点装置」×7を消費して解放可能です。\n3. イベント期間を問わず、「特務記録：雪山の帰還」のクリア後、「キーオーダー：銀峰の覚悟」を獲得できます。,,,,,,,,,,,,,,
Activity_78791_ActivityPlot,abkV,h活动_Activity_A.csv,105,Activity,ActivityPlot,,艾尔沃斯的冰雪终年不化，正如她的仇恨。\n当未来与过去的双手交叠，战士将高举剑刃，向命运发起复仇的冲锋。\n当她迎向黑色的浪涛，你是她的旌旗。,アイズルワースの氷雪は永遠に溶けない。彼女の憎しみのように。\n未来と過去が交錯するとき、戦士は剣を掲げ、運命に復讐の牙を向く。\nあなたは、黒い波涛へ踏み込む彼女の戦旗になれ。,,,,,,,,,,,,,,
Activity_78791_ActivityStageEndContent,abkW,h活动_Activity_A.csv,105,Activity,ActivityStageEndContent,,活动已结束，当前仅可参与「山峦巨口」,イベントは終了し、現在は「山岳の大口」のみ参加可能です。,,,,,,,,,,,,,,
Activity_56432_ActivityName,aaDU,h活动_Activity_A.csv,134,Activity,ActivityName,,雪山消融之时,雪解けの刻・復刻,,,,,,,,,,,,,,
Activity_56432_ActivityTips,aaDX,h活动_Activity_A.csv,134,Activity,ActivityTips,,<Title:活动简介>\n1、活动期间，守密人可通过限时玩法「野兽雄心」和「成就奖励」收集三种「花苞」，「花苞」可在「山峦巨口」中用于交换从而获得道具奖励，包括活动限定SR命轮「待到雪山消融」、「无垢之芯」、「流明之芯」、「贤石碎屑」、「拟态凝晶」等。\n2、活动期间「特遣纪录：艾尔沃斯的归人」将免费开放。\n\n<Title:活动时间>\n1、10 月 7 日 9:00 - 10 月 21 日 9:00（GMT+8），所有活动内容均可参与。\n2、10 月 21 日 9:00 - 10 月 28 日 9:00（GMT+8），仅保留「山峦巨口」和「成就奖励」，其他内容均已结束不可参与。\n\n<Title: 野兽雄心>\n1、「野兽雄心」包含 5 个关卡，每 2 天自动开放 1 个。\n2、每次挑战将消耗 「灵啡肽」× 120 ，挑战成功将获得活动货币「寒冻花苞」、「银霜花苞」和「日光花苞」。\n3、关卡通关后，解锁该关卡的「重现」功能。请注意：使用「重现」功能时，无法获得同调率。\n4、可以使用校友会助战和「共鸣：吞噬山脉」来帮助你更轻松地通关。\n5、关卡解锁后第2天，解锁该关卡的癫狂难度。完成癫狂难度首通可获得丰厚的活动货币奖励。\n6、请注意：癫狂难度挑战不消耗灵啡肽，不可重现，且首通后重复挑战不会再获得活动货币奖励。\n\n<Title: 花苞加成>\n1、守密人拥有特定唤醒体或命轮（不要求上阵）可以使「野兽雄心」关卡任务报酬中的「寒冻花苞」、「银霜花苞」和「日光花苞」获得额外的掉落加成（包括重现），具体加成如下：\n·唤醒体「血链·希洛」：启灵0/1/2/3及以上，加成20%/30%/40%/50%\n·SSR命轮「沉入殷红」：叠位0/1/2/3及以上，加成20%/30%/40%/50%\n·SR命轮「待到雪山消融」：叠位0/1/2/3及以上，加成20%/30%/40%/50%\n2、不同唤醒体或命轮的「花苞加成」以叠加的方式结算。\n3、特别的，癫狂难度首通挑战奖励不会受到「花苞加成」影响。\n\n<Title:共鸣：吞噬山脉>\n1、守密人可以通过完成活动成就获取「吞噬之心」。 \n2、消耗「吞噬之心」，激活「共鸣：吞噬山脉」，可以让守密人在活动玩法「野兽雄心」中变得更强，挑战更加轻松。\n\n<Title: 山峦巨口>\n1、「山峦巨口」共有三个交换商店，开启时间如下：\n·「吞食的野心」： 10 月 7 日 9 时开启。\n·「复仇的战意」： 10 月 9 日 9 时开启。\n·「重生的希冀」： 10 月 11 日 9 时开启。\n2、每次交换将消耗 1000「寒冻花苞」/「银霜花苞」/「日光花苞」，随机获得交换商店中的五个物品奖励。\n3、每个交换商店的物品奖励分为「特殊物品」和「普通物品」两种，重置时可以使特殊物品奖励的剩余数量重置至上限，具体规则为：\n（1）前 2 次重置：当「特殊物品」无剩余数量后，守密人可以选择重置，重置后会将「特殊物品」和「普通物品」的剩余数量重置至上限；也可以选择继续交换，当「普通物品」也无剩余数量后，须进行重置才可以继续交换。\n（2）第 3 次开始重置：当「普通物品」无剩余数量后才可以进行重置，重置会将「普通物品」的剩余数量重置至上限，「特殊物品」不再重置。\n4、10 月 28 日 9:00（GMT+8）后，剩余未交换的「花苞」将按照每个兑换「蔷薇金券」× 40 的比例进行回收，请守密人注意查收邮件。\n\n<Title: 特遣纪录>\n1、活动期间「特遣纪录：艾尔沃斯的归人」将免费开放。每隔 2 天会推出新的事件，通关「特遣纪录：艾尔沃斯的归人」后可以在成就奖励中获得银芯、活动限定SR命轮「待到雪山消融」等奖励，成就奖励仅在活动期间开启，活动结束后将无法完成和领取。\n2、活动结束后，「特遣纪录：艾尔沃斯的归人」的调查进度会保留，如果活动期间未解锁「特遣纪录：艾尔沃斯的归人」，活动结束后仍然可以消耗「现实起点」×7解锁。\n3、无论是否在活动期间，通关「特遣纪录：艾尔沃斯的归人」后都可以获得「钥令：群山的觉悟」。,<Title:イベント概要>\n1、イベント期間中、守秘者は期間限定の「獣の野心」や「達成報酬」で3種類の「蕾」を集めることができ、「蕾」は「山嶺の大穴」でアイテムに交換可能。イベント限定SR命輪「雪山が溶けるまで」、ヘブンズコア、ルミナスコア、賢石の破片、擬態凝晶などを獲得可能。\n2、イベント期間「特務記録：雪山への帰還」が無料開放されます。\n\n<Title:イベント期間>\n1、10月7日9:00 - 10月21日9:00(GMT+8)、すべてのイベント内容に参加可能。\n2、10月21日15:00 - 10月28日15:00(GMT+8)、「山嶺の大穴」と「達成報酬」のみ参加可能、それ以外の内容は終了。\n\n<Title: 獣の本能>\n1、「獣の本能」は5つのステージがあり、2日ごとに1つ解放されます。\n2、毎回の挑戦で120点のエンフェリンを消費、成功するとイベント通貨「寒氷の蕾」、「銀霜の蕾」、「日光の蕾」を獲得。\n3、ステージクリア後、「リプレイ」機能が解放されます。「リプレイ」機能使用時、同調率は獲得できません。\n4、フレンドの救援や「共鳴：白銀の顎」を利用して通過しやすくします。\n5、ステージ解放の翌日、「超難度」も解放。初クリアで豊富なイベント通貨を獲得。\n6、「超難度」挑戦ではエンフェリンを消費せず、リプレイ不可。初クリア後、繰り返し挑戦しても通貨を獲得できません。\n\n<Title:蕾ボーナス>\n1. 守秘者が特定の覚醒体または命輪（参戦不要）を所有している場合、「獣の本能」の報酬に「寒氷の蕾」、「銀霜の蕾」、「日光の蕾」のドロップ率が増加（リプレイを含む）。具体的なブーストは以下の通り：\n・覚醒体「血ノ鎖・ヘロット」：霊知啓発0/1/2/3以上で、20%/30%/40%/50%アップ\n・SSR命輪「深紅に沈む」：強化0/1/2/3以上で、20%/30%/40%/50%アップ\n・SR命輪「雪山が溶けるまで」：強化0/1/2/3以上で、20%/30%/40%/50%アップ\n2. 異なる覚醒体や命輪の「蕾ボーナス」は累積されます。\n3. 特に「超難度」の初クリア報酬は「蕾ボーナス」には影響しません。\n\n<Title:共鳴：白銀の顎>\n1、守秘者はイベント実績を完了することで「獣の心」を獲得できます。\n2、 「獣の心」を消費し、「共鳴：白銀の顎」を発動、イベントプレイ「獣の本能」で強化され、挑戦が楽になります。\n\n<Title: 山嶺の大穴>\n1．「山嶺の大穴」には3つの交換商店があり、開店時間は以下の通り：\n・「貪食の野心」：10月7日9:00開放。\n・「復讐の戦意」：10月9日9:00開放。\n・「再生の希望」：10月11日9:00開放。\n2. 交換ごとに1000「寒氷の蕾」/「銀霜の蕾」/「日光の蕾」を消費し、ランダムで交換商店の5つのアイテムを獲得。\n3. 交換商店のアイテムは「特別アイテム」と「通常アイテム」に分かれ、リセット時「特別アイテム」の残量が上限にリセットされる。具体的なルールは以下の通り：\n（1）初回と2回目のリセット： 「特別アイテム」がなくなるとリセット可能、リセット後は「特別アイテム」と「通常アイテム」の残量が上限に。リセットせずに続けたい場合、「通常アイテム」もなくなるとリセットが必要。\n（2）3回目以降のリセット：「通常アイテム」がなくなるとリセット可能、リセット後「通常アイテム」の残量が上限に。「特別アイテム」はリセットされません。\n4. 10月28日9:00(GMT+8)以降、未交換の「蕾」は1個あたり薔薇金券×40で回収されますので、守秘者はメールをチェックしてください。\n\n<Title: 特務記録>\n1. イベント期間中、「特務記録：雪山への帰還」が無料開放。2日ごとに新しい事件が追加され、「特務記録：雪山への帰還」をクリアすることでシルバーコアやイベント限定SR命輪「雪山が溶けるまで」などの報酬が達成報酬として獲得可能。達成報酬はイベント期間中のみ有効、イベント終了後は完了および受取不可。\n2. イベント終了後、「特務記録：雪山への帰還」の調査進捗は保存されます。イベント期間中に「特務記録：雪山への帰還」を解放していない場合、イベント終了後も「起点装置」×7を消費して解放可能です。\n3. イベント期間を問わず、「特務記録：雪山の帰還」のクリア後、「キーオーダー：銀峰の覚悟」を獲得できます。,,,,,,,,,,,,,,
Activity_56432_ActivityPlot,aaDV,h活动_Activity_A.csv,134,Activity,ActivityPlot,,艾尔沃斯的冰雪终年不化，正如她的仇恨。\n当未来与过去的双手交叠，战士将高举剑刃，向命运发起复仇的冲锋。\n当她迎向黑色的浪涛，你是她的旌旗。,アイズルワースの氷雪は永遠に溶けない。彼女の憎しみのように。\n未来と過去が交錯するとき、戦士は剣を掲げ、運命に復讐の牙を向く。\nあなたは、黒い波涛へ踏み込む彼女の戦旗になれ。,,,,,,,,,,,,,,
Activity_56432_ActivityStageEndContent,aaDW,h活动_Activity_A.csv,134,Activity,ActivityStageEndContent,,活动已结束，当前仅可参与「山峦巨口」,イベントは終了し、現在は「山岳の大口」のみ参加可能です。,,,,,,,,,,,,,,
AvgDialog_6811_Content_1,aoVw,avgV1.3本源希洛大型支线_AvgDialog_C_M.csv,8,AvgDialog,Content,,雪原来客,雪原の来訪者,,,,,,,,,,,,,,
AvgDialog_6811_Content_2,aoVV,avgV1.3本源希洛大型支线_AvgDialog_C_M.csv,9,AvgDialog,Content,,勒姆瓦希事件结束一月后,ヴォルムワヒ事件終結\n一ヶ月後,,,,,,,,,,,,,,
AvgDialog_6811_Content_3,aoWg,avgV1.3本源希洛大型支线_AvgDialog_C_M.csv,10,AvgDialog,Content,本源希洛？,这里，就是艾尔沃斯？,ここがアイズルワースか？,,,,,,,,,,,,,,
AvgDialog_6811_Content_4,aoWr,avgV1.3本源希洛大型支线_AvgDialog_C_M.csv,11,AvgDialog,Content,赫伯特,没错。欢迎回家，希洛。,ああ、そうだ。\nおかえり、へロット。,,,,,,,,,,,,,,
AvgDialog_6811_Content_5,aoWC,avgV1.3本源希洛大型支线_AvgDialog_C_M.csv,12,AvgDialog,Content,赫伯特,你想要去的山，你想要见的人，都在这里。,君が望んでいた山も、会いたい人も、すべてここにある。,,,,,,,,,,,,,,
AvgDialog_6811_Content_6,aoWN,avgV1.3本源希洛大型支线_AvgDialog_C_M.csv,13,AvgDialog,Content,,赫伯特伸出手，指向前方风雪覆盖的群山。,ハーバートは手を伸ばし、前方の風雪に覆われた山々を指差した。,,,,,,,,,,,,,,
AvgDialog_6811_Content_7,aoWY,avgV1.3本源希洛大型支线_AvgDialog_C_M.csv,14,AvgDialog,Content,本源希洛？,你确定，她会出现？,本当に、奴は現れるのか？,,,,,,,,,,,,,,
AvgDialog_6811_Content_8,aoXj,avgV1.3本源希洛大型支线_AvgDialog_C_M.csv,15,AvgDialog,Content,赫伯特,"就像你会出现在这里一样。这是命运的召唤。
没有人能够拒绝命运，不是吗？",君がここに現れたのと同じ、これは運命の呼び声だ。\n運命を拒める者などいない、そうだろう？,,,,,,,,,,,,,,
AvgDialog_6811_Content_9,aoXu,avgV1.3本源希洛大型支线_AvgDialog_C_M.csv,16,AvgDialog,Content,,听见这话，少女咧嘴一笑，露出两颗尖利的牙。,その言葉に、少女は口元を歪めて笑い、鋭い牙を露わにした。,,,,,,,,,,,,,,
AvgDialog_6811_Content_10,aoVx,avgV1.3本源希洛大型支线_AvgDialog_C_M.csv,17,AvgDialog,Content,本源希洛？,没错，没有人能拒绝命运。,そうだ。誰も運命には抗えない。,,,,,,,,,,,,,,
AvgDialog_6811_Content_11,aoVI,avgV1.3本源希洛大型支线_AvgDialog_C_M.csv,18,AvgDialog,Content,赫伯特,那我们的交易……？,それで、私たちの取引は……？,,,,,,,,,,,,,,
AvgDialog_6811_Content_12,aoVN,avgV1.3本源希洛大型支线_AvgDialog_C_M.csv,19,AvgDialog,Content,本源希洛？,成交。你和那个提灯的疯女人把我带来这里，我会顺手帮你们的。,取引成立だ。お前とあの提灯教会のイカれた女にここまで連れられて来たんだ。ついでに手を貸してやる。,,,,,,,,,,,,,,
AvgDialog_6811_Content_13,aoVO,avgV1.3本源希洛大型支线_AvgDialog_C_M.csv,20,AvgDialog,Content,赫伯特,我想，有件事情还是需要提醒一下。,ひとつ、念を押しておきたいことがある。,,,,,,,,,,,,,,
AvgDialog_6811_Content_14,aoVP,avgV1.3本源希洛大型支线_AvgDialog_C_M.csv,21,AvgDialog,Content,赫伯特,你的状态现在还不太稳定，靠近这座山以后，可能会出现不受控的情况……,今の君はまだ不安定だ。\nこの山に近づけば、制御不能に陥る可能性がある……,,,,,,,,,,,,,,
AvgDialog_6811_Content_15,aoVQ,avgV1.3本源希洛大型支线_AvgDialog_C_M.csv,22,AvgDialog,Content,本源希洛？,你们想要做什么，去做就好了。不要碍我的事。,お前たちが何をしたいのかは知らないが、好きにするといい。\nただし、私の邪魔だけはするな。,,,,,,,,,,,,,,
AvgDialog_6811_Content_16,aoVR,avgV1.3本源希洛大型支线_AvgDialog_C_M.csv,23,AvgDialog,Content,本源希洛？,山的气息，她的气息，我都感受到了……,山の気配、奴の気配、どちらも感じる……,,,,,,,,,,,,,,
AvgDialog_6811_Content_17,aoVS,avgV1.3本源希洛大型支线_AvgDialog_C_M.csv,24,AvgDialog,Content,本源希洛？,我会杀死它们，然后，吞掉它们。,私は奴らを殺し、そして喰らう。,,,,,,,,,,,,,,
AvgDialog_6811_Content_18,aoVT,avgV1.3本源希洛大型支线_AvgDialog_C_M.csv,25,AvgDialog,Content,,少女舔舐着嘴唇，凶狠的脸上绽出野兽般的笑容。,少女は唇を舐めて、凶悪な顔に獣じみた笑みを浮かべた。,,,,,,,,,,,,,,
AvgDialog_6811_Content_19,aoVU,avgV1.3本源希洛大型支线_AvgDialog_C_M.csv,26,AvgDialog,Content,,四十英里外。,40マイル先。,,,,,,,,,,,,,,
AvgDialog_6811_Content_20,aoVW,avgV1.3本源希洛大型支线_AvgDialog_C_M.csv,27,AvgDialog,Content,,粗砺的雪花落下，堆积在女孩的头上，将头发染得花白。,ざらついた雪が舞い落ちる。\n雪は少女の頭に降り積もり、その髪を白く染めていく。,,,,,,,,,,,,,,
AvgDialog_6811_Content_21,aoVX,avgV1.3本源希洛大型支线_AvgDialog_C_M.csv,28,AvgDialog,Content,,你伸出手，轻轻将它们拂去。,あなたは手を伸ばし、それらをそっと払い落とす。,,,,,,,,,,,,,,
AvgDialog_6811_Content_22,aoVY,avgV1.3本源希洛大型支线_AvgDialog_C_M.csv,29,AvgDialog,Content,玩家,真的不冷吗？,本当に寒くないの？,,,,,,,,,,,,,,
AvgDialog_6811_Content_23,aoVZ,avgV1.3本源希洛大型支线_AvgDialog_C_M.csv,30,AvgDialog,Content,,莉莉犹豫了下，将通红的手藏到背后，乖巧地摇了摇头。,リリーは少しためらったあと、真っ赤になった手を背中に隠して、行儀よく首を横に振った。,,,,,,,,,,,,,,
AvgDialog_6811_Content_24,aoWa,avgV1.3本源希洛大型支线_AvgDialog_C_M.csv,31,AvgDialog,Content,莉莉,唤醒体，不会冻死。,覚醒体は、凍え死んだりしないよ。,,,,,,,,,,,,,,
AvgDialog_6811_Content_25,aoWb,avgV1.3本源希洛大型支线_AvgDialog_C_M.csv,32,AvgDialog,Content,玩家,抱歉，莉莉……这次任务特殊，辛苦你陪我一起来这种地方了。,ごめんね、リリー……今回の任務は特別でね。\nこんな場所までついてきてくれてありがとう。,,,,,,,,,,,,,,
AvgDialog_6811_Content_26,aoWc,avgV1.3本源希洛大型支线_AvgDialog_C_M.csv,33,AvgDialog,Content,莉莉,没关系，莉莉出生在这里。莉莉想要帮到大%brotherorsister1%……,大丈夫、リリーはここで生まれたの。\nリリー、お%brotherorsister1%の力になりたい……,,,,,,,,,,,,,,
AvgDialog_6811_Content_27,aoWd,avgV1.3本源希洛大型支线_AvgDialog_C_M.csv,34,AvgDialog,Content,,你叹了口气，摸了摸她仰起的小脑壳，站起身来，望向前方茫茫的白色世界。,あなたはため息をつき、そして見上げてくる小さな頭をそっと撫でて立ち上がり、前方に広がる白銀の世界を眺めた。,,,,,,,,,,,,,,
AvgDialog_6811_Content_28,aoWe,avgV1.3本源希洛大型支线_AvgDialog_C_M.csv,35,AvgDialog,Content,,漫天的风雪肆虐而过，落在极地冰川尽头隐约起伏的群山，落在你们将要去往的地方。,吹雪が、極致の氷河の果てに連なる山々に降り積もる。\nあなたたちがこれから向かう場所もまた、雪模様のようだ。,,,,,,,,,,,,,,
AvgDialog_6811_Content_29,aoWf,avgV1.3本源希洛大型支线_AvgDialog_C_M.csv,36,AvgDialog,Content,,一周前,一週間前,,,,,,,,,,,,,,
AvgDialog_6811_Content_30,aoWh,avgV1.3本源希洛大型支线_AvgDialog_C_M.csv,37,AvgDialog,Content,德克斯特,地震，雪崩，火山爆发，还有目不可及的融蚀……这个世界可真是一点都不消停，连好好喝杯酒的时间都没有。,地震に雪崩、火山の噴火、そして目には見えない融蝕……\nまったく、この世界は忙しないね。ゆっくり酒も飲めやしない。,,,,,,,,,,,,,,
AvgDialog_6811_Content_31,aoWi,avgV1.3本源希洛大型支线_AvgDialog_C_M.csv,38,AvgDialog,Content,玩家,……德克斯特教授？,……デクスター教授？,,,,,,,,,,,,,,
AvgDialog_6811_Content_32,aoWj,avgV1.3本源希洛大型支线_AvgDialog_C_M.csv,39,AvgDialog,Content,,火焰在壁炉中跃动。衣着精致的中年男人放下手里的报纸，向你招招手。,暖炉の中で、炎が躍る。身なりの整った中年の紳士は手にしていた新聞を置くと、あなたに手招きをした。,,,,,,,,,,,,,,
AvgDialog_6811_Content_33,aoWk,avgV1.3本源希洛大型支线_AvgDialog_C_M.csv,40,AvgDialog,Content,德克斯特,啊，你来了！请随意坐。,やあ、来たね！\nどうぞ、好きに掛けたまえ。,,,,,,,,,,,,,,
AvgDialog_6811_Content_34,aoWl,avgV1.3本源希洛大型支线_AvgDialog_C_M.csv,41,AvgDialog,Content,玩家,教授，听说您有紧急的事情找我？,教授、緊急のご用件があるとお聞きしましたが？,,,,,,,,,,,,,,
AvgDialog_6811_Content_35,aoWm,avgV1.3本源希洛大型支线_AvgDialog_C_M.csv,42,AvgDialog,Content,德克斯特,没错，简直十万火急。,その通り、まさに一刻を争う事態だよ。,,,,,,,,,,,,,,
AvgDialog_6811_Content_36,aoWn,avgV1.3本源希洛大型支线_AvgDialog_C_M.csv,43,AvgDialog,Content,德克斯特,慈善基金接手拉伊精神疗养院之后，善后工作做得还算不错。,慈善団体がライ精神療養所を引き継いで以来、その後の対応はうまく進んでいるようだ。,,,,,,,,,,,,,,
AvgDialog_6811_Content_37,aoWo,avgV1.3本源希洛大型支线_AvgDialog_C_M.csv,44,AvgDialog,Content,德克斯特,有位病人家里是开酒厂的，家属为了表达感谢，送了两瓶上好的自酿葡萄酒过来。,ある患者の家が、酒造を営んでいてね。\n礼だと言って、上等な自家製ワインを2本ばかり届けてくれたんだ。,,,,,,,,,,,,,,
AvgDialog_6811_Content_38,aoWp,avgV1.3本源希洛大型支线_AvgDialog_C_M.csv,45,AvgDialog,Content,德克斯特,一个人品尝实在是太冷清了。怎么样，要一起尝尝吗？,一人で味わうには、いささか寂しくてね。一緒にどうかな？,,,,,,,,,,,,,,
AvgDialog_6811_Content_39,aoWq,avgV1.3本源希洛大型支线_AvgDialog_C_M.csv,46,AvgDialog,Content,,看着他递过来的高脚杯，你无奈地叹了口气。,差し出されたワイングラスを見て、あなたは思わずため息をついた。,,,,,,,,,,,,,,
AvgDialog_6811_Content_40,aoWs,avgV1.3本源希洛大型支线_AvgDialog_C_M.csv,47,AvgDialog,Content,玩家,教授，我最近很忙的……如果没什么事的话，我就先走了。,教授、最近ちょっと立て込んでいて……\n特にご用がないなら、これで失礼させていただきます。,,,,,,,,,,,,,,
AvgDialog_6811_Content_41,aoWt,avgV1.3本源希洛大型支线_AvgDialog_C_M.csv,48,AvgDialog,Content,德克斯特,不懂得享受的人生是没有乐趣的。,楽しむことを知らない人生なんて、つまらなくないかね。,,,,,,,,,,,,,,
AvgDialog_6811_Content_42,aoWu,avgV1.3本源希洛大型支线_AvgDialog_C_M.csv,49,AvgDialog,Content,德克斯特,啊，还有另外一件事，虽然跟品酒比起来微不足道，但我想你可能会感兴趣。,ああ、もうひとつ用があった。ワインを味わうことに比べれば取るに足らない話だが、君が興味を持つかもしれないと思ってね。,,,,,,,,,,,,,,
AvgDialog_6811_Content_43,aoWv,avgV1.3本源希洛大型支线_AvgDialog_C_M.csv,50,AvgDialog,Content,玩家,什么？,何ですか？,,,,,,,,,,,,,,
AvgDialog_6811_Content_44,aoWw,avgV1.3本源希洛大型支线_AvgDialog_C_M.csv,51,AvgDialog,Content,德克斯特,那位送酒的朋友告诉我，一位病人出现了异样。精神病院里整天整夜回荡着她的呻吟和嚎叫，而她越来越差的精神和体质也都让医生们束手无策。,酒を届けてくれた友人から、ある患者に異変が起きていると聞いてね。病院では一日中彼女の苦しむ呻き声が響いているそうだ。\n彼女の精神状態と体調は悪化する一方で、医者もお手上げらしい。,,,,,,,,,,,,,,
AvgDialog_6811_Content_45,aoWx,avgV1.3本源希洛大型支线_AvgDialog_C_M.csv,52,AvgDialog,Content,玩家,的确很糟糕，但我在精神病症领域实在没有什么建树……,確かにひどい話ですが、精神疾患の分野となると、私にはたいした実績がありませんので……,,,,,,,,,,,,,,
AvgDialog_6811_Content_46,aoWy,avgV1.3本源希洛大型支线_AvgDialog_C_M.csv,53,AvgDialog,Content,德克斯特,和医学领域无关——或许你还没有忘记，一位小唤醒体女士，正链接在弗朗西斯精神病院的病人身上。,医学の話ではなくて——まだ忘れていないと思うが、小さな覚醒体の女の子が、フランシス精神病院のその患者にリンクしているんだ。,,,,,,,,,,,,,,
AvgDialog_6811_Content_47,aoWz,avgV1.3本源希洛大型支线_AvgDialog_C_M.csv,54,AvgDialog,Content,玩家,！！！,！！！,,,,,,,,,,,,,,
AvgDialog_6811_Content_48,aoWA,avgV1.3本源希洛大型支线_AvgDialog_C_M.csv,55,AvgDialog,Content,嘶叫的怪物,把她……交给我！,その子を……よこせ！,,,,,,,,,,,,,,
AvgDialog_6811_Content_49,aoWB,avgV1.3本源希洛大型支线_AvgDialog_C_M.csv,56,AvgDialog,Content,萝坦,真是可怜啊，仅仅只是失去银芯链接，就衰退成如此形貌。,なんと哀れな。\nシルバーコアのリンクを失っただけで、こんな姿になり果てるとは。,,,,,,,,,,,,,,
AvgDialog_6811_Content_50,aoWD,avgV1.3本源希洛大型支线_AvgDialog_C_M.csv,57,AvgDialog,Content,玩家,弗朗西斯已经链接了莉莉，那希洛的链接者……,フランシスはすでにリリーとリンクしている。\nじゃあへロットとリンクしているのは……,,,,,,,,,,,,,,
AvgDialog_6811_Content_51,aoWE,avgV1.3本源希洛大型支线_AvgDialog_C_M.csv,58,AvgDialog,Content,拉蒙娜,朵尔在《唤醒体制作与链接基础》课程上曾经讲过，排除无法指挥和控制的副作用，唤醒体的最佳链接对象，就是这座疗养院的病患们了。,ドールの《覚醒体の生成とリンク基礎》の講義を思い出して。制御不能の副作用を無視すれば、最適なリンク相手は心身を喪失した人よ。,,,,,,,,,,,,,,
AvgDialog_6811_Content_52,aoWF,avgV1.3本源希洛大型支线_AvgDialog_C_M.csv,59,AvgDialog,Content,玩家,"疗养院的病患……？
因为本来精神就不稳，所以不害怕失控吗？",療養所の患者……？\nもともと精神が不安定だから、暴走を恐れないってこと？,,,,,,,,,,,,,,
AvgDialog_6811_Content_53,aoWG,avgV1.3本源希洛大型支线_AvgDialog_C_M.csv,60,AvgDialog,Content,,希洛孑立码头，长发随风猎猎舞动。,へロットは孤独に、波止場に立っていた。\n長い髪が風に靡いている。,,,,,,,,,,,,,,
AvgDialog_6811_Content_54,aoWH,avgV1.3本源希洛大型支线_AvgDialog_C_M.csv,61,AvgDialog,Content,水手,船要开了，要登船吗？,船が出るよ、乗るかい？,,,,,,,,,,,,,,
AvgDialog_6811_Content_55,aoWI,avgV1.3本源希洛大型支线_AvgDialog_C_M.csv,62,AvgDialog,Content,,"希洛挥了挥手，示意渡船不必等待自己。
她还没有想好下一站的地点。",へロットは手を振って、渡し船に待たなくていいと伝えた。\n次の目的地はまだ決めていない。,,,,,,,,,,,,,,
AvgDialog_6811_Content_56,aoWJ,avgV1.3本源希洛大型支线_AvgDialog_C_M.csv,63,AvgDialog,Content,玩家,希洛……从疗养院离开以后，她就失踪了。是出了什么事吗？,へロット……療養所を出てから、行方がわからなくなったと聞きました。何かあったんでしょうか？,,,,,,,,,,,,,,
AvgDialog_6811_Content_57,aoWK,avgV1.3本源希洛大型支线_AvgDialog_C_M.csv,64,AvgDialog,Content,德克斯特,看看这个。,これを見たまえ。,,,,,,,,,,,,,,
AvgDialog_6811_Content_58,aoWL,avgV1.3本源希洛大型支线_AvgDialog_C_M.csv,65,AvgDialog,Content,,一张散发着新印油墨味的报纸被推到你的面前。,真新しいインクの匂いが漂う新聞が、あなたの前に差し出された。,,,,,,,,,,,,,,
AvgDialog_6811_Content_59,aoWM,avgV1.3本源希洛大型支线_AvgDialog_C_M.csv,66,AvgDialog,Content,,“位于极地的雪原艾尔沃斯，于@2年@2月@2日发生特大雪崩，经测定为目前已知的最大规模，原因不明……”,「極致に位置する雪原アイズルワースにて、@2年@2月@2日、特大規模の雪崩が発生。観測史上最大級と測定され、原因は不明……」,,,,,,,,,,,,,,
AvgDialog_6811_Content_60,aoWO,avgV1.3本源希洛大型支线_AvgDialog_C_M.csv,67,AvgDialog,Content,玩家,艾尔……沃斯？,アイズル……ワース？,,,,,,,,,,,,,,
AvgDialog_6811_Content_61,aoWP,avgV1.3本源希洛大型支线_AvgDialog_C_M.csv,68,AvgDialog,Content,德克斯特,精神病人受到唤醒体希洛的影响，口中所呼喊着的，正是前不久刚发生过雪崩的高山雪原——艾尔沃斯。,精神病患者たちが覚醒体ヘロット影響を受け、叫んでいた名前。\nそれが最近雪崩が起きたばかりの極致の雪原——アイズルワースだ。,,,,,,,,,,,,,,
AvgDialog_6811_Content_62,aoWQ,avgV1.3本源希洛大型支线_AvgDialog_C_M.csv,69,AvgDialog,Content,德克斯特,还有之前你在梦中见到的那些景象。让人印象深刻，不是吗？,それに以前君が夢の中で見た光景。印象に残っているだろう？,,,,,,,,,,,,,,
AvgDialog_6811_Content_63,aoWR,avgV1.3本源希洛大型支线_AvgDialog_C_M.csv,70,AvgDialog,Content,玩家,梦境中的景象，希洛的动向，还有这场异常的雪崩，都指向那里……,夢で見た光景、へロットの動向、そしてこの異常な雪崩……\nそのすべてがあの場所を指し示している……,,,,,,,,,,,,,,
AvgDialog_6811_Content_64,aoWS,avgV1.3本源希洛大型支线_AvgDialog_C_M.csv,71,AvgDialog,Content,玩家,梦境里出现的是提灯教会的符号，他们要做的事情，或许和希洛有关系。,夢に現れたのは、提灯教会の紋章でした。\n奴らの企みは、へロットと関係している可能性が高いと思います。,,,,,,,,,,,,,,
AvgDialog_6811_Content_65,aoWT,avgV1.3本源希洛大型支线_AvgDialog_C_M.csv,72,AvgDialog,Content,德克斯特,没错。这世上总有些不解风情的家伙，热衷于打扰别人的生活。,その通り。世の中には、どうにも無粋な連中がいてね。\n他人の平穏をかき乱すことに熱心なんだ。,,,,,,,,,,,,,,
AvgDialog_6811_Content_66,aoWU,avgV1.3本源希洛大型支线_AvgDialog_C_M.csv,73,AvgDialog,Content,,我会查清楚艾尔沃斯发生的事。,アイズルワースで何が起きたのかを突き止める。,,,,,,,,,,,,,,
AvgDialog_6811_Content_67,aoWV,avgV1.3本源希洛大型支线_AvgDialog_C_M.csv,74,AvgDialog,Content,,我会找到希洛。,へロットを見つけ出す。,,,,,,,,,,,,,,
AvgDialog_6811_Content_68,aoWW,avgV1.3本源希洛大型支线_AvgDialog_C_M.csv,75,AvgDialog,Content,玩家,明白了。时间紧急，我这就准备动身，前往艾尔沃斯。,分かりました。時間もありませんし、すぐに準備を整えて、アイズルワースへ向かいます。,,,,,,,,,,,,,,
AvgDialog_6811_Content_69,aoWX,avgV1.3本源希洛大型支线_AvgDialog_C_M.csv,76,AvgDialog,Content,德克斯特,我不是这个意思……喂？,そういう意味では……もしもし？,,,,,,,,,,,,,,
AvgDialog_6811_Content_70,aoWZ,avgV1.3本源希洛大型支线_AvgDialog_C_M.csv,77,AvgDialog,Content,德克斯特,真不明白，为什么每个人都这样急匆匆的。好歹，也把这杯酒喝了吧……,理解できないな。まったく、どうして皆そんなにせっかちなんだ。\nせめて少しくらい飲んでから行きたまえよ……,,,,,,,,,,,,,,
AvgDialog_6811_Content_71,aoXa,avgV1.3本源希洛大型支线_AvgDialog_C_M.csv,78,AvgDialog,Content,,面前的酒被一饮而尽，他拿着空杯子，冲着门轻轻晃了晃。,デクスターは目の前の酒をあおると、空になったグラスを、扉の方に向かって軽く振った。,,,,,,,,,,,,,,
AvgDialog_6811_Content_72,aoXb,avgV1.3本源希洛大型支线_AvgDialog_C_M.csv,79,AvgDialog,Content,德克斯特,愿银钥指引前路，守密人。,銀の鍵が道を照らさんことを、守秘者。,,,,,,,,,,,,,,
AvgDialog_6811_Content_73,aoXc,avgV1.3本源希洛大型支线_AvgDialog_C_M.csv,80,AvgDialog,Content,朵尔,守密人，目前情况如何？,守秘者、今の状況は？,,,,,,,,,,,,,,
AvgDialog_6811_Content_74,aoXd,avgV1.3本源希洛大型支线_AvgDialog_C_M.csv,81,AvgDialog,Content,玩家,已抵达艾尔沃斯冰原，情况稳定。,アイズルワース氷原に到着。異常なし。,,,,,,,,,,,,,,
AvgDialog_6811_Content_75,aoXe,avgV1.3本源希洛大型支线_AvgDialog_C_M.csv,82,AvgDialog,Content,玩家,和你的推测一致，莉莉能模糊地察觉到同源力量的波动，找到正确的方向。,君の観測通りだ。なんとなくだけど、リリーは同源の力の波動を感知した。正しい進路を割り出せそうだよ。,,,,,,,,,,,,,,
AvgDialog_6811_Content_76,aoXf,avgV1.3本源希洛大型支线_AvgDialog_C_M.csv,83,AvgDialog,Content,朵尔,旅程里有发生什么异状吗？,旅の途中で、何か変わったことはあった？,,,,,,,,,,,,,,
AvgDialog_6811_Content_77,aoXg,avgV1.3本源希洛大型支线_AvgDialog_C_M.csv,84,AvgDialog,Content,玩家,异状倒没有，无非就是行进在碎冰遍布的海上，每天祈祷咆哮的风不要把船弄翻……也不知道提灯教会跟希洛为什么都盯上了这种地方。,特にないよ。氷海を進みながら、荒れ狂う風で船が転覆しないよう祈ってたくらいかな……\n提灯教会もヘロットも、なんでこんな場所を狙うんだろう。,,,,,,,,,,,,,,
AvgDialog_6811_Content_78,aoXh,avgV1.3本源希洛大型支线_AvgDialog_C_M.csv,85,AvgDialog,Content,玩家,不过，附近的当地人似乎对我们的到来不太欢迎，经常叫嚷着山神、怪物之类不清不楚的话。,この辺りの住民には、私たちはあまり歓迎されていないみたい。\n山の神だの怪物だの、よく分からないことを言ってたよ。,,,,,,,,,,,,,,
AvgDialog_6811_Content_79,aoXi,avgV1.3本源希洛大型支线_AvgDialog_C_M.csv,86,AvgDialog,Content,朵尔,有件事情需要通知你。你这次行程的审批十分匆忙，之前没有来得及做详细的前置调查。,一つ、伝えておくことがあるわ。今回のあなたの旅程は承認が急だったから、詳細な事前調査を行う時間がなかったの。,,,,,,,,,,,,,,
AvgDialog_6811_Content_80,aoXk,avgV1.3本源希洛大型支线_AvgDialog_C_M.csv,87,AvgDialog,Content,朵尔,我这几天一直在档案室，找到了一份关于艾尔沃斯的资料，上面提到……,ここ数日ずっと資料室にこもって、アイズルワースに関する記録が見つけたわ。そこには……,,,,,,,,,,,,,,
AvgDialog_6811_Content_81,aoXl,avgV1.3本源希洛大型支线_AvgDialog_C_M.csv,88,AvgDialog,Content,,你正和朵尔说着话，看到莉莉走到一个窟窿面前。,ドールと話していると、リリーが大きな裂け目の方へ歩いていくのが見えた。,,,,,,,,,,,,,,
AvgDialog_6811_Content_82,aoXm,avgV1.3本源希洛大型支线_AvgDialog_C_M.csv,89,AvgDialog,Content,玩家,莉莉，小心一些，不要掉进去了。,リリー、気をつけて。\n落ちないようにね。,,,,,,,,,,,,,,
AvgDialog_6811_Content_83,aoXn,avgV1.3本源希洛大型支线_AvgDialog_C_M.csv,90,AvgDialog,Content,,莉莉朝远处走了几步，好奇地蹲了下来。,リリーは少し先まで歩いていくと、その場にしゃがみ込んだ。\n好奇心を刺激されたようだ。,,,,,,,,,,,,,,
AvgDialog_6811_Content_84,aoXo,avgV1.3本源希洛大型支线_AvgDialog_C_M.csv,91,AvgDialog,Content,莉莉,有……声音……,なにか……聞こえる……,,,,,,,,,,,,,,
AvgDialog_6811_Content_85,aoXp,avgV1.3本源希洛大型支线_AvgDialog_C_M.csv,92,AvgDialog,Content,,你走近了几步。海水不知道被什么东西搅动，透过半透明的冰层发出沉闷的声响。,あなたは数歩近づいた。何かが海水をかき回しているのか、半透明の氷の層を通して、低く鈍い音が聞こえてくる。,,,,,,,,,,,,,,
AvgDialog_6811_Content_86,aoXq,avgV1.3本源希洛大型支线_AvgDialog_C_M.csv,93,AvgDialog,Content,,一团模糊的黑影猛然出现在冰层之下，正以极快的速度越变越大……,突然、氷の層の下にぼんやりとした黒い影が現れた。\nその輪郭は驚くべき速さで膨張していく……,,,,,,,,,,,,,,
AvgDialog_6811_Content_87,aoXr,avgV1.3本源希洛大型支线_AvgDialog_C_M.csv,94,AvgDialog,Content,玩家,危险！,危ない！,,,,,,,,,,,,,,
AvgDialog_6811_Content_88,aoXs,avgV1.3本源希洛大型支线_AvgDialog_C_M.csv,95,AvgDialog,Content,,你迅速将少女从深渊的边缘拽回。冰面在她脚下应声破裂，数个庞大到近乎怪异的极地生物冲破冰层，扭动着不成比例的身躯攀爬而出。,あなたは素早く少女を裂け目の縁から引き戻した。\n彼女の足元の氷が音を立てて割れ、異常なまでに巨大な生物たちが、体をくねらせながらそこから這い出してきた。,,,,,,,,,,,,,,
AvgDialog_6811_Content_89,aoXt,avgV1.3本源希洛大型支线_AvgDialog_C_M.csv,96,AvgDialog,Content,,诡异的黑色脓疱从它们的皮毛下面涌出，脓疱内部似乎被什么东西搅动着，散发出腐朽的味道。,不気味な黒い膿が、体毛の下から次々と噴き出す。\n膿の内部で蠢いている何かが、周囲に腐臭を放っていた。,,,,,,,,,,,,,,
AvgDialog_6811_Content_90,aoXv,avgV1.3本源希洛大型支线_AvgDialog_C_M.csv,97,AvgDialog,Content,,嘶哑、刺耳的尖啸声响起。那些怪物睁着被脓疱腐蚀的眼睛望着你们，满含着原始的敌意。,耳をつんざくような、金切り声が響く。怪物たちは膿に侵された瞳でこちらを凝視している。その目には、原始的な敵意が満ちていた。,,,,,,,,,,,,,,
AvgDialog_6811_Content_91,aoXw,avgV1.3本源希洛大型支线_AvgDialog_C_M.csv,98,AvgDialog,Content,玩家,是融蚀引发的变异……莉莉小心！,融蝕による変異だ……リリー、気をつけて！,,,,,,,,,,,,,,
AvgDialog_6811_Content_92,aoXx,avgV1.3本源希洛大型支线_AvgDialog_C_M.csv,99,AvgDialog,Content,,手中的银钥散发出温和的光芒，黑色的球体挡在莉莉面前，碾碎了那些来历不明的怪物。,手にしたシルバーキーが、仄かな光を放つ。すると黒い球体がリリーの前に立ちはだかり、正体不明の怪物たちを容赦なく粉砕した。,,,,,,,,,,,,,,
AvgDialog_6811_Content_93,aoXy,avgV1.3本源希洛大型支线_AvgDialog_C_M.csv,100,AvgDialog,Content,,躲开了怪物临死前的危险攻击，你呼出一口浊气。,怪物の最期の一撃を躱し、あなたは安堵のため息をついた。,,,,,,,,,,,,,,
AvgDialog_6811_Content_94,aoXz,avgV1.3本源希洛大型支线_AvgDialog_C_M.csv,101,AvgDialog,Content,玩家,敌人已清剿完成……朵尔，那些未知怪物是什么？,敵はすべて排除した……\nドール、あの得体の知れない怪物たちは、なんだったの？,,,,,,,,,,,,,,
AvgDialog_6811_Content_95,aoXA,avgV1.3本源希洛大型支线_AvgDialog_C_M.csv,102,AvgDialog,Content,朵尔,我也是刚刚调取档案后才得知，弥萨格曾派出一队科学家和调查员，前往艾尔沃斯进行秘密考察，他们也遭遇并记载了这种变异生物。,資料によると、以前ミサゴ大学は科学者と調査員をアイズルワースに派遣して、極秘調査を行ったとあるわ。\nその際も変異生物に遭遇し、その記録を残している。,,,,,,,,,,,,,,
AvgDialog_6811_Content_96,aoXB,avgV1.3本源希洛大型支线_AvgDialog_C_M.csv,103,AvgDialog,Content,玩家,考察队传回的记档中，有没有提及“山神”？我总怀疑，这和希洛有些关系。,調査隊が残した記録に「山の神」についての記述はなかった？\n私は、それがヘロットと関係しているような気がするんだけど。,,,,,,,,,,,,,,
AvgDialog_6811_Content_97,aoXC,avgV1.3本源希洛大型支线_AvgDialog_C_M.csv,104,AvgDialog,Content,朵尔,很遗憾，秘密考察的存档和某些人的大脑一样干净。,残念ね。\n極秘調査の記録は、誰かさんの脳みそと同じくらい、空っぽよ。,,,,,,,,,,,,,,
AvgDialog_6811_Content_98,aoXD,avgV1.3本源希洛大型支线_AvgDialog_C_M.csv,105,AvgDialog,Content,玩家,他们没能考察出任何成果？我有一些问题想问问他们，能和他们直接通话吗？,何の成果も得られなかったってこと？いくつか聞きたいことがあるんだけど、彼らと直接話すことはできない？,,,,,,,,,,,,,,
AvgDialog_6811_Content_99,aoXE,avgV1.3本源希洛大型支线_AvgDialog_C_M.csv,106,AvgDialog,Content,,通讯的那一头沉默了片刻。,通信の向こう側で、ドールはしばし沈黙した。,,,,,,,,,,,,,,
AvgDialog_6811_Content_100,aoVy,avgV1.3本源希洛大型支线_AvgDialog_C_M.csv,107,AvgDialog,Content,朵尔,如果这帮调查员的精神力能够强到留下银芯，或许你现在就能把他们唤醒来回答这个问题。,調査員たちの精神力がシルバーコアを残せるほどに強ければ、彼らを覚醒させて、その疑問に答えさせることができたかもしれないわね。,,,,,,,,,,,,,,
AvgDialog_6811_Content_101,aoVz,avgV1.3本源希洛大型支线_AvgDialog_C_M.csv,108,AvgDialog,Content,朵尔,"只可惜，这帮脆弱的家伙什么也没留下……
他们，就像是被艾尔沃斯吞噬了。",残念だけど、彼らは脆すぎて何ひとつ残せなかった……\nまるでアイズルワースに丸呑みされたみたいに。,,,,,,,,,,,,,,
AvgDialog_6811_Content_102,aoVA,avgV1.3本源希洛大型支线_AvgDialog_C_M.csv,109,AvgDialog,Content,玩家,这么大的风雪，或许是因为出了意外，被埋在了这里。,この吹雪だし、もしかしたら事故かなにかで埋まってしまったのかもしれないよ。,,,,,,,,,,,,,,
AvgDialog_6811_Content_103,aoVB,avgV1.3本源希洛大型支线_AvgDialog_C_M.csv,110,AvgDialog,Content,朵尔,无论是哪种，艾尔沃斯的危险都超过了我们预定的标准。,いずれにしても、アイズルワースの危険度は、私たちの想定した基準を超えているわ。,,,,,,,,,,,,,,
AvgDialog_6811_Content_104,aoVC,avgV1.3本源希洛大型支线_AvgDialog_C_M.csv,111,AvgDialog,Content,朵尔,考察队葬身雪山的事，作为绝密档案被封存了很久。不只是德克斯特教授，我也是现在才知道这件事。,調査隊が雪山で遭難した件は、長年極秘扱いで封印されていたの。\nデクスター教授だけじゃない。私も今になって初めて知ったわ。,,,,,,,,,,,,,,
AvgDialog_6811_Content_105,aoVD,avgV1.3本源希洛大型支线_AvgDialog_C_M.csv,112,AvgDialog,Content,朵尔,这是学校的疏忽，无论你是否选择继续这个任务，校方都会好好补偿你。,学校側の落ち度ね。あなたがこの任務を続けるかどうかに関わらず、ミサゴ大学はきちんと補償するわ。,,,,,,,,,,,,,,
AvgDialog_6811_Content_106,aoVE,avgV1.3本源希洛大型支线_AvgDialog_C_M.csv,113,AvgDialog,Content,,我得弄清楚提灯教派的目的,提灯教会の目的を突き止めなければ,,,,,,,,,,,,,,
AvgDialog_6811_Content_107,aoVF,avgV1.3本源希洛大型支线_AvgDialog_C_M.csv,114,AvgDialog,Content,,我放心不下希洛,ヘロットのことが心配だ,,,,,,,,,,,,,,
AvgDialog_6811_Content_108,aoVG,avgV1.3本源希洛大型支线_AvgDialog_C_M.csv,115,AvgDialog,Content,朵尔,早知如此……出于对你的安危考虑，学校紧急联系了专业人士，弥萨格大学的科研人员——艾维斯教授。,こんなことになるなんてね……あなたの安全を考えて、学校から専門家に連絡したわ。ミサゴ大学の研究者、アイヴィス教授よ。,,,,,,,,,,,,,,
AvgDialog_6811_Content_109,aoVH,avgV1.3本源希洛大型支线_AvgDialog_C_M.csv,116,AvgDialog,Content,朵尔,他正随着一支外部考察队在艾尔沃斯进行科考活动。他们预备考察的山峰也与莉莉指示的一致，对寻找希洛有很大帮助。,彼は外部の調査隊とアイズルワースで調査中よ。彼らが向かう山も、リリーが示した場所と一致してる。ヘロットを探す助けになるわ。,,,,,,,,,,,,,,
AvgDialog_6811_Content_110,aoVJ,avgV1.3本源希洛大型支线_AvgDialog_C_M.csv,117,AvgDialog,Content,朵尔,那些成员有着丰富的经验和补给，与他们同行能极大提高你的生存率。你和莉莉作为战力加入，对他们来说也是一件好事。,経験も物資も豊富な彼らと行けば、あなたの生存率は大きく上がる。彼らにとっても、あなたとリリーという戦力は都合がいいでしょう。,,,,,,,,,,,,,,
AvgDialog_6811_Content_111,aoVK,avgV1.3本源希洛大型支线_AvgDialog_C_M.csv,118,AvgDialog,Content,玩家,你知道我不会选择放弃？,私は諦めが悪いって知ってるよね？,,,,,,,,,,,,,,
AvgDialog_6811_Content_112,aoVL,avgV1.3本源希洛大型支线_AvgDialog_C_M.csv,119,AvgDialog,Content,朵尔,不是第一次了。,そうね。これが初めてじゃないから。,,,,,,,,,,,,,,
AvgDialog_6811_Content_113,aoVM,avgV1.3本源希洛大型支线_AvgDialog_C_M.csv,120,AvgDialog,Content,朵尔,"我不会劝你改变决定，但弥萨格不能承受失去守密人的后果。
照顾好自己，活着回来。",決意を変えろとは言わない。でもミサゴ大学は守秘者を失うわけにはいかないの。自分を大切にして。そして、生きて帰ってきて。,,,,,,,,,,,,,,
AvgDialog_6777_Content_1,aoPg,avgV1.3本源希洛大型支线_AvgDialog_C_M.csv,121,AvgDialog,Content,,同伴或敌人,敵か味方か,,,,,,,,,,,,,,
AvgDialog_6777_Content_2,aoQq,avgV1.3本源希洛大型支线_AvgDialog_C_M.csv,122,AvgDialog,Content,玩家,确定是这里吗？,ここで間違いない？,,,,,,,,,,,,,,
AvgDialog_6777_Content_3,aoQB,avgV1.3本源希洛大型支线_AvgDialog_C_M.csv,123,AvgDialog,Content,莉莉,嗯，莉莉感觉到了。希洛姐姐……就在这里。,うん、リリー、感じるよ。\nヘロットお姉ちゃん……ここにいる。,,,,,,,,,,,,,,
AvgDialog_6777_Content_4,aoQM,avgV1.3本源希洛大型支线_AvgDialog_C_M.csv,124,AvgDialog,Content,莉莉,莉莉还听到，另外一个声音。,リリー、もうひとつ声を聞いたよ。,,,,,,,,,,,,,,
AvgDialog_6777_Content_5,aoQX,avgV1.3本源希洛大型支线_AvgDialog_C_M.csv,125,AvgDialog,Content,莉莉,那座山，在呼唤莉莉……,あの山、リリーを呼んでる……,,,,,,,,,,,,,,
AvgDialog_6777_Content_6,aoRi,avgV1.3本源希洛大型支线_AvgDialog_C_M.csv,126,AvgDialog,Content,,一座山脉绵延着在你们面前展开，被积雪常年侵蚀的尖顶沐浴在金光里，肃穆地耸立在冰原上。,雄大な山脈が、目の前に広がっている。長年の積雪に削られた山々は、金色の光を帯び、氷原の上に厳かな姿でそびえ立っていた。,,,,,,,,,,,,,,
AvgDialog_6777_Content_7,aoRt,avgV1.3本源希洛大型支线_AvgDialog_C_M.csv,127,AvgDialog,Content,玩家,山的呼唤……是因为希洛在那里，你们之间有能够感知到对方吗……,山が呼んでいる……ヘロットが、あそこにいるからかな。\n君たちの間には、お互いを感じ取れる何かがあるのかな……,,,,,,,,,,,,,,
AvgDialog_6777_Content_8,aoRE,avgV1.3本源希洛大型支线_AvgDialog_C_M.csv,128,AvgDialog,Content,玩家,按朵尔所说，考察队这时候也差不多快到了。我们在这里等等吧。,ドールの話だと、調査隊ももうすぐ着くはずだ。\nここで待っていよう。,,,,,,,,,,,,,,
AvgDialog_6777_Content_9,aoRP,avgV1.3本源希洛大型支线_AvgDialog_C_M.csv,129,AvgDialog,Content,玩家,来自于弥萨格的科研人员，不远万里跑到这样危险的地方来考察。,ミサゴ大学の研究員たちが遠路はるばる、こんな危険な場所まで調査に来るなんてね。,,,,,,,,,,,,,,
AvgDialog_6777_Content_10,aoPh,avgV1.3本源希洛大型支线_AvgDialog_C_M.csv,130,AvgDialog,Content,玩家,或许就是因为有这样的人存在，这个世界才能在这些疯狂之中，还保有一丝平静吧。,ああいう人たちがいるから、こんなに狂った世の中でも世界はなんとか平穏でいられるのかもしれないね。,,,,,,,,,,,,,,
AvgDialog_6777_Content_11,aoPs,avgV1.3本源希洛大型支线_AvgDialog_C_M.csv,131,AvgDialog,Content,莉莉,大%brotherorsister1%，你说的什么意思……莉莉听不明白。,お%brotherorsister1%、なんのこと言ってるの？\n……リリー、わかんない。,,,,,,,,,,,,,,
AvgDialog_6777_Content_12,aoPD,avgV1.3本源希洛大型支线_AvgDialog_C_M.csv,132,AvgDialog,Content,,莉莉又揪了揪你的衣角。你蹲下身来，对她笑了笑。,リリーがまた、あなたの服の裾を掴む。\nあなたはしゃがんで視線を下げ、彼女に笑いかけた。,,,,,,,,,,,,,,
AvgDialog_6777_Content_13,aoPO,avgV1.3本源希洛大型支线_AvgDialog_C_M.csv,133,AvgDialog,Content,玩家,我是说，过会儿会有一大群哥哥姐姐陪莉莉一起玩，但这个地方很危险，他们没有保护自己的能力。,もうすぐたくさんのお兄さんお姉さんが、リリーと遊びに来るって。でも、みんな自分を守る力がないから、ここは危ないんだ。,,,,,,,,,,,,,,
AvgDialog_6777_Content_14,aoPZ,avgV1.3本源希洛大型支线_AvgDialog_C_M.csv,134,AvgDialog,Content,玩家,但我们可以。,でも、私たちなら守ってあげられる。,,,,,,,,,,,,,,
AvgDialog_6777_Content_15,aoQk,avgV1.3本源希洛大型支线_AvgDialog_C_M.csv,135,AvgDialog,Content,莉莉,莉莉……可以吗？,リリー……できるかな？,,,,,,,,,,,,,,
AvgDialog_6777_Content_16,aoQm,avgV1.3本源希洛大型支线_AvgDialog_C_M.csv,136,AvgDialog,Content,玩家,当然。莉莉可是很厉害的。莉莉会保护他们的，对吗？,もちろんだよ。リリーはとっても強いんだから。\nみんなのこと、ちゃんと守ってくれるよね？,,,,,,,,,,,,,,
AvgDialog_6777_Content_17,aoQn,avgV1.3本源希洛大型支线_AvgDialog_C_M.csv,137,AvgDialog,Content,莉莉,嗯！,うん！,,,,,,,,,,,,,,
AvgDialog_6777_Content_18,aoQo,avgV1.3本源希洛大型支线_AvgDialog_C_M.csv,138,AvgDialog,Content,？？？,啊！怪……怪物！！……,うわぁっ！ば……化け物だ！！,,,,,,,,,,,,,,
AvgDialog_6777_Content_19,aoQp,avgV1.3本源希洛大型支线_AvgDialog_C_M.csv,139,AvgDialog,Content,,骚乱声远远传来，打断了你们的谈话。,遠くから騒ぎが聞こえ、あなたたちの会話はそこで遮られた。,,,,,,,,,,,,,,
AvgDialog_6777_Content_20,aoQr,avgV1.3本源希洛大型支线_AvgDialog_C_M.csv,140,AvgDialog,Content,,你和莉莉对视一眼，牵起她的手，向声音的来源跑去……,あなたとリリーは目を合わせる。\nあなたは彼女の手を引いて、騒ぎのする方向へと走り出した……,,,,,,,,,,,,,,
AvgDialog_6777_Content_21,aoQs,avgV1.3本源希洛大型支线_AvgDialog_C_M.csv,141,AvgDialog,Content,,……,……,,,,,,,,,,,,,,
AvgDialog_6777_Content_22,aoQt,avgV1.3本源希洛大型支线_AvgDialog_C_M.csv,142,AvgDialog,Content,,你们利落地解决掉逼近的怪物，回头看向营地。,迫る怪物を素早く片付け、あなたたちはキャンプの方を振り返った。,,,,,,,,,,,,,,
AvgDialog_6777_Content_23,aoQu,avgV1.3本源希洛大型支线_AvgDialog_C_M.csv,143,AvgDialog,Content,玩家,都没事吧？,皆さん、ご無事ですか？,,,,,,,,,,,,,,
AvgDialog_6777_Content_24,aoQv,avgV1.3本源希洛大型支线_AvgDialog_C_M.csv,144,AvgDialog,Content,,营地里的队伍大概有十来个人，基本都是柔弱的非作战人员，他们惊惶不定地注视着这些可怖的生物，作出的反抗都很有限。,キャンプにいたのは10名ほど、ほとんどが非戦闘員だ。彼らは恐ろしい怪物を前に怯えるばかりで、ろくな抵抗はできなかったようだ。,,,,,,,,,,,,,,
AvgDialog_6777_Content_25,aoQw,avgV1.3本源希洛大型支线_AvgDialog_C_M.csv,145,AvgDialog,Content,向导,非常感谢，%sirormadam%，如果不是你，我们恐怕活不下来。,本当にありがとう。\n君が来てくれなかったら、俺たちは生き延びられなかっただろう。,,,,,,,,,,,,,,
AvgDialog_6777_Content_26,aoQx,avgV1.3本源希洛大型支线_AvgDialog_C_M.csv,146,AvgDialog,Content,向导,看穿着，你们不像是专业的考察人员，来这种地方做什么？,見たところ、君たちは専門の調査員ではないようだが……\nこんな場所で、何をしてるんだ？,,,,,,,,,,,,,,
AvgDialog_6777_Content_27,aoQy,avgV1.3本源希洛大型支线_AvgDialog_C_M.csv,147,AvgDialog,Content,艾维斯？,哦，我收到了朵尔的消息，说会送个学生过来，%player%……就是你吧？,そういえば、ドールから連絡をもらっていたな。\n学生を寄こすって話だった。%player%……君か？,,,,,,,,,,,,,,
AvgDialog_6777_Content_28,aoQz,avgV1.3本源希洛大型支线_AvgDialog_C_M.csv,148,AvgDialog,Content,,他的声音听上去很沉稳，胸口佩着校徽通讯器，看上去， 就是朵尔口中正在进行实地考察的教授——艾维斯。,落ち着いた声。胸には校章の入った通信機。どうやら彼が、ドールが話していた実地調査中の教授——アイヴィスのようだ。,,,,,,,,,,,,,,
AvgDialog_6777_Content_29,aoQA,avgV1.3本源希洛大型支线_AvgDialog_C_M.csv,149,AvgDialog,Content,艾维斯,在艾尔沃斯考察还能碰上本校学生，真是意外之喜……你好，初次见面，我是弥萨格大学古生物学的教授，同时也是职业登山家。,アイズルワースの調査中に本校の学生と会えるなんて、嬉しいな……初めまして。僕はミサゴ大学古生物学の教授で、登山家でもある。,,,,,,,,,,,,,,
AvgDialog_6777_Content_30,aoQC,avgV1.3本源希洛大型支线_AvgDialog_C_M.csv,150,AvgDialog,Content,玩家,很高兴见到你，教授。,お会いできて光栄です、教授。,,,,,,,,,,,,,,
AvgDialog_6777_Content_31,aoQD,avgV1.3本源希洛大型支线_AvgDialog_C_M.csv,151,AvgDialog,Content,艾维斯,叫我艾维斯就好。,アイヴィスでいいよ。,,,,,,,,,,,,,,
AvgDialog_6777_Content_32,aoQE,avgV1.3本源希洛大型支线_AvgDialog_C_M.csv,152,AvgDialog,Content,向导,刚刚还没发现，你身边藏着个这么小的孩子啊？,今気づいたんだが、君の隣にこんな小さな子が隠れていたのかい？,,,,,,,,,,,,,,
AvgDialog_6777_Content_33,aoQF,avgV1.3本源希洛大型支线_AvgDialog_C_M.csv,153,AvgDialog,Content,向导,这地方冰天雪地的，她身上还穿着这么单薄的衣服，不怕她冻坏么？,こんな雪と氷の世界なのに、そんな薄着で、寒くないのか？,,,,,,,,,,,,,,
AvgDialog_6777_Content_34,aoQG,avgV1.3本源希洛大型支线_AvgDialog_C_M.csv,154,AvgDialog,Content,莉莉,莉莉不冷，莉莉是来保护大家的。,リリー、寒くないよ。みんなを守るために来たの。,,,,,,,,,,,,,,
AvgDialog_6777_Content_35,aoQH,avgV1.3本源希洛大型支线_AvgDialog_C_M.csv,155,AvgDialog,Content,向导,哈哈。小朋友，真是可爱。,ははっ、可愛いなあ、お嬢ちゃん。,,,,,,,,,,,,,,
AvgDialog_6777_Content_36,aoQI,avgV1.3本源希洛大型支线_AvgDialog_C_M.csv,156,AvgDialog,Content,向导,好了，托%player%的福，我们并没有在和动物的纠缠上损耗太多体力。,よし、%player%のおかげで、動物相手に無駄な体力使わずに済んだことだし。,,,,,,,,,,,,,,
AvgDialog_6777_Content_37,aoQJ,avgV1.3本源希洛大型支线_AvgDialog_C_M.csv,157,AvgDialog,Content,向导,大家受了些惊吓，先在营地里休息一段时间吧。,みんな怖い思いをしたんだ。\nしばらくキャンプで休憩しよう。,,,,,,,,,,,,,,
AvgDialog_6777_Content_38,aoQK,avgV1.3本源希洛大型支线_AvgDialog_C_M.csv,158,AvgDialog,Content,,莉莉被医护小姐抱在怀里，皮肤被晒得黝黑的艾维斯对她扮着鬼脸，逗她开心。,リリーは看護師に抱きかかえられ、雪焼けしたアイヴィスが変な顔をしてみせて、彼女を笑わせている。,,,,,,,,,,,,,,
AvgDialog_6777_Content_39,aoQL,avgV1.3本源希洛大型支线_AvgDialog_C_M.csv,159,AvgDialog,Content,,旁边一堆队员簇拥着她，替她挡住风雪的同时，将她小小的手心塞满了巧克力和坚果。,大勢の隊員が彼女を囲み、風雪を遮りながら、リリーの小さな手にチョコレートやナッツをいっぱい詰め込んでいた。,,,,,,,,,,,,,,
AvgDialog_6777_Content_40,aoQN,avgV1.3本源希洛大型支线_AvgDialog_C_M.csv,160,AvgDialog,Content,,对这群随时面对着死亡威胁的人来说，一个孩子的笑脸，是他们仅存的慰藉。,常日頃、死の脅威に直面している彼らにとって、子供の笑顔は唯一の慰めなのだ。,,,,,,,,,,,,,,
AvgDialog_6777_Content_41,aoQO,avgV1.3本源希洛大型支线_AvgDialog_C_M.csv,161,AvgDialog,Content,莉莉,唔……要吃不完了……,うう……そんなに食べきれないよ……,,,,,,,,,,,,,,
AvgDialog_6777_Content_42,aoQP,avgV1.3本源希洛大型支线_AvgDialog_C_M.csv,162,AvgDialog,Content,,莉莉腮帮子里藏满了坚果，用小小的牙齿啃着被冻得坚硬的巧克力，眼睛弯弯。,リリーは頬いっぱいにナッツを詰め込み、カチカチに凍ったチョコレートを小さな歯でかじりながら、目を細めて笑っている。,,,,,,,,,,,,,,
AvgDialog_6777_Content_43,aoQQ,avgV1.3本源希洛大型支线_AvgDialog_C_M.csv,163,AvgDialog,Content,,察觉到你的目光，莉莉从医护小姐膝盖上跳下来，哒哒地奔向你身边。,あなたの視線に気づくと、リリーは看護師の膝から飛び降り、あなたのもとへ駆け寄った。,,,,,,,,,,,,,,
AvgDialog_6777_Content_44,aoQR,avgV1.3本源希洛大型支线_AvgDialog_C_M.csv,164,AvgDialog,Content,莉莉,"那个姐姐身上的味道，和妈妈很像。
做手术的时候，莉莉经常闻到这样的味道……很熟悉。",あのお姉さんの匂い、お母さんの匂いに似てる。\n手術のとき、リリーはいつもこの匂いをかいでた……なつかしいな。,,,,,,,,,,,,,,
AvgDialog_6777_Content_45,aoQS,avgV1.3本源希洛大型支线_AvgDialog_C_M.csv,165,AvgDialog,Content,玩家,莉莉愿意跟他们一起玩啦？,リリー、みんなと一緒に遊ぶ？,,,,,,,,,,,,,,
AvgDialog_6777_Content_46,aoQT,avgV1.3本源希洛大型支线_AvgDialog_C_M.csv,166,AvgDialog,Content,,莉莉很认真地看着你。,リリーは真剣な表情で、あなたを見つめた。,,,,,,,,,,,,,,
AvgDialog_6777_Content_47,aoQU,avgV1.3本源希洛大型支线_AvgDialog_C_M.csv,167,AvgDialog,Content,莉莉,大%brotherorsister1%很重要，但这些哥哥姐姐对莉莉都很好，莉莉也喜欢跟他们在一起。,お%brotherorsister1%はとっても大事だけど、このお兄さんやお姉さんたち、みんな優しいの。リリーも一緒にいるの、好き。,,,,,,,,,,,,,,
AvgDialog_6777_Content_48,aoQV,avgV1.3本源希洛大型支线_AvgDialog_C_M.csv,168,AvgDialog,Content,,你拍了拍莉莉的头，在周遭巡视了一圈。,あなたはリリーの頭をぽんぽんと叩き、周囲を見回した。,,,,,,,,,,,,,,
AvgDialog_6777_Content_49,aoQW,avgV1.3本源希洛大型支线_AvgDialog_C_M.csv,169,AvgDialog,Content,,路过一个坑洞时，一股令人作呕的恶臭从坑洞里传来。,一行がある穴のそばを通りかかると、吐き気を催すような悪臭が、その穴の中から漂ってきた。,,,,,,,,,,,,,,
AvgDialog_6777_Content_50,aoQY,avgV1.3本源希洛大型支线_AvgDialog_C_M.csv,170,AvgDialog,Content,玩家,真奇怪，明明是冰天雪地，这个坑洞里为什么会有这样的味道。,おかしいな。こんな雪の中なのに、どうしてこの穴からこんな臭いがするんだろう。,,,,,,,,,,,,,,
AvgDialog_6777_Content_51,aoQZ,avgV1.3本源希洛大型支线_AvgDialog_C_M.csv,171,AvgDialog,Content,,艾维斯凑近了些。,アイヴィスが、穴に近づく。,,,,,,,,,,,,,,
AvgDialog_6777_Content_52,aoRa,avgV1.3本源希洛大型支线_AvgDialog_C_M.csv,172,AvgDialog,Content,艾维斯,艾尔沃斯的冰原下存在着休眠的火山，兴许是岩浆反应涌出的毒气。我想没什么大事。,アイズルワースの氷原の下には、休火山があるんだ。おそらく、マグマの反応で噴き出した有毒ガスだろう。問題はないさ。,,,,,,,,,,,,,,
AvgDialog_6777_Content_53,aoRb,avgV1.3本源希洛大型支线_AvgDialog_C_M.csv,173,AvgDialog,Content,,你看了看周围，就你和艾维斯两个人。你走到他身边，压低了声音。,周囲を見回す。近くにいるのはアイヴィスだけだ。\nあなたは彼のそばへ歩み寄り、声を落とした。,,,,,,,,,,,,,,
AvgDialog_6777_Content_54,aoRc,avgV1.3本源希洛大型支线_AvgDialog_C_M.csv,174,AvgDialog,Content,玩家,教授，让考察队的普通人看见那些怪物，真的没关系吗？,教授、一般の調査隊員にあんな怪物を見せてしまって、本当に大丈夫なんですか？,,,,,,,,,,,,,,
AvgDialog_6777_Content_55,aoRd,avgV1.3本源希洛大型支线_AvgDialog_C_M.csv,175,AvgDialog,Content,艾维斯,放心，他们看不见融蚀的痕迹。至于动物古怪的行为，我解释过了，说这是在艾尔沃斯独有的生物病毒，感染之后就会变成那样。,問題ないよ。彼らに、融蝕の痕跡は見えない。動物の異常についても、アイズルワース特有の生物ウイルスによるものと説明してある。\n感染するとああなってしまうのだとね。,,,,,,,,,,,,,,
AvgDialog_6777_Content_56,aoRe,avgV1.3本源希洛大型支线_AvgDialog_C_M.csv,176,AvgDialog,Content,艾维斯,因为队里只有一个跟生物学沾边的学者，大家对我的话深信不疑，没人愿意多看那些动物一眼，不会发现什么的。,隊で生物学に詳しい学者は僕だけだから、誰も僕の説明を疑わない。そもそも、誰もまともに動物たちを見ようとしないしね。,,,,,,,,,,,,,,
AvgDialog_6777_Content_57,aoRf,avgV1.3本源希洛大型支线_AvgDialog_C_M.csv,177,AvgDialog,Content,,你点了点头。向导浑厚的声音从不远处传来。,あなたは納得して頷く。\nほどなくしてガイドの力強い声が、すぐ近くから聞こえてきた。,,,,,,,,,,,,,,
AvgDialog_6777_Content_58,aoRg,avgV1.3本源希洛大型支线_AvgDialog_C_M.csv,178,AvgDialog,Content,向导,大家休息得差不多了，趁着天色还早，我们收拾营地，尽快登山吧。,みんな、休憩はこのくらいで十分だろう。まだ明るいうちにキャンプを片付けて、早めに登り始めよう。,,,,,,,,,,,,,,
AvgDialog_6777_Content_59,aoRh,avgV1.3本源希洛大型支线_AvgDialog_C_M.csv,179,AvgDialog,Content,,很快，你们收拾起营地，随着向导的指引攀登向上。一路上，马匹被啃噬殆尽的残骸散落路边，森森白骨埋藏于积雪之内。,一行はキャンプを片付け、ガイドの指示で登り始めた。道中には食い荒らされた馬の死骸が点々と転がり、雪に埋もれた白骨も見えた。,,,,,,,,,,,,,,
AvgDialog_6777_Content_60,aoRj,avgV1.3本源希洛大型支线_AvgDialog_C_M.csv,180,AvgDialog,Content,玩家,这些彩色的布片——,このいろんな色の布は——,,,,,,,,,,,,,,
AvgDialog_6777_Content_61,aoRk,avgV1.3本源希洛大型支线_AvgDialog_C_M.csv,181,AvgDialog,Content,向导,是早些年死在路上的登山者，死状千奇百怪，有被冻死的、有被雪崩活埋死的、有从峰顶坠落摔死的……这座山上死太多人了。,昔、ここで亡くなった登山者たちだ。死に様はいろいろでね。凍死、雪崩、山頂からの滑落死……この山では、多くの人が死んでいる。,,,,,,,,,,,,,,
AvgDialog_6777_Content_62,aoRl,avgV1.3本源希洛大型支线_AvgDialog_C_M.csv,182,AvgDialog,Content,向导,马匹可以当载具，也可以宰来吃。只是再往高处走，马匹就上不去了。,馬は乗り物になるし、いざとなれば食料にもなる。\nだが、ここから先は馬では進めない。,,,,,,,,,,,,,,
AvgDialog_6777_Content_63,aoRm,avgV1.3本源希洛大型支线_AvgDialog_C_M.csv,183,AvgDialog,Content,,向导努努嘴，示意你看向倒在路边的一具尸体。,ガイドは顎をしゃくり、道端に横たわっている遺体を見るよう、あなたに促した。,,,,,,,,,,,,,,
AvgDialog_6777_Content_64,aoRn,avgV1.3本源希洛大型支线_AvgDialog_C_M.csv,184,AvgDialog,Content,,它被冰雪遮盖了大片，皮肤表面呈现出暗色的青紫，保持着从睡袋里爬出的姿势，面露诡异苦笑。,その遺体は雪と氷に覆われ、肌は昏い青紫色に変色していた。\n寝袋から這い出した姿勢のまま、不気味な笑みを浮かべている。,,,,,,,,,,,,,,
AvgDialog_6777_Content_65,aoRo,avgV1.3本源希洛大型支线_AvgDialog_C_M.csv,185,AvgDialog,Content,向导,“反常脱衣”和“苦笑面容”，典型的冻死特征。,「異常な脱衣」「引きつった笑み」……典型的な凍死の特徴だ。,,,,,,,,,,,,,,
AvgDialog_6777_Content_66,aoRp,avgV1.3本源希洛大型支线_AvgDialog_C_M.csv,186,AvgDialog,Content,向导,死在雪山上的登山家尸首，一般会作为后继者寻找方向的路标。,雪山で死んだ登山者の遺体は、あとから来る者たちが方向を捜すための道標になるんだ。,,,,,,,,,,,,,,
AvgDialog_6777_Content_67,aoRq,avgV1.3本源希洛大型支线_AvgDialog_C_M.csv,187,AvgDialog,Content,艾维斯,我有朋友留在了这座山上。我能去查看一下这位登山家的名牌吗？,僕の友人が、この山に取り残されてしまってね。\nこの登山家の名札を、確認してもいいかな？,,,,,,,,,,,,,,
AvgDialog_6777_Content_68,aoRr,avgV1.3本源希洛大型支线_AvgDialog_C_M.csv,188,AvgDialog,Content,向导,当然。,もちろん。,,,,,,,,,,,,,,
AvgDialog_6777_Content_69,aoRs,avgV1.3本源希洛大型支线_AvgDialog_C_M.csv,189,AvgDialog,Content,,艾维斯踩着松软的雪，一步步走向了那具僵硬的尸体，他试图搬开它，露出睡袋上的姓名牌。,アイヴィスは柔らかい雪を踏みしめながら、凍死体に歩み寄る。\nそして遺体を動かし、寝袋に付いた名札を表に出そうとした。,,,,,,,,,,,,,,
AvgDialog_6777_Content_70,aoRu,avgV1.3本源希洛大型支线_AvgDialog_C_M.csv,190,AvgDialog,Content,,下一瞬，就在他毫无防备的时刻，从睡袋里猛然扑出一个覆满冰雪的青紫人体。,次の瞬間、氷雪に覆われた青紫色の死体が、まったくの無防備だったアイヴィスめがけて寝袋の中から飛び出した。,,,,,,,,,,,,,,
AvgDialog_6777_Content_71,aoRv,avgV1.3本源希洛大型支线_AvgDialog_C_M.csv,191,AvgDialog,Content,,悚然微笑着的无名尸体，将糊满了漆黑粘液的双手，伸向摔倒在地的艾维斯。,不気味な笑みを浮かべた名もなき死体は、漆黒の粘液にまみれた両手を伸ばし、その場に倒れ込んだアイヴィスに迫る。,,,,,,,,,,,,,,
AvgDialog_6777_Content_72,aoRw,avgV1.3本源希洛大型支线_AvgDialog_C_M.csv,192,AvgDialog,Content,艾维斯,啊！！！！！！,うわあ！！！！！！,,,,,,,,,,,,,,
AvgDialog_6777_Content_73,aoRx,avgV1.3本源希洛大型支线_AvgDialog_C_M.csv,193,AvgDialog,Content,众人,怪，怪……怪物！,ば、ば……化け物！,,,,,,,,,,,,,,
AvgDialog_6777_Content_74,aoRy,avgV1.3本源希洛大型支线_AvgDialog_C_M.csv,194,AvgDialog,Content,玩家,大家小心！莉莉！,みんな気をつけて！リリー！,,,,,,,,,,,,,,
AvgDialog_6777_Content_75,aoRz,avgV1.3本源希洛大型支线_AvgDialog_C_M.csv,195,AvgDialog,Content,莉莉,嗯！,うん！,,,,,,,,,,,,,,
AvgDialog_6777_Content_76,aoRA,avgV1.3本源希洛大型支线_AvgDialog_C_M.csv,196,AvgDialog,Content,,黑色的球体从莉莉身旁出现，迎向那些身姿怪异的尸体。很快，尸体内的黑色脓疱被你们清除掉。,リリーの近くに黒い球体が出現し、異様な死体に向かって飛んでいく。死体の中の黒い膿は、あなたたちによってすぐに一掃された。,,,,,,,,,,,,,,
AvgDialog_6777_Content_77,aoRB,avgV1.3本源希洛大型支线_AvgDialog_C_M.csv,197,AvgDialog,Content,本地人,啊啊啊啊——是山神！亵渎神明者，必将遭受神罚！,ああああ——山神様だ！神を冒涜する者には天罰が下るぞ！,,,,,,,,,,,,,,
AvgDialog_6777_Content_78,aoRC,avgV1.3本源希洛大型支线_AvgDialog_C_M.csv,198,AvgDialog,Content,本地人,毫无敬畏的外地人，踏足了神明栖息的圣所，这里不欢迎你们！快走！快走！,神を畏れぬよそ者どもが、神が宿る聖域に足を踏み入れるとは！\nここはお前たちの来るところじゃない！出て行け！出て行け！,,,,,,,,,,,,,,
AvgDialog_6777_Content_79,aoRD,avgV1.3本源希洛大型支线_AvgDialog_C_M.csv,199,AvgDialog,Content,,这是考察队聘请的艾尔沃斯本地人，他一路上阴沉着脸，此时却显出几分病态的狂热。,調査隊が雇った、アイズルワースの住民が叫ぶ。彼は道中ずっと陰鬱な顔をしていたが、今は病的に熱を帯びた表情に変わっていた。,,,,,,,,,,,,,,
AvgDialog_6777_Content_80,aoRF,avgV1.3本源希洛大型支线_AvgDialog_C_M.csv,200,AvgDialog,Content,,整个队伍里寂静无声。方才骤然暴起的尸体，还有本地人癫狂的呓语，让整个考察队蒙上了一层恐惧的阴云。,隊全体が、静まり返る。突然暴れ出した死体、そして地元民の狂気じみたうわ言が、調査隊全体に恐怖の影を落としていた。,,,,,,,,,,,,,,
AvgDialog_6777_Content_81,aoRG,avgV1.3本源希洛大型支线_AvgDialog_C_M.csv,201,AvgDialog,Content,,除了你们几个弥大出身的人，从未有人遭遇过这种情境。,ミサゴ大学の出身者であるあなたち数名を除けば、こんな状況に遭遇した者など、誰もいなかったのだから。,,,,,,,,,,,,,,
AvgDialog_6777_Content_82,aoRH,avgV1.3本源希洛大型支线_AvgDialog_C_M.csv,202,AvgDialog,Content,向导,刚刚……是什么？,今のは……なんだったんだ？,,,,,,,,,,,,,,
AvgDialog_6777_Content_83,aoRI,avgV1.3本源希洛大型支线_AvgDialog_C_M.csv,203,AvgDialog,Content,玩家,……不清楚。,……わからない。,,,,,,,,,,,,,,
AvgDialog_6777_Content_84,aoRJ,avgV1.3本源希洛大型支线_AvgDialog_C_M.csv,204,AvgDialog,Content,,你没法回答。,あなたは答えられない。,,,,,,,,,,,,,,
AvgDialog_6777_Content_85,aoRK,avgV1.3本源希洛大型支线_AvgDialog_C_M.csv,205,AvgDialog,Content,,在《密斯底亚协定》的条款约束下，你有义务向外界保守秘密，不将融蚀现象的存在透露给普通人。,《ミスティア教会》の条項により、あなたには外部への守秘義務が課されている。融蝕現象の存在を一般人に漏らすことは許されない。,,,,,,,,,,,,,,
AvgDialog_6777_Content_86,aoRL,avgV1.3本源希洛大型支线_AvgDialog_C_M.csv,206,AvgDialog,Content,,本地人脸色灰败，嘴唇蠕动着吐出令人生厌的呓语，像自他口中挣扎着爬出的蛆虫。,地元民の顔は灰色に変わり果て、唇を震わせながら不快な呟きを吐き出していた。まるで蛆が口から這い出ようともがいているようだ。,,,,,,,,,,,,,,
AvgDialog_6777_Content_87,aoRM,avgV1.3本源希洛大型支线_AvgDialog_C_M.csv,207,AvgDialog,Content,考察队员,不会真是……神……吧？,まさか本当に……神……なのか？,,,,,,,,,,,,,,
AvgDialog_6777_Content_88,aoRN,avgV1.3本源希洛大型支线_AvgDialog_C_M.csv,208,AvgDialog,Content,,缓过神的向导皱着眉头，但还是坚定地摇了摇头。,我に返ったガイドは眉をひそめたが、きっぱりと首を横に振った。,,,,,,,,,,,,,,
AvgDialog_6777_Content_89,aoRO,avgV1.3本源希洛大型支线_AvgDialog_C_M.csv,209,AvgDialog,Content,向导,教授在之前解释过，那些古怪的动物病毒疑似在感染病毒后攻击人，那么……人也有可能因感染病毒产生攻击行为。,教授が前に、あのウイルスは感染すると人を襲うかもしれないって説明してたよな。それなら……人間だって、同じだろうよ。,,,,,,,,,,,,,,
AvgDialog_6777_Content_90,aoRQ,avgV1.3本源希洛大型支线_AvgDialog_C_M.csv,210,AvgDialog,Content,向导,这是科学范围内能解释的事情，我们不该胡思乱想。,つまり、科学で説明できることなんだよ。\nむやみに想像を膨らませるべきじゃない。,,,,,,,,,,,,,,
AvgDialog_6777_Content_91,aoRR,avgV1.3本源希洛大型支线_AvgDialog_C_M.csv,211,AvgDialog,Content,,向导的声音沉稳有力，似乎十分可靠，他背在身后的拳头却在微微颤抖。,ガイドの声は落ち着いて力強く、いかにも頼もしげだった。\nだが、背中に隠した拳はわずかに震えていた。,,,,,,,,,,,,,,
AvgDialog_6777_Content_92,aoRS,avgV1.3本源希洛大型支线_AvgDialog_C_M.csv,212,AvgDialog,Content,,他尝试编造出一个可信、稳定的理由，说给他人，也说给自己。,彼は他人に、そして自分自身に、信憑性のありそうなもっともらしい理由を言い聞かせようとしている。,,,,,,,,,,,,,,
AvgDialog_6777_Content_93,aoRT,avgV1.3本源希洛大型支线_AvgDialog_C_M.csv,213,AvgDialog,Content,,心怀恐惧的考察队员们明显没有被这粗浅的解释说服，但他们的神色还是逐渐平静下来，将不安藏进了心底，开始整理行装再次出发。,怯えた調査員たちは、なお納得しきれない様子だったが、不安を胸の奥に押し込み、どうにか落ち着きを取り戻すと、再び歩き始めた。,,,,,,,,,,,,,,
AvgDialog_6777_Content_94,aoRU,avgV1.3本源希洛大型支线_AvgDialog_C_M.csv,214,AvgDialog,Content,,在海拔几千米的雪山上，面对未知的绝境，人们需要一个虚假的慰藉。他们需要去相信一些什么。,標高数千メートルの雪山で未知の状況に直面したとき、人は偽りの慰めを必要とする。何かを信じずにはいられないのだ。,,,,,,,,,,,,,,
AvgDialog_6777_Content_95,aoRV,avgV1.3本源希洛大型支线_AvgDialog_C_M.csv,215,AvgDialog,Content,,——归于寂静的考察队，重新攀上了山峰。,——静寂を取り戻した探検隊は、再び山頂を目指して登り始めた。,,,,,,,,,,,,,,
AvgDialog_6777_Content_96,aoRW,avgV1.3本源希洛大型支线_AvgDialog_C_M.csv,216,AvgDialog,Content,,……,……,,,,,,,,,,,,,,
AvgDialog_6777_Content_97,aoRX,avgV1.3本源希洛大型支线_AvgDialog_C_M.csv,217,AvgDialog,Content,,你们在山上攀登了两天时间，逐渐适应了这里的气候。考察队搜集了不少的成果，但大家的脸上看不到太多开心的神情。,山を登り続けること二日、ようやくこの地の気候にも慣れてきた。\n調査隊は多くの成果を手にしたが、その顔に喜びの色は薄かった。,,,,,,,,,,,,,,
AvgDialog_6777_Content_98,aoRY,avgV1.3本源希洛大型支线_AvgDialog_C_M.csv,218,AvgDialog,Content,,那些诡异的事件，仍在困扰着每一个不知情的人。,あの不可解な事件は、事情を知らぬ者たちを今もなお悩ませ続けている。,,,,,,,,,,,,,,
AvgDialog_6777_Content_99,aoRZ,avgV1.3本源希洛大型支线_AvgDialog_C_M.csv,219,AvgDialog,Content,向导,考察队路上采集的岩体样本已经足够，如果你们还要执意往上走，考察队就无法跟你们一起了。,調査隊が道中で集めた岩石サンプルは、もう十分だ。\nこれ以上先に進むつもりなら、君たちとは一緒に行けない。,,,,,,,,,,,,,,
AvgDialog_6777_Content_100,aoPi,avgV1.3本源希洛大型支线_AvgDialog_C_M.csv,220,AvgDialog,Content,,他顿了顿，语气有些抱歉。,彼は少し言葉を詰まらせ、申し訳なさそうに言った。,,,,,,,,,,,,,,
AvgDialog_6777_Content_101,aoPj,avgV1.3本源希洛大型支线_AvgDialog_C_M.csv,221,AvgDialog,Content,向导,我需要对大家的安全负责。,俺には、みんなの安全を守る責任がある。,,,,,,,,,,,,,,
AvgDialog_6777_Content_102,aoPk,avgV1.3本源希洛大型支线_AvgDialog_C_M.csv,222,AvgDialog,Content,,往上攀爬了很久，你还是没能寻到希洛的下落，山顶被狂风暴雪所席卷。,ここまでずいぶん登り続けたが、結局ヘロットの行方は掴めなかった。山頂は荒れ狂う吹雪に閉ざされている。,,,,,,,,,,,,,,
AvgDialog_6777_Content_103,aoPl,avgV1.3本源希洛大型支线_AvgDialog_C_M.csv,223,AvgDialog,Content,,到底是该放弃行动随队下山，还是迎难而上继续攀登上山顶，你需要做出抉择……,このまま諦めて下山するべきか。あるいは困難に立ち向かい、山頂を目指し続けるか。あなたは決断しなければならない……,,,,,,,,,,,,,,
AvgDialog_6777_Content_104,aoPm,avgV1.3本源希洛大型支线_AvgDialog_C_M.csv,224,AvgDialog,Content,莉莉,大%brotherorsister1%，这里有，熟悉的味道，莉莉感觉到了……,お%brotherorsister1%、ここ、なつかしい匂いがする。\nリリー、感じる……,,,,,,,,,,,,,,
AvgDialog_6777_Content_105,aoPn,avgV1.3本源希洛大型支线_AvgDialog_C_M.csv,225,AvgDialog,Content,？？？,吼——,グオォォォーー,,,,,,,,,,,,,,
AvgDialog_6777_Content_106,aoPo,avgV1.3本源希洛大型支线_AvgDialog_C_M.csv,226,AvgDialog,Content,考察队员,前面……有怪物？！,前方に……ば、化け物だと！？,,,,,,,,,,,,,,
AvgDialog_6777_Content_107,aoPp,avgV1.3本源希洛大型支线_AvgDialog_C_M.csv,227,AvgDialog,Content,玩家,希洛就在前面……她可能有危险！,ヘロットがすぐそこにいる……危険かもしれない！,,,,,,,,,,,,,,
AvgDialog_6777_Content_108,aoPq,avgV1.3本源希洛大型支线_AvgDialog_C_M.csv,228,AvgDialog,Content,,跟随着莉莉的指引，你们转过蜿蜒的道路，看见了一个缓缓向你们靠近的人影。,リリーに導かれて、あなたたちは曲がりくねった道を通り抜ける。\nすると、ゆっくりとこちらに近づいてくる人影が見えた。,,,,,,,,,,,,,,
AvgDialog_6777_Content_109,aoPr,avgV1.3本源希洛大型支线_AvgDialog_C_M.csv,229,AvgDialog,Content,玩家,那是……希洛？！！,あれは……ヘロット！？,,,,,,,,,,,,,,
AvgDialog_6777_Content_110,aoPt,avgV1.3本源希洛大型支线_AvgDialog_C_M.csv,230,AvgDialog,Content,,你大步冲了过去。,あなたは急いで駆け寄った。,,,,,,,,,,,,,,
AvgDialog_6777_Content_111,aoPu,avgV1.3本源希洛大型支线_AvgDialog_C_M.csv,231,AvgDialog,Content,,少女衣衫单薄，听到你们的呼喊，在雪地中驻足，警惕地朝你的方向看来。,少女は薄着のままだった。あなたたちの呼び声に気づくと足を止め、警戒した様子でこちらを見やる。,,,,,,,,,,,,,,
AvgDialog_6777_Content_112,aoPv,avgV1.3本源希洛大型支线_AvgDialog_C_M.csv,232,AvgDialog,Content,,没错，那毫无疑问是希洛的脸，但你一时间却无法肯定——她的气质，和你上次见的时候完全不同。,間違いなくヘロットの顔だ。しかしあなたは確信が持てなかった——前に会ったときとは、まるで雰囲気が違っていたのだ。,,,,,,,,,,,,,,
AvgDialog_6777_Content_113,aoPw,avgV1.3本源希洛大型支线_AvgDialog_C_M.csv,233,AvgDialog,Content,,她被你们的响动刺激，那种警惕的神情，就像是一头陷入重围、随时准备发动致命一击的野兽。,あなたたちの気配に刺激されたのか、追い詰められた獣のような警戒を滲ませ、今にも致命の一撃を放たんばかりに身構えている。,,,,,,,,,,,,,,
AvgDialog_6777_Content_114,aoPx,avgV1.3本源希洛大型支线_AvgDialog_C_M.csv,234,AvgDialog,Content,,野兽全身紧绷，屏息凝视。下一刻，她咧嘴一笑，目光中短暂的茫然，便彻底变成了敌视与杀意。,彼女は息を殺してこちらを睨んでいる。だが次の瞬間、口元を歪めて笑った。瞳の中の迷いは、完全に敵意と殺意へと変わった。,,,,,,,,,,,,,,
AvgDialog_6777_Content_115,aoPy,avgV1.3本源希洛大型支线_AvgDialog_C_M.csv,235,AvgDialog,Content,玩家,？！！,！？,,,,,,,,,,,,,,
AvgDialog_6777_Content_116,aoPz,avgV1.3本源希洛大型支线_AvgDialog_C_M.csv,236,AvgDialog,Content,,希洛跨出一步，猛然出手，手中凝成的巨型链球呼啸着朝你们飞来。,ヘロットは一歩前に踏み出し、勢いよく攻撃を放つ。その手に凝縮された巨大な鎖珠が唸りを上げ、あなたたちに向かって飛んできた。,,,,,,,,,,,,,,
AvgDialog_6777_Content_118,aoPB,avgV1.3本源希洛大型支线_AvgDialog_C_M.csv,238,AvgDialog,Content,,一声闷响。向导被漆黑的链球狠狠剐蹭击飞，迸裂而出的滚烫血液融化了终年冻结的冰雪，将僵在一边的登山靴尖染成秾丽的红。,鈍い音が響き、ガイドは漆黒の鎖珠に吹き飛ばされた。飛び散った熱い血液が万年雪を溶かし、登山靴のつま先を鮮やかな紅に染めた。,,,,,,,,,,,,,,
AvgDialog_6777_Content_119,aoPC,avgV1.3本源希洛大型支线_AvgDialog_C_M.csv,239,AvgDialog,Content,向导,唔……大家……快后退！,うっ……みんな……下がれ！,,,,,,,,,,,,,,
AvgDialog_6777_Content_120,aoPE,avgV1.3本源希洛大型支线_AvgDialog_C_M.csv,240,AvgDialog,Content,,众目睽睽之下，希洛像一头发狂的凶兽，快速向人群冲来。,皆の目の前で、ヘロットは狂った猛獣のように突進してきた。,,,,,,,,,,,,,,
AvgDialog_6777_Content_121,aoPF,avgV1.3本源希洛大型支线_AvgDialog_C_M.csv,241,AvgDialog,Content,艾维斯,%player%！想想办法吧！这个女疯子是真想杀了我们所有人！,%player%！なんとかしてくれ！\nこのイカれた女は、本気で僕たち全員を殺すつもりだ！,,,,,,,,,,,,,,
AvgDialog_6777_Content_122,aoPG,avgV1.3本源希洛大型支线_AvgDialog_C_M.csv,242,AvgDialog,Content,玩家,她已经彻底失去理智了……必须强行让她停下来！,彼女は完全に理性を失っている……力づくでも止めないと！,,,,,,,,,,,,,,
AvgDialog_6777_Content_123,aoPH,avgV1.3本源希洛大型支线_AvgDialog_C_M.csv,243,AvgDialog,Content,,你摸出了胸口的银钥匙，凝神灌注精神力，周身漾起一层柔和的银辉。,胸元からシルバーキーを取り出し、精神を集中させる。\n全身を柔らかな銀色の光が包み込んだ。,,,,,,,,,,,,,,
AvgDialog_6777_Content_124,aoPI,avgV1.3本源希洛大型支线_AvgDialog_C_M.csv,244,AvgDialog,Content,,银色光辉柔和地侵入了希洛的意识，她狂躁的精神世界狂风呼啸，全力抗拒着你的链接。,銀の光が、ヘロットの意識に染み込んでいく。彼女の荒れ狂う精神世界では暴風が吹き荒れ、全力であなたのリンクを拒んでいる。,,,,,,,,,,,,,,
AvgDialog_6777_Content_125,aoPJ,avgV1.3本源希洛大型支线_AvgDialog_C_M.csv,245,AvgDialog,Content,,咆哮声逼近眼前——,咆哮が目前に迫る——,,,,,,,,,,,,,,
AvgDialog_6777_Content_126,aoPK,avgV1.3本源希洛大型支线_AvgDialog_C_M.csv,246,AvgDialog,Content,玩家,希洛……快停下！,ヘロット……もうやめるんだ！,,,,,,,,,,,,,,
AvgDialog_6777_Content_127,aoPL,avgV1.3本源希洛大型支线_AvgDialog_C_M.csv,247,AvgDialog,Content,,希洛爆发出一阵撕心裂肺的咆哮，她疯狂地扔出链球，将雪山上的一切都砸得粉碎。,ヘロットは張り裂けんばかりの咆哮を上げると、狂ったように鎖珠を投げつけ、周囲のすべてを粉々に打ち砕いた。,,,,,,,,,,,,,,
AvgDialog_6777_Content_128,aoPM,avgV1.3本源希洛大型支线_AvgDialog_C_M.csv,248,AvgDialog,Content,考察队员,这么大动静！这个疯子——不仅乱伤人，她还要引起雪崩吗？！,なんてことだ！あのイカれ女——見境なく人を傷つけるだけじゃ飽き足らず、雪崩まで起こす気か！？,,,,,,,,,,,,,,
AvgDialog_6777_Content_129,aoPN,avgV1.3本源希洛大型支线_AvgDialog_C_M.csv,249,AvgDialog,Content,玩家,她看上去什么都不记得了，到底遭遇了什么？！,彼女は何も覚えていないように見える……\nいったい何があったんだ！？,,,,,,,,,,,,,,
AvgDialog_6777_Content_130,aoPP,avgV1.3本源希洛大型支线_AvgDialog_C_M.csv,250,AvgDialog,Content,考察队员,%player%！想想办法吧！控制住这个疯子！,%player%！なんとかしてくれ！あのイカれ女を止めてくれ！,,,,,,,,,,,,,,
AvgDialog_6777_Content_131,aoPQ,avgV1.3本源希洛大型支线_AvgDialog_C_M.csv,251,AvgDialog,Content,玩家,希洛！快想起来！是我——,ヘロット！思い出して！\n私だよ——,,,,,,,,,,,,,,
AvgDialog_6777_Content_132,aoPR,avgV1.3本源希洛大型支线_AvgDialog_C_M.csv,252,AvgDialog,Content,,叮————,キィン————,,,,,,,,,,,,,,
AvgDialog_6777_Content_133,aoPS,avgV1.3本源希洛大型支线_AvgDialog_C_M.csv,253,AvgDialog,Content,,终于，柔和的银辉艰难地突破汹涌的意识，映入希洛疯狂散尽的双眸中。,ついに、柔らかな銀の輝きが荒れ狂う意識を辛うじて突き破り、狂気が消えたヘロットの瞳に映り込んだ。,,,,,,,,,,,,,,
AvgDialog_6777_Content_134,aoPT,avgV1.3本源希洛大型支线_AvgDialog_C_M.csv,254,AvgDialog,Content,,希洛仿佛漂浮在一条溢满辉光的银河中，任由河水轻柔地托举着她的精神。,ヘロットはまばゆい光に満ちた銀河に漂っているかのようだった。\n輝く河の流れが、彼女の精神を優しく支えている。,,,,,,,,,,,,,,
AvgDialog_6777_Content_135,aoPU,avgV1.3本源希洛大型支线_AvgDialog_C_M.csv,255,AvgDialog,Content,,她勉力挣扎，却被流水愈发温柔地包裹，越陷越深……,彼女は必死に抵抗したが、流れる水はいっそう優しく彼女を包み込み、そのまま深く沈んでいった……,,,,,,,,,,,,,,
AvgDialog_6777_Content_136,aoPV,avgV1.3本源希洛大型支线_AvgDialog_C_M.csv,256,AvgDialog,Content,玩家,我只是勉强压制住了你疯狂的倾向，你的意识仍在试图挣脱链接……你并不想待在这里，对吗？,私はただ、君の狂気を押さえつけているだけだ。君の意識は、今もリンクを振りほどこうとしている……ここにいたくないんだね？,,,,,,,,,,,,,,
AvgDialog_6777_Content_137,aoPW,avgV1.3本源希洛大型支线_AvgDialog_C_M.csv,257,AvgDialog,Content,,希洛眼里已经没有了那股疯劲，但她的目光仍然滚烫，像盯紧一块肉，咬住了你的视线。,ヘロットの瞳から、狂気の色は失せていた。しかしその眼差しは依然として熱く、肉に食らいつくようにあなたの視線を捉えている。,,,,,,,,,,,,,,
AvgDialog_6777_Content_138,aoPX,avgV1.3本源希洛大型支线_AvgDialog_C_M.csv,258,AvgDialog,Content,本源·希洛,我-不-属-于-这-里-,わ・た・し・は・こ・こ・に・い・な・い,,,,,,,,,,,,,,
AvgDialog_6777_Content_139,aoPY,avgV1.3本源希洛大型支线_AvgDialog_C_M.csv,259,AvgDialog,Content,,她一字一顿，将简单的剖白说得像是威胁。,彼女は一語一語を噛み締めるように発音し、単なる言葉をまるで脅しのように響かせた。,,,,,,,,,,,,,,
AvgDialog_6777_Content_140,aoQa,avgV1.3本源希洛大型支线_AvgDialog_C_M.csv,260,AvgDialog,Content,玩家,那你记得自己属于哪里吗？,自分の居場所は覚えてる？,,,,,,,,,,,,,,
AvgDialog_6777_Content_141,aoQb,avgV1.3本源希洛大型支线_AvgDialog_C_M.csv,261,AvgDialog,Content,,希洛沉默了。,ヘロットは黙り込んだ。,,,,,,,,,,,,,,
AvgDialog_6777_Content_142,aoQc,avgV1.3本源希洛大型支线_AvgDialog_C_M.csv,262,AvgDialog,Content,玩家,我不知道你身上发生了什么。或许在你恢复正常之前，我们可以保持合作？,君の身に何が起きたのか、私は知らない。\nでも、君が元に戻るまでの間なら、協力し合えるんじゃないかな？,,,,,,,,,,,,,,
AvgDialog_6777_Content_143,aoQd,avgV1.3本源希洛大型支线_AvgDialog_C_M.csv,263,AvgDialog,Content,,艾尔沃斯实在太过诡异莫测，既然已经找到了希洛，“尽快离开”现在便是你们最高优先级的任务。你需要她变得可控。,アイズルワースは不可解すぎる。ヘロットを見つけた今、最優先事項は「ここを早く立ち去ること」だ。\n彼女を制御可能な状態にしなければならない。,,,,,,,,,,,,,,
AvgDialog_6777_Content_144,aoQe,avgV1.3本源希洛大型支线_AvgDialog_C_M.csv,264,AvgDialog,Content,,见希洛仍旧沉默，精神却在不断地试图摆脱你的链接，你沉下了脸色。,ヘロットは依然として沈黙したまま、精神だけがあなたとのリンクを逃れようと、絶えずもがいている。あなたは眉間に皺を寄せた。,,,,,,,,,,,,,,
AvgDialog_6777_Content_145,aoQf,avgV1.3本源希洛大型支线_AvgDialog_C_M.csv,265,AvgDialog,Content,玩家,你的精神极度不稳定，如果不对你进行链接，你极有可能会重新异变为失去人形与理智的怪物。,君の精神状態は、極めて不安定だ。リンクで繋ぎ止めていなければ、また人の形も理性も失った怪物に戻ってしまう可能性が高い。,,,,,,,,,,,,,,
AvgDialog_6777_Content_146,aoQg,avgV1.3本源希洛大型支线_AvgDialog_C_M.csv,266,AvgDialog,Content,玩家,你也不希望这样，对吗？,君だって、そんなことは望んでいないでしょう？,,,,,,,,,,,,,,
AvgDialog_6777_Content_147,aoQh,avgV1.3本源希洛大型支线_AvgDialog_C_M.csv,267,AvgDialog,Content,,"希洛眼中燃起烈火。她咧着嘴，露出尖锐的牙，冲你笑着。
望向你的眼神，就像望向猎物的野兽。",へロットの瞳に烈火が宿る。彼女は口を歪め、鋭い牙を剥き出しにしてあなたに笑ってみせた。その眼差しは獲物を見定める獣のようだ。,,,,,,,,,,,,,,
AvgDialog_6777_Content_148,aoQi,avgV1.3本源希洛大型支线_AvgDialog_C_M.csv,268,AvgDialog,Content,本源·希洛,"威逼利诱……真是个混蛋。
等我稳定下来，就会把你撕碎，吞掉，吃干抹净——",脅しと誘惑……本当に、ろくでもない奴だ。落ち着いたら、お前を引き裂いて、呑み込んで、骨の髄まで食い尽くしてやる——,,,,,,,,,,,,,,
AvgDialog_6777_Content_149,aoQj,avgV1.3本源希洛大型支线_AvgDialog_C_M.csv,269,AvgDialog,Content,,你毫无惧色地对上她的眼神。,あなたは少しも臆することなく、彼女の視線を受け止めた。,,,,,,,,,,,,,,
AvgDialog_6777_Content_150,aoQl,avgV1.3本源希洛大型支线_AvgDialog_C_M.csv,270,AvgDialog,Content,玩家,我等着。但现在，你必须要听我的。,楽しみに待ってるよ。\nだけど今は、私の言うこと聞いてもらう。,,,,,,,,,,,,,,
AvgDialog_6798_Content_1,aoSS,avgV1.3本源希洛大型支线_AvgDialog_C_M.csv,271,AvgDialog,Content,,漫漫寒夜,果てなき寒夜,,,,,,,,,,,,,,
AvgDialog_6798_Content_2,aoTh,avgV1.3本源希洛大型支线_AvgDialog_C_M.csv,272,AvgDialog,Content,玩家,大概情况就是这样。我和向导还有艾维斯教授讨论过了，关于艾尔沃斯的情报不足，继续下去十分危险。,状況はこんなところです。アイヴィス教授たちとも話あったけど、アイズルワースに関する情報がなさすぎて、これ以上は危険だと。,,,,,,,,,,,,,,
AvgDialog_6798_Content_3,aoTs,avgV1.3本源希洛大型支线_AvgDialog_C_M.csv,273,AvgDialog,Content,玩家,希洛会和我们一起下山。她需要接受治疗，等她平静下来，我们也需要向她询问艾尔沃斯的事。,ヘロットは私たちと一緒に下山します。彼女には治療が必要だし、落ち着いたらアイズルワースについても聞かないといけないし。,,,,,,,,,,,,,,
AvgDialog_6798_Content_4,aoTD,avgV1.3本源希洛大型支线_AvgDialog_C_M.csv,274,AvgDialog,Content,众人,……,……,,,,,,,,,,,,,,
AvgDialog_6798_Content_5,aoTO,avgV1.3本源希洛大型支线_AvgDialog_C_M.csv,275,AvgDialog,Content,,一片可怖的寂静中，或怨念、或恐惧、或鄙夷的目光，都落在了你和希洛身上，你感到如芒在背。,恐ろしいまでの静寂が漂う。怨嗟、恐怖、蔑視を含んだ視線が、あなたとヘロットに注がれた。棘だらけの眼差しが痛い。,,,,,,,,,,,,,,
AvgDialog_6798_Content_6,aoTZ,avgV1.3本源希洛大型支线_AvgDialog_C_M.csv,276,AvgDialog,Content,,被她击伤的向导是个和气的人，他草草给自己绑了个绷带，没有多说什么，安抚了考察队几句就开始安排下山。,彼女に傷を負わされたガイドは気立てのいい人物で、自分の傷に包帯を巻くと何も言わずに調査隊をなだめ、下山の段取りを始めた。,,,,,,,,,,,,,,
AvgDialog_6798_Content_7,aoUk,avgV1.3本源希洛大型支线_AvgDialog_C_M.csv,277,AvgDialog,Content,,考察队在登山途中就进行了采集，样本和化石都有所收获，众人脸上却一点不见喜色。,調査隊は登山の途中で採集を行い、標本も化石もすでにそれなりの成果があった。しかし、誰の顔にも喜びの色は見えなかった。,,,,,,,,,,,,,,
AvgDialog_6798_Content_8,aoUv,avgV1.3本源希洛大型支线_AvgDialog_C_M.csv,278,AvgDialog,Content,,你想起了朵尔的话。,あなたはドールの言葉を思い出した。,,,,,,,,,,,,,,
AvgDialog_6798_Content_9,aoUG,avgV1.3本源希洛大型支线_AvgDialog_C_M.csv,279,AvgDialog,Content,朵尔,在那次通讯后，整个考察队便失去了联系。,あの通信の後、調査隊との連絡が途絶えたの。,,,,,,,,,,,,,,
AvgDialog_6798_Content_10,aoST,avgV1.3本源希洛大型支线_AvgDialog_C_M.csv,280,AvgDialog,Content,朵尔,如果这帮调查员的精神力能够强到留下银芯，或许你现在就能把他们唤醒来回答这个问题。,調査員たちの精神力がシルバーコアを残せるほどに強ければ、彼らを覚醒させて、その疑問に答えさせることができたかもしれないわね。,,,,,,,,,,,,,,
AvgDialog_6798_Content_11,aoSY,avgV1.3本源希洛大型支线_AvgDialog_C_M.csv,281,AvgDialog,Content,朵尔,只可惜，这帮脆弱的家伙什么也没留下……他们，就像是被艾尔沃斯吞噬了。,残念だけど、彼らは脆すぎて何ひとつ残せなかった……\nまるでアイズルワースに丸呑みされたみたいに。,,,,,,,,,,,,,,
AvgDialog_6798_Content_12,aoSZ,avgV1.3本源希洛大型支线_AvgDialog_C_M.csv,282,AvgDialog,Content,玩家,即使是被大雪掩埋，以他们身上的设备水平，也不至于一点痕迹也找不到……,いくら大雪に埋もれたとしても、あれだけの装備で痕跡がまったく残らないなんてありえない……,,,,,,,,,,,,,,
AvgDialog_6798_Content_13,aoTa,avgV1.3本源希洛大型支线_AvgDialog_C_M.csv,283,AvgDialog,Content,玩家,哎哟……希洛，你怎么停下来了？看到什么了吗？,あれ……ヘロット、急に立ち止まったりしてどうしたの？\n何か見えた？,,,,,,,,,,,,,,
AvgDialog_6798_Content_14,aoTb,avgV1.3本源希洛大型支线_AvgDialog_C_M.csv,284,AvgDialog,Content,,她回头紧盯着行进的反方向。,彼女は振り返り、今来た方角をじっと見つめた。,,,,,,,,,,,,,,
AvgDialog_6798_Content_15,aoTc,avgV1.3本源希洛大型支线_AvgDialog_C_M.csv,285,AvgDialog,Content,本源·希洛,猎物。,獲物。,,,,,,,,,,,,,,
AvgDialog_6798_Content_16,aoTd,avgV1.3本源希洛大型支线_AvgDialog_C_M.csv,286,AvgDialog,Content,,她没有再多说什么，只是频频回头，看向茫茫白雪中的某处地方，眼里满是兴奋与渴望。,彼女はそれ以上何も言わなかった。何度も振り返っては、広い雪原のどこか一点を睨んでいる。その瞳には強い興奮と渇望が滲んでいた。,,,,,,,,,,,,,,
AvgDialog_6798_Content_17,aoTe,avgV1.3本源希洛大型支线_AvgDialog_C_M.csv,287,AvgDialog,Content,,你顺着她的目光望去，似乎看到了某个一闪而逝的黑影。等你再看时，除了无尽的风雪，身后空无一物。,彼女の視線の先で、何かが一瞬よぎった気がした。だが、見直したときには背後には果てしない風雪のほかに何もなかった。,,,,,,,,,,,,,,
AvgDialog_6798_Content_18,aoTf,avgV1.3本源希洛大型支线_AvgDialog_C_M.csv,288,AvgDialog,Content,,……,……,,,,,,,,,,,,,,
AvgDialog_6798_Content_19,aoTg,avgV1.3本源希洛大型支线_AvgDialog_C_M.csv,289,AvgDialog,Content,,比起攀爬上山，下山的路显得更不好走，怪物也越来越密集。,山は、登りより下りの方が歩きづらいものだ。\nそして、怪物の数はますます増えている。,,,,,,,,,,,,,,
AvgDialog_6798_Content_20,aoTi,avgV1.3本源希洛大型支线_AvgDialog_C_M.csv,290,AvgDialog,Content,,将这一片怪物扫荡干净后，你们找了个避风、易防守的地方驻扎，到夜晚约定好了换班轮守的人。,付近の怪物を一掃したあと、あなたたちは風を避けやすく、見通しの利く場所にキャンプを張り、夜は交代で見張りに立つことにした。,,,,,,,,,,,,,,
AvgDialog_6798_Content_21,aoTj,avgV1.3本源希洛大型支线_AvgDialog_C_M.csv,291,AvgDialog,Content,,经历了一整天消耗过度的你，无法抗拒昏沉的睡意，坠入了深度睡眠中……,この一日で体力を消耗しきったあなたは、襲ってくる眠気に抗うことができず、深い眠りへと落ちていった……,,,,,,,,,,,,,,
AvgDialog_6798_Content_22,aoTk,avgV1.3本源希洛大型支线_AvgDialog_C_M.csv,292,AvgDialog,Content,,……,……,,,,,,,,,,,,,,
AvgDialog_6798_Content_23,aoTl,avgV1.3本源希洛大型支线_AvgDialog_C_M.csv,293,AvgDialog,Content,,依稀模糊的争执声，搅乱了你的睡梦，你掀起了帐篷门帘，却发现众人的脸色凝重得有些可怕。,かすかに聞こえる諍いが、あなたの眠りを妨げた。テントの幕を開けると、全員がひどく恐ろしい表情で顔を強張らせていた。,,,,,,,,,,,,,,
AvgDialog_6798_Content_24,aoTm,avgV1.3本源希洛大型支线_AvgDialog_C_M.csv,294,AvgDialog,Content,愤怒的考察队员,不是定好了你半夜接班轮值吗？现在可好，人都丢了！你说这该怪谁？！,夜中の見張りは、お前の番だろうが！なんでいないんだよ！？\nこれはいったい誰のせいだと思ってるんだ！？,,,,,,,,,,,,,,
AvgDialog_6798_Content_25,aoTn,avgV1.3本源希洛大型支线_AvgDialog_C_M.csv,295,AvgDialog,Content,恐惧的考察队员,昨夜的确应该是我值班，但……但前一任轮值的地质学助理，他说让我先睡一会，时间到了就来叫我。,た、確かに俺の番だったよ……でも、その前の番だった地質学の助手が、少し寝てていい、時間なったら起こすって言ったから……,,,,,,,,,,,,,,
AvgDialog_6798_Content_26,aoTo,avgV1.3本源希洛大型支线_AvgDialog_C_M.csv,296,AvgDialog,Content,恐惧的考察队员,但在此之后的一整夜，他都没有来……,だけど、そのあと一晩中、あいつは来なかったんだ……,,,,,,,,,,,,,,
AvgDialog_6798_Content_27,aoTp,avgV1.3本源希洛大型支线_AvgDialog_C_M.csv,297,AvgDialog,Content,玩家,他失踪多久了？,彼がいなくなってから、どのくらい経ちますか？,,,,,,,,,,,,,,
AvgDialog_6798_Content_28,aoTq,avgV1.3本源希洛大型支线_AvgDialog_C_M.csv,298,AvgDialog,Content,,众人看见你来，仿佛抓住了救命稻草。,あなたが来たのを見て、皆は救世主でも現れたかのように安堵した。,,,,,,,,,,,,,,
AvgDialog_6798_Content_29,aoTr,avgV1.3本源希洛大型支线_AvgDialog_C_M.csv,299,AvgDialog,Content,向导,半夜要接班时没叫下个人起床，现在更是人间蒸发了，我有点担心……,夜中の交代のとき、次の奴を起こさなかった。そして今は行方が分からない。ちょっと心配だな……,,,,,,,,,,,,,,
AvgDialog_6798_Content_30,aoTt,avgV1.3本源希洛大型支线_AvgDialog_C_M.csv,300,AvgDialog,Content,恐惧的考察队员,他会不会是被吓到，丢下我们连夜跑路了？,もしかしてあいつ、怖くなって俺たちを置いて夜中に逃げ出したんじゃないか？,,,,,,,,,,,,,,
AvgDialog_6798_Content_31,aoTu,avgV1.3本源希洛大型支线_AvgDialog_C_M.csv,301,AvgDialog,Content,愤怒的考察队员,在艾尔沃斯这种地方，单独行动纯粹是在找死。没人会拿自己的命开玩笑……,アイズルワースで単独行動なんて、死ぬのと一緒だろ！\n自分の命を粗末にする奴なんているはずないだろ……,,,,,,,,,,,,,,
AvgDialog_6798_Content_32,aoTv,avgV1.3本源希洛大型支线_AvgDialog_C_M.csv,302,AvgDialog,Content,向导,或许他只是在附近散散步……现在时间还早，趁着还能看到他的踪迹，我们去找找他吧。,案外、その辺を散歩しているだけかもな……\nまだ時間は早いし、足跡が辿れるうちに探しに行こう。,,,,,,,,,,,,,,
AvgDialog_6798_Content_33,aoTw,avgV1.3本源希洛大型支线_AvgDialog_C_M.csv,303,AvgDialog,Content,向导,我干这行很久了。想在山上活命，就不能轻易放弃任何一个同伴。,俺は長くこの仕事をやってるんだ。\n山で生き残るためにも、簡単に仲間を見捨てるわけにはいかない。,,,,,,,,,,,,,,
AvgDialog_6798_Content_34,aoTx,avgV1.3本源希洛大型支线_AvgDialog_C_M.csv,304,AvgDialog,Content,,你们故作轻松地听从了向导的安排，沿着道路仔细寻找着。,あなたたちは平静を装いながらガイドの指示に従い、道に沿って慎重に捜索を始めた。,,,,,,,,,,,,,,
AvgDialog_6798_Content_35,aoTy,avgV1.3本源希洛大型支线_AvgDialog_C_M.csv,305,AvgDialog,Content,,抱着不切实际的侥幸，你更愿意相信这位地质学助理还活着。,あなたは淡い期待を捨てきれず、あの地質学者の助手はまだ生きているのだと信じ続けた。,,,,,,,,,,,,,,
AvgDialog_6798_Content_36,aoTz,avgV1.3本源希洛大型支线_AvgDialog_C_M.csv,306,AvgDialog,Content,考察队员,那……那是什么？,あ……あれは何だ？,,,,,,,,,,,,,,
AvgDialog_6798_Content_37,aoTA,avgV1.3本源希洛大型支线_AvgDialog_C_M.csv,307,AvgDialog,Content,,考察团齐刷刷地朝着前方望去。在下山路上的雪地中，淌着一大滩鲜红的凝固血迹。,全員が一斉に前方を見つめた。下山道に積もった雪の上には、固まった鮮血が大きな血だまりとなって広がっていた。,,,,,,,,,,,,,,
AvgDialog_6798_Content_38,aoTB,avgV1.3本源希洛大型支线_AvgDialog_C_M.csv,308,AvgDialog,Content,,被布包裹的尸体，破碎得如同一堆烂泥。,布に包まれた死体は、まるで泥の塊のように潰れていた。,,,,,,,,,,,,,,
AvgDialog_6798_Content_39,aoTC,avgV1.3本源希洛大型支线_AvgDialog_C_M.csv,309,AvgDialog,Content,,碎布在风雪中摇曳，从断裂的铭牌上，你们勉强辨认出了“地质学助理”几个字。,風雪にあおられて裂けた布切れがはためく。\nちぎれた名札には「地質学助手」の文字が、かろうじて読み取れた。,,,,,,,,,,,,,,
AvgDialog_6798_Content_40,aoTE,avgV1.3本源希洛大型支线_AvgDialog_C_M.csv,310,AvgDialog,Content,,众人重新陷入了可怖的寂静中，莉莉对脸色阴沉的考察队员有些陌生，不自觉牵住了你的手。,再び不気味な静寂が一行を包む。険しい表情の調査隊員たちに今までと違う何かを感じたのか、リリーは思わずあなたの手を握り締めた。,,,,,,,,,,,,,,
AvgDialog_6798_Content_41,aoTF,avgV1.3本源希洛大型支线_AvgDialog_C_M.csv,311,AvgDialog,Content,本地人,我早就说过！我早提醒过你们！山神休憩的居所不容肮脏的外地人搅扰，遭到玷污的神山，只能靠你们的鲜血洗刷——,言ったとおりだ！山神様がおわす聖域をよそ者が乱したからだ。\n穢された神の山を鎮めるには、血で清めるしかない——,,,,,,,,,,,,,,
AvgDialog_6798_Content_42,aoTG,avgV1.3本源希洛大型支线_AvgDialog_C_M.csv,312,AvgDialog,Content,,他近乎狂躁地咒骂着你们，以一种诡异的姿势在地上爬行和叩首，妄图以此祈求赦免自己的罪过。,彼は狂ったように罵倒しながら、異様な姿勢で地を這い、額を地に打ち付けて平伏する。そして自らの罪の許しを必死に乞うていた。,,,,,,,,,,,,,,
AvgDialog_6798_Content_43,aoTH,avgV1.3本源希洛大型支线_AvgDialog_C_M.csv,313,AvgDialog,Content,,探险队成员都被死状吓到，向导试图让所有人冷静下来，惊叫和恐惧仍在队伍中蔓延。,探索隊の面々は、その無残な死に様に恐れを抱いた。ガイドが皆を落ち着かせようとしたが、悲鳴と恐怖は隊の中に広がり続けていた。,,,,,,,,,,,,,,
AvgDialog_6798_Content_44,aoTI,avgV1.3本源希洛大型支线_AvgDialog_C_M.csv,314,AvgDialog,Content,,当众人目光集中在尸体的惨状时，你注意到了几处奇怪的痕迹，覆雪的地面上残留着激烈战斗后的血迹和黑痕。,皆が遺体の惨状に気を取られている中、あなたはいくつかの奇妙な痕跡に気づいた。\n雪の上には、争いの跡と思われる血痕と黒い染みが残っていた。,,,,,,,,,,,,,,
AvgDialog_6798_Content_45,aoTJ,avgV1.3本源希洛大型支线_AvgDialog_C_M.csv,315,AvgDialog,Content,玩家,奇怪……尸体旁边有打斗的痕迹，看上去攻势似乎还有来有回。,変だな……遺体のそばに争った跡がある。\n互いに攻防を繰り返していたみたいだ。,,,,,,,,,,,,,,
AvgDialog_6798_Content_46,aoTK,avgV1.3本源希洛大型支线_AvgDialog_C_M.csv,316,AvgDialog,Content,艾维斯,医护小姐，可以麻烦你给死者做个简单的检查吗？,看護士さん、遺体の簡単な検査をお願いしてもいいかな？,,,,,,,,,,,,,,
AvgDialog_6798_Content_47,aoTL,avgV1.3本源希洛大型支线_AvgDialog_C_M.csv,317,AvgDialog,Content,,她看了看四周陷入极度焦虑的成员们，点了点头，走上前来。,彼女は極度の不安に陥っている周囲の隊員たちを見回したあと、頷いて前に歩み出た。,,,,,,,,,,,,,,
AvgDialog_6798_Content_48,aoTM,avgV1.3本源希洛大型支线_AvgDialog_C_M.csv,318,AvgDialog,Content,医护人员,现阶段只能做出简单的尸表检验——尸体表面衣物破损，有明显外伤，全身都呈现出粉碎性骨折，疑似因受到外力重击造成。,今できるのは、簡単な検死だけですが——衣服の破損と外傷、全身の粉砕骨折が見られます。外力による強い打撃が原因と思われます。,,,,,,,,,,,,,,
AvgDialog_6798_Content_49,aoTN,avgV1.3本源希洛大型支线_AvgDialog_C_M.csv,319,AvgDialog,Content,考察队员,粉碎性骨折……有没有可能是摔死的？,粉砕骨折……転落死の可能性はあるのか？,,,,,,,,,,,,,,
AvgDialog_6798_Content_50,aoTP,avgV1.3本源希洛大型支线_AvgDialog_C_M.csv,320,AvgDialog,Content,医护人员,我们驻地与这里的高低落差甚至不到三米，不足以形成全身粉碎性骨折，基本可以排除摔死的可能性。,キャンプとここの高低差は、三メートル以内でしょう。全身粉砕骨折に至る落差ではありませんから、転落死の可能性はまずありません。,,,,,,,,,,,,,,
AvgDialog_6798_Content_51,aoTQ,avgV1.3本源希洛大型支线_AvgDialog_C_M.csv,321,AvgDialog,Content,医护人员,现在条件有限，而且尸体毁坏严重，无法推断受力点，但有一点可以确定……,今は条件が限られていて、遺体の損壊も激しいので打撃を受けた個所までは特定できませんが、ひとつだけ確かなことがあります……,,,,,,,,,,,,,,
AvgDialog_6798_Content_52,aoTR,avgV1.3本源希洛大型支线_AvgDialog_C_M.csv,322,AvgDialog,Content,,医护小姐抿紧了唇，脊背微微颤抖，你能看出来，她在强装镇定。,看護士は唇を固く結び、背中をかすかに震わせていた。\n必死に平静を装っているのが見て取れる。,,,,,,,,,,,,,,
AvgDialog_6798_Content_53,aoTS,avgV1.3本源希洛大型支线_AvgDialog_C_M.csv,323,AvgDialog,Content,医护人员,人类，不具备将他击打成这样的能力。,人間には、人体をここまで打ち砕く力はありません。,,,,,,,,,,,,,,
AvgDialog_6798_Content_54,aoTT,avgV1.3本源希洛大型支线_AvgDialog_C_M.csv,324,AvgDialog,Content,,此言一出，一众哗然。所有的目光都投到了希洛身上，谁都忘不了她随手扔出的巨型铁球，也对她出手伤人的情景记忆犹新。,その言葉に、一行は騒然となった。視線がヘロットに注がれる。彼女が投げつけた巨大な鎖球も、人を傷つけた光景も、記憶に新しい。,,,,,,,,,,,,,,
AvgDialog_6798_Content_55,aoTU,avgV1.3本源希洛大型支线_AvgDialog_C_M.csv,325,AvgDialog,Content,艾维斯,从解剖学的角度，我也赞同医护小姐的看法。死者骨头碎裂得很彻底，的确是受到了猛烈的冲击而死。她的分析没有问题。,解剖学の観点からも同意する。遺体の骨は完全に砕けていて、強烈な衝撃を受けて死亡したのは疑いようがない。彼女の分析は正しい。,,,,,,,,,,,,,,
AvgDialog_6798_Content_56,aoTV,avgV1.3本源希洛大型支线_AvgDialog_C_M.csv,326,AvgDialog,Content,玩家,有没有可能是非人生物干的？,人間ではない何かの仕業という可能性はありますか？,,,,,,,,,,,,,,
AvgDialog_6798_Content_57,aoTW,avgV1.3本源希洛大型支线_AvgDialog_C_M.csv,327,AvgDialog,Content,艾维斯,“凶手”不选择在营地动手，而是将人诱骗到更远的地方，防止惊动营地的人。,「犯人」は、キャンプ内で手を下していない。他の人間に気づかれないよう、離れた場所へ誘い出している。,,,,,,,,,,,,,,
AvgDialog_6798_Content_58,aoTX,avgV1.3本源希洛大型支线_AvgDialog_C_M.csv,328,AvgDialog,Content,艾维斯,这样缜密的举动，只有神智接近人类的生物才能做到。但从目前接触过的所有变异生物来看，他们都没有能力做到这一点。,これほど綿密な行動ができるのは、知性が人間に近い生物だけだ。\nだが、これまで接触してきた変異生物にそんな知性はない。,,,,,,,,,,,,,,
AvgDialog_6798_Content_59,aoTY,avgV1.3本源希洛大型支线_AvgDialog_C_M.csv,329,AvgDialog,Content,艾维斯,所以……,つまり……,,,,,,,,,,,,,,
AvgDialog_6798_Content_60,aoUa,avgV1.3本源希洛大型支线_AvgDialog_C_M.csv,330,AvgDialog,Content,,他摊了摊手，面露无奈。,彼は肩をすくめ、困ったような表情を浮かべた。,,,,,,,,,,,,,,
AvgDialog_6798_Content_61,aoUb,avgV1.3本源希洛大型支线_AvgDialog_C_M.csv,331,AvgDialog,Content,,按照教授的分析，似乎真的只有希洛，才是符合这桩血案凶手画像的唯一选项。,教授の分析によれば、この惨劇の犯人像に当てはまるのは、やはりヘロットだけのようだ。,,,,,,,,,,,,,,
AvgDialog_6798_Content_62,aoUc,avgV1.3本源希洛大型支线_AvgDialog_C_M.csv,332,AvgDialog,Content,玩家,……,……,,,,,,,,,,,,,,
AvgDialog_6798_Content_63,aoUd,avgV1.3本源希洛大型支线_AvgDialog_C_M.csv,333,AvgDialog,Content,艾维斯,看你的样子，似乎是有所顾虑？,その様子だと、何か気にかかることがあるようだね？,,,,,,,,,,,,,,
AvgDialog_6798_Content_64,aoUe,avgV1.3本源希洛大型支线_AvgDialog_C_M.csv,334,AvgDialog,Content,玩家,嗯……希洛一直在频繁地回头，好像有什么东西一直尾随着我们。,はい……ヘロットが先ほどから頻繁に後ろを振り返っているんです。まるで、何かが私たちの後をつけているかのようで。,,,,,,,,,,,,,,
AvgDialog_6798_Content_65,aoUf,avgV1.3本源希洛大型支线_AvgDialog_C_M.csv,335,AvgDialog,Content,玩家,昨晚我没有察觉到链接的另一头有什么异常。我想，希洛应该不是真凶。,昨夜、リンクの先に異常は感じませんでした。\nだから、ヘロットが真犯人ではないと思うんです。,,,,,,,,,,,,,,
AvgDialog_6798_Content_66,aoUg,avgV1.3本源希洛大型支线_AvgDialog_C_M.csv,336,AvgDialog,Content,艾维斯,我相信你的判断。但要让其他人相信，恐怕就不是这么简单了……,僕は君の判断を信じているよ。だが、他の者たちを納得させるとなると、そう簡単にはいかないだろうね……,,,,,,,,,,,,,,
AvgDialog_6798_Content_67,aoUh,avgV1.3本源希洛大型支线_AvgDialog_C_M.csv,337,AvgDialog,Content,,他环顾了一圈周围队员们脸上的神情，压低了自己的声音。,彼は周囲の隊員たちの表情を見渡すと、声を落とした。,,,,,,,,,,,,,,
AvgDialog_6798_Content_68,aoUi,avgV1.3本源希洛大型支线_AvgDialog_C_M.csv,338,AvgDialog,Content,向导,天色暗了，室外温度已经不适合再前进了……先扎营休息吧。,日が暮れてきたな。外の気温を考えると、これ以上進むのは危険だ……ひとまずキャンプを張って休もう。,,,,,,,,,,,,,,
AvgDialog_6798_Content_69,aoUj,avgV1.3本源希洛大型支线_AvgDialog_C_M.csv,339,AvgDialog,Content,向导,至于希洛……,ヘロットのことは……,,,,,,,,,,,,,,
AvgDialog_6798_Content_70,aoUl,avgV1.3本源希洛大型支线_AvgDialog_C_M.csv,340,AvgDialog,Content,玩家,今夜……我看管她。,今夜は……私が彼女を見張ります。,,,,,,,,,,,,,,
AvgDialog_6798_Content_71,aoUm,avgV1.3本源希洛大型支线_AvgDialog_C_M.csv,341,AvgDialog,Content,,……,……,,,,,,,,,,,,,,
AvgDialog_6798_Content_72,aoUn,avgV1.3本源希洛大型支线_AvgDialog_C_M.csv,342,AvgDialog,Content,,营帐外只剩下篝火，时不时传来几声隐晦的交谈声和使用工具的响动。,テントの外には焚き火だけが残り、時折密かな話し声や道具を扱う音が聞こえてくる。,,,,,,,,,,,,,,
AvgDialog_6798_Content_73,aoUo,avgV1.3本源希洛大型支线_AvgDialog_C_M.csv,343,AvgDialog,Content,,柔弱的科研人员们，有些用各种雪山上随处可见的东西绑成石斧和石刀，放在枕头底下，给自己些许的安慰。,非力な研究員たちの中には、雪山で見つけた物で石斧や石刀を作り、枕の下に忍ばせて、わずかな安心を得ようとする者もいた。,,,,,,,,,,,,,,
AvgDialog_6798_Content_74,aoUp,avgV1.3本源希洛大型支线_AvgDialog_C_M.csv,344,AvgDialog,Content,,有些则彻底放弃了理智，专注于模仿本地人曾做过的取悦神灵的姿态，匍匐在地，艰难古怪地爬行……,中には完全に理性を手放した者もいる。彼らは地元民が行っていた神への儀式を真似て、異様な姿勢で地を這い、額を打ちつけていた……,,,,,,,,,,,,,,
AvgDialog_6798_Content_75,aoUq,avgV1.3本源希洛大型支线_AvgDialog_C_M.csv,345,AvgDialog,Content,,不时有恶意的目光，向你们的营帐投来。,時折、悪意に満ちた視線があなたたちのテントに向けられる。,,,,,,,,,,,,,,
AvgDialog_6798_Content_76,aoUr,avgV1.3本源希洛大型支线_AvgDialog_C_M.csv,346,AvgDialog,Content,,营帐的门被掀开，两个身影走了进来。,突然、テントの入口が捲られ、二つの人影が中に入ってきた。,,,,,,,,,,,,,,
AvgDialog_6798_Content_77,aoUs,avgV1.3本源希洛大型支线_AvgDialog_C_M.csv,347,AvgDialog,Content,艾维斯,比起毫无头绪地乱撞，大家在绝境中更需要一个假想敌，一个答案。不是希洛，也会是别人。,あてもなく探し回るより、絶体絶命の状況で人間が必要とするのは仮想敵と答えだ。ヘロットでなくても、他の誰かがなっていただろう。,,,,,,,,,,,,,,
AvgDialog_6798_Content_78,aoUt,avgV1.3本源希洛大型支线_AvgDialog_C_M.csv,348,AvgDialog,Content,,希洛仍旧是冷着脸，一言不发，被你强行摁下的疯狂在她眼底肆虐。,ヘロットは相変わらず無表情のまま、一言も発しない。\nだが、あなたに抑え込まれた狂気は瞳の奥でなおも荒れ狂っている。,,,,,,,,,,,,,,
AvgDialog_6798_Content_79,aoUu,avgV1.3本源希洛大型支线_AvgDialog_C_M.csv,349,AvgDialog,Content,,向导走过来，拍拍你的肩膀。,ガイドが歩み寄ってきて、あなたの肩を軽く叩いた。,,,,,,,,,,,,,,
AvgDialog_6798_Content_80,aoUw,avgV1.3本源希洛大型支线_AvgDialog_C_M.csv,350,AvgDialog,Content,向导,我检查过链球了，和尸体上的伤口不匹配。希洛不是凶手，我敢肯定。,鎖球を調べたが、遺体の傷跡とは一致しなかった。\nヘロットは犯人じゃない。断言するよ。,,,,,,,,,,,,,,
AvgDialog_6798_Content_81,aoUx,avgV1.3本源希洛大型支线_AvgDialog_C_M.csv,351,AvgDialog,Content,玩家,非常感谢，被希洛伤害了，还替她说好话。,ありがとうございます。\nヘロットに怪我させられたのに、彼女を庇ってくださるなんて。,,,,,,,,,,,,,,
AvgDialog_6798_Content_82,aoUy,avgV1.3本源希洛大型支线_AvgDialog_C_M.csv,352,AvgDialog,Content,向导,这些年的经验告诉我，在这样的环境里面，没有什么比信任更重要。,長年の経験から、こんな状況では信頼ほど大事なものはないって知っているからな。,,,,,,,,,,,,,,
AvgDialog_6798_Content_83,aoUz,avgV1.3本源希洛大型支线_AvgDialog_C_M.csv,353,AvgDialog,Content,向导,你该看看那些科学家的，他们膜拜神明的样子比任何一个信徒都要虔诚。不信任科学，不信任同伴，不信任自己。,科学者たちを見てみな。彼らの神を拝む姿は、どんな信徒よりも熱狂的だ。科学も、仲間も、自分自身すら信じていない。,,,,,,,,,,,,,,
AvgDialog_6798_Content_84,aoUA,avgV1.3本源希洛大型支线_AvgDialog_C_M.csv,354,AvgDialog,Content,向导,"未知的恐惧将他们的意志碾成了碎屑。
在绝望面前，哪还有什么科学的尊严……",未知の恐怖が、彼らの意思を粉々に砕いてしまったんだ。\n絶望の前には、科学の尊厳なんてどこにもないのさ……,,,,,,,,,,,,,,
AvgDialog_6798_Content_85,aoUB,avgV1.3本源希洛大型支线_AvgDialog_C_M.csv,355,AvgDialog,Content,,他发出几声冷笑，肩膀剧烈地抖动起来，出于笑意、寒冷，亦或是恐惧。,彼は何度か冷笑を漏らすと、肩を激しく震わせた。それが笑いからくるものなのか、寒さか、あるいは恐怖ゆえなのかはわからない。,,,,,,,,,,,,,,
AvgDialog_6798_Content_86,aoUC,avgV1.3本源希洛大型支线_AvgDialog_C_M.csv,356,AvgDialog,Content,,“罪人”“杀人凶手”“恶魔”……营帐打开的几秒里，这些字眼钻入你的耳中，连想不听都做不到。,「罪人」「人殺し」「悪鬼」……テントが開いた数秒間で耳に飛び込んできた言葉だ。聞きたくなくても、聞かざるを得なかった。,,,,,,,,,,,,,,
AvgDialog_6798_Content_87,aoUD,avgV1.3本源希洛大型支线_AvgDialog_C_M.csv,357,AvgDialog,Content,本源·希洛,他们没说错，危险又嗜杀的怪物就在你眼前，迟疑并不是战士该有的品质。,奴らの言うとおりだ。危険で殺戮を好む怪物が、目の前にいる。\nためらいは、戦士にふさわしくない。,,,,,,,,,,,,,,
AvgDialog_6798_Content_88,aoUE,avgV1.3本源希洛大型支线_AvgDialog_C_M.csv,358,AvgDialog,Content,玩家,我知道不是你。,でも、私は知っているんだ。君はやってない。,,,,,,,,,,,,,,
AvgDialog_6798_Content_89,aoUF,avgV1.3本源希洛大型支线_AvgDialog_C_M.csv,359,AvgDialog,Content,,希洛顿了一下，突然逼近你，迎上你的目光。,ヘロットは一瞬だけ動きを止めると、不意に距離を詰めてきた。\n彼女はそのまま、あなたの視線を受け止める。,,,,,,,,,,,,,,
AvgDialog_6798_Content_90,aoUH,avgV1.3本源希洛大型支线_AvgDialog_C_M.csv,360,AvgDialog,Content,,她冲你咧着嘴，露出尖锐的牙，似笑非笑。,彼女は口元を歪め、鋭い牙をむき出しにした。\n笑っているように見えて、まるで笑っていない。,,,,,,,,,,,,,,
AvgDialog_6798_Content_91,aoUI,avgV1.3本源希洛大型支线_AvgDialog_C_M.csv,361,AvgDialog,Content,本源·希洛,想要控制野兽，小心被野兽给吃掉。,獣を手懐けようとするなら、せいぜい喰われないよう気をつけるんだな。,,,,,,,,,,,,,,
AvgDialog_6798_Content_92,aoUJ,avgV1.3本源希洛大型支线_AvgDialog_C_M.csv,362,AvgDialog,Content,玩家,我不是想要控制你，只是……,君を支配したいわけじゃない。ただ……,,,,,,,,,,,,,,
AvgDialog_6798_Content_93,aoUK,avgV1.3本源希洛大型支线_AvgDialog_C_M.csv,363,AvgDialog,Content,,她轻轻哼了一声，转过头去，注视着帐篷外的风雪。,彼女は鼻先で笑うと、そっぽを向いた。\nテントの外で荒れ狂う吹雪を見つめる。,,,,,,,,,,,,,,
AvgDialog_6798_Content_94,aoUL,avgV1.3本源希洛大型支线_AvgDialog_C_M.csv,364,AvgDialog,Content,本源·希洛,我有自己的事要做。你帮了我，在我离开以前，会帮你一次。,私には私のやるべきことがある。だが、借りは返す。\nここを去る前に、一度だけお前を助けてやる。,,,,,,,,,,,,,,
AvgDialog_6798_Content_95,aoUM,avgV1.3本源希洛大型支线_AvgDialog_C_M.csv,365,AvgDialog,Content,本源·希洛,这座山也是一头野兽，它在狩猎我们……但很快，我就会吞噬它！,この山も一頭の獣だ。私たちを狩ろうとしている……\nだが、そうはいかない。私が喰らってやる！,,,,,,,,,,,,,,
AvgDialog_6798_Content_96,aoUN,avgV1.3本源希洛大型支线_AvgDialog_C_M.csv,366,AvgDialog,Content,,你不再理会她的疯言疯语。,あなたはもう、彼女の戯言に取り合わなかった。,,,,,,,,,,,,,,
AvgDialog_6798_Content_97,aoUO,avgV1.3本源希洛大型支线_AvgDialog_C_M.csv,367,AvgDialog,Content,,你守着希洛熬了一整夜，也没有听到任何异响，似乎昨天考察队员的惨死，真的只是一场意外……,あなたは彼女を一晩中見張っていたが、不審な物音は何もなかった。昨日の調査隊員の死は本当にただの事故だったのかもしれない……,,,,,,,,,,,,,,
AvgDialog_6798_Content_98,aoUP,avgV1.3本源希洛大型支线_AvgDialog_C_M.csv,368,AvgDialog,Content,考察队员,啊啊啊啊啊啊——怪物！是怪物！祂又现身了！,うわああああ——化け物だ！化け物が出た！また現れた！,,,,,,,,,,,,,,
AvgDialog_6798_Content_99,aoUQ,avgV1.3本源希洛大型支线_AvgDialog_C_M.csv,369,AvgDialog,Content,考察队员,人呢？人去哪了？！,誰もいないのか？どこに行ったんだよ！？,,,,,,,,,,,,,,
AvgDialog_6798_Content_100,aoSU,avgV1.3本源希洛大型支线_AvgDialog_C_M.csv,370,AvgDialog,Content,,营帐外，原本应该站着执勤人的地方，只剩下几滩将要凝固的血迹。,テントの外の、本来なら見張りが立っているはずの場所には、固まりかけた血だまりが残されているだけだった。,,,,,,,,,,,,,,
AvgDialog_6798_Content_101,aoSV,avgV1.3本源希洛大型支线_AvgDialog_C_M.csv,371,AvgDialog,Content,,你如坠冰窖。“意外”接连出现，每一个清晨都弥散着血腥气，考察队成员一个接一个失踪、死亡……,まるで氷の地下室に閉じ込められたような気分だった。\n「事故」は続き、明け方には血の匂いが漂う。\n調査員が次々と姿を消し、命を落としていく……,,,,,,,,,,,,,,
AvgDialog_6798_Content_102,aoSW,avgV1.3本源希洛大型支线_AvgDialog_C_M.csv,372,AvgDialog,Content,,似乎感应到了什么，你猛然回头。,不意にあなたはなにかを感じ、後ろを振り返った。,,,,,,,,,,,,,,
AvgDialog_6798_Content_103,aoSX,avgV1.3本源希洛大型支线_AvgDialog_C_M.csv,373,AvgDialog,Content,,一个穿着斗篷的黑影，消失在风雪之中……,マントを羽織った黒い影が、吹雪の中に消えていく……,,,,,,,,,,,,,,
AvgDialog_6770_Content_1,aoLD,avgV1.3本源希洛大型支线_AvgDialog_C_M.csv,374,AvgDialog,Content,,黑影,黒い影,,,,,,,,,,,,,,
AvgDialog_6770_Content_2,aoLO,avgV1.3本源希洛大型支线_AvgDialog_C_M.csv,375,AvgDialog,Content,玩家,在那里！我看到了……,そこだ！見えた……！,,,,,,,,,,,,,,
AvgDialog_6770_Content_3,aoLZ,avgV1.3本源希洛大型支线_AvgDialog_C_M.csv,376,AvgDialog,Content,考察队员,是这个女人……就是这个女人干的！杀了她……杀了她！！,この女だ……この女がやったんだ！殺せ……こいつを殺せ！！,,,,,,,,,,,,,,
AvgDialog_6770_Content_4,aoMk,avgV1.3本源希洛大型支线_AvgDialog_C_M.csv,377,AvgDialog,Content,玩家,希洛昨天一整晚都和我待在一起，我保证……,ヘロットは、昨日の夜ずっと私と一緒にいました。\n私が保証します……,,,,,,,,,,,,,,
AvgDialog_6770_Content_5,aoMv,avgV1.3本源希洛大型支线_AvgDialog_C_M.csv,378,AvgDialog,Content,考察队员,你们就是一伙的！弥萨格的骗子！,お前たちはグルなんだろう！ミサゴ大学の連中は、みんな嘘つきだ！,,,,,,,,,,,,,,
AvgDialog_6770_Content_6,aoMB,avgV1.3本源希洛大型支线_AvgDialog_C_M.csv,379,AvgDialog,Content,玩家,我……,私は……,,,,,,,,,,,,,,
AvgDialog_6770_Content_7,aoMC,avgV1.3本源希洛大型支线_AvgDialog_C_M.csv,380,AvgDialog,Content,向导,给我清醒一点！要不是%player%的帮忙，我们早就在这座山上死了十次了！,しっかりしろ！%player%の助けがなかったら、俺たちなんてこの山で十回は死んでるぞ！,,,,,,,,,,,,,,
AvgDialog_6770_Content_8,aoMD,avgV1.3本源希洛大型支线_AvgDialog_C_M.csv,381,AvgDialog,Content,,向导用力摇晃着队员的肩膀。在他威严的话语和目光之下，那名队员终于稍微冷静了一些。,ガイドは隊員の肩を激しく揺さぶる。彼の力強い言葉と眼差しに、隊員はようやく少し落ち着きを取り戻した。,,,,,,,,,,,,,,
AvgDialog_6770_Content_9,aoME,avgV1.3本源希洛大型支线_AvgDialog_C_M.csv,382,AvgDialog,Content,玩家,非常感谢……,ありがとう……,,,,,,,,,,,,,,
AvgDialog_6770_Content_10,aoLE,avgV1.3本源希洛大型支线_AvgDialog_C_M.csv,383,AvgDialog,Content,向导,这些话就不用再客气了。你刚才说看到了什么？,礼はいい。それより、さっき何を見たんだ？,,,,,,,,,,,,,,
AvgDialog_6770_Content_11,aoLF,avgV1.3本源希洛大型支线_AvgDialog_C_M.csv,384,AvgDialog,Content,玩家,那道黑影，我看到他了！就在刚才，我们发现队员出事的时候。,さっき騒ぎが起きたとき、黒い影を見たんです！,,,,,,,,,,,,,,
AvgDialog_6770_Content_12,aoLG,avgV1.3本源希洛大型支线_AvgDialog_C_M.csv,385,AvgDialog,Content,玩家,他很有可能就是凶手！,あいつが犯人に違いない！,,,,,,,,,,,,,,
AvgDialog_6770_Content_13,aoLH,avgV1.3本源希洛大型支线_AvgDialog_C_M.csv,386,AvgDialog,Content,向导,这么大的风雪，他走不远！这里很容易迷路，我们和你一起。,こんな吹雪じゃ、そう遠くにはいけないはずだ！\nここはすぐに道を見失う。俺たちも一緒に行こう。,,,,,,,,,,,,,,
AvgDialog_6770_Content_14,aoLI,avgV1.3本源希洛大型支线_AvgDialog_C_M.csv,387,AvgDialog,Content,玩家,小心你的伤。我们走——,傷口が開かないように気をつけて。よし、行こう——,,,,,,,,,,,,,,
AvgDialog_6770_Content_15,aoLJ,avgV1.3本源希洛大型支线_AvgDialog_C_M.csv,388,AvgDialog,Content,,……,……,,,,,,,,,,,,,,
AvgDialog_6770_Content_16,aoLK,avgV1.3本源希洛大型支线_AvgDialog_C_M.csv,389,AvgDialog,Content,向导,风雪太大，脚印的痕迹也被掩盖掉了。看来我们得先回营地了。,ひどい吹雪だ。足跡もすっかり消えちまった。\nどうやら一度キャンプに戻るしかなさそうだ。,,,,,,,,,,,,,,
AvgDialog_6770_Content_17,aoLL,avgV1.3本源希洛大型支线_AvgDialog_C_M.csv,390,AvgDialog,Content,玩家,嗯，黑影的事，我们后面再继续追查。,ええ、黒い影の件は、また後で調べましょう。,,,,,,,,,,,,,,
AvgDialog_6770_Content_18,aoLM,avgV1.3本源希洛大型支线_AvgDialog_C_M.csv,391,AvgDialog,Content,玩家,不过有一个奇怪的事……很多怪物打到一半就开始逃跑了，像是受到了什么惊吓……,でも、おかしなことがありました……怪物たちが戦ってる途中に逃げ出したんです。何かに怯えたみたいに……,,,,,,,,,,,,,,
AvgDialog_6770_Content_19,aoLN,avgV1.3本源希洛大型支线_AvgDialog_C_M.csv,392,AvgDialog,Content,考察队员,啊啊啊啊！别再来了，我们死了那么多人还不够吗？怪物——,あああああっ！もう来るな、こんなに多くの人が死んだのに、まだ足りないのか！？この化け物——,,,,,,,,,,,,,,
AvgDialog_6770_Content_20,aoLP,avgV1.3本源希洛大型支线_AvgDialog_C_M.csv,393,AvgDialog,Content,考察队员,我不想死在这里——就是她，是她触怒了山神！她才是该死的那个！,こんなところで死にたくない——あいつだ、あいつが山の神を怒らせたんだ！あの女が死ぬべきだ！,,,,,,,,,,,,,,
AvgDialog_6770_Content_21,aoLQ,avgV1.3本源希洛大型支线_AvgDialog_C_M.csv,394,AvgDialog,Content,考察队员,杀了她……杀了这个……怪……@2……,殺せ……殺すんだ、この……化け……@2……,,,,,,,,,,,,,,
AvgDialog_6770_Content_22,aoLR,avgV1.3本源希洛大型支线_AvgDialog_C_M.csv,395,AvgDialog,Content,,几名考察队员的脸部变得扭曲，声音也开始含混不清。,数名の調査隊員たちの顔は歪み、ろれつも回らなくなっていた。,,,,,,,,,,,,,,
AvgDialog_6770_Content_23,aoLS,avgV1.3本源希洛大型支线_AvgDialog_C_M.csv,396,AvgDialog,Content,,雪山原本惨白的地面上，爬满了粘稠的黑浆，这些咕涌的诡异液体，从考察队员的肉身奔涌而出。,雪で白いはずの地面は、いつの間にか黒い粘液が広がっていた。うごめく不気味な液体は、調査隊員たちの肉体から溢れ出している。,,,,,,,,,,,,,,
AvgDialog_6770_Content_25,aoLU,avgV1.3本源希洛大型支线_AvgDialog_C_M.csv,398,AvgDialog,Content,,一道黑色的尖刺猛然伸出，刺向希洛。,黒い棘が一気に伸び、ヘロットに襲い掛かった。,,,,,,,,,,,,,,
AvgDialog_6770_Content_26,aoLV,avgV1.3本源希洛大型支线_AvgDialog_C_M.csv,399,AvgDialog,Content,玩家,闪开……唔——,避けて……ぐっ——,,,,,,,,,,,,,,
AvgDialog_6770_Content_27,aoLW,avgV1.3本源希洛大型支线_AvgDialog_C_M.csv,400,AvgDialog,Content,,你侧身将她推开，尖刺直直地贯穿你的肩膀。,あなたは体をひねって彼女を押しのけた。\n黒い棘が、あなたの肩をまっすぐに貫く。,,,,,,,,,,,,,,
AvgDialog_6770_Content_28,aoLX,avgV1.3本源希洛大型支线_AvgDialog_C_M.csv,401,AvgDialog,Content,,你闷哼一声，手臂脱力倒在希洛肩头，血水混杂着融化的雪溅入她的眼睛，搅碎了你晦暗的倒影。,あなたは呻き声を上げ、ヘロットの肩に力なく倒れ込んだ。\n溶けかけた雪が血と混じり合い、彼女の瞳に飛び散る。\nそこに映るあなたのおぼろげな像が砕け散った。,,,,,,,,,,,,,,
AvgDialog_6770_Content_29,aoLY,avgV1.3本源希洛大型支线_AvgDialog_C_M.csv,402,AvgDialog,Content,,钻心的疼痛从伤口处传来，脑海中翻江倒海，链接出现了短暂的停滞。,傷口から鋭い痛みが走り、頭の中が激しくかき乱される。\nその一瞬の隙に、リンクが途切れた。,,,,,,,,,,,,,,
AvgDialog_6770_Content_30,aoMa,avgV1.3本源希洛大型支线_AvgDialog_C_M.csv,403,AvgDialog,Content,,你忐忑不安地注视着她，如果她愿意，此刻转而攻向你，你的精神力毫无疑问也将就此崩溃，但……她没有。,あなたは不安げに彼女を見つめた。もし彼女が襲いかかってきたら、間違いなく精神は崩壊していただろう。だが彼女はそうしなかった。,,,,,,,,,,,,,,
AvgDialog_6770_Content_31,aoMb,avgV1.3本源希洛大型支线_AvgDialog_C_M.csv,404,AvgDialog,Content,玩家,希洛……？,ヘロット……？,,,,,,,,,,,,,,
AvgDialog_6770_Content_32,aoMc,avgV1.3本源希洛大型支线_AvgDialog_C_M.csv,405,AvgDialog,Content,本源·希洛,我不做乘人之危的事。等时机到了，我会光明正大地离开。在那之前……,私は、他人の弱みにつけこむような真似はしない。\n時が来れば、正々堂々ここを去る。それまでは……,,,,,,,,,,,,,,
AvgDialog_6770_Content_33,aoMd,avgV1.3本源希洛大型支线_AvgDialog_C_M.csv,406,AvgDialog,Content,,她扭过头将目光投向叫嚣着要撕碎她的考察队，那双被银辉安抚下来的眼眸，重燃了浓重的血光。,彼女は振り向き、自分を引き裂けと叫ぶ隊員たちに視線を向けた。\n銀の輝きに鎮められていたその瞳に、再び濃い血の光が燃え上がる。,,,,,,,,,,,,,,
AvgDialog_6770_Content_34,aoMe,avgV1.3本源希洛大型支线_AvgDialog_C_M.csv,407,AvgDialog,Content,本源·希洛,你们，找死！,お前たち、死にたいのか！,,,,,,,,,,,,,,
AvgDialog_6770_Content_35,aoMf,avgV1.3本源希洛大型支线_AvgDialog_C_M.csv,408,AvgDialog,Content,玩家,希洛！……,ヘロット……！,,,,,,,,,,,,,,
AvgDialog_6770_Content_36,aoMg,avgV1.3本源希洛大型支线_AvgDialog_C_M.csv,409,AvgDialog,Content,,"来不及了。
链球的呼啸声淹没了你的喊叫，狠狠砸在那些失控的队员身上。",時すでに遅し。鎖球の唸りがあなたの叫びをかき消し、暴走した隊員たちを容赦なく叩き潰した。,,,,,,,,,,,,,,
AvgDialog_6770_Content_37,aoMh,avgV1.3本源希洛大型支线_AvgDialog_C_M.csv,410,AvgDialog,Content,,你愣愣地看着面前一滩黏稠的黑色尸首。不久前还与你共进退的队友就躺在这里，永远留在了这座终年覆雪的冰川上。,あなたは目の前の黒い死体を呆然と見つめる。ついさっきまで共に戦っていた仲間たちは、今や永遠にこの氷原に眠ることとなった。,,,,,,,,,,,,,,
AvgDialog_6770_Content_38,aoMi,avgV1.3本源希洛大型支线_AvgDialog_C_M.csv,411,AvgDialog,Content,向导,呕——,うっ——,,,,,,,,,,,,,,
AvgDialog_6770_Content_39,aoMj,avgV1.3本源希洛大型支线_AvgDialog_C_M.csv,412,AvgDialog,Content,,死在雪山上的探险家不计其数，但死状凄惨、人数如此众多，对向导而言还是头一回。,雪山で命を落とした探検家は数知れない。しかしこれほど無残に、多くの死者が出るという経験は、ガイドである彼も初めてだった。,,,,,,,,,,,,,,
AvgDialog_6770_Content_40,aoMl,avgV1.3本源希洛大型支线_AvgDialog_C_M.csv,413,AvgDialog,Content,,他再也支撑不住，颤动着肩膀，呕得连天作响。,堪えきれず、ガイドは肩を震わせ、激しく嘔吐した。,,,,,,,,,,,,,,
AvgDialog_6770_Content_41,aoMm,avgV1.3本源希洛大型支线_AvgDialog_C_M.csv,414,AvgDialog,Content,玩家,他们也遭受了融蚀……这里的融蚀，发展速度竟然这么快……,彼らも融蝕を受けていたんだ……\nここでの融蝕は、こんなに進行が早いのか……,,,,,,,,,,,,,,
AvgDialog_6770_Content_42,aoMn,avgV1.3本源希洛大型支线_AvgDialog_C_M.csv,415,AvgDialog,Content,艾维斯,那些逃跑的怪物，还有这些队员的反应，都太不正常了……,逃げていったあの化け物たちも、この隊員たちの様子も、どれもあまりにも異常だ……,,,,,,,,,,,,,,
AvgDialog_6770_Content_43,aoMo,avgV1.3本源希洛大型支线_AvgDialog_C_M.csv,416,AvgDialog,Content,艾维斯,只剩我们了，必须尽快下山，否则……,生き残ったのは僕たちだけだ。\n一刻も早く下山しよう。でないと……,,,,,,,,,,,,,,
AvgDialog_6770_Content_44,aoMp,avgV1.3本源希洛大型支线_AvgDialog_C_M.csv,417,AvgDialog,Content,,轰——,ドーン——,,,,,,,,,,,,,,
AvgDialog_6770_Content_45,aoMq,avgV1.3本源希洛大型支线_AvgDialog_C_M.csv,418,AvgDialog,Content,,他的话没有说完，只觉眼前一暗。,言葉はそこで途切れた。唐突に視界が暗転したのだ。,,,,,,,,,,,,,,
AvgDialog_6770_Content_46,aoMr,avgV1.3本源希洛大型支线_AvgDialog_C_M.csv,419,AvgDialog,Content,,你们抬起头。如同一片蔽日的乌云，巨大的黑影从悬崖的一侧升起，出现在你们上方。,顔を上げると、太陽を覆い隠す暗雲のように巨大な影が崖の向こうからせり上がり、あなたたちの真上に姿を現した。,,,,,,,,,,,,,,
AvgDialog_6770_Content_47,aoMs,avgV1.3本源希洛大型支线_AvgDialog_C_M.csv,420,AvgDialog,Content,,庞大怪物的身躯上，刻画着一个巨大的标志——在梦中，你曾见过它。,その巨大な怪物の体には、ある大きな紋章が刻まれていた——あなたはそれを、夢の中で見たことがある。,,,,,,,,,,,,,,
AvgDialog_6770_Content_48,aoMt,avgV1.3本源希洛大型支线_AvgDialog_C_M.csv,421,AvgDialog,Content,玩家,那是……提灯教会！！！,あれは……提灯教会！！！,,,,,,,,,,,,,,
AvgDialog_6770_Content_49,aoMu,avgV1.3本源希洛大型支线_AvgDialog_C_M.csv,422,AvgDialog,Content,,轰！！！,ドンッ！！！,,,,,,,,,,,,,,
AvgDialog_6770_Content_50,aoMw,avgV1.3本源希洛大型支线_AvgDialog_C_M.csv,423,AvgDialog,Content,玩家,<Shake:啊——>,<Shake:あっ——>,,,,,,,,,,,,,,
AvgDialog_6770_Content_51,aoMx,avgV1.3本源希洛大型支线_AvgDialog_C_M.csv,424,AvgDialog,Content,莉莉,大%brotherorsister1%！！！,お%brotherorsister1%！！！,,,,,,,,,,,,,,
AvgDialog_6770_Content_52,aoMy,avgV1.3本源希洛大型支线_AvgDialog_C_M.csv,425,AvgDialog,Content,,悬浮于空的庞大之物悍然砸下。随着一声撕裂峰顶的巨响，将你们脚下的岩体震得粉碎。,宙に浮かんでいた巨大な物体が、容赦なく叩きつけられる。峰を貫く轟音とともに、あなたたちの足元の岩盤は粉々に砕け散った。,,,,,,,,,,,,,,
AvgDialog_6770_Content_53,aoMz,avgV1.3本源希洛大型支线_AvgDialog_C_M.csv,426,AvgDialog,Content,,你一脚踩空，和希洛一同坠入了深谷。,あなたは足を踏み外し、ヘロットとともに深い谷へと落ちていった。,,,,,,,,,,,,,,
AvgDialog_6770_Content_54,aoMA,avgV1.3本源希洛大型支线_AvgDialog_C_M.csv,427,AvgDialog,Content,,——在你们惊骇的呼喊中，希洛咧开嘴，第一次纵声大笑起来。,——あなたたちが恐怖に悲鳴を上げる中、ヘロットは口元を歪ませ、初めて高らかに笑った。,,,,,,,,,,,,,,
AvgDialog_6773_Content_1,aoMF,avgV1.3本源希洛大型支线_AvgDialog_C_M.csv,428,AvgDialog,Content,,重逢,再会,,,,,,,,,,,,,,
AvgDialog_6773_Content_2,aoNt,avgV1.3本源希洛大型支线_AvgDialog_C_M.csv,429,AvgDialog,Content,艾维斯,这里……居然藏着这样庞大的怪物……,ここに……こんな巨大な怪物が潜んでいたなんて……,,,,,,,,,,,,,,
AvgDialog_6773_Content_3,aoNE,avgV1.3本源希洛大型支线_AvgDialog_C_M.csv,430,AvgDialog,Content,向导,这……这是……什么东西……,こ……こいつは一体……,,,,,,,,,,,,,,
AvgDialog_6773_Content_4,aoNP,avgV1.3本源希洛大型支线_AvgDialog_C_M.csv,431,AvgDialog,Content,,面对从未见过的巨大怪物，他用尽了自己所有的力气，才勉强能够维持站立。,見たこともない巨大な怪物を前に、彼は全身の力を振り絞ってようやく立っていられる有り様だった。,,,,,,,,,,,,,,
AvgDialog_6773_Content_5,aoOa,avgV1.3本源希洛大型支线_AvgDialog_C_M.csv,432,AvgDialog,Content,,“轰隆——”,ゴゥン——,,,,,,,,,,,,,,
AvgDialog_6773_Content_6,aoOl,avgV1.3本源希洛大型支线_AvgDialog_C_M.csv,433,AvgDialog,Content,,一声巨响，莉莉挡下了怪物的进攻，重心有些不稳，她脚步趔趄了几下，仍旧凝视着彼方的怪物。,轟音とともに、リリーは怪物の攻撃を食い止めた。足元がふらつき、よろめきながらも、なお彼方の怪物を見据えている。,,,,,,,,,,,,,,
AvgDialog_6773_Content_7,aoOw,avgV1.3本源希洛大型支线_AvgDialog_C_M.csv,434,AvgDialog,Content,怪物,@3的子嗣……@2在此@3……,@3の子孫……@2ここに@3……,,,,,,,,,,,,,,
AvgDialog_6773_Content_8,aoOH,avgV1.3本源希洛大型支线_AvgDialog_C_M.csv,435,AvgDialog,Content,,悬浮在空中的怪物身体颤抖着，发出一声尖锐的嚎叫。,宙に浮かんだ怪物は体を震わせ、鋭い雄叫びを上げた。,,,,,,,,,,,,,,
AvgDialog_6773_Content_9,aoOS,avgV1.3本源希洛大型支线_AvgDialog_C_M.csv,436,AvgDialog,Content,,莉莉准备再次凝聚黑球，一个身影挡在了她的面前。,リリーが再び黒い球を凝縮させようとしたそのとき、ひとつの人影が彼女の前に立った。,,,,,,,,,,,,,,
AvgDialog_6773_Content_10,aoMG,avgV1.3本源希洛大型支线_AvgDialog_C_M.csv,437,AvgDialog,Content,向导,莉莉……快跑！……这里很危险……,リリー……逃げろ……！\nここは危険だ……,,,,,,,,,,,,,,
AvgDialog_6773_Content_11,aoMR,avgV1.3本源希洛大型支线_AvgDialog_C_M.csv,438,AvgDialog,Content,,向导的声音在颤抖。面对此生从未经历过的恐惧，这个普通人拿出毕生的勇气，站在莉莉的身前。,ガイドの声は震えていた。味わったことのない恐怖に直面しながら、この平凡な男は一生分の勇気を振り絞り、リリーの前に立った。,,,,,,,,,,,,,,
AvgDialog_6773_Content_12,aoNc,avgV1.3本源希洛大型支线_AvgDialog_C_M.csv,439,AvgDialog,Content,,他尝试为她挡住死亡彻骨的寒意。他尝试面对那无可反抗的命运。,彼は、彼女を骨まで凍みる死の寒さから守ろうとした。\n抗うことのできない運命に必死に立ち向かおうとした。,,,,,,,,,,,,,,
AvgDialog_6773_Content_13,aoNm,avgV1.3本源希洛大型支线_AvgDialog_C_M.csv,440,AvgDialog,Content,,莉莉向前走了几步，站到了向导前面。,リリーは数歩前に出て、ガイドの前に立った。,,,,,,,,,,,,,,
AvgDialog_6773_Content_14,aoNn,avgV1.3本源希洛大型支线_AvgDialog_C_M.csv,441,AvgDialog,Content,莉莉,大%brotherorsister1%说，莉莉很厉害。所以，莉莉会保护你们。,お%brotherorsister1%が、リリーは強いと言った。\nだから、リリーがみんなを守る。,,,,,,,,,,,,,,
AvgDialog_6773_Content_15,aoNo,avgV1.3本源希洛大型支线_AvgDialog_C_M.csv,442,AvgDialog,Content,向导,莉莉！啊——,リリー！\nあぁっ——,,,,,,,,,,,,,,
AvgDialog_6773_Content_16,aoNp,avgV1.3本源希洛大型支线_AvgDialog_C_M.csv,443,AvgDialog,Content,,迅速蹿升的寒意麻痹了他的口舌。仿佛置身于零下几百度的液氮里冻成块，他大脑中的任何一个细胞都无法动弹分毫。,急激に迫りくる冷気が、彼の舌を麻痺させた。零下数百度の液体窒素に放り込まれたかのように、脳の細胞ひとつ動かすことができない。,,,,,,,,,,,,,,
AvgDialog_6773_Content_17,aoNq,avgV1.3本源希洛大型支线_AvgDialog_C_M.csv,444,AvgDialog,Content,,能将思绪瞬间冻结、化为粉末的，极致的寒冷。,それは思考を瞬時に凍結させ、粉々に砕く極限の冷気。,,,,,,,,,,,,,,
AvgDialog_6773_Content_18,aoNr,avgV1.3本源希洛大型支线_AvgDialog_C_M.csv,445,AvgDialog,Content,,向导和艾维斯的身躯凝固成冰雕，被狂风掀倒在雪地里，极致的寒冷攀上莉莉的指尖。,ガイドとアイヴィスは氷像と化し、強風で雪原になぎ倒された。\nそして極限の冷気は、リリーの指先に忍び寄る。,,,,,,,,,,,,,,
AvgDialog_6773_Content_19,aoNs,avgV1.3本源希洛大型支线_AvgDialog_C_M.csv,446,AvgDialog,Content,莉莉,你，做了什么？,あなた……何をしたの？,,,,,,,,,,,,,,
AvgDialog_6773_Content_20,aoNu,avgV1.3本源希洛大型支线_AvgDialog_C_M.csv,447,AvgDialog,Content,怪物,你@3……不会@2……,お前@3……まさか@2……,,,,,,,,,,,,,,
AvgDialog_6773_Content_21,aoNv,avgV1.3本源希洛大型支线_AvgDialog_C_M.csv,448,AvgDialog,Content,,莉莉沉下脸，目光从向导挪向了空中漂浮的庞大怪物。,リリーは険しい表情で、ガイドから空中にいる怪物へと視線を移した。,,,,,,,,,,,,,,
AvgDialog_6773_Content_22,aoNw,avgV1.3本源希洛大型支线_AvgDialog_C_M.csv,449,AvgDialog,Content,,荧蓝色的怪物嘶吼着恶毒的呓语，喷薄而出的雪粒从莉莉的脸颊上划过，她仍旧是面无表情。,青白く光る怪物は、呪詛めいたうわ言を吐きだす。激しく噴き出した雪の粒が頬を掠めても、リリーは無表情のままだった。,,,,,,,,,,,,,,
AvgDialog_6773_Content_23,aoNx,avgV1.3本源希洛大型支线_AvgDialog_C_M.csv,450,AvgDialog,Content,莉莉,莉莉，听大%brotherorsister1%的话，保护大家。,リリー、お%brotherorsister1%の言うことを聞いて、みんなを守るの。,,,,,,,,,,,,,,
AvgDialog_6773_Content_24,aoNy,avgV1.3本源希洛大型支线_AvgDialog_C_M.csv,451,AvgDialog,Content,,光滑巨大的黑球从她指尖凝聚成形。莉莉伸出一根手指，指向悬浮在空中的荧蓝色怪物。,滑らかで巨大な黒い球体が、彼女が指先から形を成す。\nリリーは指を突き出し、空中に浮遊する蒼く光る怪物を指し示した。,,,,,,,,,,,,,,
AvgDialog_6773_Content_25,aoNz,avgV1.3本源希洛大型支线_AvgDialog_C_M.csv,452,AvgDialog,Content,莉莉,你不准，伤害他们！,みんなを、いじめないで！,,,,,,,,,,,,,,
AvgDialog_6773_Content_26,aoNA,avgV1.3本源希洛大型支线_AvgDialog_C_M.csv,453,AvgDialog,Content,,……,……,,,,,,,,,,,,,,
AvgDialog_6773_Content_27,aoNB,avgV1.3本源希洛大型支线_AvgDialog_C_M.csv,454,AvgDialog,Content,玩家,莉莉……艾维斯教授？……,リリー……アイヴィス教授……？,,,,,,,,,,,,,,
AvgDialog_6773_Content_28,aoNC,avgV1.3本源希洛大型支线_AvgDialog_C_M.csv,455,AvgDialog,Content,,没有人回应你。你模模糊糊地睁开眼，感觉背后一阵濡湿，浸透了雪水的外套正被撕扯挤压着。,応える者は誰もいない。ぼんやりと目を開けると、背中は湿っており、雪解け水に濡れたコートが引き剥がされ、押しつけられている。,,,,,,,,,,,,,,
AvgDialog_6773_Content_29,aoND,avgV1.3本源希洛大型支线_AvgDialog_C_M.csv,456,AvgDialog,Content,玩家,嗯……这是什么？！,ん……なんだこれ！？,,,,,,,,,,,,,,
AvgDialog_6773_Content_30,aoNF,avgV1.3本源希洛大型支线_AvgDialog_C_M.csv,457,AvgDialog,Content,,你坠落在一片冰封的湖面上，身下被砸出了一个深坑。从冰面裂隙中往外不断溢出的，是长得像是黑色脓疱的柔滑球体。,凝った湖面に落ちたらしい。背中の下には大きな穴が開いていた。\n黒い膿に似た滑らかな球体が、隙間から溢れ続けている。,,,,,,,,,,,,,,
AvgDialog_6773_Content_31,aoNG,avgV1.3本源希洛大型支线_AvgDialog_C_M.csv,458,AvgDialog,Content,,你吓了一跳，立刻远离了这个深坑。,あなたは驚いて、すぐに穴から離れた。,,,,,,,,,,,,,,
AvgDialog_6773_Content_32,aoNH,avgV1.3本源希洛大型支线_AvgDialog_C_M.csv,459,AvgDialog,Content,,没了你的封堵，冰面下涌动的黑色脓疱一股脑涌出，快速蔓延到了冰湖的边缘。,それまで穴を塞いでいたあなたがいなくなると、氷の下で蠢いていた黒い膿が一気に噴き出し、瞬く間に氷湖の縁まで広がっていった。,,,,,,,,,,,,,,
AvgDialog_6773_Content_33,aoNI,avgV1.3本源希洛大型支线_AvgDialog_C_M.csv,460,AvgDialog,Content,玩家,等等，这好像不是融蚀？,待って、これ、融蝕じゃないよね？,,,,,,,,,,,,,,
AvgDialog_6773_Content_34,aoNJ,avgV1.3本源希洛大型支线_AvgDialog_C_M.csv,461,AvgDialog,Content,本源·希洛,啊啊啊——呃啊——,あああ——うあ——,,,,,,,,,,,,,,
AvgDialog_6773_Content_35,aoNK,avgV1.3本源希洛大型支线_AvgDialog_C_M.csv,462,AvgDialog,Content,,希洛周身黏着黑色的脓疱，像是受到某种共鸣，身体随着脓疱的疯狂涌动，愈发剧烈地震颤。,ヘロットの全身には、黒い膿がまとわりついていた。膿は何かに共鳴するかのように蠢き、そのたびに彼女もいっそう激しく震える。,,,,,,,,,,,,,,
AvgDialog_6773_Content_36,aoNL,avgV1.3本源希洛大型支线_AvgDialog_C_M.csv,463,AvgDialog,Content,,她疯狂地挥舞着她那只巨型的链球，将从裂缝中涌出的黑色浊物拍碎，随后朝你袭来。,彼女は巨大な鎖球を激しく振り回し、裂け目から溢れ出る黒い濁流を叩き潰すと、その勢いのまま、あなたに襲いかかってきた。,,,,,,,,,,,,,,
AvgDialog_6773_Content_37,aoNM,avgV1.3本源希洛大型支线_AvgDialog_C_M.csv,464,AvgDialog,Content,玩家,！！！希洛！冷静下来！,！！！\nヘロット！落ち着いて！,,,,,,,,,,,,,,
AvgDialog_6773_Content_38,aoNN,avgV1.3本源希洛大型支线_AvgDialog_C_M.csv,465,AvgDialog,Content,,希洛瞳孔里散发着黑气，你胸口的银钥光芒极盛。,ヘロットの瞳からは、黒い気が立ち上っている。\nあなたの胸元のシルバーキーは、ひときわ強い光を放っていた。,,,,,,,,,,,,,,
AvgDialog_6773_Content_39,aoNO,avgV1.3本源希洛大型支线_AvgDialog_C_M.csv,466,AvgDialog,Content,,你能明显感觉到链接正在被疯狂地攻击，仅仅是勉强维系，都显得十分艰难。,リンクが激しく攻撃されているのがはっきりと感じられる。\n辛うじて繋ぎ止めておくのが、やっとだ。,,,,,,,,,,,,,,
AvgDialog_6773_Content_40,aoNQ,avgV1.3本源希洛大型支线_AvgDialog_C_M.csv,467,AvgDialog,Content,,她那张沾满了黑色粘液的面孔上浮现出怪诞的笑容，庞大的链球在她手中如同玩物，挥舞着朝你步步逼近。,黒い粘液に覆われた顔には、不気味な笑みが浮かんでいた。ヘロットは巨大な鎖球を玩具のように振り回し、あなたに迫ってくる。,,,,,,,,,,,,,,
AvgDialog_6773_Content_41,aoNR,avgV1.3本源希洛大型支线_AvgDialog_C_M.csv,468,AvgDialog,Content,本源·希洛,我感受到了……山的呼唤……,聞こえる……山の叫び声が……,,,,,,,,,,,,,,
AvgDialog_6773_Content_42,aoNS,avgV1.3本源希洛大型支线_AvgDialog_C_M.csv,469,AvgDialog,Content,玩家,你要做什么？！,何をするつもりなの！？,,,,,,,,,,,,,,
AvgDialog_6773_Content_43,aoNT,avgV1.3本源希洛大型支线_AvgDialog_C_M.csv,470,AvgDialog,Content,本源·希洛,链接，没有必要再存在！,リンクなど、もう必要ない！,,,,,,,,,,,,,,
AvgDialog_6773_Content_44,aoNU,avgV1.3本源希洛大型支线_AvgDialog_C_M.csv,471,AvgDialog,Content,,链球呼啸着，眼看就要砸到你的头顶——,鎖球が唸りを上げ、あなたの頭に振り下ろされる——,,,,,,,,,,,,,,
AvgDialog_6773_Content_45,aoNV,avgV1.3本源希洛大型支线_AvgDialog_C_M.csv,472,AvgDialog,Content,,砰——,ドォンッ——,,,,,,,,,,,,,,
AvgDialog_6773_Content_46,aoNW,avgV1.3本源希洛大型支线_AvgDialog_C_M.csv,473,AvgDialog,Content,,巨大的声响在你头顶炸开。你缓缓移开下意识挡在眼前的手臂。,巨大な衝撃音が、頭上で炸裂した。\nあなたは無意識のうちに顔を覆っていた腕を、ゆっくりと下ろす。,,,,,,,,,,,,,,
AvgDialog_6773_Content_47,aoNX,avgV1.3本源希洛大型支线_AvgDialog_C_M.csv,474,AvgDialog,Content,？？？,闹够了，就给我停下。,もう十分でしょう。止めなさい。,,,,,,,,,,,,,,
AvgDialog_6773_Content_48,aoNY,avgV1.3本源希洛大型支线_AvgDialog_C_M.csv,475,AvgDialog,Content,,链球被击飞，颓然倒在一边。,弾き飛ばされた鎖球は、力なくその場に転がり落ちた。,,,,,,,,,,,,,,
AvgDialog_6773_Content_49,aoNZ,avgV1.3本源希洛大型支线_AvgDialog_C_M.csv,476,AvgDialog,Content,,凛冽的寒风中，那个阴魂不散的熟悉黑影持刃而立，挡在你的身前。,凍てつく風の中、あなたに執拗につきまとっていたあの黒い影が、刃を手にあなたの前に立ちはだかった。,,,,,,,,,,,,,,
AvgDialog_6773_Content_50,aoOb,avgV1.3本源希洛大型支线_AvgDialog_C_M.csv,477,AvgDialog,Content,,轰——,ドンッ——,,,,,,,,,,,,,,
AvgDialog_6773_Content_51,aoOc,avgV1.3本源希洛大型支线_AvgDialog_C_M.csv,478,AvgDialog,Content,,“希洛”挥出的巨型链球，劈碎了一众黑色脓疱，余力扫荡过包裹着岩块的冰层，山体发出破碎的悲鸣。,ヘロットが振り回した巨大な鎖球は黒い膿を粉砕し、その勢いのまま岩を覆う氷層をもなぎ倒し、山肌が砕けた。,,,,,,,,,,,,,,
AvgDialog_6773_Content_52,aoOd,avgV1.3本源希洛大型支线_AvgDialog_C_M.csv,479,AvgDialog,Content,,尖刺与链球激烈相撞，对峙的二人眼中迸溅出火花，向对方肆意倾泻着尚未燃尽的怒火。,尖った棘と鎖球が激しく衝突し、対峙する二人の視線が火花を散らす。燃え尽きることのない怒りを、互いに容赦なくぶつけ合う。,,,,,,,,,,,,,,
AvgDialog_6773_Content_53,aoOe,avgV1.3本源希洛大型支线_AvgDialog_C_M.csv,480,AvgDialog,Content,,黑影拦在你身前，悍然接下了“希洛”疯狂扫荡的链球，向后退了几步。,黒い影があなたの前に立ちはだかり、ヘロットが狂ったように振り回す鎖球を受け止めた。影は勢いに押され、わずかに後退する。,,,,,,,,,,,,,,
AvgDialog_6773_Content_54,aoOf,avgV1.3本源希洛大型支线_AvgDialog_C_M.csv,481,AvgDialog,Content,,寒风猎猎，吹起被铁刺撕碎的斗篷，露出熟悉的侧脸。,凍てつく烈風が吹き抜け、鉄の棘に裂かれたマントをはためかせる。その隙間から、よく知っている横顔が覗いた。,,,,,,,,,,,,,,
AvgDialog_6773_Content_55,aoOg,avgV1.3本源希洛大型支线_AvgDialog_C_M.csv,482,AvgDialog,Content,玩家,希洛？！！！,ヘロット！？,,,,,,,,,,,,,,
AvgDialog_6773_Content_56,aoOh,avgV1.3本源希洛大型支线_AvgDialog_C_M.csv,483,AvgDialog,Content,“希洛”,你终于出现了……我等你，已经等了很久了！,やっと現れたな……待ちくたびれたぞ！,,,,,,,,,,,,,,
AvgDialog_6773_Content_57,aoOi,avgV1.3本源希洛大型支线_AvgDialog_C_M.csv,484,AvgDialog,Content,希洛,你太慢了。,遅すぎるのよ。,,,,,,,,,,,,,,
AvgDialog_6773_Content_58,aoOj,avgV1.3本源希洛大型支线_AvgDialog_C_M.csv,485,AvgDialog,Content,,她将手中凝聚出的黏液尖刺掷出，干脆利落地刺穿了“希洛”身上的粘稠脓疱，雪地上洒落一串黑点。,彼女は手の中に凝縮させた融蝕液の棘を放ち、「ヘロット」の体の粘つく膿を貫いた。雪の上に黒い点が点々と零れ落ちる。,,,,,,,,,,,,,,
AvgDialog_6773_Content_59,aoOk,avgV1.3本源希洛大型支线_AvgDialog_C_M.csv,486,AvgDialog,Content,玩家,希洛，你……就是一直跟在我们身后的那个黑影？！,ヘロット、君……\n君が、ずっと私たちの後ろにいた黒い影だったの！？,,,,,,,,,,,,,,
AvgDialog_6773_Content_60,aoOm,avgV1.3本源希洛大型支线_AvgDialog_C_M.csv,487,AvgDialog,Content,希洛,是我。我感知到召唤，来到了这里——和她一样。,私よ。召喚する声を感じて来たの——彼女と同じようにね。,,,,,,,,,,,,,,
AvgDialog_6773_Content_61,aoOn,avgV1.3本源希洛大型支线_AvgDialog_C_M.csv,488,AvgDialog,Content,玩家,为什么不出来见我？,とうして姿を見せてくれなかったの？,,,,,,,,,,,,,,
AvgDialog_6773_Content_62,aoOo,avgV1.3本源希洛大型支线_AvgDialog_C_M.csv,489,AvgDialog,Content,希洛,一股同源的力量将我引到这里，我想看看她到底想要做什么。,同源の力が私をここに導いたのよ。\n彼女が何をするのか、確かめたいと思って。,,,,,,,,,,,,,,
AvgDialog_6773_Content_63,aoOp,avgV1.3本源希洛大型支线_AvgDialog_C_M.csv,490,AvgDialog,Content,希洛,后来，我看到了那只怪物。,その後よ。あの怪物を見たのは。,,,,,,,,,,,,,,
AvgDialog_6773_Content_64,aoOq,avgV1.3本源希洛大型支线_AvgDialog_C_M.csv,491,AvgDialog,Content,希洛,你曾经帮过我。帮你解决掉麻烦，我就不欠你什么了。,君には借りがある。\n君の厄介事を片付ければ、それで貸し借りはなくなるでしょ。,,,,,,,,,,,,,,
AvgDialog_6773_Content_65,aoOr,avgV1.3本源希洛大型支线_AvgDialog_C_M.csv,492,AvgDialog,Content,玩家,怪物？,怪物？,,,,,,,,,,,,,,
AvgDialog_6773_Content_66,aoOs,avgV1.3本源希洛大型支线_AvgDialog_C_M.csv,493,AvgDialog,Content,希洛,猎杀考察队员，让你们落入悬崖的那个怪物。,調査隊員を狩り、君たちを崖から落とした、あの怪物のことよ。,,,,,,,,,,,,,,
AvgDialog_6773_Content_67,aoOt,avgV1.3本源希洛大型支线_AvgDialog_C_M.csv,494,AvgDialog,Content,玩家,所以那些失踪的家伙都是……,それじゃあ、行方不明になった人たちはみんな……,,,,,,,,,,,,,,
AvgDialog_6773_Content_68,aoOu,avgV1.3本源希洛大型支线_AvgDialog_C_M.csv,495,AvgDialog,Content,希洛,嗯。怪物潜伏在你们身后，伺机动手。,そうよ。怪物は君たちの後ろに隠れて、機会を窺っていたってわけ。,,,,,,,,,,,,,,
AvgDialog_6773_Content_69,aoOv,avgV1.3本源希洛大型支线_AvgDialog_C_M.csv,496,AvgDialog,Content,希洛,我试图阻拦和保护过几个人，他们活了下来，但也被怪物抓进了它的巢穴里。,何人かは守ろうとしたのよ。何とか一命は取り留めたけど、結局あの怪物の巣に連れ去られてしまったわ。,,,,,,,,,,,,,,
AvgDialog_6773_Content_70,aoOx,avgV1.3本源希洛大型支线_AvgDialog_C_M.csv,497,AvgDialog,Content,玩家,如果你是希洛，那她是？……,もし君がヘロットなら、彼女は……？,,,,,,,,,,,,,,
AvgDialog_6773_Content_71,aoOy,avgV1.3本源希洛大型支线_AvgDialog_C_M.csv,498,AvgDialog,Content,,希洛目光冰冷，敌视的视线掠过你的肩膀，落在你身后的“另一个希洛”身上。,ヘロットの視線は冷たく、敵意をまとったその眼差しは、あなたの肩越しに、後ろにいるもう一人の「ヘロット」へと向けられた。,,,,,,,,,,,,,,
AvgDialog_6773_Content_72,aoOz,avgV1.3本源希洛大型支线_AvgDialog_C_M.csv,499,AvgDialog,Content,,尖刺随着她隐含冷意的目光飞出，被另一个“希洛”掷出的巨型链球击落在雪地上，融成一滩漆黑的黏液。,彼女の視線とともに放たれた棘は、もう一人の「ヘロット」が投げた巨大な鎖球に叩き落され、雪の上で黒い粘液となって溶けていく。,,,,,,,,,,,,,,
AvgDialog_6773_Content_73,aoOA,avgV1.3本源希洛大型支线_AvgDialog_C_M.csv,500,AvgDialog,Content,玩家,等等……有什么事情，大家好好说……,ちょっと待って……何かあるなら、話し合おうよ……,,,,,,,,,,,,,,
AvgDialog_6773_Content_74,aoOB,avgV1.3本源希洛大型支线_AvgDialog_C_M.csv,501,AvgDialog,Content,,你赶忙拦住她们二人敌对的视线，试图缓和气氛。,あなたは敵対する二人の敵意に満ちた視線の間に割り込み、その場の空気を和らげようとした。,,,,,,,,,,,,,,
AvgDialog_6773_Content_75,aoOC,avgV1.3本源希洛大型支线_AvgDialog_C_M.csv,502,AvgDialog,Content,,但似乎……没什么效果。,しかし……あまり効果はないようだ。,,,,,,,,,,,,,,
AvgDialog_6773_Content_76,aoOD,avgV1.3本源希洛大型支线_AvgDialog_C_M.csv,503,AvgDialog,Content,希洛,你早就感知到了我。这一路，你都在为杀我做准备。,あんた、私がついてきてるって、とっくに気づいてたんでしょ。\nそして道中ずっと、私を殺すための準備をしていたのよね。,,,,,,,,,,,,,,
AvgDialog_6773_Content_77,aoOE,avgV1.3本源希洛大型支线_AvgDialog_C_M.csv,504,AvgDialog,Content,希洛,一个来自另一个维度的碎片，很容易就会失控。如果你想在这个世界活下来，还有别的办法。,別次元から来た欠片なんて、簡単に暴走するわ。\nもしこの世界で生き延びたいのなら、他にも方法はあるはずよ。,,,,,,,,,,,,,,
AvgDialog_6773_Content_78,aoOF,avgV1.3本源希洛大型支线_AvgDialog_C_M.csv,505,AvgDialog,Content,“希洛”,“活着”？我想要的，可不只是什么活着。,「生き延びる」？\n私が望むのは、ただ生きることなどではない。,,,,,,,,,,,,,,
AvgDialog_6773_Content_79,aoOG,avgV1.3本源希洛大型支线_AvgDialog_C_M.csv,506,AvgDialog,Content,,另一个“希洛”舔舐着嘴角沾染的黑浆，链球被她握在手里疯狂旋转，狂风舞动的声音渐渐逼近。,もう一人の「ヘロット」は、口元の黒い泥を舐め取ると、手にした鎖球を振り回し始めた。風のうなりが、徐々に近づいてくる。,,,,,,,,,,,,,,
AvgDialog_6773_Content_80,aoOI,avgV1.3本源希洛大型支线_AvgDialog_C_M.csv,507,AvgDialog,Content,“希洛”,这个世界只能有一个希洛存在。软弱的“我”，才是不该存在的虚影。,この世界に「ヘロット」は一人だけ。\n軟弱な「私」こそ、存在してはいけない幻影だ。,,,,,,,,,,,,,,
AvgDialog_6773_Content_81,aoOJ,avgV1.3本源希洛大型支线_AvgDialog_C_M.csv,508,AvgDialog,Content,玩家,维度、碎片、软弱的“我”……这难道是，本源？！,次元、欠片、弱い「私」……もしかして、これがヘロットの本源！？,,,,,,,,,,,,,,
AvgDialog_6773_Content_82,aoOK,avgV1.3本源希洛大型支线_AvgDialog_C_M.csv,509,AvgDialog,Content,,你回想起了与本源拉蒙娜的相遇。,あなたは、環行・ラモンナとの出会いを思い返した。,,,,,,,,,,,,,,
AvgDialog_6773_Content_83,aoOL,avgV1.3本源希洛大型支线_AvgDialog_C_M.csv,510,AvgDialog,Content,希洛,没错，她这块碎片，是从另一个世界的“我”身上剥落而来。本质上，我们是同一个人。,そうよ。この欠片は、別の世界の「私」から剥がれ落ちたもの。\n本質的に、私たちは同一人物よ。,,,,,,,,,,,,,,
AvgDialog_6773_Content_84,aoOM,avgV1.3本源希洛大型支线_AvgDialog_C_M.csv,511,AvgDialog,Content,希洛,但我不清楚，为什么她会出现在这个世界里……,でも、どうして彼女がこの世界に現れたのかは、わからないわ……,,,,,,,,,,,,,,
AvgDialog_6773_Content_85,aoON,avgV1.3本源希洛大型支线_AvgDialog_C_M.csv,512,AvgDialog,Content,,另一个“希洛”狂妄地放声大笑，将一切汹涌的恶意在笑声里尽情释放。,もう一人の「ヘロット」が声を上げて笑った。その笑い声には、彼女の中で渦巻く悪意のすべてが解き放たれていた。,,,,,,,,,,,,,,
AvgDialog_6773_Content_86,aoOO,avgV1.3本源希洛大型支线_AvgDialog_C_M.csv,513,AvgDialog,Content,“希洛”,哈哈哈……谁和你是同一个人了？,あっはははは……誰がお前と同一人物だって？,,,,,,,,,,,,,,
AvgDialog_6773_Content_87,aoOP,avgV1.3本源希洛大型支线_AvgDialog_C_M.csv,514,AvgDialog,Content,“希洛”,赫伯特说的没错，你和过去的我一样，软弱，迷茫，不堪一击。,ハーバートの言うとおりだ。お前は、昔の私と同じ。\n軟弱で、迷い、そして脆い。,,,,,,,,,,,,,,
AvgDialog_6773_Content_88,aoOQ,avgV1.3本源希洛大型支线_AvgDialog_C_M.csv,515,AvgDialog,Content,玩家,赫伯特……又是他。,ハーバート……またあいつか。,,,,,,,,,,,,,,
AvgDialog_6773_Content_89,aoOR,avgV1.3本源希洛大型支线_AvgDialog_C_M.csv,516,AvgDialog,Content,希洛,"我不知道赫伯特和提灯许诺了你什么，但他是背叛者。
背叛者的话，不值得信任。",ハーバートと提灯教会があんたに何を約束したのか知らないけど、あいつは裏切り者よ。裏切り者の言葉なんて信じるに値しない。,,,,,,,,,,,,,,
AvgDialog_6773_Content_90,aoOT,avgV1.3本源希洛大型支线_AvgDialog_C_M.csv,517,AvgDialog,Content,“希洛”,你根本就不明白，希洛。我没有信任任何人，我来这里，跟任何人都没有关系。,お前は何も分かっていない、ヘロット。私は誰も信じていない。\nここに来たのも、他の誰とも関係ない。,,,,,,,,,,,,,,
AvgDialog_6773_Content_91,aoOU,avgV1.3本源希洛大型支线_AvgDialog_C_M.csv,518,AvgDialog,Content,“希洛”,只有绝对的力量，才能让我完成复仇。,絶対的な力さえあれば、復讐を果たせる。,,,,,,,,,,,,,,
AvgDialog_6773_Content_92,aoOV,avgV1.3本源希洛大型支线_AvgDialog_C_M.csv,519,AvgDialog,Content,,被巨力牵引的链球在她手中挥动着，缓步逼近希洛。,彼女は鎖球を振り回しながら、ゆっくりとヘロットに迫る。,,,,,,,,,,,,,,
AvgDialog_6773_Content_93,aoOW,avgV1.3本源希洛大型支线_AvgDialog_C_M.csv,520,AvgDialog,Content,“希洛”,吞掉你，才能让“希洛”变得强大——,お前を喰らってこそ、「ヘロット」は強くなれる——,,,,,,,,,,,,,,
AvgDialog_6773_Content_94,aoOX,avgV1.3本源希洛大型支线_AvgDialog_C_M.csv,521,AvgDialog,Content,,呼啸着的铁球淹没了她的话语，向你们袭来。,唸る鎖球が彼女の言葉をかき消し、あなたたちに襲いかかる。,,,,,,,,,,,,,,
AvgDialog_6773_Content_96,aoOZ,avgV1.3本源希洛大型支线_AvgDialog_C_M.csv,523,AvgDialog,Content,,希洛避过铁链的重击，将手中的黏液尖刺掷向另一个“希洛”的要害，惊险地稳在了脓疱溢出的冰窟边缘。,ヘロットは鎖球の一撃を避け、粘液の棘をもう一人の「ヘロット」の急所へと投げつけた。膿の穴の端で、かろうじて踏みとどまる。,,,,,,,,,,,,,,
AvgDialog_6773_Content_97,aoPa,avgV1.3本源希洛大型支线_AvgDialog_C_M.csv,524,AvgDialog,Content,玩家,脓疱……脓疱又溢出来了！,膿だ……膿がまた溢れてきた！,,,,,,,,,,,,,,
AvgDialog_6773_Content_98,aoPb,avgV1.3本源希洛大型支线_AvgDialog_C_M.csv,525,AvgDialog,Content,,她们二人同时停手，看向冰湖中央偌大的冰窟窿，从中正缓缓溢出漆黑的粘稠物。,二人は同時に手を止め、氷湖の中央の巨大な氷の穴に目を向ける。\n穴からは、漆黒の粘液がゆっくりと溢れ出していた。,,,,,,,,,,,,,,
AvgDialog_6773_Content_99,aoPc,avgV1.3本源希洛大型支线_AvgDialog_C_M.csv,526,AvgDialog,Content,玩家,这个裂缝正在逐渐扩大，里面的脓疱越来越多，再拖下去，恐怕就再也走不掉了——,この氷の穴、どんどん広がってる……中の膿も増えてるし、このままじゃ、ここから逃げられなくなるよ——,,,,,,,,,,,,,,
AvgDialog_6773_Content_100,aoMH,avgV1.3本源希洛大型支线_AvgDialog_C_M.csv,527,AvgDialog,Content,玩家,我们得赶紧离开，还要带上莉莉她们。,急いでここを離れないと。\nリリーたちも連れていかなきゃ。,,,,,,,,,,,,,,
AvgDialog_6773_Content_101,aoMI,avgV1.3本源希洛大型支线_AvgDialog_C_M.csv,528,AvgDialog,Content,,希洛向周遭扫视了一圈。,ヘロットは周囲を見回した。,,,,,,,,,,,,,,
AvgDialog_6773_Content_102,aoMJ,avgV1.3本源希洛大型支线_AvgDialog_C_M.csv,529,AvgDialog,Content,希洛,莉莉呢？她不是一直和你在一起吗？,リリーは？\nずっと一緒にいたんでしょ？,,,,,,,,,,,,,,
AvgDialog_6773_Content_103,aoMK,avgV1.3本源希洛大型支线_AvgDialog_C_M.csv,530,AvgDialog,Content,玩家,"我们刚刚被怪物推下悬崖的时候，莉莉和几个幸存者还留在上面。
必须找到他们，确认安全后尽快带他们离开。",崖から突き落とされたとき、リリーたちはまだ上に残ってたんだよ。みんなを見つけて安全を確認したら、すぐにここから逃げないと。,,,,,,,,,,,,,,
AvgDialog_6773_Content_104,aoML,avgV1.3本源希洛大型支线_AvgDialog_C_M.csv,531,AvgDialog,Content,,湖面的裂隙下，潜伏着无穷无尽的黑暗隐秘。漆黑的脓疱从不断扩张的冰层裂隙中涌出，将你们团团包围。,湖面の裂け目の下から、底知れぬ闇の気配が漂う。広がり続ける氷の裂け目からは漆黒の膿が次々と湧き出し、あなたたちを取り囲む。,,,,,,,,,,,,,,
AvgDialog_6773_Content_105,aoMM,avgV1.3本源希洛大型支线_AvgDialog_C_M.csv,532,AvgDialog,Content,玩家,莉莉和艾维斯他们还处于危险之中，在这里又脱不开身……,リリーとアイヴィス教授たちもまだ危険な状態なのに、ここから離れられないなんて……,,,,,,,,,,,,,,
AvgDialog_6773_Content_106,aoMN,avgV1.3本源希洛大型支线_AvgDialog_C_M.csv,533,AvgDialog,Content,,两位希洛的身影同时一震，听到了灵魂深处传来的声声疾呼。,二人のヘロットの体が、同時に震えた。\n魂の奥底から響いてくる切実な叫びを聞いたのだ。,,,,,,,,,,,,,,
AvgDialog_6773_Content_107,aoMO,avgV1.3本源希洛大型支线_AvgDialog_C_M.csv,534,AvgDialog,Content,希洛,又是……那个声音。,まただ……またあの声。,,,,,,,,,,,,,,
AvgDialog_6773_Content_108,aoMP,avgV1.3本源希洛大型支线_AvgDialog_C_M.csv,535,AvgDialog,Content,,另一个“希洛”操控链球砸出一道深坑，无数脓疱从坑里顺势上爬，从地面黏上了她的链球。,もう一人の「ヘロット」が、鎖球を叩きつけて深い穴を穿つ。そこから無数の膿が這い上がり、地面を伝い、鎖球に纏わりついた。,,,,,,,,,,,,,,
AvgDialog_6773_Content_109,aoMQ,avgV1.3本源希洛大型支线_AvgDialog_C_M.csv,536,AvgDialog,Content,,脓疱扭动着身躯，从四面八方集结而来，而她却突然停了下来。,膿は蠢きながら、四方から集まってくるが、彼女は突然動きを止めた。,,,,,,,,,,,,,,
AvgDialog_6773_Content_110,aoMS,avgV1.3本源希洛大型支线_AvgDialog_C_M.csv,537,AvgDialog,Content,,她的脸上，涌现出癫狂的笑意。,彼女の顔に、狂気を孕んだ笑みが浮かぶ。,,,,,,,,,,,,,,
AvgDialog_6773_Content_111,aoMT,avgV1.3本源希洛大型支线_AvgDialog_C_M.csv,538,AvgDialog,Content,“希洛”,没错……是这个……就是这个！,そうだ……これだ……これだ！,,,,,,,,,,,,,,
AvgDialog_6773_Content_112,aoMU,avgV1.3本源希洛大型支线_AvgDialog_C_M.csv,539,AvgDialog,Content,“希洛”,是@3！祂看见我们了，希洛……祂在召唤我们！,@3だ！あいつが私たちを見ているぞ、ヘロット……あいつが我々を呼んでいる！,,,,,,,,,,,,,,
AvgDialog_6773_Content_113,aoMV,avgV1.3本源希洛大型支线_AvgDialog_C_M.csv,540,AvgDialog,Content,玩家,和我们一起先逃离这个地方！,まずは逃げよう、私たちと一緒に！,,,,,,,,,,,,,,
AvgDialog_6773_Content_114,aoMW,avgV1.3本源希洛大型支线_AvgDialog_C_M.csv,541,AvgDialog,Content,“希洛”,逃？不，我来这里，不是为了逃的。,逃げる？断る。\n私がここに来たのは、逃げるためじゃない。,,,,,,,,,,,,,,
AvgDialog_6773_Content_115,aoMX,avgV1.3本源希洛大型支线_AvgDialog_C_M.csv,542,AvgDialog,Content,玩家,别犯傻！这些脓疱只会不断地涌出来，继续下去，你会被吞噬掉的！,何を言っているんだ！この膿は、次から次へと湧いてくるんだ。\nこのままじゃ、君も呑み込まれる！,,,,,,,,,,,,,,
AvgDialog_6773_Content_116,aoMY,avgV1.3本源希洛大型支线_AvgDialog_C_M.csv,543,AvgDialog,Content,“希洛”,如果，是我吞噬它呢？,もし私が、そいつを呑み込んだら？,,,,,,,,,,,,,,
AvgDialog_6773_Content_117,aoMZ,avgV1.3本源希洛大型支线_AvgDialog_C_M.csv,544,AvgDialog,Content,玩家,什么？,なんだって？,,,,,,,,,,,,,,
AvgDialog_6773_Content_118,aoNa,avgV1.3本源希洛大型支线_AvgDialog_C_M.csv,545,AvgDialog,Content,“希洛”,这些脓疱是属于这座山的。你也感受到了吧，希洛？它一直在呼唤我们的回归。这是我们的命运。,この膿は、この山に属するもの。お前も感じるだろう、ヘロット？私たちに還れと、ずっと呼びかけている……これが私たちの運命だ。,,,,,,,,,,,,,,
AvgDialog_6773_Content_119,aoNb,avgV1.3本源希洛大型支线_AvgDialog_C_M.csv,546,AvgDialog,Content,“希洛”,来吧，希洛，和我一起，与这座山融合，和我一起，面对我们共同的命运……,さあ来い、ヘロット。この山とひとつになるんだ。\n私と共に、運命に向き合うんだ……！,,,,,,,,,,,,,,
AvgDialog_6773_Content_120,aoNd,avgV1.3本源希洛大型支线_AvgDialog_C_M.csv,547,AvgDialog,Content,“希洛”,它想吞噬我们，汲取我们的力量，那么反过来，我们也可以吞噬它！,あいつは私たちを呑み込んで、力を奪おうとしている。\nだったら逆に、私たちがあいつを呑み込んでやればいい！,,,,,,,,,,,,,,
AvgDialog_6773_Content_121,aoNe,avgV1.3本源希洛大型支线_AvgDialog_C_M.csv,548,AvgDialog,Content,,希洛冷脸站立在你身边。,ヘロットは冷ややかな表情で、あなたの傍らに立っている。,,,,,,,,,,,,,,
AvgDialog_6773_Content_122,aoNf,avgV1.3本源希洛大型支线_AvgDialog_C_M.csv,549,AvgDialog,Content,希洛,即使是我这样的实体，也无法抵抗这股庞大力量带来的疯狂，更不要说你这块来自其他维度的碎片。,私のような実体でさえ、この圧倒的な力がもたらす狂気に抗えない。ましてや、異次元から来た破片であるあなたは、なおさらでしょ。,,,,,,,,,,,,,,
AvgDialog_6773_Content_123,aoNg,avgV1.3本源希洛大型支线_AvgDialog_C_M.csv,550,AvgDialog,Content,“希洛”,呵……要是害怕了，那就快走吧，懦夫。你们不是还要去找人吗？,ふん……怖気づいたのなら、さっさと逃げるがいい、臆病者め。\nお前たちは人を探しに行くのではなかったか？,,,,,,,,,,,,,,
AvgDialog_6773_Content_124,aoNh,avgV1.3本源希洛大型支线_AvgDialog_C_M.csv,551,AvgDialog,Content,“希洛”,"放心，等我吞噬掉它们，我会再去找你们的。
到时候，我会连你们一起吞掉。",安心しろ。あいつらを呑み込んだら、また迎えに行ってやる。\nそのときは、お前たち全員まとめて呑み込んでやる。,,,,,,,,,,,,,,
AvgDialog_6773_Content_125,aoNi,avgV1.3本源希洛大型支线_AvgDialog_C_M.csv,552,AvgDialog,Content,“希洛”,来吧，都来吧！给我更多、更多……,さあ来てみろ！\nもっと、もっとだ……！,,,,,,,,,,,,,,
AvgDialog_6773_Content_126,aoNj,avgV1.3本源希洛大型支线_AvgDialog_C_M.csv,553,AvgDialog,Content,希洛,……我们走吧。,……行くわよ。,,,,,,,,,,,,,,
AvgDialog_6773_Content_127,aoNk,avgV1.3本源希洛大型支线_AvgDialog_C_M.csv,554,AvgDialog,Content,玩家,希洛？,ヘロット？,,,,,,,,,,,,,,
AvgDialog_6773_Content_128,aoNl,avgV1.3本源希洛大型支线_AvgDialog_C_M.csv,555,AvgDialog,Content,希洛,不知道这个疯子想要做什么。比起在这里陪她发疯，我们还有更重要的事要做。我会帮你找到莉莉。,ここで狂人に付き合ってる暇はないわ。私たちにはもっと大切なことがあるでしょ。リリーを見つけるのを手伝ってあげる。,,,,,,,,,,,,,,
AvgDialog_6812_Content_1,aoXF,avgV1.3本源希洛大型支线_AvgDialog_C_M.csv,556,AvgDialog,Content,,祭品,生贄,,,,,,,,,,,,,,
AvgDialog_6812_Content_2,aoYa,avgV1.3本源希洛大型支线_AvgDialog_C_M.csv,557,AvgDialog,Content,,你们循着几乎无处落脚的冰川石壁攀爬而上，依据希洛对莉莉的模糊感应，钻进了这道岩缝之中。,あなたたちは足場もほとんどない氷壁をよじ登り、ヘロットがリリーに感じるわずかな気配を頼りに、岩の裂け目へと入り込んだ。,,,,,,,,,,,,,,
AvgDialog_6812_Content_3,aoYl,avgV1.3本源希洛大型支线_AvgDialog_C_M.csv,558,AvgDialog,Content,,冰川内部的岩缝本该挤满冰雪，这里气温却并不低，甚至在内壁上挂着令人不安的藓。,氷河の裂け目の内部は本来なら氷雪で満たされているはずなのに、気温はさほど低くない。内壁には不気味な苔さえ生えていた。,,,,,,,,,,,,,,
AvgDialog_6812_Content_4,aoYw,avgV1.3本源希洛大型支线_AvgDialog_C_M.csv,559,AvgDialog,Content,玩家,把她留在那里，真的好吗？,彼女をあそこに置いてきて、本当によかったのかな？,,,,,,,,,,,,,,
AvgDialog_6812_Content_5,aoYH,avgV1.3本源希洛大型支线_AvgDialog_C_M.csv,560,AvgDialog,Content,希洛,这是她自己的选择。,それが、あいつ自身の選択から。,,,,,,,,,,,,,,
AvgDialog_6812_Content_6,aoYS,avgV1.3本源希洛大型支线_AvgDialog_C_M.csv,561,AvgDialog,Content,玩家,她在那里，也算是为我们争取了时间，我们得加紧……啊！,彼女があっちに残ってくれたおかげで、私たちの時間が稼げた。\n急がないと……うわっ！,,,,,,,,,,,,,,
AvgDialog_6812_Content_7,aoZd,avgV1.3本源希洛大型支线_AvgDialog_C_M.csv,562,AvgDialog,Content,,你被地上一截突出的白骨绊了一跤，被希洛眼疾手快地抓住，拽了回来。,あなたは地面から突き出した白骨に足をとられ、よろけた。\nだがヘロットが素早く手を掴み、引き戻してくれた。,,,,,,,,,,,,,,
AvgDialog_6812_Content_8,aoZo,avgV1.3本源希洛大型支线_AvgDialog_C_M.csv,563,AvgDialog,Content,,绊倒你的，是一根嵌进墙壁内的完整人类腿骨，如同被岩石墙壁吞吃入内后，留下的残渣。,あなたがつまずいたのは、壁に埋め込まれた人間の大腿骨だった。\nまるで岩の壁に飲み込まれた後に、残された残骸のように見える。,,,,,,,,,,,,,,
AvgDialog_6812_Content_9,aoZz,avgV1.3本源希洛大型支线_AvgDialog_C_M.csv,564,AvgDialog,Content,玩家,这……这是？！,こ……これは！？,,,,,,,,,,,,,,
AvgDialog_6812_Content_10,aoXG,avgV1.3本源希洛大型支线_AvgDialog_C_M.csv,565,AvgDialog,Content,希洛,一些不够幸运的登山者。,不運な登山者たちよ。,,,,,,,,,,,,,,
AvgDialog_6812_Content_11,aoXR,avgV1.3本源希洛大型支线_AvgDialog_C_M.csv,566,AvgDialog,Content,玩家,这些尸体为什么在墙壁里面？墙……会吃人吗？,どうして死体が壁の中に？\n壁が……人を食べるの？,,,,,,,,,,,,,,
AvgDialog_6812_Content_12,aoXS,avgV1.3本源希洛大型支线_AvgDialog_C_M.csv,567,AvgDialog,Content,希洛,现在需要我们操心的事情已经够多了。继续赶路吧。,今はほかにも気にしなくちゃいけないことが山ほどあるでしょう。\n急ぐわよ。,,,,,,,,,,,,,,
AvgDialog_6812_Content_13,aoXT,avgV1.3本源希洛大型支线_AvgDialog_C_M.csv,568,AvgDialog,Content,,……,……,,,,,,,,,,,,,,
AvgDialog_6812_Content_14,aoXU,avgV1.3本源希洛大型支线_AvgDialog_C_M.csv,569,AvgDialog,Content,玩家,……这里的味道有点奇怪，和我们之前闻到的恶臭很类似，不过要强烈许多。也许跟火山活动有关。,……ここ、変な臭いがする。前に嗅いだ臭いとよく似てるけど、あれよりずっと強烈だ。火山活動と関係してるんだろうね。,,,,,,,,,,,,,,
AvgDialog_6812_Content_15,aoXV,avgV1.3本源希洛大型支线_AvgDialog_C_M.csv,570,AvgDialog,Content,玩家,我们可能正在接近火山口。,火山に近づいてるのかもしれない。,,,,,,,,,,,,,,
AvgDialog_6812_Content_16,aoXW,avgV1.3本源希洛大型支线_AvgDialog_C_M.csv,571,AvgDialog,Content,希洛,这个味道，有些熟悉……,この臭い、どこかで嗅いだことがある……,,,,,,,,,,,,,,
AvgDialog_6812_Content_17,aoXX,avgV1.3本源希洛大型支线_AvgDialog_C_M.csv,572,AvgDialog,Content,希洛,墙壁在冒热气，这洞窟不太寻常。,壁が熱を持っている。ここはただの洞窟じゃなさそうね。,,,,,,,,,,,,,,
AvgDialog_6812_Content_18,aoXY,avgV1.3本源希洛大型支线_AvgDialog_C_M.csv,573,AvgDialog,Content,玩家,是这样吗？我摸摸看。,そうなの？\nちょっと触ってみるよ。,,,,,,,,,,,,,,
AvgDialog_6812_Content_19,aoXZ,avgV1.3本源希洛大型支线_AvgDialog_C_M.csv,574,AvgDialog,Content,玩家,嗯？希洛，你从我身上拿了什么？,ん？ヘロット、私の体から何を取ったの？,,,,,,,,,,,,,,
AvgDialog_6812_Content_20,aoYb,avgV1.3本源希洛大型支线_AvgDialog_C_M.csv,575,AvgDialog,Content,希洛,一些掉在你身上的脏东西。,ちょっとした汚れ。,,,,,,,,,,,,,,
AvgDialog_6812_Content_21,aoYc,avgV1.3本源希洛大型支线_AvgDialog_C_M.csv,576,AvgDialog,Content,玩家,！！！,！！！,,,,,,,,,,,,,,
AvgDialog_6812_Content_22,aoYd,avgV1.3本源希洛大型支线_AvgDialog_C_M.csv,577,AvgDialog,Content,,她将手上的小型黑色脓疱甩到墙上，一剑刺穿。,ヘロットは、手にした小さな黒い膿を壁に投げつけ、剣で突き刺した。,,,,,,,,,,,,,,
AvgDialog_6812_Content_23,aoYe,avgV1.3本源希洛大型支线_AvgDialog_C_M.csv,578,AvgDialog,Content,希洛,走吧。,行くわよ。,,,,,,,,,,,,,,
AvgDialog_6812_Content_24,aoYf,avgV1.3本源希洛大型支线_AvgDialog_C_M.csv,579,AvgDialog,Content,,……,……,,,,,,,,,,,,,,
AvgDialog_6812_Content_25,aoYg,avgV1.3本源希洛大型支线_AvgDialog_C_M.csv,580,AvgDialog,Content,玩家,越往里面，恶臭的气味越浓……哦，抱歉，挤到你了。,奥へ行くほど、臭いがひどくなるね……\nあ、ごめん、ぶつかっちゃった。,,,,,,,,,,,,,,
AvgDialog_6812_Content_26,aoYh,avgV1.3本源希洛大型支线_AvgDialog_C_M.csv,581,AvgDialog,Content,希洛,再靠近的话，后果自负，人类。,これ以上近づいたら、後悔するわよ、人間。,,,,,,,,,,,,,,
AvgDialog_6812_Content_27,aoYi,avgV1.3本源希洛大型支线_AvgDialog_C_M.csv,582,AvgDialog,Content,玩家,真的不能怪我，是路越变越窄了……这个墙好像会动……,ほんとに私のせいじゃないよ。道がどんどん狭くなってて……\nこの壁、なんか動いてる……？,,,,,,,,,,,,,,
AvgDialog_6812_Content_28,aoYj,avgV1.3本源希洛大型支线_AvgDialog_C_M.csv,583,AvgDialog,Content,希洛,下次可以找个好点的理由。,次はもう少しマシな理由を考えることね。,,,,,,,,,,,,,,
AvgDialog_6812_Content_29,aoYk,avgV1.3本源希洛大型支线_AvgDialog_C_M.csv,584,AvgDialog,Content,？？？,<Small:呃……啊啊啊啊……求你放过我们……>,<Small:うっ……ああああ……た、助けて……>,,,,,,,,,,,,,,
AvgDialog_6812_Content_30,aoYm,avgV1.3本源希洛大型支线_AvgDialog_C_M.csv,585,AvgDialog,Content,,微弱的声音从洞穴深处传来。,洞窟の奥から、微かな声が聞こえてくる。,,,,,,,,,,,,,,
AvgDialog_6812_Content_31,aoYn,avgV1.3本源希洛大型支线_AvgDialog_C_M.csv,586,AvgDialog,Content,玩家,里面有人！终于找到他们了！,中に誰かいる！やっと見つけた！,,,,,,,,,,,,,,
AvgDialog_6812_Content_32,aoYo,avgV1.3本源希洛大型支线_AvgDialog_C_M.csv,587,AvgDialog,Content,,你正想要往内深入，一只手拽住了你的手臂，希洛面色凝重地冲你摇了摇头。,奥へ踏み込もうとしたそのとき、ヘロットがあなたの腕を掴んだ。\n彼女は険しい顔で首を横に振る。,,,,,,,,,,,,,,
AvgDialog_6812_Content_33,aoYp,avgV1.3本源希洛大型支线_AvgDialog_C_M.csv,588,AvgDialog,Content,希洛,你说的没错……墙壁正在变窄。再往里深入，就出不去了。,君の言うとおりだった……壁が狭まってる。\nこれ以上奥に進んだら、戻れなくなるわ。,,,,,,,,,,,,,,
AvgDialog_6812_Content_34,aoYq,avgV1.3本源希洛大型支线_AvgDialog_C_M.csv,589,AvgDialog,Content,,墙壁像是在回应她的话，开始缓慢地蠕动。,彼女の言葉に応えるように、壁がゆっくりと蠢き始めた。,,,,,,,,,,,,,,
AvgDialog_6812_Content_35,aoYr,avgV1.3本源希洛大型支线_AvgDialog_C_M.csv,590,AvgDialog,Content,,一只腐化的手掌从墙里缓缓翻出，紧接着是大腿、头颅……,壁の中から、腐りかけた手がゆっくりと現れた。\n次に脚、そして頭と続き……,,,,,,,,,,,,,,
AvgDialog_6812_Content_36,aoYs,avgV1.3本源希洛大型支线_AvgDialog_C_M.csv,591,AvgDialog,Content,,数不清的尸块从墙壁上涌出，有的已是森森白骨，有的还带着腐烂的肉块。,数え切れないほどの死体の欠片が、壁から溢れ出した。あるものは白骨と化し、あるものは腐りかけた肉塊をぶら下げている。,,,,,,,,,,,,,,
AvgDialog_6812_Content_37,aoYt,avgV1.3本源希洛大型支线_AvgDialog_C_M.csv,592,AvgDialog,Content,,来自不同的登山者的斑驳碎肢，如同一朵腐败残忍的花，在你面前缓缓盛开。,さまざまな登山者のものと思しき四肢の欠片が、腐り朽ちた花のようにあなたの目の前でゆっくりと広がっていく。,,,,,,,,,,,,,,
AvgDialog_6812_Content_38,aoYu,avgV1.3本源希洛大型支线_AvgDialog_C_M.csv,593,AvgDialog,Content,玩家,这是？！……,これは……！？,,,,,,,,,,,,,,
AvgDialog_6812_Content_39,aoYv,avgV1.3本源希洛大型支线_AvgDialog_C_M.csv,594,AvgDialog,Content,玩家,原来……这就是恶臭的来源……,ああ……これが、悪臭の原因か……,,,,,,,,,,,,,,
AvgDialog_6812_Content_40,aoYx,avgV1.3本源希洛大型支线_AvgDialog_C_M.csv,595,AvgDialog,Content,玩家,如果我们两个一起进去，很可能会出不来。希洛，你在外面等着我！,二人で入ったら、出られなくなってしまうかもしれない。\nヘロット、君は外で待ってて！,,,,,,,,,,,,,,
AvgDialog_6812_Content_41,aoYy,avgV1.3本源希洛大型支线_AvgDialog_C_M.csv,596,AvgDialog,Content,希洛,喂……！,ちょっと……！,,,,,,,,,,,,,,
AvgDialog_6812_Content_42,aoYz,avgV1.3本源希洛大型支线_AvgDialog_C_M.csv,597,AvgDialog,Content,,没等她说完，你挣开她的手，一头冲进了散发着恶臭的幽深甬道。,彼女の言葉が終わるより先に、あなたはその手を振りほどき、悪臭漂う暗い通り道に飛び込んだ。,,,,,,,,,,,,,,
AvgDialog_6812_Content_43,aoYA,avgV1.3本源希洛大型支线_AvgDialog_C_M.csv,598,AvgDialog,Content,,……,……,,,,,,,,,,,,,,
AvgDialog_6812_Content_44,aoYB,avgV1.3本源希洛大型支线_AvgDialog_C_M.csv,599,AvgDialog,Content,玩家,莉莉！艾维斯教授！向导！你们在哪里？,リリー！アイヴィス教授！ガイドさん！みんな、どこにいるの！？,,,,,,,,,,,,,,
AvgDialog_6812_Content_45,aoYC,avgV1.3本源希洛大型支线_AvgDialog_C_M.csv,600,AvgDialog,Content,？？？,向伟大的@3……祭奠……,偉大なる@3……へ捧げ……,,,,,,,,,,,,,,
AvgDialog_6812_Content_46,aoYD,avgV1.3本源希洛大型支线_AvgDialog_C_M.csv,601,AvgDialog,Content,,你循声迈入洞穴的尽头，无数岩块与尖刺围拥的所在，拱卫着一座漆黑的祭坛。,声を頼りに、洞窟の奥へと進む。奥には漆黒の祭壇が鎮座していた。無数の岩塊と尖った突起が、祭壇を守るように取り囲んでいる。,,,,,,,,,,,,,,
AvgDialog_6812_Content_47,aoYE,avgV1.3本源希洛大型支线_AvgDialog_C_M.csv,602,AvgDialog,Content,,祭坛上有几个暗红色人体，瑟缩地跪拜在地，已经没了声息。,祭壇の上には、赤黒い人影がいくつか見えた。\n体を丸めて地面に跪いているそれらは、すべて息絶えていた。,,,,,,,,,,,,,,
AvgDialog_6812_Content_48,aoYF,avgV1.3本源希洛大型支线_AvgDialog_C_M.csv,603,AvgDialog,Content,玩家,还是来迟了一步……,一足遅かったか……,,,,,,,,,,,,,,
AvgDialog_6812_Content_49,aoYG,avgV1.3本源希洛大型支线_AvgDialog_C_M.csv,604,AvgDialog,Content,,你从通道的阴影中伸出了头，看向人们顶礼膜拜的上空。,あなたは通り道の陰から顔を出し、人々が崇める頭上を見上げた。,,,,,,,,,,,,,,
AvgDialog_6812_Content_50,aoYI,avgV1.3本源希洛大型支线_AvgDialog_C_M.csv,605,AvgDialog,Content,,穹顶之上有一块不自然的破损，岩石的空洞里，悬浮着那只曾有过一面之缘、刻画着提灯教会印记的荧蓝色怪物。,天井には不自然な裂け目があり、岩の空洞に青い蛍光色の怪物がいた。かつて一度だけ遭遇した、提灯教会の印が刻まれたあの怪物だ。,,,,,,,,,,,,,,
AvgDialog_6812_Content_51,aoYJ,avgV1.3本源希洛大型支线_AvgDialog_C_M.csv,606,AvgDialog,Content,,那是无比恐怖和庞大的生物，这也是你第一次得以仔细打量它的外表。,それはこの上なく恐ろしく、巨大な生物だった。\nあなたがその外見をじっくりと観察できたのは、これが初めてだ。,,,,,,,,,,,,,,
AvgDialog_6812_Content_52,aoYK,avgV1.3本源希洛大型支线_AvgDialog_C_M.csv,607,AvgDialog,Content,,近似于节肢动物的骨骼外露，体表覆着一层冰霜，肢体中心跳动着一簇极为特殊的蓝色火焰，喷薄出令人窒息的寒意。,節足動物のような骨格が剥き出しになり、体表は霜に覆われている。体の中心では青い炎が揺れ、息が詰まるほどの冷気を放っていた。,,,,,,,,,,,,,,
AvgDialog_6812_Content_53,aoYL,avgV1.3本源希洛大型支线_AvgDialog_C_M.csv,608,AvgDialog,Content,？？？,吼……,うっ……,,,,,,,,,,,,,,
AvgDialog_6812_Content_54,aoYM,avgV1.3本源希洛大型支线_AvgDialog_C_M.csv,609,AvgDialog,Content,玩家,又是这些脓疱，这下麻烦了……,またこの膿か、厄介だな……,,,,,,,,,,,,,,
AvgDialog_6812_Content_55,aoYN,avgV1.3本源希洛大型支线_AvgDialog_C_M.csv,610,AvgDialog,Content,莉莉,不许伤害大%brotherorsister1%！,お%brotherorsister1%を傷つけちゃダメ！,,,,,,,,,,,,,,
AvgDialog_6812_Content_57,aoYP,avgV1.3本源希洛大型支线_AvgDialog_C_M.csv,612,AvgDialog,Content,,黑色的球体出现在你面前，将那些袭向你的脓疱碾成一滩滩肮脏的液体。,黒い球体があなたの前に現れ、襲いかかってきた膿を押し潰していった。潰された海は、汚れた液体に変わる。,,,,,,,,,,,,,,
AvgDialog_6812_Content_58,aoYQ,avgV1.3本源希洛大型支线_AvgDialog_C_M.csv,613,AvgDialog,Content,玩家,莉莉？！你没事吧？,リリー！？大丈夫？,,,,,,,,,,,,,,
AvgDialog_6812_Content_59,aoYR,avgV1.3本源希洛大型支线_AvgDialog_C_M.csv,614,AvgDialog,Content,莉莉,莉莉没事。那个坏东西，是凶手。,リリーは大丈夫。\nあの黒いやつ、あいつが犯人。,,,,,,,,,,,,,,
AvgDialog_6812_Content_60,aoYT,avgV1.3本源希洛大型支线_AvgDialog_C_M.csv,615,AvgDialog,Content,,莉莉从一处孔隙中钻出来，小手拖着一根长长的登山绳，另一头则缀着两个被裹得严实、动弹不得的成年人。,リリーは小さな手で長い登山用のロープを引きずっていた。その先にはしっかりと包まれ身動きのとれない大人が二人、くくられている。,,,,,,,,,,,,,,
AvgDialog_6812_Content_61,aoYU,avgV1.3本源希洛大型支线_AvgDialog_C_M.csv,616,AvgDialog,Content,莉莉,他们都被这个坏东西冻僵了，但还没有死掉。莉莉记得大%brotherorsister1%的话，莉莉——要保护他们。,みんな悪いやつに凍らされちゃったの。でも、まだ死んでないよ。\nリリー、お%brotherorsister1%の言ったこと、覚えている。みんなを守る。,,,,,,,,,,,,,,
AvgDialog_6812_Content_62,aoYV,avgV1.3本源希洛大型支线_AvgDialog_C_M.csv,617,AvgDialog,Content,莉莉,但是莉莉不记得路，走错了，才走到了这里……,でも、リリー、道わかんなくて、間違えて……\nここに来ちゃったの……,,,,,,,,,,,,,,
AvgDialog_6812_Content_63,aoYW,avgV1.3本源希洛大型支线_AvgDialog_C_M.csv,618,AvgDialog,Content,玩家,莉莉，你知道这里是什么地方吗？,リリー、ここがどんな場所かわかる？,,,,,,,,,,,,,,
AvgDialog_6812_Content_64,aoYX,avgV1.3本源希洛大型支线_AvgDialog_C_M.csv,619,AvgDialog,Content,,莉莉抬起头，天真地看着头顶蜷起身体的怪物。,リリーは顔を上げ、頭上で体を丸めている怪物を無邪気に見つめた。,,,,,,,,,,,,,,
AvgDialog_6812_Content_65,aoYY,avgV1.3本源希洛大型支线_AvgDialog_C_M.csv,620,AvgDialog,Content,莉莉,这里是……嗯，怪物睡觉的地方。,ここは……うん、怪物がおやすみするところ。,,,,,,,,,,,,,,
AvgDialog_6812_Content_66,aoYZ,avgV1.3本源希洛大型支线_AvgDialog_C_M.csv,621,AvgDialog,Content,,祭坛上的逝者身上沾满了血渍，仔细一看，都是考察队之前失踪的熟面孔。,祭壇の上の亡骸は、血まみれだった。\nよく見ると、そのすべてが以前に行方不明となった調査隊員たちだ。,,,,,,,,,,,,,,
AvgDialog_6812_Content_67,aoZa,avgV1.3本源希洛大型支线_AvgDialog_C_M.csv,622,AvgDialog,Content,,你带着莉莉从甬道里溜出，穿梭在碎石堆里。在尚未惊动怪物的情况下，成功接近了祭坛。,あなたはリリーを連れて通り道を抜け、瓦礫の山を縫うように進む。怪物に気づかれることなく、なんとか祭壇に近づくことができた。,,,,,,,,,,,,,,
AvgDialog_6812_Content_68,aoZb,avgV1.3本源希洛大型支线_AvgDialog_C_M.csv,623,AvgDialog,Content,玩家,这家伙，恐怕是在筹划生人活祭。,これはたぶん、生贄の儀式を計画してる。,,,,,,,,,,,,,,
AvgDialog_6812_Content_69,aoZc,avgV1.3本源希洛大型支线_AvgDialog_C_M.csv,624,AvgDialog,Content,莉莉,是……什么？,んと……なあに？,,,,,,,,,,,,,,
AvgDialog_6812_Content_70,aoZe,avgV1.3本源希洛大型支线_AvgDialog_C_M.csv,625,AvgDialog,Content,玩家,通过献祭活人的方式，唤醒某位存在。这怪物被提灯教会控制，他们想让不该存在于世的家伙再度归来。,生きた人間を捧げて、何かを目覚めさせようとしてる。提灯教会はあの怪物を使って、この世にいてはならない存在を呼ぶつもりなんだ。,,,,,,,,,,,,,,
AvgDialog_6812_Content_71,aoZf,avgV1.3本源希洛大型支线_AvgDialog_C_M.csv,626,AvgDialog,Content,莉莉,那个家伙……是什么东西呢？,あの子……なんなのかなぁ？,,,,,,,,,,,,,,
AvgDialog_6812_Content_72,aoZg,avgV1.3本源希洛大型支线_AvgDialog_C_M.csv,627,AvgDialog,Content,玩家,不清楚，上课的时候只提到过这种活祭仪式……,わからない……大学の講義では、この手の生贄の儀式については、ちょっと触れただけだったから……,,,,,,,,,,,,,,
AvgDialog_6812_Content_73,aoZh,avgV1.3本源希洛大型支线_AvgDialog_C_M.csv,628,AvgDialog,Content,玩家,看来怪物供奉的那位，对祭品很挑剔，所以这里才只有几个人。,どうやら、この怪物が仕えている相手は捧げる生贄にこだわりがあるみたいだ。だから、ここにいる人も少ないんじゃないかな。,,,,,,,,,,,,,,
AvgDialog_6812_Content_74,aoZi,avgV1.3本源希洛大型支线_AvgDialog_C_M.csv,629,AvgDialog,Content,玩家,之前那些被杀害的考察队员，体表多处伤口和全身粉碎性骨折，都只是……不想要的祭品，所以能随意处置。,前に殺された調査隊員は、傷だらけで粉砕骨折があったりしたけど……あれは不要な生贄だったから、適当に処分されたんだろうな。,,,,,,,,,,,,,,
AvgDialog_6812_Content_75,aoZj,avgV1.3本源希洛大型支线_AvgDialog_C_M.csv,630,AvgDialog,Content,玩家,面对轻而易举碾死的生物，它们连一点可悲的仁慈都欠奉。,簡単に踏みつぶせる命を哀れむ気持ちなんて、微塵もないんだよ。,,,,,,,,,,,,,,
AvgDialog_6812_Content_76,aoZk,avgV1.3本源希洛大型支线_AvgDialog_C_M.csv,631,AvgDialog,Content,,你咬紧了牙，试图不让愤怒和悲哀影响自己。莉莉察觉到了你的情绪，贴得更近了一些，试图给你一点安慰。,あなたは歯を食いしばり、怒りと悲しみを押し込めようとする。\nその様子に気づいたリリーが、慰めようとそっと寄り添ってくれた。,,,,,,,,,,,,,,
AvgDialog_6812_Content_77,aoZl,avgV1.3本源希洛大型支线_AvgDialog_C_M.csv,632,AvgDialog,Content,,沉默了片刻，你摸了摸莉莉的头，皮肤上传来温热的触感——那是如此鲜活的生命。,しばしの沈黙の後、あなたはリリーの頭をそっと撫でた。\n指先に伝わる温かな感触——それは、確かに息づく命の証だった。,,,,,,,,,,,,,,
AvgDialog_6812_Content_78,aoZm,avgV1.3本源希洛大型支线_AvgDialog_C_M.csv,633,AvgDialog,Content,玩家,莉莉，现在，我们要带活着的人回家。,リリー。\n私たちは今生きている人たちを、ちゃんと家に連れて帰ろう。,,,,,,,,,,,,,,
AvgDialog_6812_Content_79,aoZn,avgV1.3本源希洛大型支线_AvgDialog_C_M.csv,634,AvgDialog,Content,玩家,把他们拖走，对，就是这样……等等，小心！,引きずっていこう、そう、その調子……待って、気をつけて！,,,,,,,,,,,,,,
AvgDialog_6812_Content_80,aoZp,avgV1.3本源希洛大型支线_AvgDialog_C_M.csv,635,AvgDialog,Content,,莉莉拖动尸体的力气太大，冰雕般的人体与碎石狠狠相撞，你们背后猝然亮起荧蓝的火焰。,リリーが力を入れすぎたのか、氷像の人体が瓦礫と激しくぶつかる。その直後、あなたたちの背後で蒼い炎が突如燃え上がった。,,,,,,,,,,,,,,
AvgDialog_6812_Content_81,aoZq,avgV1.3本源希洛大型支线_AvgDialog_C_M.csv,636,AvgDialog,Content,玩家,不好，它看见我们了！,まずい、見つかった！,,,,,,,,,,,,,,
AvgDialog_6812_Content_82,aoZr,avgV1.3本源希洛大型支线_AvgDialog_C_M.csv,637,AvgDialog,Content,,寒风如同利刃般割过脸颊。怪物喷吐着冰雾，转而盯住了阴影中的你们，伸展着骨骼朝你们逼近。,寒風が刃のように頬を裂く。怪物は氷の霧を吐き散らし、闇に潜むあなたたちに狙いを定めて、骨をきしませながら迫ってきた。,,,,,,,,,,,,,,
AvgDialog_6812_Content_83,aoZs,avgV1.3本源希洛大型支线_AvgDialog_C_M.csv,638,AvgDialog,Content,莉莉,……走开！,……あっちいって！,,,,,,,,,,,,,,
AvgDialog_6812_Content_84,aoZt,avgV1.3本源希洛大型支线_AvgDialog_C_M.csv,639,AvgDialog,Content,怪物,吼——,グオォォォーー,,,,,,,,,,,,,,
AvgDialog_6812_Content_85,aoZu,avgV1.3本源希洛大型支线_AvgDialog_C_M.csv,640,AvgDialog,Content,,莉莉操控巨球，将偌大的怪物砸入墙体中。它发出了愤怒的嚎叫。,リリーは巨大な球体を操り、怪物を壁に叩きつけた。\n怪物が怒りの咆哮を上げる。,,,,,,,,,,,,,,
AvgDialog_6812_Content_86,aoZv,avgV1.3本源希洛大型支线_AvgDialog_C_M.csv,641,AvgDialog,Content,,你们拖起两个奄奄一息的考察队员，冲进了甬道。,あなたたちは瀕死の調査隊員二人を抱え上げ、細い通路に駆け込んだ。,,,,,,,,,,,,,,
AvgDialog_6812_Content_87,aoZw,avgV1.3本源希洛大型支线_AvgDialog_C_M.csv,642,AvgDialog,Content,玩家,快！这边！,早く！こっちだ！,,,,,,,,,,,,,,
AvgDialog_6812_Content_88,aoZx,avgV1.3本源希洛大型支线_AvgDialog_C_M.csv,643,AvgDialog,Content,,你们几乎是在夺命狂奔，脚步愈发沉重，但怪物很快就会恢复行动能力，你们绝不能停下脚步。,あなたたちは命がけで走り続けた。足取りはどんどん重くなっていくが、怪物はすぐに動き始めるだろう。立ち止まるわけにはいかない。,,,,,,,,,,,,,,
AvgDialog_6812_Content_89,aoZy,avgV1.3本源希洛大型支线_AvgDialog_C_M.csv,644,AvgDialog,Content,怪物,@3……,@3……,,,,,,,,,,,,,,
AvgDialog_6812_Content_90,aoZA,avgV1.3本源希洛大型支线_AvgDialog_C_M.csv,645,AvgDialog,Content,,像呼出了一口浊气般，山体发出了一声巨大的沉闷声响，随后开始剧烈地晃动收缩，将你们摇晃绊倒。,濁った息を吐き出すように、山が重苦しい音を立てた。直後、激しく揺れながら収縮し始め、あなたたちを揺さぶって足元をすくう。,,,,,,,,,,,,,,
AvgDialog_6812_Content_91,aoZB,avgV1.3本源希洛大型支线_AvgDialog_C_M.csv,646,AvgDialog,Content,玩家,这是……怎么回事？！,これは……何が起きてるの！？,,,,,,,,,,,,,,
AvgDialog_6812_Content_92,aoZC,avgV1.3本源希洛大型支线_AvgDialog_C_M.csv,647,AvgDialog,Content,,来不及思考。求生的本能驱使着你们，在山洞分泌出的黏液中手脚并用，朝着缓慢收紧的洞口爬去。,考えている暇はない。生存本能に突き動かされ、ゆっくりと狭まる出口を目指し、洞窟から滲み出る粘液の中を必死に這い進む。,,,,,,,,,,,,,,
AvgDialog_6812_Content_93,aoZD,avgV1.3本源希洛大型支线_AvgDialog_C_M.csv,648,AvgDialog,Content,玩家,快到了，就在前面——,もう少しだ、すぐそこに——,,,,,,,,,,,,,,
AvgDialog_6812_Content_94,aoZE,avgV1.3本源希洛大型支线_AvgDialog_C_M.csv,649,AvgDialog,Content,,<Big:轰——>,<Big:ドーン——>,,,,,,,,,,,,,,
AvgDialog_6812_Content_95,aoZF,avgV1.3本源希洛大型支线_AvgDialog_C_M.csv,650,AvgDialog,Content,,整座山彻底天翻地覆，甬道角度骤变，急速向下倾斜。,山全体が激しく揺れ動き、通路の角度が急変した。すさまじい勢いで下へと傾いていく。,,,,,,,,,,,,,,
AvgDialog_6812_Content_96,aoZG,avgV1.3本源希洛大型支线_AvgDialog_C_M.csv,651,AvgDialog,Content,,身下的黏液滑不留手，你们费力逼近了光亮处的洞口，甬道的蠕动却愈发剧烈 。,足元は粘液で滑り、それでもあなたたちはどうにか、光の差す出口に近づく。しかし、通路の拡縮はいよいよ激しさを増していく。,,,,,,,,,,,,,,
AvgDialog_6812_Content_97,aoZH,avgV1.3本源希洛大型支线_AvgDialog_C_M.csv,652,AvgDialog,Content,,温热的岩板不断地收缩，挤压着你的胸腔，你只觉得空气越来越稀薄。连莉莉的躯体都被嵌入岩缝，动弹不得。,熱を帯びた岩盤が絶えず収縮し、あなたの胸を圧迫する。空気も次第に薄くなっていく。リリーの小さな体でさえ岩の隙間に押し込まれ、身動きが取れなくなっていた。,,,,,,,,,,,,,,
AvgDialog_6812_Content_98,aoZI,avgV1.3本源希洛大型支线_AvgDialog_C_M.csv,653,AvgDialog,Content,,唯一的出口被漆黑的岩块逐步吞噬，近在咫尺的路被断绝，你眼前陷入一片绝望的黑暗。,唯一の出口も、漆黒の岩塊に呑み込まれていった。\n目の前にあった道が断たれ、あなたの視界は絶望的な闇に包まれる。,,,,,,,,,,,,,,
AvgDialog_6812_Content_99,aoZJ,avgV1.3本源希洛大型支线_AvgDialog_C_M.csv,654,AvgDialog,Content,玩家,不能……在这里……,だめだ……こんなところで……,,,,,,,,,,,,,,
AvgDialog_6812_Content_100,aoXH,avgV1.3本源希洛大型支线_AvgDialog_C_M.csv,655,AvgDialog,Content,,轰隆——,ゴォン——,,,,,,,,,,,,,,
AvgDialog_6812_Content_101,aoXI,avgV1.3本源希洛大型支线_AvgDialog_C_M.csv,656,AvgDialog,Content,,烟尘夹杂着雪粒，在你眼前逸散开。,煙塵に雪の粒が混じり、あなたの目の前で散る。,,,,,,,,,,,,,,
AvgDialog_6812_Content_102,aoXJ,avgV1.3本源希洛大型支线_AvgDialog_C_M.csv,657,AvgDialog,Content,,漆黑的甬道被硬生生劈开了一道裂口，雪亮的白光洒落肩头。,漆黒の通路が無理やり裂かれ、裂け目が生じる。\nまばゆい白光が、あなたの肩に降り注いだ。,,,,,,,,,,,,,,
AvgDialog_6812_Content_103,aoXK,avgV1.3本源希洛大型支线_AvgDialog_C_M.csv,658,AvgDialog,Content,希洛,抓紧点，我带你们出去。,しっかりつかまって、今出してあげる！,,,,,,,,,,,,,,
AvgDialog_6812_Content_104,aoXL,avgV1.3本源希洛大型支线_AvgDialog_C_M.csv,659,AvgDialog,Content,,她将洞窟的岩块劈碎，将你们从乱石堆里拽了出来。,ヘロットは洞窟の岩盤を砕き、瓦礫の中からあなたたちを引きずり出した、,,,,,,,,,,,,,,
AvgDialog_6812_Content_105,aoXM,avgV1.3本源希洛大型支线_AvgDialog_C_M.csv,660,AvgDialog,Content,希洛,欠你的人情，现在还清……,借りは返したわ……,,,,,,,,,,,,,,
AvgDialog_6812_Content_106,aoXN,avgV1.3本源希洛大型支线_AvgDialog_C_M.csv,661,AvgDialog,Content,希洛,……啊！！,……あっ！！,,,,,,,,,,,,,,
AvgDialog_6812_Content_107,aoXO,avgV1.3本源希洛大型支线_AvgDialog_C_M.csv,662,AvgDialog,Content,玩家,希洛！！……,ヘロット！！,,,,,,,,,,,,,,
AvgDialog_6812_Content_108,aoXP,avgV1.3本源希洛大型支线_AvgDialog_C_M.csv,663,AvgDialog,Content,,话音未落， 她突然一脚踩空。,言い終わらないうちに、彼女は足を踏み外した。,,,,,,,,,,,,,,
AvgDialog_6812_Content_109,aoXQ,avgV1.3本源希洛大型支线_AvgDialog_C_M.csv,664,AvgDialog,Content,,——记忆中原本是山坡的地面凭空消失，在顷刻间，化成了万丈深渊。,——記憶の中では山肌だったはずの地面が消え、瞬く間に底知れぬ深淵へと姿を変えた。,,,,,,,,,,,,,,
AvgDialog_6816_Content_1,apbE,avgV1.3本源希洛大型支线_AvgDialog_C_M.csv,665,AvgDialog,Content,,群山的呼唤,山々の呼び声,,,,,,,,,,,,,,
AvgDialog_6816_Content_2,apbQ,avgV1.3本源希洛大型支线_AvgDialog_C_M.csv,666,AvgDialog,Content,玩家,希洛……抓紧我！,ヘロット……しっかり掴んで！,,,,,,,,,,,,,,
AvgDialog_6816_Content_3,apcb,avgV1.3本源希洛大型支线_AvgDialog_C_M.csv,667,AvgDialog,Content,,在她掉下去的一瞬间，你下意识地伸出手拽住了她。,彼女が落ちそうになった瞬間、あなたは反射的に手を伸ばして掴んだ。,,,,,,,,,,,,,,
AvgDialog_6816_Content_4,apcm,avgV1.3本源希洛大型支线_AvgDialog_C_M.csv,668,AvgDialog,Content,,冰镐刺入山体，你艰难地垂吊在雪山悬崖的半空中，手臂上的伤口渗出鲜血，传来阵阵剧痛。,ピッケルを山肌に突き刺し、辛うじて崖の途中にぶら下がる。\nしかし腕の傷口からは血が滲み、激痛が全身を駆け抜けた。,,,,,,,,,,,,,,
AvgDialog_6816_Content_5,apcx,avgV1.3本源希洛大型支线_AvgDialog_C_M.csv,669,AvgDialog,Content,,她另一只手上，还坠着那两个被死死捆住的探险队员。,ヘロットのもう片方の手には、きつく縛られたあの二人の調査隊員が吊り下げられていた。,,,,,,,,,,,,,,
AvgDialog_6816_Content_6,apcI,avgV1.3本源希洛大型支线_AvgDialog_C_M.csv,670,AvgDialog,Content,,她想要跳上来，但冰镐和你摇摇欲坠的手臂已经无法支撑起更多的重量了。,彼女は飛び上がろうとしたが、ピッケルとぐらつくあなたの腕では、これ以上の重さを支えることはできない。,,,,,,,,,,,,,,
AvgDialog_6816_Content_7,apcT,avgV1.3本源希洛大型支线_AvgDialog_C_M.csv,671,AvgDialog,Content,莉莉,大%brotherorsister1%！,お%brotherorsister1%！,,,,,,,,,,,,,,
AvgDialog_6816_Content_8,apde,avgV1.3本源希洛大型支线_AvgDialog_C_M.csv,672,AvgDialog,Content,,莉莉焦急地喊着，想要凝聚出黑球将你们托起。,リリーは焦ってあなたを呼ぶ。彼女は生み出した黒い球で、あなたたちを持ち上げようとした。,,,,,,,,,,,,,,
AvgDialog_6816_Content_9,apdp,avgV1.3本源希洛大型支线_AvgDialog_C_M.csv,673,AvgDialog,Content,,但她在刚才的战斗中耗尽了力气，黑球已经难以凝聚，更别说承载一个人的重量。,だが彼女は先ほどの戦闘で力を使い果たしていた。黒い球を凝縮させるのは難しく、ましてや人間の重量を支えることなど到底無理だ。,,,,,,,,,,,,,,
AvgDialog_6816_Content_10,apbF,avgV1.3本源希洛大型支线_AvgDialog_C_M.csv,674,AvgDialog,Content,希洛,松开！你撑不了多久的。,離しなさい！無理よ！,,,,,,,,,,,,,,
AvgDialog_6816_Content_11,apbH,avgV1.3本源希洛大型支线_AvgDialog_C_M.csv,675,AvgDialog,Content,,希洛睁大了眼睛，极力想要摆脱你的手，却发觉指尖那头传来的力量，有着她从未触摸过的执着。,ヘロットは目を見開き、必死にあなたの手を振りほどこうとする。\nだが指先から伝わる力に、彼女はかつてないあなたの執念を感じた。,,,,,,,,,,,,,,
AvgDialog_6816_Content_12,apbI,avgV1.3本源希洛大型支线_AvgDialog_C_M.csv,676,AvgDialog,Content,玩家,我……不会……,私は…絶対に……,,,,,,,,,,,,,,
AvgDialog_6816_Content_13,apbJ,avgV1.3本源希洛大型支线_AvgDialog_C_M.csv,677,AvgDialog,Content,,你脚下的冰爪死死抓住冰面，因下坠力拖拽，仍在不时打滑，全靠莉莉的拖拽才能勉力支撑。,足元のアイゼンは氷面をしっかり噛んでいたが、徐々に落下する。\nリリーが引っ張っているおかげでかろうじて持ちこたえていた。,,,,,,,,,,,,,,
AvgDialog_6816_Content_14,apbK,avgV1.3本源希洛大型支线_AvgDialog_C_M.csv,678,AvgDialog,Content,,你憋红了脸，忍受着强烈的疼痛，拼尽全力想要抓得更牢、更紧，但也只能眼睁睁地看着她的指尖在你掌中寸寸滑落。,あなたは顔を赤くして、激しい痛みに耐え、必死に掴む。\nだが彼女の指先は、あなたの手から少しずつ滑り落ちていく。,,,,,,,,,,,,,,
AvgDialog_6816_Content_15,apbL,avgV1.3本源希洛大型支线_AvgDialog_C_M.csv,679,AvgDialog,Content,,她的脸距离你只有4英尺，在此刻，这4英尺却显得如此遥远。,彼女の顔は、あなたから4フィート先にある。\nだが今は、その距離があまりにも遠い。,,,,,,,,,,,,,,
AvgDialog_6816_Content_16,apbM,avgV1.3本源希洛大型支线_AvgDialog_C_M.csv,680,AvgDialog,Content,希洛,放手……这样下去你也会死！,離して……このままじゃ、君まで死ぬ！,,,,,,,,,,,,,,
AvgDialog_6816_Content_17,apbN,avgV1.3本源希洛大型支线_AvgDialog_C_M.csv,681,AvgDialog,Content,,你肩上的伤口被扯裂，鲜血溅落在希洛眼底的皮肤，从她冷硬的侧脸滚落下来。,あなたの肩の傷が裂ける。飛び散った血がヘロットの目元に落ち、彼女の強張った横顔を伝った。,,,,,,,,,,,,,,
AvgDialog_6816_Content_18,apbO,avgV1.3本源希洛大型支线_AvgDialog_C_M.csv,682,AvgDialog,Content,,她猝然睁大了双眼，愣怔片刻，连血液流入眼球都毫无察觉。,彼女ははっと目を見開き、そのまましばらく呆然として動けなかった。血が目に流れ込むことにも気づかなかった。,,,,,,,,,,,,,,
AvgDialog_6816_Content_19,apbP,avgV1.3本源希洛大型支线_AvgDialog_C_M.csv,683,AvgDialog,Content,玩家,我不会丢下任何一个同伴不管……绝不！,私は仲間を見捨てない……絶対に！,,,,,,,,,,,,,,
AvgDialog_6816_Content_20,apbR,avgV1.3本源希洛大型支线_AvgDialog_C_M.csv,684,AvgDialog,Content,,轰隆——,ゴウン——,,,,,,,,,,,,,,
AvgDialog_6816_Content_21,apbS,avgV1.3本源希洛大型支线_AvgDialog_C_M.csv,685,AvgDialog,Content,,整座山重新开始震颤，剧烈的晃动有如山崩。,山全体が再び震え出した。\n山崩れを思わせるような激震が走る。,,,,,,,,,,,,,,
AvgDialog_6816_Content_22,apbT,avgV1.3本源希洛大型支线_AvgDialog_C_M.csv,686,AvgDialog,Content,,你撑过了脱力与剧痛，但你的冰镐被甩离了山体。,あなたは脱力感と激痛に耐え抜いたが、ピッケルは岸壁から弾き飛ばされてしまった。,,,,,,,,,,,,,,
AvgDialog_6816_Content_23,apbU,avgV1.3本源希洛大型支线_AvgDialog_C_M.csv,687,AvgDialog,Content,希洛,……谢谢。,……ありがとう。,,,,,,,,,,,,,,
AvgDialog_6816_Content_24,apbV,avgV1.3本源希洛大型支线_AvgDialog_C_M.csv,688,AvgDialog,Content,,至少自己尽力过了……你闭上眼。,少なくとも自分はやれるだけのことをした……\nあなたは静かに目を閉じた。,,,,,,,,,,,,,,
AvgDialog_6816_Content_25,apbW,avgV1.3本源希洛大型支线_AvgDialog_C_M.csv,689,AvgDialog,Content,,砰砰砰——,ドンドンドン——,,,,,,,,,,,,,,
AvgDialog_6816_Content_26,apbX,avgV1.3本源希洛大型支线_AvgDialog_C_M.csv,690,AvgDialog,Content,,预想中的粉身碎骨并没有到来。你们连续地撞上了几块石头，从坠落变成在山坡上翻滚，再变成滑动。,予想していた体を砕くほどの衝撃は訪れなかった。\n岩にぶつかりながらも、山肌を滑り落ちるだけになっていった。,,,,,,,,,,,,,,
AvgDialog_6816_Content_27,apbY,avgV1.3本源希洛大型支线_AvgDialog_C_M.csv,691,AvgDialog,Content,,几秒之后，你们停了下来。刚才的生死悬崖，现在已经变成了平地。,数秒後、あなたたちはようやく着地した。先ほどまで生死を分けていた断崖絶壁は、今や平らな地面へと変わっている。,,,,,,,,,,,,,,
AvgDialog_6816_Content_28,apbZ,avgV1.3本源希洛大型支线_AvgDialog_C_M.csv,692,AvgDialog,Content,,几百米外，莉莉站在你刚刚冰镐敲击的位置，向你们招手。,数百メートル先で、リリーが手を振っている。\n先ほどあなたがピッケルを打ち込んだあたりだ。,,,,,,,,,,,,,,
AvgDialog_6816_Content_29,apca,avgV1.3本源希洛大型支线_AvgDialog_C_M.csv,693,AvgDialog,Content,,刚才的豪言壮语，生死诀别，似乎变成了一场滑稽的闹剧。,さっきまでの豪語も、生死をかけた別れの言葉も、今では滑稽な茶番劇にしか思えなかった。,,,,,,,,,,,,,,
AvgDialog_6816_Content_30,apcc,avgV1.3本源希洛大型支线_AvgDialog_C_M.csv,694,AvgDialog,Content,玩家,你刚才，是不是说谢谢了？,さっき、ありがとうって言った？,,,,,,,,,,,,,,
AvgDialog_6816_Content_31,apcd,avgV1.3本源希洛大型支线_AvgDialog_C_M.csv,695,AvgDialog,Content,希洛,你听错了。,聞き間違いよ。,,,,,,,,,,,,,,
AvgDialog_6816_Content_32,apce,avgV1.3本源希洛大型支线_AvgDialog_C_M.csv,696,AvgDialog,Content,,她伸出手，轻轻触碰着眼角已经凝固的血滴。你第一次看见，笑意在她脸上转瞬即逝。,ヘロットは目尻の血を指先で拭う。彼女の笑みを、あなたは初めて見た。もっともそれは、すぐに消えてしまったが。,,,,,,,,,,,,,,
AvgDialog_6816_Content_33,apcf,avgV1.3本源希洛大型支线_AvgDialog_C_M.csv,697,AvgDialog,Content,希洛,平地变成悬崖，悬崖又变成了平地。,平地が断崖になったと思ったら、断崖がまた平地になった。,,,,,,,,,,,,,,
AvgDialog_6816_Content_34,apcg,avgV1.3本源希洛大型支线_AvgDialog_C_M.csv,698,AvgDialog,Content,希洛,山体洞窟中的恶臭，还有那些会变化的洞穴内壁……,山中の洞窟に漂う悪臭、そして形を変える洞窟の壁……,,,,,,,,,,,,,,
AvgDialog_6816_Content_35,apch,avgV1.3本源希洛大型支线_AvgDialog_C_M.csv,699,AvgDialog,Content,希洛,或许，我们的猜测是对的。,もしかしたら、私たちの推測は当たっているのかもね。,,,,,,,,,,,,,,
AvgDialog_6816_Content_36,apci,avgV1.3本源希洛大型支线_AvgDialog_C_M.csv,700,AvgDialog,Content,,这座山……是活的。,この山は……生きている。,,,,,,,,,,,,,,
AvgDialog_6816_Content_37,apcj,avgV1.3本源希洛大型支线_AvgDialog_C_M.csv,701,AvgDialog,Content,希洛,我们恐怕要做好最坏的打算，需要时刻小心山体的变化。,最悪の事態にも備えておく必要がありそうね。\n山の変化には、常に気をつけておかないと。,,,,,,,,,,,,,,
AvgDialog_6816_Content_38,apck,avgV1.3本源希洛大型支线_AvgDialog_C_M.csv,702,AvgDialog,Content,玩家,之前下山的路已经被封死，只能先往山顶走，再找新的路……我们必须要尽快下山了。,さっき下りてきた道は、もう塞がっている。いったん山頂に向かって、別の道を探すしかないね……急いで下山しないと。,,,,,,,,,,,,,,
AvgDialog_6816_Content_39,apcl,avgV1.3本源希洛大型支线_AvgDialog_C_M.csv,703,AvgDialog,Content,,……,……,,,,,,,,,,,,,,
AvgDialog_6816_Content_40,apcn,avgV1.3本源希洛大型支线_AvgDialog_C_M.csv,704,AvgDialog,Content,玩家,小心，这里还有一条雪缝……好险，差一点就又要掉进去了。,気をつけて、ここにもクレバスが……危ない、もう少しで落ちるところだったよ。,,,,,,,,,,,,,,
AvgDialog_6816_Content_41,apco,avgV1.3本源希洛大型支线_AvgDialog_C_M.csv,705,AvgDialog,Content,莉莉,大%brotherorsister1%，需要休息吗？,お%brotherorsister1%、休まなくて平気？,,,,,,,,,,,,,,
AvgDialog_6816_Content_42,apcp,avgV1.3本源希洛大型支线_AvgDialog_C_M.csv,706,AvgDialog,Content,,之前在断壁上死死拽住好几个人已经耗干了你的力气，手臂也被剧烈拉伤折磨得抬不起来，体力已经到极限了。,断崖で何人もの人間を必死に支えていたせいで、あなたは体力を消耗しきっていた。傷口の裂けた腕は激痛が走り、もう持ち上げることもできない。体力はすでに限界に達していた。,,,,,,,,,,,,,,
AvgDialog_6816_Content_43,apcq,avgV1.3本源希洛大型支线_AvgDialog_C_M.csv,707,AvgDialog,Content,玩家,还是尽快吧……天知道这山什么时候会再动一次。,やっぱり急ごう……いつまた山が動き出すか、わからないし。,,,,,,,,,,,,,,
AvgDialog_6816_Content_44,apcr,avgV1.3本源希洛大型支线_AvgDialog_C_M.csv,708,AvgDialog,Content,玩家,我暂时还撑得住，别担心……,私はまだ大丈夫。心配しないで……,,,,,,,,,,,,,,
AvgDialog_6816_Content_45,apcs,avgV1.3本源希洛大型支线_AvgDialog_C_M.csv,709,AvgDialog,Content,莉莉,啊！——,——あっ！,,,,,,,,,,,,,,
AvgDialog_6816_Content_46,apct,avgV1.3本源希洛大型支线_AvgDialog_C_M.csv,710,AvgDialog,Content,玩家,莉莉，你怎么了？,リリー、どうしたの？,,,,,,,,,,,,,,
AvgDialog_6816_Content_47,apcu,avgV1.3本源希洛大型支线_AvgDialog_C_M.csv,711,AvgDialog,Content,莉莉,咦……莉莉看见了，怪怪的东西……,えっと……リリー、なんか変なの見た……,,,,,,,,,,,,,,
AvgDialog_6816_Content_48,apcv,avgV1.3本源希洛大型支线_AvgDialog_C_M.csv,712,AvgDialog,Content,,她的小手捂住脑袋，困惑不解地拽住你的衣角。,リリーは小さな手で頭を押さえ、困ったようにあなたの服の裾を引っ張ってきた。,,,,,,,,,,,,,,
AvgDialog_6816_Content_49,apcw,avgV1.3本源希洛大型支线_AvgDialog_C_M.csv,713,AvgDialog,Content,玩家,莉莉看见了什么？,リリーは何を見たの？,,,,,,,,,,,,,,
AvgDialog_6816_Content_50,apcy,avgV1.3本源希洛大型支线_AvgDialog_C_M.csv,714,AvgDialog,Content,莉莉,雪原，死去的人，星空，还有……我们。,雪ばっかりの広いところ、死んじゃった人たち、お星さま、それから……私たち。,,,,,,,,,,,,,,
AvgDialog_6816_Content_51,apcz,avgV1.3本源希洛大型支线_AvgDialog_C_M.csv,715,AvgDialog,Content,希洛,我也看见了，那些缠绕不去的虚影，纠缠着我……和莉莉。,私も見た。あの影が、私と……リリーにまとわりついている。,,,,,,,,,,,,,,
AvgDialog_6816_Content_52,apcA,avgV1.3本源希洛大型支线_AvgDialog_C_M.csv,716,AvgDialog,Content,希洛,我能感觉到，有股力量正在苏醒。,感じるわ、何かの力が目覚めようとしている。,,,,,,,,,,,,,,
AvgDialog_6816_Content_53,apcB,avgV1.3本源希洛大型支线_AvgDialog_C_M.csv,717,AvgDialog,Content,,冰川再次发出咆哮般的怒吼，开始极缓慢地挪移姿态。,氷河は再び方向のような唸り声を上げ、ゆっくりと動き始めた。,,,,,,,,,,,,,,
AvgDialog_6816_Content_54,apcC,avgV1.3本源希洛大型支线_AvgDialog_C_M.csv,718,AvgDialog,Content,,这次，被遮蔽已久的冰湖显露出了其原貌，你们得以窥见冰湖上那个覆满黑色脓疱的单薄身影。,長い間覆い隠されていた氷湖が、本来の姿を現した。あなたたちの目に映ったのは、黒い膿に覆われたほっそりとした姿だった。,,,,,,,,,,,,,,
AvgDialog_6816_Content_55,apcD,avgV1.3本源希洛大型支线_AvgDialog_C_M.csv,719,AvgDialog,Content,,冰湖的裂隙越来越大，如一条长长的创口，横亘在绵延冰川下的湖面。,氷湖の亀裂はますます広がっていく。それはまるで長い傷口のように、果てしなく続く氷河の下の湖面に横たわっていた。,,,,,,,,,,,,,,
AvgDialog_6816_Content_56,apcE,avgV1.3本源希洛大型支线_AvgDialog_C_M.csv,720,AvgDialog,Content,,黑色脓疱源源不断地涌出，覆盖在另一个“希洛”身上。,膿は絶え間なく湧き出し、もう一人の「ヘロット」の体を覆っていく。,,,,,,,,,,,,,,
AvgDialog_6816_Content_57,apcF,avgV1.3本源希洛大型支线_AvgDialog_C_M.csv,721,AvgDialog,Content,本源·希洛,我感受到了……更多，给我更多！,感じる……感じるぞ……\nもっと、もっとだ！,,,,,,,,,,,,,,
AvgDialog_6816_Content_58,apcG,avgV1.3本源希洛大型支线_AvgDialog_C_M.csv,722,AvgDialog,Content,,这些诡异的脓疱觉察到她的召唤，激动地嗡鸣着，争先恐后地涌入她的唇齿，主动索取她的吞噬。,異様な膿たちは彼女の呼びかけを察知すると、我先にと彼女の口に飛び込んできた。まるで、彼女に喰われたがっているかのように。,,,,,,,,,,,,,,
AvgDialog_6816_Content_59,apcH,avgV1.3本源希洛大型支线_AvgDialog_C_M.csv,723,AvgDialog,Content,,它们似乎享受被切碎，崇敬被吞咽，渴求着被拆吃入腹。,膿たちは切り裂かれることを悦び、呑み込まれることを崇め、喰い尽くされることを渇望しているように見えた。,,,,,,,,,,,,,,
AvgDialog_6816_Content_60,apcJ,avgV1.3本源希洛大型支线_AvgDialog_C_M.csv,724,AvgDialog,Content,,你们来到另一个“希洛”身前。她的身体浸泡在漆黑的脓疱里，身形已经虚幻得像是一层朦胧的雾气，轻易就能吹散。,あなたたちは、もう一人の「ヘロット」の前に来た。彼女の体は漆黒の膿でぼんやりと霞み、一吹きで散ってしまいそうだった。,,,,,,,,,,,,,,
AvgDialog_6816_Content_61,apcK,avgV1.3本源希洛大型支线_AvgDialog_C_M.csv,725,AvgDialog,Content,希洛,现在离开这里，还有机会……,今ここを離れれば、まだ間に合う……,,,,,,,,,,,,,,
AvgDialog_6816_Content_62,apcL,avgV1.3本源希洛大型支线_AvgDialog_C_M.csv,726,AvgDialog,Content,“希洛”,离开……我们从来就没有离开的资格。,離れるなど……私たちにそんな資格はない。,,,,,,,,,,,,,,
AvgDialog_6816_Content_63,apcM,avgV1.3本源希洛大型支线_AvgDialog_C_M.csv,727,AvgDialog,Content,,另一个“希洛”眼里的偏执与疯狂忽然消失不见。,もう一人の「ヘロット」の目に宿る偏執と狂気が、突然消え去った。,,,,,,,,,,,,,,
AvgDialog_6816_Content_64,apcN,avgV1.3本源希洛大型支线_AvgDialog_C_M.csv,728,AvgDialog,Content,,她望向希洛，目光中带着前所未有的从容与冷静。,彼女はヘロットを見つめる。\nその眼差しには、これまでにない落ち着きと冷静さが宿っていた。,,,,,,,,,,,,,,
AvgDialog_6816_Content_65,apcO,avgV1.3本源希洛大型支线_AvgDialog_C_M.csv,729,AvgDialog,Content,“希洛”,那些曾经伤害你的东西，那些刻骨的仇恨，你都忘了吗，“希洛”？,あれほどお前を傷つけたものを、あの骨身に刻まれた憎しみを、すべて忘れてしまったのか、「ヘロット」？,,,,,,,,,,,,,,
AvgDialog_6816_Content_66,apcP,avgV1.3本源希洛大型支线_AvgDialog_C_M.csv,730,AvgDialog,Content,希洛,我从未忘记过……我只是……,忘れたことなんてない……ただ、私は……,,,,,,,,,,,,,,
AvgDialog_6816_Content_67,apcQ,avgV1.3本源希洛大型支线_AvgDialog_C_M.csv,731,AvgDialog,Content,“希洛”,你在迷茫，“希洛”。,お前は迷っている、「ヘロット」。,,,,,,,,,,,,,,
AvgDialog_6816_Content_68,apcR,avgV1.3本源希洛大型支线_AvgDialog_C_M.csv,732,AvgDialog,Content,“希洛”,只有足够强大的力量，才能完成我们的复仇。复仇，是我们唯一的意义。,十分な力があってこそ、私たちの復讐は果たせる。\n復讐こそ、私たちの唯一の存在意義だ。,,,,,,,,,,,,,,
AvgDialog_6816_Content_69,apcS,avgV1.3本源希洛大型支线_AvgDialog_C_M.csv,733,AvgDialog,Content,希洛,复仇……向谁？,復讐……誰に？,,,,,,,,,,,,,,
AvgDialog_6816_Content_70,apcU,avgV1.3本源希洛大型支线_AvgDialog_C_M.csv,734,AvgDialog,Content,“希洛”,命运。,運命。,,,,,,,,,,,,,,
AvgDialog_6816_Content_71,apcV,avgV1.3本源希洛大型支线_AvgDialog_C_M.csv,735,AvgDialog,Content,,平静的两个字，让希洛的身体猛地战栗。,静かに吐き出されたその二文字は、ヘロットの体を激しく震わせた。,,,,,,,,,,,,,,
AvgDialog_6816_Content_72,apcW,avgV1.3本源希洛大型支线_AvgDialog_C_M.csv,736,AvgDialog,Content,“希洛”,无论我们身处何地，这座山都会呼唤我们，吞噬我们。,たとえどこにいようと、この山は私たちを呼び、呑み込むだろう。,,,,,,,,,,,,,,
AvgDialog_6816_Content_73,apcX,avgV1.3本源希洛大型支线_AvgDialog_C_M.csv,737,AvgDialog,Content,“希洛”,这是我们的宿命，就像我们曾经经历的那些肮脏的事情一样……,これは私たちの運命だ。\nかつて経験した、あの忌まわしい出来事と同じように……,,,,,,,,,,,,,,
AvgDialog_6816_Content_74,apcY,avgV1.3本源希洛大型支线_AvgDialog_C_M.csv,738,AvgDialog,Content,“希洛”,你早就知道了答案，但对它视而不见。不是吗？,お前はとっくに答えを知っていたはずだ。\nだが、今まで見て見ぬふりをしてきた、違うか？,,,,,,,,,,,,,,
AvgDialog_6816_Content_75,apcZ,avgV1.3本源希洛大型支线_AvgDialog_C_M.csv,739,AvgDialog,Content,“希洛”,比起那些令你憎恨的人与事，命运，是一个如此恐怖的对手……,「運命」は、お前が憎んできた人間や出来事なんかよりも、はるかに恐ろしい相手だ……,,,,,,,,,,,,,,
AvgDialog_6816_Content_76,apda,avgV1.3本源希洛大型支线_AvgDialog_C_M.csv,740,AvgDialog,Content,“希洛”,你这样怯懦的人，不配被称为战士。,そんな臆病者に、戦士を名乗る資格はない。,,,,,,,,,,,,,,
AvgDialog_6816_Content_77,apdb,avgV1.3本源希洛大型支线_AvgDialog_C_M.csv,741,AvgDialog,Content,希洛,你的身体已经维系不住……你就会死在这里。,お前の体は、これ以上もたない……ここで死ぬのよ。,,,,,,,,,,,,,,
AvgDialog_6816_Content_78,apdc,avgV1.3本源希洛大型支线_AvgDialog_C_M.csv,742,AvgDialog,Content,“希洛”,就算如此……那又如何？,だとしても……それがどうした？,,,,,,,,,,,,,,
AvgDialog_6816_Content_79,apdd,avgV1.3本源希洛大型支线_AvgDialog_C_M.csv,743,AvgDialog,Content,,她侧过脸向你们裂开嘴，露出一双狡黠的尖牙。,彼女は顔を横に向け、あなたたちに向かって口元を歪めた。\n狡猾な笑みに鋭く尖った牙が覗く。,,,,,,,,,,,,,,
AvgDialog_6816_Content_80,apdf,avgV1.3本源希洛大型支线_AvgDialog_C_M.csv,744,AvgDialog,Content,“希洛”,提灯骗我来到这里，想利用我复活@3。这座山在召唤我，想要将我吞噬。我早就知道，但我还是来了。,提灯教会は私をここに誘い込み、利用して@3を復活させようとしている。そしてこの山は私を呑み込もうとしている。\nとっくに気づいていたが、それでも私は来た。,,,,,,,,,,,,,,
AvgDialog_6816_Content_81,apdg,avgV1.3本源希洛大型支线_AvgDialog_C_M.csv,745,AvgDialog,Content,“希洛”,山要见我，我便来见祂。,山が私に会いたがっているのなら、会いに行くまでだ。,,,,,,,,,,,,,,
AvgDialog_6816_Content_82,apdh,avgV1.3本源希洛大型支线_AvgDialog_C_M.csv,746,AvgDialog,Content,“希洛”,我得感谢提灯，给了我一个能够直面祂的机会……,提灯教会には感謝しなければな。\n神と直接対峙する機会を与えてくれたのだから……,,,,,,,,,,,,,,
AvgDialog_6816_Content_83,apdi,avgV1.3本源希洛大型支线_AvgDialog_C_M.csv,747,AvgDialog,Content,“希洛”,你这样懦弱，但你也来了，不是吗？,お前もそんなに臆病なのに、それでも来たんだろう？,,,,,,,,,,,,,,
AvgDialog_6816_Content_84,apdj,avgV1.3本源希洛大型支线_AvgDialog_C_M.csv,748,AvgDialog,Content,“希洛”,我是你的未来，“希洛”。等你有勇气向命运举起手里的剑的时候，你便会成为我。,私はお前の未来だ、「ヘロット」。\nお前が運命に剣を向ける勇気を持ったそのとき、お前は私になる。,,,,,,,,,,,,,,
AvgDialog_6816_Content_85,apdk,avgV1.3本源希洛大型支线_AvgDialog_C_M.csv,749,AvgDialog,Content,,黑色脓疱越积越多，像是一群饥饿的原始生物，贪婪地扑向她的身躯，爬上她的脸颊。,黒い膿は次々と増殖していく。飢えた原始生物の群れのように貪欲に彼女の体へと押し寄せ、頬を這い上がる。,,,,,,,,,,,,,,
AvgDialog_6816_Content_86,apdl,avgV1.3本源希洛大型支线_AvgDialog_C_M.csv,750,AvgDialog,Content,,她笑了起来，如同贪婪撕咬生肉的野兽，如同即将登上王座的国王。,彼女は笑い出した。生肉をむさぼり喰らう獣のように。\nあるいは、玉座に登りつめようとする王のように。,,,,,,,,,,,,,,
AvgDialog_6816_Content_87,apdm,avgV1.3本源希洛大型支线_AvgDialog_C_M.csv,751,AvgDialog,Content,“希洛”,看着吧，“希洛”……我会吞噬掉祂，我会变得强大，一切的命运，都再也无法阻挡我！,見ているがいい、「ヘロット」……私は神を喰らい、力を得る。\nいかなる運命も、もはや私を掴むことはできない！,,,,,,,,,,,,,,
AvgDialog_6816_Content_88,apdn,avgV1.3本源希洛大型支线_AvgDialog_C_M.csv,752,AvgDialog,Content,“希洛”,再也不会有锁链……再也……不会有背叛……,再び鎖に縛られることはない……再び……裏切られることも……,,,,,,,,,,,,,,
AvgDialog_6816_Content_89,apdo,avgV1.3本源希洛大型支线_AvgDialog_C_M.csv,753,AvgDialog,Content,,黑色的脓疱不停地在她身上蔓延、堆积，钻进她已不堪承受的身体，覆盖住她冷静又疯狂的脸……,黒い膿が彼女の体に絶えず広がり、すでに限界を超えていた体の中へと潜り込み、冷静さと狂気を持つその顔を覆い尽くしていった……,,,,,,,,,,,,,,
AvgDialog_6816_Content_90,apdq,avgV1.3本源希洛大型支线_AvgDialog_C_M.csv,754,AvgDialog,Content,“希洛”,我会……<Big:复仇！！！>,私は……<Big:復讐する！！！>,,,,,,,,,,,,,,
AvgDialog_6816_Content_91,apdr,avgV1.3本源希洛大型支线_AvgDialog_C_M.csv,755,AvgDialog,Content,,砰——,ドン——,,,,,,,,,,,,,,
AvgDialog_6816_Content_92,apds,avgV1.3本源希洛大型支线_AvgDialog_C_M.csv,756,AvgDialog,Content,,如同一个脓疱被戳破，黑色与红色的汁液四散溅开。,膿が弾け、黒と赤の液体が四方に飛び散った。,,,,,,,,,,,,,,
AvgDialog_6816_Content_93,apdt,avgV1.3本源希洛大型支线_AvgDialog_C_M.csv,757,AvgDialog,Content,,"野兽最后的嘶吼，还在空谷中回荡。
她原本站立的地方，除了一滩液体，空无一物。",獣の最後の咆哮が、虚空の谷間に響き渡る。彼女が立っていた場所には、わずかな液体が残されているだけだった。,,,,,,,,,,,,,,
AvgDialog_6816_Content_94,apdu,avgV1.3本源希洛大型支线_AvgDialog_C_M.csv,758,AvgDialog,Content,希洛,“复仇”……吗……,「復讐」……か……,,,,,,,,,,,,,,
AvgDialog_6816_Content_95,apdv,avgV1.3本源希洛大型支线_AvgDialog_C_M.csv,759,AvgDialog,Content,,希洛有些茫然地抬起头，望向灰白的天空。,ヘロットはどこか茫然とした様子で顔を上げ、灰色がかった空を見上げた。,,,,,,,,,,,,,,
AvgDialog_6816_Content_96,apdw,avgV1.3本源希洛大型支线_AvgDialog_C_M.csv,760,AvgDialog,Content,,粗粝的雪花从她的皮肤上滚过，融化成一点水渍。,ざらついた雪の結晶が彼女の肌の上を転がり落ち、小さな水滴となって溶けていった。,,,,,,,,,,,,,,
AvgDialog_6816_Content_97,apdx,avgV1.3本源希洛大型支线_AvgDialog_C_M.csv,761,AvgDialog,Content,玩家,她……被山吞噬了？,彼女は……山に呑み込まれたの？,,,,,,,,,,,,,,
AvgDialog_6816_Content_98,apdy,avgV1.3本源希洛大型支线_AvgDialog_C_M.csv,762,AvgDialog,Content,？？？,@2……@3……,@2……@3……,,,,,,,,,,,,,,
AvgDialog_6816_Content_99,apdz,avgV1.3本源希洛大型支线_AvgDialog_C_M.csv,763,AvgDialog,Content,,没等到希洛说话，你的问题便得到了回应——,ヘロットが答えるより先に、あなたの問いに答えが返ってきた——,,,,,,,,,,,,,,
AvgDialog_6816_Content_100,apbG,avgV1.3本源希洛大型支线_AvgDialog_C_M.csv,764,AvgDialog,Content,,脚下的山体开始震颤。从群山的深处，响起一声低沉而污秽的呼唤……,足元の山が震え始めた。\n山々の奥深くから、低く、穢らわしい叫び声が響いてくる……,,,,,,,,,,,,,,
AvgDialog_6810_Content_1,aoUR,avgV1.3本源希洛大型支线_AvgDialog_C_M.csv,765,AvgDialog,Content,,刺山,棘の山,,,,,,,,,,,,,,
AvgDialog_6810_Content_2,aoVc,avgV1.3本源希洛大型支线_AvgDialog_C_M.csv,766,AvgDialog,Content,莉莉,莉莉……莉莉好疼……,リリー……リリー、痛い……,,,,,,,,,,,,,,
AvgDialog_6810_Content_3,aoVn,avgV1.3本源希洛大型支线_AvgDialog_C_M.csv,767,AvgDialog,Content,,莉莉的身子蜷缩起来，痛苦地捂着自己的头。,リリーは体を丸め、苦しそうに頭を抱える。,,,,,,,,,,,,,,
AvgDialog_6810_Content_4,aoVq,avgV1.3本源希洛大型支线_AvgDialog_C_M.csv,768,AvgDialog,Content,玩家,莉莉？！,リリー！？,,,,,,,,,,,,,,
AvgDialog_6810_Content_5,aoVr,avgV1.3本源希洛大型支线_AvgDialog_C_M.csv,769,AvgDialog,Content,,你忽视掉大脑中的痛楚，来到莉莉身边进行检查。,あなたは自分の頭痛を押しのけてリリーのそばに駆け寄り、彼女の状態を確かめた。,,,,,,,,,,,,,,
AvgDialog_6810_Content_6,aoVs,avgV1.3本源希洛大型支线_AvgDialog_C_M.csv,770,AvgDialog,Content,希洛,呃嗯……,うぅ……,,,,,,,,,,,,,,
AvgDialog_6810_Content_7,aoVt,avgV1.3本源希洛大型支线_AvgDialog_C_M.csv,771,AvgDialog,Content,,一声重物落地的声音，希洛重重栽倒在地面上，原本波澜不惊的面孔上溢满了痛苦。,重い物が落ちるような音とともに、ヘロットが地面に倒れ込んだ。\nそれまで平静を装っていた顔に、苦痛の表情が浮かぶ。,,,,,,,,,,,,,,
AvgDialog_6810_Content_8,aoVu,avgV1.3本源希洛大型支线_AvgDialog_C_M.csv,772,AvgDialog,Content,玩家,希洛？发生什么事了……,ヘロット？\nどうしたの……,,,,,,,,,,,,,,
AvgDialog_6810_Content_9,aoVv,avgV1.3本源希洛大型支线_AvgDialog_C_M.csv,773,AvgDialog,Content,,你俯身查看希洛的情况，却被她猛然攥住了手臂。,あなたは身を屈めて、ヘロットの様子を確かめようとした。\nしかし次の瞬間、彼女に腕を掴まれた。,,,,,,,,,,,,,,
AvgDialog_6810_Content_10,aoUS,avgV1.3本源希洛大型支线_AvgDialog_C_M.csv,774,AvgDialog,Content,,尖刺从她手心的黏液处迸溅，将你的小臂扎得鲜血淋漓。,彼女の掌の粘液から飛び出した棘が、あなたの腕を突き刺した。\n鮮血が腕を赤く濡らす。,,,,,,,,,,,,,,
AvgDialog_6810_Content_11,aoUT,avgV1.3本源希洛大型支线_AvgDialog_C_M.csv,775,AvgDialog,Content,,她眼里闪烁着有妖异的光芒，原本冷傲的侧脸上，沾染着一层诡异的笑意。,彼女の瞳に妖しい光が宿り、普段は冷たく澄ました横顔には、不気味な笑みが浮かんでいた。,,,,,,,,,,,,,,
AvgDialog_6810_Content_12,aoUU,avgV1.3本源希洛大型支线_AvgDialog_C_M.csv,776,AvgDialog,Content,玩家,你的链接者已经无法压制……只能这样做了！,君とリンクしている者が、リンクを抑えきれなくなっている……\nこうするしかないんだ！,,,,,,,,,,,,,,
AvgDialog_6810_Content_13,aoUV,avgV1.3本源希洛大型支线_AvgDialog_C_M.csv,777,AvgDialog,Content,,你催动银钥匙，让银辉泛起的涟漪涌向陷入癫狂的希洛。,あなたはシルバーキーを発動させ、銀色の輝きが放つ波紋を、狂乱に陥ったヘロットへと放つ。,,,,,,,,,,,,,,
AvgDialog_6810_Content_14,aoUW,avgV1.3本源希洛大型支线_AvgDialog_C_M.csv,778,AvgDialog,Content,,你闭上眼，再次透支了精神力量，掏空精神力注入链接之中，你强制接管了她的控制权。,あなたは目を閉じ、再び精神力を振り絞る。すべての精神力をリンクへ注ぎ、強制的に彼女の制御権を奪い取った。,,,,,,,,,,,,,,
AvgDialog_6810_Content_15,aoUX,avgV1.3本源希洛大型支线_AvgDialog_C_M.csv,779,AvgDialog,Content,,她被安抚下来，涣散的眼瞳重新聚光，目光触及你鲜血淋漓的小臂，张了张口，抿紧了唇。,彼女は落ち着きを取り戻し、虚ろな瞳に焦点が戻る。あなたの血まみれの腕が目に入ると、彼女は口を開きかけ、唇をきつく結んだ。,,,,,,,,,,,,,,
AvgDialog_6810_Content_16,aoUY,avgV1.3本源希洛大型支线_AvgDialog_C_M.csv,780,AvgDialog,Content,玩家,你终于清醒了。,やっと目が覚めたね。,,,,,,,,,,,,,,
AvgDialog_6810_Content_17,aoUZ,avgV1.3本源希洛大型支线_AvgDialog_C_M.csv,781,AvgDialog,Content,,精神深处的反噬潮水般涌来，你感到一阵强烈的疲惫，衰败的脸色，惨白得就如这片冰原亘古不变的底色。,史恵心の奥底からの反動が押し寄せ、強烈な疲労感があなたを襲う。衰弱した顔色は、太古から変わらぬこの氷原のように蒼白だった。,,,,,,,,,,,,,,
AvgDialog_6810_Content_18,aoVa,avgV1.3本源希洛大型支线_AvgDialog_C_M.csv,782,AvgDialog,Content,玩家,你怎么样……发生了什么？,大丈夫……？\n何があったの？,,,,,,,,,,,,,,
AvgDialog_6810_Content_19,aoVb,avgV1.3本源希洛大型支线_AvgDialog_C_M.csv,783,AvgDialog,Content,希洛,极为强烈的召唤…我们无法承受……,あまりにも強烈な召喚だった……私たちには耐えられない……,,,,,,,,,,,,,,
AvgDialog_6810_Content_20,aoVd,avgV1.3本源希洛大型支线_AvgDialog_C_M.csv,784,AvgDialog,Content,希洛,另一个“希洛”被吞噬了。这座山……快要醒过来了。,もう一人の「ヘロット」は呑み込まれたわ。\nこの山は……もうすぐ目を覚ます。,,,,,,,,,,,,,,
AvgDialog_6810_Content_21,aoVe,avgV1.3本源希洛大型支线_AvgDialog_C_M.csv,785,AvgDialog,Content,,话音未落，巨大的黑影从你们头顶掠过。,言い終えた瞬間、巨大な黒い影があなたたちの頭上をかすめていった。,,,,,,,,,,,,,,
AvgDialog_6810_Content_22,aoVf,avgV1.3本源希洛大型支线_AvgDialog_C_M.csv,786,AvgDialog,Content,,狂风剐蹭过你们的身躯，一阵恶寒从你的脚下扩散直至心脏。,荒れ狂う風があなたたちの体に吹きつけ、足元から心臓へと悪寒が駆け上がる。,,,,,,,,,,,,,,
AvgDialog_6810_Content_23,aoVg,avgV1.3本源希洛大型支线_AvgDialog_C_M.csv,787,AvgDialog,Content,玩家,是它……,あれは……,,,,,,,,,,,,,,
AvgDialog_6810_Content_24,aoVh,avgV1.3本源希洛大型支线_AvgDialog_C_M.csv,788,AvgDialog,Content,,在丑陋骇人的庞大怪物身下，你们小得如一颗即将融化的雪粒。,醜悪でおぞましい巨大な怪物の前では、あなたたちは溶けかけの雪の粒のようにちっぽけだ。,,,,,,,,,,,,,,
AvgDialog_6810_Content_25,aoVi,avgV1.3本源希洛大型支线_AvgDialog_C_M.csv,789,AvgDialog,Content,,但怪物的目光并没有在你们身上驻足太久，而是反常地转身，拖曳着荧蓝色的焰尾，飞向了积雪覆盖的山顶。,だが怪物の視線は、すぐにあなたたちから外れた。怪物は尋常ではない動きで、青白い炎の尾を引きずりながら山頂へと飛び去った。,,,,,,,,,,,,,,
AvgDialog_6810_Content_26,aoVj,avgV1.3本源希洛大型支线_AvgDialog_C_M.csv,790,AvgDialog,Content,,山顶骤然升起了数十米的焰火，光芒直冲穹顶。,突如、山頂から数十メートルもの炎が噴き出した。\nその光は天を突き刺すように輝いている。,,,,,,,,,,,,,,
AvgDialog_6810_Content_27,aoVk,avgV1.3本源希洛大型支线_AvgDialog_C_M.csv,791,AvgDialog,Content,玩家,它……这是在做什么？,あれは……何をしているの？,,,,,,,,,,,,,,
AvgDialog_6810_Content_28,aoVl,avgV1.3本源希洛大型支线_AvgDialog_C_M.csv,792,AvgDialog,Content,,几声破开冰雪的脆响，禁锢住艾维斯和向导的冰块碎去，他们逐渐从极寒中被唤醒。,氷雪を砕く鋭い音が何度か響き、アイヴィスとガイドを覆っていた氷の塊が砕け散った。彼らは極寒の中から徐々に目を覚ました。,,,,,,,,,,,,,,
AvgDialog_6810_Content_29,aoVm,avgV1.3本源希洛大型支线_AvgDialog_C_M.csv,793,AvgDialog,Content,玩家,连这些人身上的急冻都无法维持，看来怪物抽调了大部分的力量去山顶。它在谋划什么？,この人たちを凍らせていた力さえ維持できないほど、怪物は力の大半を山頂へ集中させているのか。いったい何を企んでいるんだ……,,,,,,,,,,,,,,
AvgDialog_6810_Content_30,aoVo,avgV1.3本源希洛大型支线_AvgDialog_C_M.csv,794,AvgDialog,Content,希洛,它一直以来进行生祭，就是为了唤醒沉睡的雪山，而雪山又呼唤着我和莉莉归来，那么……,生贄を捧げてきたのは、眠り続ける雪山を目覚めさせるため。そしてその雪山が、私とリリーを呼び戻そうとしている。だとしたら……,,,,,,,,,,,,,,
AvgDialog_6810_Content_31,aoVp,avgV1.3本源希洛大型支线_AvgDialog_C_M.csv,795,AvgDialog,Content,玩家,它想要将你们献祭给雪山？！我们得赶快离开这里！,あの怪物は、君たちを雪山の生贄にするつもりなの！？\n一刻も早く、ここを離れないと！,,,,,,,,,,,,,,
AvgDialog_6788_Content_1,aoSK,avgV1.3本源希洛大型支线_AvgDialog_C_M.csv,796,AvgDialog,Content,玩家,希洛，你去哪里？,ヘロット、どこに行くつもり？,,,,,,,,,,,,,,
AvgDialog_6788_Content_2,aoSL,avgV1.3本源希洛大型支线_AvgDialog_C_M.csv,797,AvgDialog,Content,,眼看着希洛朝着雪山顶上的荧蓝火焰攀爬，你抢先几步跟上，焦急地询问着。,ヘロットが雪山の頂上で揺れる青い炎を目指して登っていくのを見て、あなたは急いで後を追い、慌てて彼女に問いかけた。,,,,,,,,,,,,,,
AvgDialog_6788_Content_3,aoSM,avgV1.3本源希洛大型支线_AvgDialog_C_M.csv,798,AvgDialog,Content,希洛,如果我的判断没错，耗费了怪物所有能量保护的地方，就是这座雪山的核心。,私の判断が間違っていなければ、怪物が全力で守っている場所こそ、この雪山の核よ。,,,,,,,,,,,,,,
AvgDialog_6788_Content_4,aoSN,avgV1.3本源希洛大型支线_AvgDialog_C_M.csv,799,AvgDialog,Content,希洛,我和莉莉的精神无法支撑太久，下山的路也已经无法走通……现在逃来不及了，必须要毁掉它。,私とリリーの精神も長くはもたない。下山する道も遠くに通れなくなってしまった……今さら逃げる時間もない。\nなら、あれを壊すしかない。,,,,,,,,,,,,,,
AvgDialog_6788_Content_5,aoSO,avgV1.3本源希洛大型支线_AvgDialog_C_M.csv,800,AvgDialog,Content,玩家,明白……我们一定能阻止它。我们一定会活着离开这里！,わかった……あの怪物は、私たちが必ず止めてみせる。\n絶対に生きてここを出るんだ！,,,,,,,,,,,,,,
AvgDialog_6788_Content_6,aoSP,avgV1.3本源希洛大型支线_AvgDialog_C_M.csv,801,AvgDialog,Content,,你和莉莉先后跟上了她的脚步，悉悉索索的声音响起，纯白的雪山上爬满了狰狞的小型怪物。,あなたとリリーは彼女の後を追う。雪をするようなざわめきが聞こえる。純白の雪山を、獰猛な小さな怪物たちが這い回っていた。,,,,,,,,,,,,,,
AvgDialog_6788_Content_7,aoSQ,avgV1.3本源希洛大型支线_AvgDialog_C_M.csv,802,AvgDialog,Content,希洛,为了拱卫核心，那个怪物还真是拼命……,核を守ろうと、あの怪物も必死ね……,,,,,,,,,,,,,,
AvgDialog_6788_Content_8,aoSR,avgV1.3本源希洛大型支线_AvgDialog_C_M.csv,803,AvgDialog,Content,希洛,%player%，小心了。,%player%、気をつけて。,,,,,,,,,,,,,,
AvgDialog_20082_Content_1,ahEq,avgV1.3本源希洛大型支线_AvgDialog_C_M.csv,804,AvgDialog,Content,玩家,呼……怎么回事……攀爬的难度比之前上升了很多，之前从没这么……这么艰难！,はぁ、はぁ……どうして……さっきよりずっときつい。\nこんなに……大変だったことなんてないのに！,,,,,,,,,,,,,,
AvgDialog_20082_Content_2,ahEr,avgV1.3本源希洛大型支线_AvgDialog_C_M.csv,805,AvgDialog,Content,希洛,雪山开始苏醒，地形随时都在发生变化，抓紧我的手——,雪山が目を覚ました。地形が刻一刻と変化している。\n私の手を、しっかり掴んで——,,,,,,,,,,,,,,
AvgDialog_20082_Content_3,ahEs,avgV1.3本源希洛大型支线_AvgDialog_C_M.csv,806,AvgDialog,Content,,你握住希洛的手，从岩块裂缝内艰难挣扎着爬起来，却见莉莉朝你张开了怀抱。,あなたはヘロットの手を握り、岩の裂け目からなんとか這い上がる。すると、リリーが両腕を広げて待っていた。,,,,,,,,,,,,,,
AvgDialog_20082_Content_4,ahEt,avgV1.3本源希洛大型支线_AvgDialog_C_M.csv,807,AvgDialog,Content,莉莉,莉莉，疼……要抱，一会儿就好。,リリー、いたい……抱っこして。\n少しだけでいいから。,,,,,,,,,,,,,,
AvgDialog_20082_Content_5,ahEu,avgV1.3本源希洛大型支线_AvgDialog_C_M.csv,808,AvgDialog,Content,,你依言将她抱了起来。一路上莉莉都表现得很懂事听话，但现在她的状态似乎不太对劲……,あなたは言われたとおりに彼女を抱き上げる。道中ずっとリリーは聞き分けよく振舞っていたが、今はどこか様子がおかしい……,,,,,,,,,,,,,,
AvgDialog_20082_Content_6,ahEv,avgV1.3本源希洛大型支线_AvgDialog_C_M.csv,809,AvgDialog,Content,玩家,莉莉，再撑一会，一会就好……,リリー、もう少し頑張って。もうすぐだから……,,,,,,,,,,,,,,
AvgDialog_20082_Content_7,ahEw,avgV1.3本源希洛大型支线_AvgDialog_C_M.csv,810,AvgDialog,Content,,地面漆黑的岩块上还残留着些许积雪，你跺了跺脚，发现地面变得有些黏稠。,黒々とした岩には、まだわずかに雪が残っている。足を踏み鳴らすと、あなたは地面がやや湿り気を帯びていることに気づいた。,,,,,,,,,,,,,,
AvgDialog_20082_Content_8,ahEx,avgV1.3本源希洛大型支线_AvgDialog_C_M.csv,811,AvgDialog,Content,玩家,让山体软化，想要拖慢我们的脚步……不会让它得逞的！,山を軟化させて、私たちを足止めするつもりか……そうはさせない！,,,,,,,,,,,,,,
AvgDialog_20475_Content_1,ahEA,avgV1.3本源希洛大型支线_AvgDialog_C_M.csv,812,AvgDialog,Content,玩家,终于……见到你了。,やっと……見つけた……,,,,,,,,,,,,,,
AvgDialog_20475_Content_2,ahED,avgV1.3本源希洛大型支线_AvgDialog_C_M.csv,813,AvgDialog,Content,,你们艰难搏杀着，终于抵达了荧蓝色怪物守护的山顶。,苦戦を強いられながらも、あなたたちはついに青白く輝く怪物が守る山頂に辿りついた。,,,,,,,,,,,,,,
AvgDialog_20475_Content_3,ahEE,avgV1.3本源希洛大型支线_AvgDialog_C_M.csv,814,AvgDialog,Content,,沉入死寂的雪山之巅，摇曳着一团熊熊燃烧的蓝色火焰，如同雪山跳动的心脏。,死の静寂に沈む雪山の頂で、青い炎が激しく燃え盛りながら揺れている。まるで雪山の鼓動そのもののように。,,,,,,,,,,,,,,
AvgDialog_20475_Content_4,ahEF,avgV1.3本源希洛大型支线_AvgDialog_C_M.csv,815,AvgDialog,Content,希洛,你挡不住我们的。,お前に、私たちを止めることはできない。,,,,,,,,,,,,,,
AvgDialog_20475_Content_5,ahEG,avgV1.3本源希洛大型支线_AvgDialog_C_M.csv,816,AvgDialog,Content,,空旷的雪山上回荡着她的嗓音，漂浮在空中的蓝色怪物凝视着她，漂浮在空中的巨兽没有丝毫回应。,広い雪山に、彼女の声が響き渡る。空中に浮かぶ青い怪物は彼女を見つめるだけで、何も応えなかった。,,,,,,,,,,,,,,
AvgDialog_20475_Content_6,ahEH,avgV1.3本源希洛大型支线_AvgDialog_C_M.csv,817,AvgDialog,Content,莉莉,腿……动不了了……,あし……動かないよ……,,,,,,,,,,,,,,
AvgDialog_20475_Content_7,ahEI,avgV1.3本源希洛大型支线_AvgDialog_C_M.csv,818,AvgDialog,Content,,你朝莉莉的方向望去。漆黑的岩块融化成了浆液，莉莉的腿已经被黑泥吞没了一半。,あなたはリリーを見る。漆黒の岩がどろどろに溶け、リリーの脚はその泥に半ば呑まれている。,,,,,,,,,,,,,,
AvgDialog_20475_Content_8,ahEJ,avgV1.3本源希洛大型支线_AvgDialog_C_M.csv,819,AvgDialog,Content,,你用力拉动，莉莉的双腿却仍然被流动的黑浆覆盖，越陷越深。,あなたが力一杯引いても、リリーの両脚は流れゆく黒い泥に覆われたまま、ますます深く沈んでいく。,,,,,,,,,,,,,,
AvgDialog_20475_Content_9,ahEK,avgV1.3本源希洛大型支线_AvgDialog_C_M.csv,820,AvgDialog,Content,,希洛的鞋跟也被黏液拽住，暗红光线下的山脉闪烁着诡异的光泽，像是要将二人齐齐拉入地狱。,ヘロットの脚も、粘液に絡め取られていた。山脈は暗赤色の光を放ち、二人まとめて地獄に引きずり込もうとしているかのようだ。,,,,,,,,,,,,,,
AvgDialog_20475_Content_10,ahEB,avgV1.3本源希洛大型支线_AvgDialog_C_M.csv,821,AvgDialog,Content,玩家,雪山已经开始吞噬你们了……必须尽快打败怪物，毁掉核心！,雪山が君たちを呑み込もうとしている……\n急いであの怪物を倒そう！核を破壊しないと！,,,,,,,,,,,,,,
AvgDialog_20475_Content_11,ahEC,avgV1.3本源希洛大型支线_AvgDialog_C_M.csv,822,AvgDialog,Content,,希洛点点头，拔出黑刺，向怪物冲去——,ヘロットは頷き、黒い棘を引き抜くと、怪物に向かって突き進んだ——,,,,,,,,,,,,,,
AvgDialog_6813_Content_1,aoZK,avgV1.3本源希洛大型支线_AvgDialog_C_M.csv,823,AvgDialog,Content,,扭曲的怪物被击落在冰面上，砸出一道天堑般的深沟。它嗡鸣着，几度爬起却又狠狠跌落地面。,歪んだ怪物は水面へと叩き落され、深い溝を穿った。\n唸り声を上げて這い上がろうとするが、そのたびに地面に倒れ込む。,,,,,,,,,,,,,,
AvgDialog_6813_Content_2,aoZV,avgV1.3本源希洛大型支线_AvgDialog_C_M.csv,824,AvgDialog,Content,,尽管已经奄奄一息，但它背后的火焰仍然不停地燃烧着，甚至越来越大，几乎快要将它自身吞噬。,すでに瀕死の状態でありながら、その背の炎はなおも燃え続けている。むしろ勢いを増し、今にも自らを呑み込まんばかりだ。,,,,,,,,,,,,,,
AvgDialog_6813_Content_3,apag,avgV1.3本源希洛大型支线_AvgDialog_C_M.csv,825,AvgDialog,Content,,希洛将尖刺狠狠扎入火焰，可无论多少次，都无法熄灭这团燃烧的火光。,ヘロットは、黒い棘を何度も炎に突き立てた。\nだが何度繰り返しても、その燃え盛る火を消すことはできなかった。,,,,,,,,,,,,,,
AvgDialog_6813_Content_4,apar,avgV1.3本源希洛大型支线_AvgDialog_C_M.csv,826,AvgDialog,Content,玩家,这是……怎么回事？！,これは……どうなってるの！？,,,,,,,,,,,,,,
AvgDialog_6813_Content_5,apaC,avgV1.3本源希洛大型支线_AvgDialog_C_M.csv,827,AvgDialog,Content,希洛,仪式已经启动，它的苏醒已经无法再逆转。,儀式はすでに始まっている。あいつの覚醒はもう止められない。,,,,,,,,,,,,,,
AvgDialog_6813_Content_6,apaN,avgV1.3本源希洛大型支线_AvgDialog_C_M.csv,828,AvgDialog,Content,玩家,难道就没有别的办法了吗？,他に方法はないの！？,,,,,,,,,,,,,,
AvgDialog_6813_Content_7,apaY,avgV1.3本源希洛大型支线_AvgDialog_C_M.csv,829,AvgDialog,Content,希洛,……还有一个。,……ひとつだけ。,,,,,,,,,,,,,,
AvgDialog_6813_Content_8,apbj,avgV1.3本源希洛大型支线_AvgDialog_C_M.csv,830,AvgDialog,Content,,希洛看向你，又看向山顶不灭的蓝色火焰。,ヘロットはあなたを見つめ、そして山頂で燃え続ける青い炎へと視線を移した。,,,,,,,,,,,,,,
AvgDialog_6813_Content_9,apbu,avgV1.3本源希洛大型支线_AvgDialog_C_M.csv,831,AvgDialog,Content,希洛,如果让它苏醒过来，所有人都会葬身于此。,あいつを目覚めさせてしまうと、ここにいる全員が死ぬことになる。,,,,,,,,,,,,,,
AvgDialog_6813_Content_10,aoZL,avgV1.3本源希洛大型支线_AvgDialog_C_M.csv,832,AvgDialog,Content,希洛,它在召唤与它同源的力量。如果它将我们吞噬，我们的精神便将与它融合……,あいつは、自分と同源の力を呼び寄せている。もし呑み込まれてしまったら、私たちは精神ごとあいつと融合してしまうでしょうね……,,,,,,,,,,,,,,
AvgDialog_6813_Content_11,aoZM,avgV1.3本源希洛大型支线_AvgDialog_C_M.csv,833,AvgDialog,Content,,希洛闭上眼。已然消散的碎片又重新凝聚在她脑海中。,ヘロットは目を閉じた。すでに消え去っていたはずの破片が、再び彼女の脳裏に浮かび上がった。,,,,,,,,,,,,,,
AvgDialog_6813_Content_12,aoZN,avgV1.3本源希洛大型支线_AvgDialog_C_M.csv,834,AvgDialog,Content,“希洛”,如果，是我吞噬它呢？,もし私が、そいつを呑み込んだら？,,,,,,,,,,,,,,
AvgDialog_6813_Content_13,aoZO,avgV1.3本源希洛大型支线_AvgDialog_C_M.csv,835,AvgDialog,Content,“希洛”,它想吞噬我，汲取我的力量，那么反过来，我也可以吞噬它！,あいつは私たちを呑み込んで、力を奪おうとしている。\nだったら逆に、私たちがあいつを呑み込んでやればいい！,,,,,,,,,,,,,,
AvgDialog_6813_Content_14,aoZP,avgV1.3本源希洛大型支线_AvgDialog_C_M.csv,836,AvgDialog,Content,,希洛重新睁开眼。,ヘロットは再び目を見開いた。,,,,,,,,,,,,,,
AvgDialog_6813_Content_15,aoZQ,avgV1.3本源希洛大型支线_AvgDialog_C_M.csv,837,AvgDialog,Content,希洛,唯一的办法，就是像另一个“希洛”那样，尝试去吞噬雪山的力量……,唯一の方法は、もう一人の「ヘロット」がそうしたように、雪山の力を呑み込むことよ……,,,,,,,,,,,,,,
AvgDialog_6813_Content_16,aoZR,avgV1.3本源希洛大型支线_AvgDialog_C_M.csv,838,AvgDialog,Content,,希洛蹲下身子，学着你的样子，生疏地摸了摸莉莉柔软的发顶。,ヘロットはしゃがみ込み、あなたの真似をするように、ぎこちない手つきでリリーの柔らかい髪を撫でた。,,,,,,,,,,,,,,
AvgDialog_6813_Content_17,aoZS,avgV1.3本源希洛大型支线_AvgDialog_C_M.csv,839,AvgDialog,Content,,莉莉已经有半个身子陷入了山体，失控的她流着漆黑的泪水，目光空洞地盯着希洛。,リリーはすでに体の半分が山肌に呑まれている。制御を失った彼女は漆黒の涙を流し、虚ろな瞳でヘロットを見つめていた。,,,,,,,,,,,,,,
AvgDialog_6813_Content_18,aoZT,avgV1.3本源希洛大型支线_AvgDialog_C_M.csv,840,AvgDialog,Content,希洛,她已经承受了太多的苦难。让我来吧。,この子は、もう十分すぎるほど苦しんできた……あとは私に任せて。,,,,,,,,,,,,,,
AvgDialog_6813_Content_19,aoZU,avgV1.3本源希洛大型支线_AvgDialog_C_M.csv,841,AvgDialog,Content,玩家,不……不行，不该是这样的结果……我们一定能想出别的办法……,だ……だめだよ、そんな……絶対に、何か別の方法があるはずだ……,,,,,,,,,,,,,,
AvgDialog_6813_Content_20,aoZW,avgV1.3本源希洛大型支线_AvgDialog_C_M.csv,842,AvgDialog,Content,希洛,没有时间了，守密人。,時間がないわ、守秘者。,,,,,,,,,,,,,,
AvgDialog_6813_Content_21,aoZX,avgV1.3本源希洛大型支线_AvgDialog_C_M.csv,843,AvgDialog,Content,希洛,想要让你们活着离开艾尔沃斯，想要不再次在你面前变成怪物，就只有这个办法了……,君たちをアイズルワースから生きて帰すため、そして二度と君の前で怪物にならないために……もう、この方法しかないの……,,,,,,,,,,,,,,
AvgDialog_6813_Content_22,aoZY,avgV1.3本源希洛大型支线_AvgDialog_C_M.csv,844,AvgDialog,Content,玩家,你会死在这里的！,ここで死ぬつもり！？,,,,,,,,,,,,,,
AvgDialog_6813_Content_23,aoZZ,avgV1.3本源希洛大型支线_AvgDialog_C_M.csv,845,AvgDialog,Content,希洛,“就算如此……那又如何？”,「だとしても……だから何？」,,,,,,,,,,,,,,
AvgDialog_6813_Content_25,apab,avgV1.3本源希洛大型支线_AvgDialog_C_M.csv,847,AvgDialog,Content,,她将刀剑刺入岩体，湿透的碎发垂落在面前，很快冻成了几块冰凌，随她颤抖的肩膀不住摇晃着。,彼女は剣を岩肌に突き立てた。濡れた髪が顔の前に垂れ、すぐに氷柱へと変わる。彼女の震える肩に合わせて、かすかに揺れていた。,,,,,,,,,,,,,,
AvgDialog_6813_Content_26,apac,avgV1.3本源希洛大型支线_AvgDialog_C_M.csv,848,AvgDialog,Content,,雪山的寒风不停肆虐，沉闷的声响接连响起。,雪山の寒風は絶え間なく吹き荒び、重く鈍い音が響き渡る。,,,,,,,,,,,,,,
AvgDialog_6813_Content_27,apad,avgV1.3本源希洛大型支线_AvgDialog_C_M.csv,849,AvgDialog,Content,,剧痛一阵阵袭向她，但此刻，她脑中的声音格外清晰。,激しい痛みが、波涛のように何度も押し寄せる。\nだが今、彼女の脳裏に響く声は驚くほど鮮明だった。,,,,,,,,,,,,,,
AvgDialog_6813_Content_28,apae,avgV1.3本源希洛大型支线_AvgDialog_C_M.csv,850,AvgDialog,Content,希洛,我有很多不想做的事，很多……被逼迫、被驱使去做的事。,やりたくないことなんて、山ほどあった。本当にたくさん……\n無理強いされ、駆り立てられて。,,,,,,,,,,,,,,
AvgDialog_6813_Content_29,apaf,avgV1.3本源希洛大型支线_AvgDialog_C_M.csv,851,AvgDialog,Content,嘶叫的怪物,<Change>把她……交给……我！,<Change>その子を……私に！,,,,,,,,,,,,,,
AvgDialog_6813_Content_30,apah,avgV1.3本源希洛大型支线_AvgDialog_C_M.csv,852,AvgDialog,Content,萝坦,连交流能力也失去了吗？,もはや言葉も通じぬのか？,,,,,,,,,,,,,,
AvgDialog_6813_Content_31,apai,avgV1.3本源希洛大型支线_AvgDialog_C_M.csv,853,AvgDialog,Content,萝坦,"既然如此，就把言语、把你的心情寄托在剑上吧。
用战斗让我听见你的愤怒！",ならば、お前の言葉と気持ちを剣に託せ。\nお前の怒りを見せてみよ！,,,,,,,,,,,,,,
AvgDialog_6813_Content_32,apaj,avgV1.3本源希洛大型支线_AvgDialog_C_M.csv,854,AvgDialog,Content,希洛,我被背叛过很多、很多次。,私は何度も、何度も裏切られてきた。,,,,,,,,,,,,,,
AvgDialog_6813_Content_33,apak,avgV1.3本源希洛大型支线_AvgDialog_C_M.csv,855,AvgDialog,Content,希洛,为什么？为什么？我要见夫人！,なんで？どうして？夫人に会わせて！,,,,,,,,,,,,,,
AvgDialog_6813_Content_34,apal,avgV1.3本源希洛大型支线_AvgDialog_C_M.csv,856,AvgDialog,Content,狱卒,别想了，还以为你是高贵的掌政官养女吗？,諦めろ、まだ自分が高貴な行政官の養女だと思っているのか？,,,,,,,,,,,,,,
AvgDialog_6813_Content_35,apam,avgV1.3本源希洛大型支线_AvgDialog_C_M.csv,857,AvgDialog,Content,狱卒,肮脏的血脉，最后就只能养出你这样的<Blue:叛徒>。,汚れた血筋を育てても、最後にはお前のような<Blue:裏切り者>になるだけだ。,,,,,,,,,,,,,,
AvgDialog_6813_Content_36,apan,avgV1.3本源希洛大型支线_AvgDialog_C_M.csv,858,AvgDialog,Content,希洛,"<BigShake:回答我!>
我是被放弃了吗？！",<BigShake:答えて！>\n私は見捨てられたの！？,,,,,,,,,,,,,,
AvgDialog_6813_Content_37,apao,avgV1.3本源希洛大型支线_AvgDialog_C_M.csv,859,AvgDialog,Content,赫伯特,从结果上来说是的，但……,結果的にはそうなるが……,,,,,,,,,,,,,,
AvgDialog_6813_Content_38,apap,avgV1.3本源希洛大型支线_AvgDialog_C_M.csv,860,AvgDialog,Content,,她颤抖的手已经握不住刀把，长剑被岩体的震颤撞击出金属的嗡鸣。,彼女の震える手は、もはや柄を握り締めることすらかなわない。\n剣は岩の震動に打たれ、金属的な唸りを上げていた。,,,,,,,,,,,,,,
AvgDialog_6813_Content_39,apaq,avgV1.3本源希洛大型支线_AvgDialog_C_M.csv,861,AvgDialog,Content,希洛,我曾经以为，复仇就是我的一切……但直到今天我才明白，我理解错了意义，也寻找错了对手。,私はかつて、復讐こそがすべてだと思っていた……けれど、今日になってようやく気付いた。戦うべき相手さえ間違えていたのだと。,,,,,,,,,,,,,,
AvgDialog_6813_Content_40,apas,avgV1.3本源希洛大型支线_AvgDialog_C_M.csv,862,AvgDialog,Content,“希洛”,只有足够强大的力量，才能完成我们的复仇。复仇，是我们唯一的意义。,十分な力があってこそ、私たちの復讐は果たせる。\n復讐こそ、私たちの唯一の存在意義だ。,,,,,,,,,,,,,,
AvgDialog_6813_Content_41,apat,avgV1.3本源希洛大型支线_AvgDialog_C_M.csv,863,AvgDialog,Content,“希洛”,山要见我，我便来见祂。,山が私に会いたがっているのなら、会いに行くまでだ。,,,,,,,,,,,,,,
AvgDialog_6813_Content_42,apau,avgV1.3本源希洛大型支线_AvgDialog_C_M.csv,864,AvgDialog,Content,“希洛”,我是你的未来，“希洛”。等你有勇气向命运举起手里的剑的时候，你便会成为我。,私はお前の未来だ、「ヘロット」。\nお前が運命に剣を向ける勇気を持ったそのとき、お前は私になる。,,,,,,,,,,,,,,
AvgDialog_6813_Content_43,apav,avgV1.3本源希洛大型支线_AvgDialog_C_M.csv,865,AvgDialog,Content,萝坦,"所以你想要向背叛者复仇，想保护搭救你的弗朗西斯。
但战斗不是这样的东西。",だからお前は裏切り者に復讐し、助けてくれたフランシスを守りたいと思っている。だが、戦いとはそんなものではない。,,,,,,,,,,,,,,
AvgDialog_6813_Content_44,apaw,avgV1.3本源希洛大型支线_AvgDialog_C_M.csv,866,AvgDialog,Content,萝坦,"不是为了守护，不是为了复仇，不是为了求证。
战斗就只是战斗而已。",守るためでも、復讐のためでも、証を求めるためでもない。\n戦いとは、ただ戦う、それだけよ。,,,,,,,,,,,,,,
AvgDialog_6813_Content_45,apax,avgV1.3本源希洛大型支线_AvgDialog_C_M.csv,867,AvgDialog,Content,萝坦,你的世界太狭小了，所以总像灯蛾一样在意他人点亮的星点微光。,お前の世界は狭すぎる。\nだから蛾のように他人がともす微かな光がいつも気になるのだ。,,,,,,,,,,,,,,
AvgDialog_6813_Content_46,apay,avgV1.3本源希洛大型支线_AvgDialog_C_M.csv,868,AvgDialog,Content,萝坦,有机会的话，去见识见识更广阔的世界吧。,機会があれば、もっと広い世界を見にゆくがよい。,,,,,,,,,,,,,,
AvgDialog_6813_Content_47,apaz,avgV1.3本源希洛大型支线_AvgDialog_C_M.csv,869,AvgDialog,Content,希洛,松开！你撑不了多久的。,離しなさい！無理よ！,,,,,,,,,,,,,,
AvgDialog_6813_Content_48,apaA,avgV1.3本源希洛大型支线_AvgDialog_C_M.csv,870,AvgDialog,Content,玩家,我……不会……,私は…絶対に……,,,,,,,,,,,,,,
AvgDialog_6813_Content_49,apaB,avgV1.3本源希洛大型支线_AvgDialog_C_M.csv,871,AvgDialog,Content,希洛,放手……这样下去你也会死！,離して……このままじゃ、君まで死ぬ！,,,,,,,,,,,,,,
AvgDialog_6813_Content_50,apaD,avgV1.3本源希洛大型支线_AvgDialog_C_M.csv,872,AvgDialog,Content,玩家,我不会丢下任何一个同伴不管……绝不！,私は仲間を見捨てない……絶対に！,,,,,,,,,,,,,,
AvgDialog_6813_Content_51,apaE,avgV1.3本源希洛大型支线_AvgDialog_C_M.csv,873,AvgDialog,Content,,……,……,,,,,,,,,,,,,,
AvgDialog_6813_Content_53,apaG,avgV1.3本源希洛大型支线_AvgDialog_C_M.csv,875,AvgDialog,Content,希洛,萝坦说，战斗就只是战斗，也不是为了守护，也不是为了复仇。,ロータンは言った。戦いはただ戦いであるだけで、守るためでも、復讐のためでもないと。,,,,,,,,,,,,,,
AvgDialog_6813_Content_54,apaH,avgV1.3本源希洛大型支线_AvgDialog_C_M.csv,876,AvgDialog,Content,希洛,我思考了很久，终于明白，为什么你和你的唤醒体会如此强大……,長い間考えて、やっと理解したわ。\nどうして君と君の覚醒体が、あんなに強いのか……,,,,,,,,,,,,,,
AvgDialog_6813_Content_55,apaI,avgV1.3本源希洛大型支线_AvgDialog_C_M.csv,877,AvgDialog,Content,希洛,我想，萝坦错了。或许，就连她自己也没有意识到。,私、思うの。ロータンは間違っているんじゃないかって。\nたぶん、彼女自身でも気づいてないだろうけど。,,,,,,,,,,,,,,
AvgDialog_6813_Content_56,apaJ,avgV1.3本源希洛大型支线_AvgDialog_C_M.csv,878,AvgDialog,Content,希洛,萝坦也好，莉莉也好，你也好……你们都有想要守护的东西。,ロータンも、リリーも、君も……みんなそれぞれ守りたいものがある。,,,,,,,,,,,,,,
AvgDialog_6813_Content_57,apaK,avgV1.3本源希洛大型支线_AvgDialog_C_M.csv,879,AvgDialog,Content,希洛,守护，才是我应有的命运。,守ることこそ、私に与えられた運命。,,,,,,,,,,,,,,
AvgDialog_6813_Content_58,apaL,avgV1.3本源希洛大型支线_AvgDialog_C_M.csv,880,AvgDialog,Content,希洛,这个道理，是你教会我的，守密人。,この真理を教えてくれたのは君よ、守秘者。,,,,,,,,,,,,,,
AvgDialog_6813_Content_59,apaM,avgV1.3本源希洛大型支线_AvgDialog_C_M.csv,881,AvgDialog,Content,,“轰隆——”,ゴウン——,,,,,,,,,,,,,,
AvgDialog_6813_Content_60,apaO,avgV1.3本源希洛大型支线_AvgDialog_C_M.csv,882,AvgDialog,Content,,山体再次剧烈地摇晃起来，冰湖上的厚重冰层寸寸龟裂。,山は再び激しく揺れ、氷湖を覆う厚い氷の層はミシミシと音を立てながらひび割れていく。,,,,,,,,,,,,,,
AvgDialog_6813_Content_61,apaP,avgV1.3本源希洛大型支线_AvgDialog_C_M.csv,883,AvgDialog,Content,,残破的碎块下，是疯狂涌动的黑色脓疱，如汤如沸，不断扩散开来。,砕け散った破片の下では、黒い膿が狂ったようにうねり、煮えたぎる湯のように泡立ちながら際限なく広がり続けている。,,,,,,,,,,,,,,
AvgDialog_6813_Content_62,apaQ,avgV1.3本源希洛大型支线_AvgDialog_C_M.csv,884,AvgDialog,Content,玩家,希洛，我是不会抛弃同伴的！,ヘロット、私は仲間を見捨てたりしない！,,,,,,,,,,,,,,
AvgDialog_6813_Content_63,apaR,avgV1.3本源希洛大型支线_AvgDialog_C_M.csv,885,AvgDialog,Content,希洛,我不喜欢欠人情。你救了我，今天以后，我们就两清了。,借りは作りたくないの。君は私を助けてくれた。もう貸し借りなしよ。,,,,,,,,,,,,,,
AvgDialog_6813_Content_64,apaS,avgV1.3本源希洛大型支线_AvgDialog_C_M.csv,886,AvgDialog,Content,希洛,我能感受到另一个“希洛”的气息……她在山里等待着我。她要与我一同向命运复仇。,もう一人の「ヘロット」の気配を感じる……あれは山の中で、私を待ってるの。運命への復讐を、共に果たすために。,,,,,,,,,,,,,,
AvgDialog_6813_Content_65,apaT,avgV1.3本源希洛大型支线_AvgDialog_C_M.csv,887,AvgDialog,Content,希洛,你没有抛弃任何人。接下来的路，让我们自己走吧。,君は誰も見捨ててないわ。\nこの先の道は、私たち自身で歩いていくの。,,,,,,,,,,,,,,
AvgDialog_6813_Content_66,apaU,avgV1.3本源希洛大型支线_AvgDialog_C_M.csv,888,AvgDialog,Content,希洛,我们是战士。战士生来就是要战斗的。,私たちは戦士。\n戦士は、戦うために生まれてきた。,,,,,,,,,,,,,,
AvgDialog_6813_Content_67,apaV,avgV1.3本源希洛大型支线_AvgDialog_C_M.csv,889,AvgDialog,Content,希洛,这是我们自己选择的归宿……这是，我们与山之间的战斗。,これは私たちが自ら選んだ終着……私たちと山との戦いよ。,,,,,,,,,,,,,,
AvgDialog_6813_Content_68,apaW,avgV1.3本源希洛大型支线_AvgDialog_C_M.csv,890,AvgDialog,Content,,希洛拔出黑刺。,ヘロットは黒い棘を引き抜いた。,,,,,,,,,,,,,,
AvgDialog_6813_Content_69,apaX,avgV1.3本源希洛大型支线_AvgDialog_C_M.csv,891,AvgDialog,Content,,雪山上积压的云层很厚，没有丝毫阳光落下。,雪山を覆う雲の層は厚く、陽光は一切差し込まない。,,,,,,,,,,,,,,
AvgDialog_6813_Content_70,apaZ,avgV1.3本源希洛大型支线_AvgDialog_C_M.csv,892,AvgDialog,Content,,希洛周身被漆黑的黏液缠绕、束缚，无意识的疯狂化作坚固的铁链，将她绑缚于重重枷锁之下。,ヘロットは全身を漆黒の粘液に絡め取られ、束縛されていた。無自覚の狂気が堅固な鎖となり、幾重もの枷の下に彼女を縛りつけている。,,,,,,,,,,,,,,
AvgDialog_6813_Content_71,apba,avgV1.3本源希洛大型支线_AvgDialog_C_M.csv,893,AvgDialog,Content,,……,…,,,,,,,,,,,,,,
AvgDialog_6813_Content_73,apbc,avgV1.3本源希洛大型支线_AvgDialog_C_M.csv,895,AvgDialog,Content,,她单薄的肩膀背负着锁链，踽踽向前。她的身躯被沉重的枷锁拴住，逐渐喘不上气，跪倒在雪地上。,華奢な肩に鉄鎖を背負い、孤独な歩みを進める。重い枷に身動きが取れず、次第に息も苦しくなった彼女は、とうとう雪に膝をついた。,,,,,,,,,,,,,,
AvgDialog_6813_Content_74,apbd,avgV1.3本源希洛大型支线_AvgDialog_C_M.csv,896,AvgDialog,Content,玩家,希洛……,ヘロット……,,,,,,,,,,,,,,
AvgDialog_6813_Content_75,apbe,avgV1.3本源希洛大型支线_AvgDialog_C_M.csv,897,AvgDialog,Content,,禁忌的呓语无休止地灌入耳中，在黏稠晦暗的声响中，希洛听见了山峰与心脏的共振。,禁忌の囁きは、絶え間なく耳に入ってくる。粘りつくような暗い響きの中で、ヘロットは山と心臓が共鳴する音を聞いた。,,,,,,,,,,,,,,
AvgDialog_6813_Content_76,apbf,avgV1.3本源希洛大型支线_AvgDialog_C_M.csv,898,AvgDialog,Content,,咚，咚，咚……,ゴウン、ゴウン、ゴウン……,,,,,,,,,,,,,,
AvgDialog_6813_Content_77,apbg,avgV1.3本源希洛大型支线_AvgDialog_C_M.csv,899,AvgDialog,Content,,坚硬的岩层冻土下，被唤醒的巨物，正迫切难耐地嗡鸣，渴求着她。,硬い岩盤と凍土の下、目覚めた巨体が焦燥にかられて唸りを上げる。彼女を渇望する魂の叫びだ。,,,,,,,,,,,,,,
AvgDialog_6813_Content_78,apbh,avgV1.3本源希洛大型支线_AvgDialog_C_M.csv,900,AvgDialog,Content,,她站上了山顶。,ヘロットは山頂に立った。,,,,,,,,,,,,,,
AvgDialog_6813_Content_79,apbi,avgV1.3本源希洛大型支线_AvgDialog_C_M.csv,901,AvgDialog,Content,,狂乱的山峰兴奋起来，大地剧烈地颤动着，猛烈的寒风撕扯着希洛身上单薄的衣衫，没能撼动她分毫。,狂乱する山嶺は歓喜に震え、激しく揺れる。凄まじい寒風がヘロットを切り裂くように荒れ狂うが、彼女は微動だにしなかった。,,,,,,,,,,,,,,
AvgDialog_6813_Content_80,apbk,avgV1.3本源希洛大型支线_AvgDialog_C_M.csv,902,AvgDialog,Content,,磅礴的黑色粘液从雪山顶部涌出，像是滔天的海浪，将她团团围住——,雪山の頂から漆黒の粘液が激しく噴き出し、天を覆う大波のように彼女へと押し寄せる——,,,,,,,,,,,,,,
AvgDialog_6813_Content_81,apbl,avgV1.3本源希洛大型支线_AvgDialog_C_M.csv,903,AvgDialog,Content,山脉,@3归来……摧毁@2……忘掉@3@2……来吧……回归@3……,@3よ、戻れ……@2を破壊せよ……@3@2を忘れよ……来たれ……還れ@3……,,,,,,,,,,,,,,
AvgDialog_6813_Content_82,apbm,avgV1.3本源希洛大型支线_AvgDialog_C_M.csv,904,AvgDialog,Content,山脉,……回归@3……,……還れ@3……,,,,,,,,,,,,,,
AvgDialog_6813_Content_83,apbn,avgV1.3本源希洛大型支线_AvgDialog_C_M.csv,905,AvgDialog,Content,希洛,如果我们赢了，艾尔沃斯的冰雪将会消融。那时，我们会一起，重现于世。,もし私たちが勝てば、アイズルワースの氷雪は溶けるはず。\nそのとき私たちは、共にこの世に再び現れる。,,,,,,,,,,,,,,
AvgDialog_6813_Content_84,apbo,avgV1.3本源希洛大型支线_AvgDialog_C_M.csv,906,AvgDialog,Content,希洛,等着吧，守密人。,待っていなさい、守秘者。,,,,,,,,,,,,,,
AvgDialog_6813_Content_85,apbp,avgV1.3本源希洛大型支线_AvgDialog_C_M.csv,907,AvgDialog,Content,,希洛短暂地回过头。你似乎看到，她的脸上笑容转瞬即逝。,ヘロットが一瞬振り返る。\nその顔に、かすかな笑みが浮かんだような気がした。,,,,,,,,,,,,,,
AvgDialog_6813_Content_86,apbq,avgV1.3本源希洛大型支线_AvgDialog_C_M.csv,908,AvgDialog,Content,,她转过身，冲着那团不灭的蓝色火焰，举起了手中的黑刺——,彼女はあなたに背を向けると、不滅の青き炎に相対し、黒き棘を掲げた——,,,,,,,,,,,,,,
AvgDialog_6813_Content_87,apbr,avgV1.3本源希洛大型支线_AvgDialog_C_M.csv,909,AvgDialog,Content,希洛,战斗，开始。,戦闘、開始。,,,,,,,,,,,,,,
AvgDialog_6813_Content_89,apbt,avgV1.3本源希洛大型支线_AvgDialog_C_M.csv,911,AvgDialog,Content,,是宣告，也是指令。无数的黑色粘液猛然落下，吞没了峰顶的一切。,それは宣告であり、命令でもあった。\n無数の黒い粘液が突如として降り注ぎ、山頂のすべてを呑み込んだ。,,,,,,,,,,,,,,
AvgDialog_6813_Content_90,apbv,avgV1.3本源希洛大型支线_AvgDialog_C_M.csv,912,AvgDialog,Content,,艾尔沃斯群山震动。连绵的山脉掀起乳白色的冰雾，僵硬笨拙的山体拼命挣扎扭动，似乎在对抗着什么。,アイズルワースの山脈が鳴動する。連なる峰は氷霧を巻き上げ、硬く無機質な山は、何かに抗うかのように必死に身を捩り悶え苦しむ。,,,,,,,,,,,,,,
AvgDialog_6813_Content_91,apbw,avgV1.3本源希洛大型支线_AvgDialog_C_M.csv,913,AvgDialog,Content,,燃烧的云层被狂风席卷，巨型漩涡将整个山峰笼罩于内。恐怖的力量肆无忌惮地迸发，似乎连天空也要搅碎……,燃えさかる雲は狂風にさらわれ、巨大な渦が山全体を呑み込む。\n恐るべき力が迸り、まるで空さえ引き裂かんばかりだ……,,,,,,,,,,,,,,
AvgDialog_6813_Content_92,apbx,avgV1.3本源希洛大型支线_AvgDialog_C_M.csv,914,AvgDialog,Content,,……,……,,,,,,,,,,,,,,
AvgDialog_6813_Content_93,apby,avgV1.3本源希洛大型支线_AvgDialog_C_M.csv,915,AvgDialog,Content,,不知过了多久。烟尘终于散尽，脚下的土地也不再颤动。,どれほどの時が過ぎただろうか。\nようやく煙は晴れ、足元の大地も震えを止めた。,,,,,,,,,,,,,,
AvgDialog_6813_Content_94,apbz,avgV1.3本源希洛大型支线_AvgDialog_C_M.csv,916,AvgDialog,Content,,恢复正常的莉莉走过来，牵住你的手。,正気を取り戻したリリーが近づいてきて、あなたの手を握る。,,,,,,,,,,,,,,
AvgDialog_6813_Content_95,apbA,avgV1.3本源希洛大型支线_AvgDialog_C_M.csv,917,AvgDialog,Content,莉莉,希洛姐姐……不在了。,ヘロットお姉ちゃん……いなくなっちゃった。,,,,,,,,,,,,,,
AvgDialog_6813_Content_96,apbB,avgV1.3本源希洛大型支线_AvgDialog_C_M.csv,918,AvgDialog,Content,,群山安稳地呼吸着。你抬起头，望向天空。,山脈は安らかに息づいている。あなたは顔を上げ、空を見上げた。,,,,,,,,,,,,,,
AvgDialog_6813_Content_97,apbC,avgV1.3本源希洛大型支线_AvgDialog_C_M.csv,919,AvgDialog,Content,,粗砺的雪花落下，堆积在你的头上，将头发染得花白。,ざらついた雪が舞う。\nあなたの頭に降り積もり、髪を白く染め上げていく。,,,,,,,,,,,,,,
AvgDialog_6813_Content_98,apbD,avgV1.3本源希洛大型支线_AvgDialog_C_M.csv,920,AvgDialog,Content,,艾尔沃斯一片静谧，仿佛什么也没有发生。,アイズルワースに静寂が訪れる。\nまるで、何事もなかったかのように。,,,,,,,,,,,,,,
AvgDialog_6787_Content_1,aoSa,avgV1.3本源希洛大型支线_AvgDialog_C_M.csv,921,AvgDialog,Content,,一个春天,春,,,,,,,,,,,,,,
AvgDialog_6787_Content_2,aoSl,avgV1.3本源希洛大型支线_AvgDialog_C_M.csv,922,AvgDialog,Content,拉蒙娜,艾维斯教授还在昏迷状态，但已经确认过，没有生命危险。,アイヴィス教授はまだ昏睡状態だけど、命に別状はないそうよ。,,,,,,,,,,,,,,
AvgDialog_6787_Content_3,aoSw,avgV1.3本源希洛大型支线_AvgDialog_C_M.csv,923,AvgDialog,Content,拉蒙娜,那名向导也正在接受专业的精神治疗。听医生说，尽管经历了如此严重的创伤性事件，但他的精神稳定性依然很高。,あのガイドも専門の精神治療を受けているわ。あれほど酷いトラウマとなる出来事の後でも、精神はとても安定しているって。,,,,,,,,,,,,,,
AvgDialog_6787_Content_4,aoSE,avgV1.3本源希洛大型支线_AvgDialog_C_M.csv,924,AvgDialog,Content,拉蒙娜,治疗过程里，他最关心的还是莉莉和你的情况……对于一个普通人来说，能做到这种程度十分难得。,治療の間も、彼は何よりリリーとあなたのことを心配していた。普通の人間が、ここまでできるなんて……そうそうあることじゃないわ。,,,,,,,,,,,,,,
AvgDialog_6787_Content_5,aoSF,avgV1.3本源希洛大型支线_AvgDialog_C_M.csv,925,AvgDialog,Content,拉蒙娜,提灯教会想要复活雪山，为他们的下个计划提供能源，好在被你们及时阻止。,提灯教会は雪山を復活させて、次の計画のエネルギー源にしようとしていたの。でも、あなたたちが間一髪でそれを阻止してくれた。,,,,,,,,,,,,,,
AvgDialog_6787_Content_6,aoSG,avgV1.3本源希洛大型支线_AvgDialog_C_M.csv,926,AvgDialog,Content,拉蒙娜,学校对你这次的结果很满意，决定补偿……,今回の結果に、学校側はとても満足していてね。\nあなたに補償を出すことが決まったのよ……,,,,,,,,,,,,,,
AvgDialog_6787_Content_7,aoSH,avgV1.3本源希洛大型支线_AvgDialog_C_M.csv,927,AvgDialog,Content,玩家,她的银芯……找到了吗？,彼女のシルバーコアは……見つかった？,,,,,,,,,,,,,,
AvgDialog_6787_Content_8,aoSI,avgV1.3本源希洛大型支线_AvgDialog_C_M.csv,928,AvgDialog,Content,拉蒙娜,……,……,,,,,,,,,,,,,,
AvgDialog_6787_Content_9,aoSJ,avgV1.3本源希洛大型支线_AvgDialog_C_M.csv,929,AvgDialog,Content,拉蒙娜,我们的人第一时间就赶到了那里，用了很多方法……,こちらもすぐに現場に駆けつけて、あらゆる手を尽くしたけど……,,,,,,,,,,,,,,
AvgDialog_6787_Content_10,aoSb,avgV1.3本源希洛大型支线_AvgDialog_C_M.csv,930,AvgDialog,Content,,你点了点头，重新望向窗外。,あなたは頷くと、再び窓の外に視線を戻した。,,,,,,,,,,,,,,
AvgDialog_6787_Content_11,aoSc,avgV1.3本源希洛大型支线_AvgDialog_C_M.csv,931,AvgDialog,Content,,对于寻找希洛的银芯这件事，你本来也没有报什么期望。,ヘロットのシルバーコアを探すことについて、あなたは元より期待などしていなかった。,,,,,,,,,,,,,,
AvgDialog_6787_Content_12,aoSd,avgV1.3本源希洛大型支线_AvgDialog_C_M.csv,932,AvgDialog,Content,玩家,拉蒙娜，你说，艾尔沃斯的雪山会融化吗？,ラモンナ。アイズルワースの雪山は、いつか溶けると思う？,,,,,,,,,,,,,,
AvgDialog_6787_Content_13,aoSe,avgV1.3本源希洛大型支线_AvgDialog_C_M.csv,933,AvgDialog,Content,拉蒙娜,……艾尔沃斯是极寒之地，那里的风雪终年不散。,……アイズルワースは極寒の地よ。\nあそこの風雪が止むことはないわ。,,,,,,,,,,,,,,
AvgDialog_6787_Content_14,aoSf,avgV1.3本源希洛大型支线_AvgDialog_C_M.csv,934,AvgDialog,Content,玩家,是啊，这是常识。艾尔沃斯的风雪，终年不散。,うん、これは常識だよね。アイズルワースの風雪が止むことはない。,,,,,,,,,,,,,,
AvgDialog_6787_Content_15,aoSg,avgV1.3本源希洛大型支线_AvgDialog_C_M.csv,935,AvgDialog,Content,,那句被狂风席卷送至你耳边的承诺，像一场宽慰性的告别。,狂風に乗ってあなたの耳元に届いたあの約束は、慰めの別れの言葉のようだった。,,,,,,,,,,,,,,
AvgDialog_6787_Content_16,aoSh,avgV1.3本源希洛大型支线_AvgDialog_C_M.csv,936,AvgDialog,Content,,天空流淌着油彩般秾丽的绯色，余晖在手上流淌。窗外，弥萨格大学校园正沉浸在残阳中。,空は油絵のような濃い緋色で満たされ、夕映えが手の上を流れる。\n窓の外ではミサゴ大学のキャンパスが暮れなずむ夕陽に浸っていた。,,,,,,,,,,,,,,
AvgDialog_6787_Content_17,aoSi,avgV1.3本源希洛大型支线_AvgDialog_C_M.csv,937,AvgDialog,Content,德克斯特,已经睡了一个星期了……休养得怎么样，守密人？,一週間も眠りっぱなしだったそうだね……具合はどうだい、守秘者？,,,,,,,,,,,,,,
AvgDialog_6787_Content_18,aoSj,avgV1.3本源希洛大型支线_AvgDialog_C_M.csv,938,AvgDialog,Content,德克斯特,美好的青春时光，可不能浪费在病床上。,青春のすばらしいひとときを、病床で無駄にしてはいけないな。,,,,,,,,,,,,,,
AvgDialog_6787_Content_19,aoSk,avgV1.3本源希洛大型支线_AvgDialog_C_M.csv,939,AvgDialog,Content,德克斯特,看看，我给你带了什么好东西？,ほら、ご覧。君に素敵な贈り物を持ってきたんだ。,,,,,,,,,,,,,,
AvgDialog_6787_Content_20,aoSm,avgV1.3本源希洛大型支线_AvgDialog_C_M.csv,940,AvgDialog,Content,拉蒙娜,%player%是病人，不能喝酒……希望您能够有一些基本的常识，德克斯特教授。,%player%は病人なのよ。お酒なんか飲んでいいわけないでしょう……少しは常識というものを持ってください、デクスター教授。,,,,,,,,,,,,,,
AvgDialog_6787_Content_21,aoSn,avgV1.3本源希洛大型支线_AvgDialog_C_M.csv,941,AvgDialog,Content,德克斯特,这杯酒是我欠%player%的。,この一杯は、%player%に借りがあったからね。,,,,,,,,,,,,,,
AvgDialog_6787_Content_22,aoSo,avgV1.3本源希洛大型支线_AvgDialog_C_M.csv,942,AvgDialog,Content,德克斯特,这次的事情，某种程度上也是因我而起，所以，我特地过来表达我的歉意。,今回の件、ある意味では私のせいでもあるから、こうしてお詫びを伝えにきたというわけさ。,,,,,,,,,,,,,,
AvgDialog_6787_Content_23,aoSp,avgV1.3本源希洛大型支线_AvgDialog_C_M.csv,943,AvgDialog,Content,德克斯特,相信我，把这些美味的酒保留到现在并不容易，我可是费了好大功夫才克制住自己的冲动。,信じてほしいな。こんなに美味しい酒を今まで取っておくのは、本当に大変だったんだよ。衝動を抑えるのに相当苦労したさ。,,,,,,,,,,,,,,
AvgDialog_6787_Content_24,aoSq,avgV1.3本源希洛大型支线_AvgDialog_C_M.csv,944,AvgDialog,Content,拉蒙娜,喝酒可不是什么好的表达方式。,お酒は感謝の気持ちを伝えるのに良い手段とは言えないわね。,,,,,,,,,,,,,,
AvgDialog_6787_Content_25,aoSr,avgV1.3本源希洛大型支线_AvgDialog_C_M.csv,945,AvgDialog,Content,德克斯特,你这样说，我跟酒都会伤心的，拉蒙娜小姐。,そんな言い方をされたら、私も酒も傷つくじゃないか、ラモンナ。,,,,,,,,,,,,,,
AvgDialog_6787_Content_26,aoSs,avgV1.3本源希洛大型支线_AvgDialog_C_M.csv,946,AvgDialog,Content,德克斯特,除了酒以外，我还给你们带了另外一份礼物。,そうそう。酒以外にも、もう一つ贈り物を持ってきているんだった。,,,,,,,,,,,,,,
AvgDialog_6787_Content_27,aoSt,avgV1.3本源希洛大型支线_AvgDialog_C_M.csv,947,AvgDialog,Content,,他扔下一张报纸。,彼はそういうと、新聞を放って寄越した。,,,,,,,,,,,,,,
AvgDialog_6787_Content_28,aoSu,avgV1.3本源希洛大型支线_AvgDialog_C_M.csv,948,AvgDialog,Content,德克斯特,酒和消息，你都会喜欢的。好好休息，守密人。,酒もこの知らせも、きっと君のお気に召すはずだよ。\nでは、ゆっくり休んでくれたまえ、守秘者。,,,,,,,,,,,,,,
AvgDialog_6787_Content_29,aoSv,avgV1.3本源希洛大型支线_AvgDialog_C_M.csv,949,AvgDialog,Content,,德克斯特优雅地向你们微微鞠了一躬，轻轻关上了房门。,デクスターは優雅に一礼すると、そっと部屋の扉を閉めた。,,,,,,,,,,,,,,
AvgDialog_6787_Content_30,aoSx,avgV1.3本源希洛大型支线_AvgDialog_C_M.csv,950,AvgDialog,Content,拉蒙娜,面对德克斯特教授，我有时候会很后悔没有再深入学习一下修辞学。,デクスター教授を相手にしていると、もっと深く弁論術を学んでおくべきだったって後悔することがあるわ。,,,,,,,,,,,,,,
AvgDialog_6787_Content_31,aoSy,avgV1.3本源希洛大型支线_AvgDialog_C_M.csv,951,AvgDialog,Content,,她拿起德克斯特留下的报纸。,彼女は、デクスターが残した新聞を手に取った。,,,,,,,,,,,,,,
AvgDialog_6787_Content_32,aoSz,avgV1.3本源希洛大型支线_AvgDialog_C_M.csv,952,AvgDialog,Content,拉蒙娜,"""据悉，前不久发生过重大雪崩、终年不化的艾尔沃斯腹地雪山，正在显现出诡异的消融迹象……""",『先日大規模な雪崩が発生した、万年雪で覆われているはずのアイズルワース奥地の雪山で、奇妙な融解の兆候が見られ……』,,,,,,,,,,,,,,
AvgDialog_6787_Content_33,aoSA,avgV1.3本源希洛大型支线_AvgDialog_C_M.csv,953,AvgDialog,Content,,你猛然转过头，拿过了报纸。,あなたははっとして振り返り、新聞を掴んだ。,,,,,,,,,,,,,,
AvgDialog_6787_Content_34,aoSB,avgV1.3本源希洛大型支线_AvgDialog_C_M.csv,954,AvgDialog,Content,,油墨印出的模糊图片上，群山的风雪已经停下。,インクで印刷されたぼやけた写真の中で、山脈の吹雪はすでに止んでいた。,,,,,,,,,,,,,,
AvgDialog_6787_Content_35,aoSC,avgV1.3本源希洛大型支线_AvgDialog_C_M.csv,955,AvgDialog,Content,,一株瘦小的蒲公英钻破终年的茫茫积雪，探出头来。,痩せ細った一輪のタンポポが、降り積もった深い雪を割って、顔を覗かせている。,,,,,,,,,,,,,,
AvgDialog_6787_Content_36,aoSD,avgV1.3本源希洛大型支线_AvgDialog_C_M.csv,956,AvgDialog,Content,,迎接艾尔沃斯的第一个春天。,アイズルワースは、初めての春を迎えたのだ。,,,,,,,,,,,,,,
AvgDialog_60208_Content_41,anOh,avg章8_AvgDialog_C_M.csv,258,AvgDialog,Content,莉莉,大%brotherorsister1%，小心！,お%brotherorsister1%、気をつけて！,,,,,,,,,,,,,,
AvgDialog_60217_Content_1,anSI,avg章8_AvgDialog_C_M.csv,278,AvgDialog,Content,莉莉,大%brotherorsister1%，莉莉……莉莉的头好痛……,お%brotherorsister1%……リリー、頭が痛い……,,,,,,,,,,,,,,
AvgDialog_60222_Content_7,anUr,avg章8_AvgDialog_C_M.csv,306,AvgDialog,Content,莉莉,大%brotherorsister1%！,お%brotherorsister1%！,,,,,,,,,,,,,,
AwakerPotency_13152_PotencyName,asRF,h唤醒体启灵_AwakerPotency_A.csv,69,AwakerPotency,PotencyName,莱克,拾金不昧,遺失物調査,,,,,,,,,,,,,,
AwakerPotency_54164_PotencyName,atof,h唤醒体启灵_AwakerPotency_A.csv,655,AwakerPotency,PotencyName,哈姆林,月下狂想,月下の狂想曲,,,,,,,,,,,,,,
AwakerPotency_79065_PotencyName,attJ,h唤醒体启灵_AwakerPotency_A.csv,704,AwakerPotency,PotencyName,克珀珊特,赴死如归的天火,死へ赴く天の火,,,,,,,,,,,,,,
AwakerPotency_78982_PotencyDesc,atqy,h唤醒体启灵_AwakerPotency_A.csv,712,AwakerPotency,PotencyDesc,克珀珊特,灵知觉醒「沉没于远海」获得强化，克珀珊特每回合首张「惩戒雷霆」和「混沌旗语」额外置入 1 张「领航」到手中，「领航」效果提高 50%。,霊知覚醒「遠き海に沈む」が強化され、毎ターン初めて使用する「制裁の雷霆」と「混沌の手旗信号」は追加で「航行」を1枚手札に追加し、「航行」の効果が50%増加する。,,,,,,,,,,,,,,
AwakerPotency_79150_PotencyName,atwX,h唤醒体启灵_AwakerPotency_A.csv,758,AwakerPotency,PotencyName,皮克曼,交叉画法,,,,,,,,,,,,,,,
AwakerPotency_79150_PotencyDesc,atwW,h唤醒体启灵_AwakerPotency_A.csv,758,AwakerPotency,PotencyDesc,皮克曼,「打击」或「防御」抽 1 张出战唤醒体的「技能」，每回合最多生效 1 次。,,,,,,,,,,,,,,,
AwakerPotency_79147_PotencyName,atwR,h唤醒体启灵_AwakerPotency_A.csv,759,AwakerPotency,PotencyName,皮克曼,中心刻绘,,,,,,,,,,,,,,,
AwakerPotency_79147_PotencyDesc,atwQ,h唤醒体启灵_AwakerPotency_A.csv,759,AwakerPotency,PotencyDesc,皮克曼,创构的「刻印」升级为「高级刻印」，创构的「白银造物」升级为「黄金造物」。,,,,,,,,,,,,,,,
AwakerPotency_13703_PotencyName,atmH,h唤醒体启灵_AwakerPotency_A.csv,789,AwakerPotency,PotencyName,诞妄·墨菲,倒悬之孕,逆子,,,,,,,,,,,,,,
AwakerPotency_13704_PotencyName,atmJ,h唤醒体启灵_AwakerPotency_A.csv,790,AwakerPotency,PotencyName,诞妄·墨菲,渎神终末,冒涜の終焉,,,,,,,,,,,,,,
AwakerTalent_58448_TalentDesc_1,aunZ,h唤醒体天赋_AwakerTalent_A_M.csv,46,AwakerTalent,TalentDesc,莱克,·莱克击杀敌人时获得 5 黑印，莱克每有 1% 黑印掉落就使获得量提高 1%，每场探索最多生效 5 次。\n·通过战斗获取 75/150/300 黑印后，造物上限+1，战斗结束时选择一个<C05_zaowu:「混沌的遗赠」>加入造物列表。,・ライカーが敵を撃破するたび、5黒章を獲得する。ライカーが黒章ドロップ率の能力を1%獲得するごとに、獲得量が1%増加する。探索ごとに最大5回まで。\n・戦闘で75/150/300の黒章を獲得するごとに、遺物の上限+1、戦闘終了後に<C05_zaowu:「混沌の遺物」>を1つ選択して獲得する。,,,,,,,,,,,,,,
AwakerTalent_78620_TalentDesc_1,auGZ,h唤醒体天赋_AwakerTalent_A_M.csv,1343,AwakerTalent,TalentDesc,克珀珊特,·该天赋仅在「星辰篇」关卡中生效。\n·该唤醒体的体质、攻击、防御提高 [Arg1] %，并使该唤醒体首次打出灵知觉醒后获得 [Arg2] 点银钥能量。\n·战斗开始时，使所有敌人承受的触腕伤害提高 [Arg3]％，对「深海」敌人效果翻倍。「惩戒雷霆」对「深海」敌人造成的伤害提高 [Arg4]％,・この才能は「星辰篇」のステージでのみ有効。\n・該当の覚醒体の体力、攻撃、防御が[Arg1]%増加し、その覚醒体が初めて霊知覚醒を使用した後、[Arg2]キーエネルギーを獲得する。\n・戦闘開始時、すべての敵が受ける触腕ダメージが[Arg3]%増加し、「深海」の敵には効果が2倍になる。「制裁の雷霆」が「深海」の敵に与えるダメージが[Arg4]％増加する。,,,,,,,,,,,,,,
AwakerTalent_78620_TalentDesc_2,auHb,h唤醒体天赋_AwakerTalent_A_M.csv,1344,AwakerTalent,TalentDesc,克珀珊特,·该天赋仅在「星辰篇」关卡中生效。\n·该唤醒体的体质、攻击、防御提高 [Arg1] %，并使该唤醒体首次打出灵知觉醒后获得 [Arg2] 点银钥能量。\n·战斗开始时，使所有敌人承受的触腕伤害提高 [Arg3]％，对「深海」敌人效果翻倍。「惩戒雷霆」对「深海」敌人造成的伤害提高 [Arg4]％,・この才能は「星辰篇」のステージでのみ有効。\n・該当の覚醒体の体力、攻撃、防御が[Arg1]%増加し、その覚醒体が初めて霊知覚醒を使用した後、[Arg2]キーエネルギーを獲得する。\n・戦闘開始時、すべての敵が受ける触腕ダメージが[Arg3]%増加し、「深海」の敵には効果が2倍になる。「制裁の雷霆」が「深海」の敵に与えるダメージが[Arg4]％増加する。,,,,,,,,,,,,,,
AwakerTalent_78620_TalentDesc_3,auHc,h唤醒体天赋_AwakerTalent_A_M.csv,1345,AwakerTalent,TalentDesc,克珀珊特,·该天赋仅在「星辰篇」关卡中生效。\n·该唤醒体的体质、攻击、防御提高 [Arg1] %，并使该唤醒体首次打出灵知觉醒后获得 [Arg2] 点银钥能量。\n·战斗开始时，使所有敌人承受的触腕伤害提高 [Arg3]％，对「深海」敌人效果翻倍。「惩戒雷霆」对「深海」敌人造成的伤害提高 [Arg4]％,・この才能は「星辰篇」のステージでのみ有効。\n・該当の覚醒体の体力、攻撃、防御が[Arg1]%増加し、その覚醒体が初めて霊知覚醒を使用した後、[Arg2]キーエネルギーを獲得する。\n・戦闘開始時、すべての敵が受ける触腕ダメージが[Arg3]%増加し、「深海」の敵には効果が2倍になる。「制裁の雷霆」が「深海」の敵に与えるダメージが[Arg4]％増加する。,,,,,,,,,,,,,,
AwakerTalent_78620_TalentDesc_4,auHd,h唤醒体天赋_AwakerTalent_A_M.csv,1346,AwakerTalent,TalentDesc,克珀珊特,·该天赋仅在「星辰篇」关卡中生效。\n·该唤醒体的体质、攻击、防御提高 [Arg1] %，并使该唤醒体首次打出灵知觉醒后获得 [Arg2] 点银钥能量。\n·战斗开始时，使所有敌人承受的触腕伤害提高 [Arg3]％，对「深海」敌人效果翻倍。「惩戒雷霆」对「深海」敌人造成的伤害提高 [Arg4]％,・この才能は「星辰篇」のステージでのみ有効。\n・該当の覚醒体の体力、攻撃、防御が[Arg1]%増加し、その覚醒体が初めて霊知覚醒を使用した後、[Arg2]キーエネルギーを獲得する。\n・戦闘開始時、すべての敵が受ける触腕ダメージが[Arg3]%増加し、「深海」の敵には効果が2倍になる。「制裁の雷霆」が「深海」の敵に与えるダメージが[Arg4]％増加する。,,,,,,,,,,,,,,
AwakerTalent_78620_TalentDesc_5,auHe,h唤醒体天赋_AwakerTalent_A_M.csv,1347,AwakerTalent,TalentDesc,克珀珊特,·该天赋仅在「星辰篇」关卡中生效。\n·该唤醒体的体质、攻击、防御提高 [Arg1] %，并使该唤醒体首次打出灵知觉醒后获得 [Arg2] 点银钥能量。\n·战斗开始时，使所有敌人承受的触腕伤害提高 [Arg3]％，对「深海」敌人效果翻倍。「惩戒雷霆」对「深海」敌人造成的伤害提高 [Arg4]％,・この才能は「星辰篇」のステージでのみ有効。\n・該当の覚醒体の体力、攻撃、防御が[Arg1]%増加し、その覚醒体が初めて霊知覚醒を使用した後、[Arg2]キーエネルギーを獲得する。\n・戦闘開始時、すべての敵が受ける触腕ダメージが[Arg3]%増加し、「深海」の敵には効果が2倍になる。「制裁の雷霆」が「深海」の敵に与えるダメージが[Arg4]％増加する。,,,,,,,,,,,,,,
AwakerTalent_78620_TalentDesc_6,auHf,h唤醒体天赋_AwakerTalent_A_M.csv,1348,AwakerTalent,TalentDesc,克珀珊特,·该天赋仅在「星辰篇」关卡中生效。\n·该唤醒体的体质、攻击、防御提高 [Arg1] %，并使该唤醒体首次打出灵知觉醒后获得 [Arg2] 点银钥能量。\n·战斗开始时，使所有敌人承受的触腕伤害提高 [Arg3]％，对「深海」敌人效果翻倍。「惩戒雷霆」对「深海」敌人造成的伤害提高 [Arg4]％,・この才能は「星辰篇」のステージでのみ有効。\n・該当の覚醒体の体力、攻撃、防御が[Arg1]%増加し、その覚醒体が初めて霊知覚醒を使用した後、[Arg2]キーエネルギーを獲得する。\n・戦闘開始時、すべての敵が受ける触腕ダメージが[Arg3]%増加し、「深海」の敵には効果が2倍になる。「制裁の雷霆」が「深海」の敵に与えるダメージが[Arg4]％増加する。,,,,,,,,,,,,,,
AwakerTalent_78620_TalentDesc_7,auHg,h唤醒体天赋_AwakerTalent_A_M.csv,1349,AwakerTalent,TalentDesc,克珀珊特,·该天赋仅在「星辰篇」关卡中生效。\n·该唤醒体的体质、攻击、防御提高 [Arg1] %，并使该唤醒体首次打出灵知觉醒后获得 [Arg2] 点银钥能量。\n·战斗开始时，使所有敌人承受的触腕伤害提高 [Arg3]％，对「深海」敌人效果翻倍。「惩戒雷霆」对「深海」敌人造成的伤害提高 [Arg4]％,・この才能は「星辰篇」のステージでのみ有効。\n・該当の覚醒体の体力、攻撃、防御が[Arg1]%増加し、その覚醒体が初めて霊知覚醒を使用した後、[Arg2]キーエネルギーを獲得する。\n・戦闘開始時、すべての敵が受ける触腕ダメージが[Arg3]%増加し、「深海」の敵には効果が2倍になる。「制裁の雷霆」が「深海」の敵に与えるダメージが[Arg4]％増加する。,,,,,,,,,,,,,,
AwakerTalent_78620_TalentDesc_8,auHh,h唤醒体天赋_AwakerTalent_A_M.csv,1350,AwakerTalent,TalentDesc,克珀珊特,·该天赋仅在「星辰篇」关卡中生效。\n·该唤醒体的体质、攻击、防御提高 [Arg1] %，并使该唤醒体首次打出灵知觉醒后获得 [Arg2] 点银钥能量。\n·战斗开始时，使所有敌人承受的触腕伤害提高 [Arg3]％，对「深海」敌人效果翻倍。「惩戒雷霆」对「深海」敌人造成的伤害提高 [Arg4]％,・この才能は「星辰篇」のステージでのみ有効。\n・該当の覚醒体の体力、攻撃、防御が[Arg1]%増加し、その覚醒体が初めて霊知覚醒を使用した後、[Arg2]キーエネルギーを獲得する。\n・戦闘開始時、すべての敵が受ける触腕ダメージが[Arg3]%増加し、「深海」の敵には効果が2倍になる。「制裁の雷霆」が「深海」の敵に与えるダメージが[Arg4]％増加する。,,,,,,,,,,,,,,
AwakerTalent_78620_TalentDesc_9,auHi,h唤醒体天赋_AwakerTalent_A_M.csv,1351,AwakerTalent,TalentDesc,克珀珊特,·该天赋仅在「星辰篇」关卡中生效。\n·该唤醒体的体质、攻击、防御提高 [Arg1] %，并使该唤醒体首次打出灵知觉醒后获得 [Arg2] 点银钥能量。\n·战斗开始时，使所有敌人承受的触腕伤害提高 [Arg3]％，对「深海」敌人效果翻倍。「惩戒雷霆」对「深海」敌人造成的伤害提高 [Arg4]％,・この才能は「星辰篇」のステージでのみ有効。\n・該当の覚醒体の体力、攻撃、防御が[Arg1]%増加し、その覚醒体が初めて霊知覚醒を使用した後、[Arg2]キーエネルギーを獲得する。\n・戦闘開始時、すべての敵が受ける触腕ダメージが[Arg3]%増加し、「深海」の敵には効果が2倍になる。「制裁の雷霆」が「深海」の敵に与えるダメージが[Arg4]％増加する。,,,,,,,,,,,,,,
AwakerTalent_78620_TalentDesc_10,auHa,h唤醒体天赋_AwakerTalent_A_M.csv,1352,AwakerTalent,TalentDesc,克珀珊特,·该天赋仅在「星辰篇」关卡中生效。\n·该唤醒体的体质、攻击、防御提高 [Arg1] %，并使该唤醒体首次打出灵知觉醒后获得 [Arg2] 点银钥能量。\n·战斗开始时，使所有敌人承受的触腕伤害提高 [Arg3]％，对「深海」敌人效果翻倍。「惩戒雷霆」对「深海」敌人造成的伤害提高 [Arg4]％,・この才能は「星辰篇」のステージでのみ有効。\n・該当の覚醒体の体力、攻撃、防御が[Arg1]%増加し、その覚醒体が初めて霊知覚醒を使用した後、[Arg2]キーエネルギーを獲得する。\n・戦闘開始時、すべての敵が受ける触腕ダメージが[Arg3]%増加し、「深海」の敵には効果が2倍になる。「制裁の雷霆」が「深海」の敵に与えるダメージが[Arg4]％増加する。,,,,,,,,,,,,,,
AvgVideoCaption_81062_Content_89,bsgh,avg视频字幕_AvgVideoCaption_C_M.csv,385,AvgVideoCaption,Content,,闭上双眼,目を閉じて,,,,,,,,,,,,,,
EnchantConfig_18183_Name,awgo,f附魔_EnchantConfig_A.csv,11,EnchantConfig,Name,,<WhiteQuality:易伤>,<WhiteQuality:易傷>,,,,,,,,,,,,,,
EnchantConfig_18183_Desc,awgn,f附魔_EnchantConfig_A.csv,11,EnchantConfig,Desc,,打出后<VulnerabilityIconKeywords:易伤>所有敌人 [Arg1] 回合。,使用後、すべての敵に[Arg1]点の<VulnerabilityIconKeywords:易傷>を付与する。,,,,,,,,,,,,,,
EnchantConfig_18174_Name,awfW,f附魔_EnchantConfig_A.csv,30,EnchantConfig,Name,,<OrangeQuality:高级易伤>,<OrangeQuality:上位易傷>,,,,,,,,,,,,,,
EnchantConfig_18174_Desc,awfV,f附魔_EnchantConfig_A.csv,30,EnchantConfig,Desc,,打出后<VulnerabilityIconKeywords:易伤>所有敌人 [Arg1] 回合。,使用後、すべての敵に[Arg1]点の<VulnerabilityIconKeywords:易傷>を付与する。,,,,,,,,,,,,,,
EnchantConfig_119927_Name,bKla,f附魔_EnchantConfig_A.csv,53,EnchantConfig,Name,,<BlueQuality:渊海回声>,<BlueQuality:深海の反響>,,,,,,,,,,,,,,
EnchantConfig_119927_Desc,bKkZ,f附魔_EnchantConfig_A.csv,53,EnchantConfig,Desc,,打出后额外生效 [Arg1] 次，<DepleteIconKeywords:消耗>。<RippleKeywords:余波>：抽 2 张牌。,使用後に[Arg1]回効果を発動し、これを<DepleteIconKeywords:除外>する。<RippleKeywords:余波>：カードを2枚引く。,,,,,,,,,,,,,,
Event_65402_Desc,ayoQ,s事件_Event_A.csv,1674,Event,Desc,,你将科考团安全送达了撤离点，救援队接管了一切，获救的人们瘫倒在地，恍如隔世。\n然而你知道，真正的危机远远没有解决，那只巨兽仍然盘踞在群山之中，饥肠辘辘地等待着你们。,あなたは調査隊を無事に避難所へ送り届け、救援隊がすべてを引き継いだ。\n救出された人々は地面に崩れ落ち、まるで別世界から戻ったかのようだ。\n\nしかし、本当の危機はまだ解決されていない。\nあの巨大な獣は今もなお山の中に潜み、腹を空かせてあなたたちを待ち構えている。,,,,,,,,,,,,,,
Event_65402_ChoiceDesc1,ayoL,s事件_Event_A.csv,1674,Event,ChoiceDesc1,,【民众撤离】移除造物「科考团」，根据科考团人数，获得不同等级的「救难勋章」。,【隊員避難】遺物「調査隊」を除去する。調査隊員の人数に応じて、異なる等級の「救難勲章」を獲得する。,,,,,,,,,,,,,,
Event_65401_Desc,ayoE,s事件_Event_A.csv,1675,Event,Desc,,"所有科考团的成员没有一人走出雪山，在灾难面前，你永远只选择自己，普通人的性命在你眼中一文不值，你舍弃了人性，安全走到了最后。
救援人员复杂地看着你，你无动于衷，回头走进了风雪之中。或许在午夜梦回时，那些因为你的冷漠而丧命的亡魂会围绕在你的床前，默默地注视着你。",調査隊のメンバーは誰一人として雪山から戻れなかった。\n災厄を前に、あなたはいつも自分を優先し、他人の命など眼中になかった。人間性を捨て去って最後まで辿り着いたのだ。\n\n救援隊は複雑な表情であなたを見つめたが、あなたは意に介さず、振り返って風雪の中へと歩き出した。\n\nいつか真夜中に夢から醒めたとき、あなたの冷淡さゆえに命を落とした魂たちが枕元に集い、無言であなたを見つめているかもしれない。,,,,,,,,,,,,,,
Event_65484_Desc,ayqI,s事件_Event_A.csv,1676,Event,Desc,,"你无暇他顾，为了走出雪山，采取了效益最大的方式，在最后的幸存者眼里，你或许形同恶魔。
救援人员表示你的贡献随后将被表彰，你挥了挥手，回头走进了风雪之中。",あなたは他を顧みる余裕もなく、雪山を脱するために最も効率のよい方法を選んだ。\n最後まで生き残った者の目には、あなたは悪魔のように映ったかもしれない。\n\n救援隊はのちにこの貢献は称えられると告げたが、あなたは手を振って、風雪の中へと歩き去った。,,,,,,,,,,,,,,
Event_65483_Desc,ayqw,s事件_Event_A.csv,1677,Event,Desc,,"你救下了一些人，但更多的人永远留在了雪山，不管怎么说，你至少尽了力。
救援人员表示你的贡献随后将被表彰，你挥了挥手，回头走进了风雪之中。",あなたは何人かを救ったものの、多くの人が帰らぬ人となった。\nそれでも、最善は尽くしたのだ。\n\n救助隊はのちにこの貢献は称えられると告げたが、あなたは手を振り、風雪の中へと歩き去った。,,,,,,,,,,,,,,
Event_65487_Desc,ayrs,s事件_Event_A.csv,1678,Event,Desc,,"你与无常的灾难抗衡，并将人们从死神手中抢回，经过你的努力，悲剧的结局稍稍发生了偏移。
救援人员郑重表示你的宝贵贡献随后将被表彰，你笑着挥了挥手，回头走进了风雪之中。",あなたは未曾有の災厄に立ち向かい、人々を死神の手から奪い返した。\nその奮闘の末、悲劇の結末はわずかに逸れたのだ。\n\n救助隊はあなたの貴重な貢献は、後に称えられると厳かに告げ、あなたは笑顔で手を振り、風雪の中に歩み去った。,,,,,,,,,,,,,,
Event_65486_Desc,ayrg,s事件_Event_A.csv,1679,Event,Desc,,"你真切地在乎着人们的生命，大部分人被你挽救，人们痛哭流涕，不停感谢着你的一路保护。
救援人员郑重表示你的杰出贡献随后将被表彰，你笑着挥了挥手，回头走进了风雪之中。",あなたは人々の命を心から大切にし、その多くを救った。\n人々は涙を流し、あなたの保護に感謝を繰り返した。\n\n救助隊はあなたの傑出した貢献はのちに称えられると厳かに告げ、あなたは微笑んで手を振り、風雪の中へと歩み去った。,,,,,,,,,,,,,,
Event_65485_Desc,ayqU,s事件_Event_A.csv,1680,Event,Desc,,"在你不遗余力的保护下，科考团全员毫无伤亡，遇到你是他们不幸中最大的幸运，你是他们货真价实的救世主。
你创造了灾难中的奇迹，关于雪山英雄的传闻或许很快就要传播四方。救援人员郑重表示你的卓越贡献随后将被表彰，你笑着挥了挥手，回头走进了风雪之中。",あなたの惜しみない献身のおかげで、調査隊は一人の犠牲も出さずに済んだ。あなたに出会えたことは、彼らの不幸中における最大の幸運であり、紛れもない救世主だったのだ。\n\nあなたは災厄の中で奇跡を起こし、雪山の英雄としてその名を馳せることになるだろう。\n\n救助隊はこの偉大な貢献はのちに称えられると厳かに告げ、あなたは笑顔で手を振り、風雪の中に歩み去った。,,,,,,,,,,,,,,
Event_65403_Desc,aypc,s事件_Event_A.csv,1681,Event,Desc,,你们在风雪中艰难跋涉，追随着远方应急联络处忽明忽灭的灯光。\n    ○ 终于，在第无数次祈祷后，你们看见了那座蕴藏希望的小屋。,あなたたちは風雪の中を懸命に進み、遠くの緊急休憩所で揺らぐ灯りを追い続ける。\n\n数え切れぬほどの祈りの末、ついに、希望を秘めた小屋を見つけた。,,,,,,,,,,,,,,
Event_65403_ChoiceDesc1,ayoX,s事件_Event_A.csv,1681,Event,ChoiceDesc1,,【补给兑换】获得 25 个黑印，每有 1 名科考团员额外获得 1 个黑印（Arg1）。,【補給品を交換する】25黒章を獲得する。調査隊員1名につき、追加で1黒章(Arg1)を獲得する。,,,,,,,,,,,,,,
Event_65403_ChoiceDesc2,ayoY,s事件_Event_A.csv,1681,Event,ChoiceDesc2,,【援救承诺】选择获得 1 个刻印。补充 2 个科考团人员。,【救援の約束】刻印を1つ獲得する。調査隊員を2名補充する。,,,,,,,,,,,,,,
Event_65403_ChoiceDesc3,ayoZ,s事件_Event_A.csv,1681,Event,ChoiceDesc3,,【效益至上】失去 10 名科考团员，选择获得一个黄金+造物。,【効率優先】調査隊員を10名失い、高級遺物+を1つ獲得する。,,,,,,,,,,,,,,
Event_65404_Desc,aypo,s事件_Event_A.csv,1682,Event,Desc,,你们从联络员口中得知了联络处仓库的密码，并在其中找到了所有人两天份的物资，恭喜你们至少不会在雪山中饥寒而死了。,連絡員から休憩所の倉庫の暗証番号を教わり、全員の2日分の物資を手に入れた。\n\nこれで少なくとも、飢えや寒さで死ぬことはないだろう。,,,,,,,,,,,,,,
Event_65400_Desc,ayos,s事件_Event_A.csv,1683,Event,Desc,,联络员传达了外界对你们实施援救的承诺，听到救援队已经在想办法进山，所有人心中重新燃起了希望。,連絡員が外界からの救助の確約を伝えてくれた。\n\n救援隊がすでに入山の手立てを方法を模索していると聞き、皆の胸に希望の灯が再び灯った。,,,,,,,,,,,,,,
Event_65468_Desc,ayqk,s事件_Event_A.csv,1684,Event,Desc,,为了保证队伍的行动力，你放弃了行动艰难的那部分人，将他们留在了这座孤立的小屋中。这或许能够提高剩余人员的存活率，但看着那些不甘怨恨的眼神，你的内心完全没有波动吗？,隊の機動力を確保するため、あなたは行動が困難な人々を孤立した小屋に置き去りにした。\n\n残された者たちの生存率は上がるかもしれない。だが、口惜しさと恨みに満ちた彼らの眼差しを間にして、あなたの心は本当に揺らがないのか？,,,,,,,,,,,,,,
Event_65416_Desc,aypM,s事件_Event_A.csv,1685,Event,Desc,,雪山上忽然挂起一阵狂风，耳畔呼啸的风声仿佛是巨兽的尖啸，白茫茫的雪雾一瞬迷住了你们的眼睛，似乎有什么东西在无尽的白雾中穿行。\n你们被迫停住了脚步，努力将双腿深深扎进积雪，以防自己滚下山坡。,雪山に突如、激しい風が吹き荒れる。\n耳元で唸りを上げる風は、まるで巨獣の咆哮のようだ。\n一瞬にして真っ白な吹雪が視界を遮り、果てしない真っ白な霧の中を何かが駆け抜けていくようだった。\n\nあなたたちは歩みを止めざるを得ず、斜面を滑り落ちまいと、両足を深く雪に突き立てた。,,,,,,,,,,,,,,
Event_65416_ChoiceDesc2,aypI,s事件_Event_A.csv,1685,Event,ChoiceDesc2,,【闯入大雪】损失 2 名科考团员。,【吹雪へ踏み込む】調査隊員を2名失う,,,,,,,,,,,,,,
Event_65417_Desc,aypY,s事件_Event_A.csv,1686,Event,Desc,,雪山的腹部传来轰隆隆的怒吼，如饥饿的野兽发出不满的咆哮，大地颤动，积雪下的冰层悄然开裂，像是雪山咧开了嘴巴。\n当大地的震颤终于停止，人们茫然四顾，你回过头查看队伍。,雪山の中腹から轟音が響いた。\n飢えた獣が不満の咆哮を上げるかのようだ。大地が震え、積雪の下の氷がひそやかに裂けていく。まるで雪山が大口を開けたかのように。\n\nやがて大地の震えが止むと、人々は茫然と辺りを見渡し、あなたは振り返って隊を確認した。,,,,,,,,,,,,,,
Event_65417_ChoiceDesc1,aypT,s事件_Event_A.csv,1686,Event,ChoiceDesc1,,【无声蒸发】损失 2 名科考团员。,【音もなく消える】調査隊員を2名失う,,,,,,,,,,,,,,
Event_65415_Desc,aypA,s事件_Event_A.csv,1687,Event,Desc,,雪山瞬间完成了进食，有两个人永远消失在了深不见底的冰缝中，而你们对此一无所知。,雪山は瞬く間に「食事」を終え、2名の調査隊員が底知れぬ氷の割れ目に消え去った。しかし、あなたたちはそのことにまったく気づいていなかった。,,,,,,,,,,,,,,
Event_79429_Name,bqRD,s事件_Event_A.csv,1694,Event,Name,,生命的蜕变,生命の変容,,,,,,,,,,,,,,
Event_79429_Desc,bqRC,s事件_Event_A.csv,1694,Event,Desc,,「认知自我的过程中，总是伴随着痛苦，蜕变和新生也是如此。」\n她温柔地笑着，怜爱地抚摸你的面庞。\n「不用害怕，我就在这里陪着你，所以敞开你的灵与一切，接受它们。」\n「乖孩子，我等着你的新生，等着你……成为我们的一员。」,「自己を認知する過程には、常に苦痛が伴います。変容や新生もまた、同じことです」\n彼女は優しく微笑み、慈しむようにあなたの顔を撫でた。\n「怖がらないでください。私はここにいます。ですから、あなたの心をすべて解き放ち、それらを受け入れてください」\n「いい子ですね。私はあなたが生まれ変わる時を待っています。あなたが……私たちの一員になる、その時を」,,,,,,,,,,,,,,
Event_79429_ChoiceDesc1,bqRx,s事件_Event_A.csv,1694,Event,ChoiceDesc1,,选择一名唤醒体，通过生命仪式将其转化为「虫族」。「虫族」的指令卡算力消耗-1，但打出后消耗。,覚醒体を1体選択し、命の儀式を通じて「虫族」に変化させる。「虫族」の指令カードの行動力消費-1、ただし使用後に除外する。,,,,,,,,,,,,,,
Event_90571_Name,byOB,s事件_Event_A.csv,1696,Event,Name,,宴前仪礼,宴前の儀礼,,,,,,,,,,,,,,
Event_90571_Desc,byOA,s事件_Event_A.csv,1696,Event,Desc,,华丽的餐桌，热烈的舞池，精致的餐具，馥郁的尸体……\n噢，我知道你已经急不可耐了，但请再等等，亲爱的客人。\n这杯由宴会主人特别调制的饮品，是只属于尊贵客人的赠礼。\n握住它。啜饮它。在它的余味里，尽情享受这场欢愉吧！,華やかな食卓、熱気あふれるダンスフロア、精巧な食器、芳醇な死体……\nああ、親愛なるお客様。待ちきれないお気持ちはよく存じておりますが、どうかもう少しお待ちください。\nこの一杯は、宴の主催者が特別にブレンドした飲み物であり、尊いお客様への贈り物でございます。\nどうぞお手に取り、口に含んでください。その余韻に浸りながら、この歓びを存分にお楽しみください！,,,,,,,,,,,,,,
Event_90571_ChoiceDesc1,byOz,s事件_Event_A.csv,1696,Event,ChoiceDesc1,,【享用它】将 1 张「祭灵夜特调」置入牌库。,【味わう】「祭霊夜の特製ブレンド」を1枚デッキに加える。,,,,,,,,,,,,,,
Event_117279_Name,bIjm,s事件_Event_A.csv,1698,Event,Name,,墨菲的幻影,マーフィーの幻影,,,,,,,,,,,,,,
Event_117279_Desc,bIjl,s事件_Event_A.csv,1698,Event,Desc,,\n海平面上升起淡薄的白雾，将万物笼罩在一片朦胧之中。\n跨越生与死的界限，跨越门扉内外的距离，跨越漫长得褪色的记忆，你看见撑着阳伞的淑女逆光的身影。\n与她共度的时光已经逝去，正如她那单薄却鲜妍的亮色青春。\n等待虚假的日轮升起，薄雾破碎于无形，她的侧影也在梦中摇晃着化为轻飘的虚妄泡沫，向你致以无声的告别。,\n海面から淡い白霧が立ちのぼり、すべてがぼんやりとした霧に包まれる。\n生と死の境界を越え、扉の内と外の隔たりを越え、色あせてしまった遥かな記憶を越えて、あなたは日傘を差した淑女が逆光の中に浮かぶ姿を見る。\n彼女と過ごした時間は、すでに遠く過ぎ去っていた。それは、彼女の繊細でありながら鮮烈に輝く青春そのもののようだった。\n偽りの太陽が昇り、薄い霧が跡形もなく消え去る頃には、彼女の横顔もまた夢の中で揺らめき、儚く虚ろな泡へと変わっていく。そして、あなたに無言の別れを告げる。,,,,,,,,,,,,,,
Event_117279_ChoiceDesc1,bIjk,s事件_Event_A.csv,1698,Event,ChoiceDesc1,,【你曾渴望天真】将 3 张「(Skill.Arg1)」置入牌库。,【かつての無邪気な姿を探す】「(Skill.Arg1)」を3枚デッキに加える。,,,,,,,,,,,,,,
Event_117280_Name,bIjp,s事件_Event_A.csv,1699,Event,Name,,墨菲的幻影,マーフィーの影,,,,,,,,,,,,,,
Event_117280_Desc,bIjo,s事件_Event_A.csv,1699,Event,Desc,,\n海平面上升起淡薄的白雾，将万物笼罩在一片朦胧之中。\n跨越生与死的界限，跨越门扉内外的距离，跨越漫长得褪色的记忆，你看见撑着阳伞的淑女逆光的身影。\n与她共度的时光已经逝去，正如她那单薄却鲜妍的亮色青春。\n等待虚假的日轮升起，薄雾破碎于无形，她的侧影也在梦中摇晃着化为轻飘的虚妄泡沫，向你致以无声的告别。,\n海面から淡い白霧が立ちのぼり、すべてがぼんやりとした霧に包まれる。\n生と死の境界を越え、扉の内と外の隔たりを越え、色あせてしまった遥かな記憶を越えて、あなたは日傘を差した淑女が逆光の中に浮かぶ姿を見る。\n彼女と過ごした時間は、すでに遠く過ぎ去っていた。それは、彼女の繊細でありながら鮮烈に輝く青春そのもののようだった。\n偽りの太陽が昇り、薄い霧が跡形もなく消え去る頃には、彼女の横顔もまた夢の中で揺らめき、儚く虚ろな泡へと変わっていく。そして、あなたに無言の別れを告げる。,,,,,,,,,,,,,,
Event_117280_ChoiceDesc1,bIjn,s事件_Event_A.csv,1699,Event,ChoiceDesc1,,【你曾渴望天真】选择 2 张卡牌赋予「渊海回声」刻印。,【かつての無邪気な姿を探す】カードを2枚選択し、刻印「深海の反響」を付与する。,,,,,,,,,,,,,,
Event_130337_Name,bPFa,s事件_Event_A.csv,1701,Event,Name,,宿命舞台,運命の舞台,,,,,,,,,,,,,,
Event_130337_Desc,bPEZ,s事件_Event_A.csv,1701,Event,Desc,,"当你的双足踏上剧院的台阶，目光便再无法从这座舞台移开。
命运丝线牵引着长河沙数的故事在此流转——过往的尘埃、此刻的光影、未来的迷雾，皆在台前翻涌不息。
你遗忘了自己来自何方、想要去往何处，关于「自我」的印记在帷幕的阴影里消融殆尽。此刻，你是座下静默的观者，也是台上燃烧的伶人。
你存在的全部意义，坍缩成两道刻痕：凝望，与献演。",劇場への階段を踏みしめた瞬間、あなたはこの舞台から視線をそらせなくなった。\n運命の糸が無数の物語を紡ぐ――過去の塵、今この瞬間の光と影、そして未来の霧。それらすべてが、舞台の上で絶え間なく渦巻いている。\nあなたは、自分がどこから来て、どこへ向かおうとしていたのか忘れてしまった。幕の陰で、わずかに残った「自我」がすべて溶け去っていく。今、あなたは客席で静かに見つめる観客であり、舞台上で燃え上がる役者でもある。\nあなたの存在は、二つの痕跡だけを残して崩れ落ちていく。見つめること、そして演じること。,,,,,,,,,,,,,,
Event_130337_ChoiceDesc1,bPEY,s事件_Event_A.csv,1701,Event,ChoiceDesc1,,【入座】将「提线木偶」置入牌库。,【着席する】「操り人形」をデッキに加える。,,,,,,,,,,,,,,
Event_133380_Name,bScZ,s事件_Event_A.csv,1702,Event,Name,,宿命舞台,運命の舞台,,,,,,,,,,,,,,
Event_133380_Desc,bScY,s事件_Event_A.csv,1702,Event,Desc,,"你坐上了属于你的天鹅绒座椅，鲜红的幕布悄然拉开。
亲爱的观众，舞台将回应你的期待。
这出剧目的主演，已经站上了舞台。",あなたはベルベットの座席に腰を下ろした。深紅の幕が静かに開く。\n親愛なる観客の皆様、どうぞご期待ください。\nこの演目の主役は、すでに舞台へ上がっております。,,,,,,,,,,,,,,
LanguageConfig_SocializeAdmireTime_Minute_CN,aHgi,d多语言_LanguageConfig_C.csv,1493,LanguageConfig,CN,,{s1} 分钟前点赞了你,{s1} 分前にいいねしました,,,,,,,,,,,,,,
LanguageConfig_LotteryPhoneticDialogue13_CN,aGPb,d多语言_LanguageConfig_C.csv,2196,LanguageConfig,CN,,请注视吧，我将永远战斗。,よく見ていて。私はこれからも戦い続ける。,,,,,,,,,,,,,,
LanguageConfig_LotteryPhoneticDialogue14_CN,aGPc,d多语言_LanguageConfig_C.csv,2197,LanguageConfig,CN,,你是来见证我的凯旋的吗？,私の勝利を見届けに来たの？,,,,,,,,,,,,,,
LanguageConfig_Monster_C703_SideDia2_CN,aGTq,d多语言_LanguageConfig_C.csv,2338,LanguageConfig,CN,,当心！抽到症状或状态卡时，「努比亚」们会获得临时力量！,注意！症状カードやステータスカードを引くと、\n「ヌビア」達が一時的な力を獲得！,,,,,,,,,,,,,,
LanguageConfig_Monster_B05EX_SideDia4_CN,aGSL,d多语言_LanguageConfig_C.csv,2723,LanguageConfig,CN,,残余的冻结卡牌本回合会被全部粉碎，并化为敌人的伤害…当心！,凍結状態のカードはこのターンですべて砕かれ、\n敵にダメージを与える…気をつけろ！,,,,,,,,,,,,,,
Lottery_62136_Name,aHtJ,c抽奖_Lottery_A.csv,21,Lottery,Name,,吞食的野心,貪欲の野心,,,,,,,,,,,,,,
Lottery_62136_DrawTitle,aHtI,c抽奖_Lottery_A.csv,21,Lottery,DrawTitle,,山峦巨口,山嶺の大穴,,,,,,,,,,,,,,
Lottery_62136_DrawBtnText,aHtH,c抽奖_Lottery_A.csv,21,Lottery,DrawBtnText,,花苞交换,蕾交換,,,,,,,,,,,,,,
Lottery_62136_RuleContent,aHtK,c抽奖_Lottery_A.csv,21,Lottery,RuleContent,,<Title:简介>\n1、「山峦巨口」共有三个交换商店，开启时间如下：\n·「吞食的野心」： 5 月 19 日 9 时开启。\n·「复仇的战意」： 5 月 21 日 9 时开启。\n·「重生的希冀」： 5 月 23 日 9 时开启。\n2、每次交换将消耗 750「寒冻花苞」/「银霜花苞」/「日光花苞」，随机获得交换商店中的五个物品奖励。\n3、每个交换商店的物品奖励分为「特殊物品」和「普通物品」两种，重置时可以使特殊物品奖励的剩余数量重置至上限，具体规则为：\n（1）前 2 次重置：当「特殊物品」无剩余数量后，守密人可以选择重置，重置后会将「特殊物品」和「普通物品」的剩余数量重置至上限；也可以选择继续交换，当「普通物品」也无剩余数量后，须进行重置才可以继续交换。\n（2）第 3 次开始重置：当「普通物品」无剩余数量后才可以进行重置，重置会将「普通物品」的剩余数量重置至上限，「特殊物品」不再重置。\n4、6 月 9 日 9:00（GMT+8）后，剩余未交换的「花苞」将按照每个兑换「蔷薇金券*40」的比例进行回收，请守密人注意查收邮件。,<Title:概要>\n1、「山嶺の大穴」には3つの交換商店があり、開店時間は以下の通りです：\n・「貪欲の野心」：5月19日15:00。\n・「復讐の戦意」：5月21日15:00。\n・「再生の希望」：5月23日15:00。\n2、1回の交換ごとに「寒氷の蕾」/「銀霜の蕾」/「日光の蕾」を1000個消費し、交換商店のアイテムをランダムに5つ獲得します。\n3、交換商店のアイテムは「特別アイテム」と「通常アイテム」に分かれ、リセット時に「特別アイテム」の残量を上限まで戻すことができます。具体的なルールは以下の通りです：\n（1）初回と2回目のリセット：「特別アイテム」の残量が0になると、守秘者はリセットを選ぶことができ、「特別アイテム」と「通常アイテム」の残量を上限まで戻せます。もしくは、そのまま交換を続けることもできますが、「通常アイテム」もなくなった場合、リセットをしてから交換を続ける必要があります。\n（2）3回目以降のリセット：「通常アイテム」の残量が0になった場合のみリセット可能になります。リセットすると「通常アイテム」の残量を上限まで戻せますが、「特別アイテム」は戻りません・\n4、6月9日15:00以降、未交換の「花蕾」は1個あたり「薔薇金券×40」で回収されますので、守秘者はメールを確認してください。,,,,,,,,,,,,,,
Lottery_62138_Name,aHtR,c抽奖_Lottery_A.csv,23,Lottery,Name,,重生的希冀,再生の希望,,,,,,,,,,,,,,
MonsterConfig_65528_MonsterName,aHTo,g怪物_MonsterConfig_A.csv,186,MonsterConfig,MonsterName,,雪之祭品,雪の生贄,,,,,,,,,,,,,,
MonsterConfig_57143_MonsterName,aHRM,g怪物_MonsterConfig_A.csv,336,MonsterConfig,MonsterName,,亚弗姆扎,アフーム＝ザー,,,,,,,,,,,,,,
MonsterConfig_57143_Desc,aHRL,g怪物_MonsterConfig_A.csv,336,MonsterConfig,Desc,,艾尔沃斯的神祇，提灯的改造之物，为雪山的重生燃起永恒不灭的冰焰。,アイズルワースの山神。提灯教会によって改造されている。雪山再生のため、永遠に消えぬ氷炎を灯し続ける。,,,,,,,,,,,,,,
MonsterConfig_61538_MonsterName,aHTe,g怪物_MonsterConfig_A.csv,337,MonsterConfig,MonsterName,,冷冽之灵,氷雪の霊,,,,,,,,,,,,,,
MonsterConfig_65333_MonsterName,aHTk,g怪物_MonsterConfig_A.csv,338,MonsterConfig,MonsterName,,冷冽之灵,氷雪の霊,,,,,,,,,,,,,,
MonsterConfig_73523_Desc,aHUZ,g怪物_MonsterConfig_A.csv,458,MonsterConfig,Desc,,「不会的不会的不会的，我们已经很努力地活下去了…」,「そんなことない……私たちは精一杯生き延びようとした……」,,,,,,,,,,,,,,
MonsterConfig_79935_Desc,bszU,g怪物_MonsterConfig_A.csv,460,MonsterConfig,Desc,,「@2仪式 」初期的人类，正跨越自身的层次，迈入生命进化的门槛。,「@2儀式 」初期の人間。自らの限界を超え、生命進化の境界へ踏み込みつつある。,,,,,,,,,,,,,,
MonsterConfig_79944_Desc,bsAe,g怪物_MonsterConfig_A.csv,461,MonsterConfig,Desc,,「@2仪式 」初期的人类，正跨越自身的层次，迈入生命进化的门槛。,「@2儀式 」初期の人間。自らの限界を超え、生命進化の境界へ踏み込みつつある。,,,,,,,,,,,,,,
MonsterConfig_81360_Desc,btPP,g怪物_MonsterConfig_A.csv,462,MonsterConfig,Desc,,「@2仪式 」初期的人类，正跨越自身的层次，迈入生命进化的门槛。,「@2儀式 」初期の人間。自らの限界を超え、生命進化の境界へ踏み込みつつある。,,,,,,,,,,,,,,
MonsterConfig_81359_Desc,btPN,g怪物_MonsterConfig_A.csv,463,MonsterConfig,Desc,,「@2仪式 」初期的人类，正跨越自身的层次，迈入生命进化的门槛。,「@2儀式 」初期の人間。自らの限界を超え、生命進化の境界へ踏み込みつつある。,,,,,,,,,,,,,,
MonsterConfig_79942_MonsterName,bsAb,g怪物_MonsterConfig_A.csv,464,MonsterConfig,MonsterName,,蜕化者,変質体,,,,,,,,,,,,,,
MonsterConfig_79942_Desc,bsAa,g怪物_MonsterConfig_A.csv,464,MonsterConfig,Desc,,「@2仪式 」后期的人类。血肉消融的痛苦里，它必将超脱人类的极限。,「@2儀式 」末期の人間。肉体が融解する苦痛の果てに、やがて人間の限界を超越するだろう。,,,,,,,,,,,,,,
MonsterConfig_79941_MonsterName,bszZ,g怪物_MonsterConfig_A.csv,465,MonsterConfig,MonsterName,,蜕化者,変質体,,,,,,,,,,,,,,
MonsterConfig_79941_Desc,bszY,g怪物_MonsterConfig_A.csv,465,MonsterConfig,Desc,,「@2仪式 」后期的人类。血肉消融的痛苦里，它必将超脱人类的极限。,「@2儀式 」末期の人間。肉体が融解する苦痛の果てに、やがて人間の限界を超越するだろう。,,,,,,,,,,,,,,
MonsterConfig_81358_MonsterName,btPM,g怪物_MonsterConfig_A.csv,466,MonsterConfig,MonsterName,,蜕化者,変質体,,,,,,,,,,,,,,
MonsterConfig_81358_Desc,btPL,g怪物_MonsterConfig_A.csv,466,MonsterConfig,Desc,,「@2仪式 」后期的人类。血肉消融的痛苦里，它必将超脱人类的极限。,「@2儀式 」末期の人間。肉体が融解する苦痛の果てに、やがて人間の限界を超越するだろう。,,,,,,,,,,,,,,
MonsterConfig_81363_MonsterName,btPW,g怪物_MonsterConfig_A.csv,467,MonsterConfig,MonsterName,,蜕化者,変質体,,,,,,,,,,,,,,
MonsterConfig_81363_Desc,btPV,g怪物_MonsterConfig_A.csv,467,MonsterConfig,Desc,,「@2仪式 」后期的人类。血肉消融的痛苦里，它必将超脱人类的极限。,「@2儀式 」末期の人間。肉体が融解する苦痛の果てに、やがて人間の限界を超越するだろう。,,,,,,,,,,,,,,
MonsterConfig_81364_MonsterName,btPY,g怪物_MonsterConfig_A.csv,468,MonsterConfig,MonsterName,,蜕化者,変質体,,,,,,,,,,,,,,
MonsterConfig_81364_Desc,btPX,g怪物_MonsterConfig_A.csv,468,MonsterConfig,Desc,,「@2仪式 」后期的人类。血肉消融的痛苦里，它必将超脱人类的极限。,「@2儀式 」末期の人間。肉体が融解する苦痛の果てに、やがて人間の限界を超越するだろう。,,,,,,,,,,,,,,
MonsterConfig_81366_MonsterName,btQa,g怪物_MonsterConfig_A.csv,469,MonsterConfig,MonsterName,,蜕化者,変質体,,,,,,,,,,,,,,
MonsterConfig_81366_Desc,btPZ,g怪物_MonsterConfig_A.csv,469,MonsterConfig,Desc,,「@2仪式 」后期的人类。血肉消融的痛苦里，它必将超脱人类的极限。,「@2儀式 」末期の人間。肉体が融解する苦痛の果てに、やがて人間の限界を超越するだろう。,,,,,,,,,,,,,,
MonsterConfig_94654_MonsterName,byVX,g怪物_MonsterConfig_A.csv,491,MonsterConfig,MonsterName,,腐尸分殖体,グールの増殖体,,,,,,,,,,,,,,
MonsterConfig_94654_Desc,byVW,g怪物_MonsterConfig_A.csv,491,MonsterConfig,Desc,,葬骸城秘术制造出的产物。一位一往无前的战士，一道差强人意的甜点。,葬骸城の秘術が生み出した存在。恐れを知らぬ戦士であり、そこそこの出来のデザートでもある。,,,,,,,,,,,,,,
MonsterConfig_94679_MonsterName,byVZ,g怪物_MonsterConfig_A.csv,492,MonsterConfig,MonsterName,,腐尸分殖体,グールの増殖体,,,,,,,,,,,,,,
MonsterConfig_94679_Desc,byVY,g怪物_MonsterConfig_A.csv,492,MonsterConfig,Desc,,葬骸城秘术制造出的产物。一位一往无前的战士，一道差强人意的甜点。,葬骸城の秘術が生み出した存在。恐れを知らぬ戦士であり、そこそこの出来のデザートでもある。,,,,,,,,,,,,,,
MonsterConfig_94680_MonsterName,byWb,g怪物_MonsterConfig_A.csv,493,MonsterConfig,MonsterName,,腐尸分殖体,グールの増殖体,,,,,,,,,,,,,,
MonsterConfig_94680_Desc,byWa,g怪物_MonsterConfig_A.csv,493,MonsterConfig,Desc,,葬骸城秘术制造出的产物。一位一往无前的战士，一道差强人意的甜点。,葬骸城の秘術が生み出した存在。恐れを知らぬ戦士であり、そこそこの出来のデザートでもある。,,,,,,,,,,,,,,
MonsterConfig_94700_MonsterName,byWd,g怪物_MonsterConfig_A.csv,494,MonsterConfig,MonsterName,,深海分殖体,深海の増殖体,,,,,,,,,,,,,,
MonsterConfig_94700_Desc,byWc,g怪物_MonsterConfig_A.csv,494,MonsterConfig,Desc,,蹈海者用葬骸城秘术制造出的产物，拥有蹈海者需要的一切……除了信仰。,海踊人が葬骸城の秘術によって生み出した存在。彼らが求めるすべてを備えている……信仰を除いて。,,,,,,,,,,,,,,
MonsterConfig_94701_MonsterName,byWf,g怪物_MonsterConfig_A.csv,495,MonsterConfig,MonsterName,,深海分殖体,深海の増殖体,,,,,,,,,,,,,,
MonsterConfig_94701_Desc,byWe,g怪物_MonsterConfig_A.csv,495,MonsterConfig,Desc,,蹈海者用葬骸城秘术制造出的产物，拥有蹈海者需要的一切……除了信仰。,海踊人が葬骸城の秘術によって生み出した存在。彼らが求めるすべてを備えている……信仰を除いて。,,,,,,,,,,,,,,
MonsterConfig_94702_MonsterName,byWh,g怪物_MonsterConfig_A.csv,496,MonsterConfig,MonsterName,,深海分殖体,深海の増殖体,,,,,,,,,,,,,,
MonsterConfig_94702_Desc,byWg,g怪物_MonsterConfig_A.csv,496,MonsterConfig,Desc,,蹈海者用葬骸城秘术制造出的产物，拥有蹈海者需要的一切……除了信仰。,海踊人が葬骸城の秘術によって生み出した存在。彼らが求めるすべてを備えている……信仰を除いて。,,,,,,,,,,,,,,
MonsterConfig_94718_Desc,byWo,g怪物_MonsterConfig_A.csv,497,MonsterConfig,Desc,,葬骸城随处可见的居民，拙劣的食客，粗粝的食材。,葬骸城の至るところで見かける住民たち。不器用な料理人、粗末な食材。,,,,,,,,,,,,,,
MonsterConfig_94715_Desc,byWi,g怪物_MonsterConfig_A.csv,498,MonsterConfig,Desc,,葬骸城随处可见的居民，拙劣的食客，粗粝的食材。,葬骸城の至るところで見かける住民たち。不器用な料理人、粗末な食材。,,,,,,,,,,,,,,
Item_56490_Name,aEfN,d道具_Item_A.csv,144,Item,Name,,寒冻花苞,寒氷の蕾,,,,,,,,,,,,,,
Item_56490_Desc,aEfL,d道具_Item_A.csv,144,Item,Desc,,冰雪为它镀上幽蓝，庆贺不屈的生命在此诞生。\n从艾尔沃斯山顶新生的花苞，用于在「吞食的野心」交换物资。,氷雪がそれを深青に染め上げ、不屈の生命の誕生を祝う。\nアイズルワース山頂で新たに咲く蕾、「貪欲の野心」で物資と交換可能。,,,,,,,,,,,,,,
Item_56491_Desc,aEfP,d道具_Item_A.csv,145,Item,Desc,,月色为它镀上银白，庆贺不屈的生命在此诞生。\n从艾尔沃斯山顶新生的花苞，用于在「复仇的战意」交换物资。,月光がそれを銀白に染め上げ、不屈の生命の誕生を祝う。\nアイズルワース山頂で新たに咲く蕾、「復讐の戦意」で物資と交換可能。,,,,,,,,,,,,,,
Item_56492_Desc,aEfT,d道具_Item_A.csv,146,Item,Desc,,日光为它镀上橙黄，庆贺不屈的生命在此诞生。\n从艾尔沃斯山顶新生的花苞，用于在「重生的希冀」交换物资。,日光がそれを橙黄に染め上げ、不屈の生命の誕生を祝う。\nアイズルワース山頂で新たに咲く蕾、「再生の希望」で物資と交換可能。,,,,,,,,,,,,,,
Item_54114_StoryDesc,aDTK,d道具_Item_A.csv,358,Item,StoryDesc,,他始终苛责着自己，也用苛责逼走了所有的同伴，他本以为他将永远独自走下去，去追求音乐的极致。\n高处不胜寒，他接受了这注定的命运。\n直到他听到了那个人的演奏。\n那个人的演奏与完美毫不相干，过于随性的音乐如同那个人本身，偶尔会出现与曲谱出入的手误，甚至会忽然忘记了某一部分。这时他的双手总会即兴弹出巧妙生动的琴音，博得满堂惊喜与赞美。\n他注视着那个人，仿佛注视着音乐的精灵在音符间恣意拨弄玩耍。\n这就是被父亲称作天赋的东西吧。诚然，他与所有人一样被深深吸引，但他无法改变他的脚步。\n他是那样平庸愚笨的人，只能走上这样一条辛苦铺就的路。\n所有人追随那个人而去，而他也与之渐行渐远。\n他是渴望与他亲近的，但他除了演奏什么都不会。\n要如何与他相谈，该用什么样的曲谱才能得他的青睐。\n他编撰着曲谱，如同斟酌开场白。直到他再也没有开口的机会。\n深重的悔恨淹没了他，所有的一切忽然失去了意义。\n眼中只剩下那封未完成的信，要寄给那个已离去的灵魂。\n他呕心沥血，终于倒在了那张曲谱面前，梦中依然没有触碰到那道路尽头的光芒。\n如果我注定无法走到那路的尽头，那我一生的执着又是为了什么？\n有悠远的笛音从那道光芒中传来，安抚了他充满质问的灵魂。\n恍惚中他拾起那笛，知晓了他真正的使命。\n用他永不停歇的演奏，带来永恒的安宁。\n,彼は常に自分を責め続け、その厳しさゆえに仲間を遠ざけてきた。音楽の極致を追い求めるため、独りで歩み続けるつもりだった。\n\n高みは孤独なもの——彼はその運命を受け入れていた。\n\nある時、彼はひとりの演奏を耳にした。\n完璧とは程遠く、自由奔放な音楽。それはまるで、その人自身を表しているかのようだった。時に楽譜を外れ、ふと一節を忘れることさえある。だがその瞬間、両手は即興で鮮やかな音を紡ぎ、聴衆から驚きと喝采を浴びていた。\n\n彼はその人から目を離せなかった。まるで音楽の精霊が、音符の間を自由に舞うさまを見ているようだった。\n\nこれが父の言っていた「天賦の才」というものか。彼もまた深く魅了された。だが、それでも自分の歩みを変えることはできなかった。\n\n彼はあまりにも凡庸で不器用な人間であり、この苦労して敷き詰めた道を歩むことしかできなかった。\n\n皆がその人の後を追う中、彼だけが少しずつ遠ざかっていった。\n本当は近づきたかった。だが、彼は演奏すること以外何もできなかった。\n\nどう声をかければいいのか。どんな楽譜なら、その人の心を掴めるのか。\n\n彼は楽譜を編み続けた。挨拶の言葉を何度も選び直すように。だが気づいたときにはもう、声をかける機会は永遠に失われていた。\n深い後悔が彼を沈め、すべてが意味を失った。\n\n彼の目に映るのは、去りし魂へ送るはずだった、書きかけの手紙だけ。\n彼は心血を注ぎ、そしてその楽譜の前に倒れた。夢の中でさえ、道の果てにある光には触れられなかった。\n\nもし道の終わりにたどり着けないのなら、この一生の執着は何のためだったのか。\n\n遠くから笛の音が響いてきた。光の中から流れてくるその音色は、彼の問いに満ちた魂を静かに慰めた。\n\nぼんやりとした意識の中で、彼は笛を手に取った。そして、自らに課された真の使命を知った。\n\n永遠に演奏し続けること。終わることなく奏で続け、永遠の安らぎをもたらすために。\n,,,,,,,,,,,,,,
Item_54115_StoryDesc,aDTO,d道具_Item_A.csv,389,Item,StoryDesc,,她曾一万次在深夜中发问，为什么她要承受这无尽的痛苦？\n无人回答。\n呢喃穿过嘶哑的喉咙变成碎屑，没有传达到任何一位神明耳中。\n她的痛长久难消，逐渐发酵成了脓汁，化作越来越浓郁的仇恨。\n忽然有一天，她发现周围的人身上开始渗出黑色的液体，和自己身上流出的血液那么相像。\n他们很快变得癫狂，就像自己一样。\n或许那是他们的痛苦，她冷眼旁观，又隐隐感到一丝快意。\n可如果那是痛苦，自己岂不是早就被黑色所淹没。\n她接近了那些遗留下来的黑色，却意外获得了自由。\n自由没有给她带来解脱，她如同被流放在地狱千年的恶鬼，心中的愿望早就由仇恨腐蚀殆尽。\n她的身体嵌进枷锁，她的心灵坠满铅块。\n唯有那些凄厉的叫喊能够洗刷她沉重的灵魂，让她得以畅快地呼吸。\n来吧，品尝我曾品尝的，让你成为我。\n她发现红色是多么美妙的一种颜色。\n她终于明白，痛苦没有缘由。\n要么自己痛饮，要么邀人共尝。\n今夜她斟满苦酒，与整座城镇相邀。\n,彼女は闇の底で幾度となく問いかけた、なぜこれほどの苦しみを負わねばならないのか、と。\n答える者は誰もいなかった。\n嗄れた喉から漏れる呟きは、神の耳に届くことさえなかった。\n\n痛みは消えることなく、やがて膿のように滞留し、より濃い憎しみへと変わっていった。\nある日突然、彼女は周囲の人々から黒い液体が滲み出ていることに気づいた。それは、自分の体から流れ出る血とまったく同じ色をしていた。\n彼らはたちまち狂い果て、その姿はまるでかつての自分のようだった。\nそれが彼らの苦しみなのだろう。彼女はただ冷ややかに見つめ、そして悦んだ。\n\nしかし、それが苦しみであるなら、自分はとっくに黒に飲み込まれていたはずだ。\n彼女は残された黒い泥へと近づき、思いがけず自由を得た。\n\nだが、自由は彼女に解放をもたらさなかった。地獄に千年流された悪鬼のように、心に抱いた願いは憎しみによって腐り果てていた。\n彼女の身体は枷に嵌められ、魂には鉛が重くのしかかっていた。\n\nただあの悲痛な叫びだけが、彼女の重い魂を洗い、かろうじて呼吸を取り戻させていた。\n\nさあ、私が味わったものを味わい、私と同じようになるがいい。\n彼女は気づいた。紅とは、これほどまでに美しい色であったのかと。\nそしてついに理解した。苦しみに理由などないのだと。\n自ら飲み干すか、誰かと共に味わうか。\n今夜、彼女は杯に苦酒を満たし、街ごと宴に招いた。\n,,,,,,,,,,,,,,
Item_56640_StoryDesc,aEgG,d道具_Item_A.csv,454,Item,StoryDesc,,人人都想战胜命运，人人却也畏惧命运。\n勇敢者发出战斗的怒吼，怯懦者发出顺从的低吟，然而只有他发现了战胜命运的秘密。\n那就是不断邀请命运共赴赌局，催促命运开盘下一场。\n他从未畏惧过命运，因为他相信自己不会输。\n他从不询问要赌什么，无论要摆上什么筹码他都毫不犹豫，包括自己的生命。\n凭借一把轮盘赌的手枪，他吓退了无数赌红眼的手下败将，成为了伦蒂尼恩臭名昭著的赌疯子。\n真遗憾啊，没有势均力敌的对手是多么寂寞。\n直到他遇到了那个男人。\n他打败了无数凡人，终于坐上了命运的赌桌。\n很快他失去了自己的一切，又连本带利地重获了所有。\n直到重生为野兽时，他又在地上看到了那把终于射出最后一颗子弹的手枪。\n他将一颗子弹重新装填，对着自己的头再次按下了扳机。\n在一片寂静中，他咧开了嘴。\n他还没有输，那么总有一天他会赢到最后。\n他始终这样相信着，即便要赌上所有。,誰もが運命に打ち勝ちたいと思い、誰もが運命を恐れている。\n\n勇者は戦いの怒号を上げ、臆病者は従順の唸り声を発するが、彼だけが運命に勝つ秘密を見つけた。\nそれは運命を賭けに誘い続け、次のゲームを開くよう促すことだ。\n\n彼は運命を恐れたことがない、なぜなら自分が負けないと信じているからだ。\n彼は何を賭けるかを問わず、どんな賭け金でも躊躇なく差し出す、自分の命さえも。\n\nルーレットの銃を手に、彼は多くの賭け狂いの敗者を退け、ロンディニウムで悪名高い賭け狂いとなった。\n本当に残念だ、対等な相手がいないのはどれほど寂しいことか。\n\nそして、彼はその男に出会った。\n彼は無数の凡人を打ち負かし、ついに運命の賭けのテーブルに座った。\nすぐに彼はすべてを失い、すべてを取り戻した。\n\n獣として生まれ変わったとき、彼は地面に最後の弾丸を撃ち出した銃を見た。\n彼は弾丸を再装填し、自分の頭に再び引き金を引いた。\n無音の中で、彼は口を開いた。\n\n彼はまだ負けていない、だからいつか必ず勝つと信じている。\n彼は常にそう信じている、たとえすべてを賭けることになっても。,,,,,,,,,,,,,,
Item_56639_StoryDesc,aEgC,d道具_Item_A.csv,455,Item,StoryDesc,,「还不够完美，今晚再练十遍，你的天赋平平，想进入乐团就要更加勤奋，知道吗？」\n「是，父亲。」\n什么样的演奏才叫完美？\n他的双手不停飞舞，不容许自己出现一个失误。\n他斥责自己的杂念，鄙夷自己的平庸。\n无数音符环绕在眼前，每天，每天，他生活中的一切只有音乐。\n好在他每天都离完美的演奏距离更近了一些，他望着梦中道路尽头的光芒，又仿佛永远也无法触及。\n渴求完美已经刻入他的灵魂，然而不是所有人都愿意这样。\n「为陛下、为世人呈现最完美的音乐，这难道不是乐团的职责吗？」\n他望着一张张暗含不满的脸，如同鄙视曾经的自己。\n父亲，宫廷乐团也不过如此。\n他抛下了曾经仰望的目标，执拗地继续走上追寻完美的路。\n他无法停下双手去拉住他们的手，正如他无法停住曾经那个自己的手。\n每天，每天，他都在不停演奏着。\n音乐就是他的生命。\n除了音乐，他一无所有。,「まだ完璧ではない、今夜はあと十回練習しなさい。お前の才能は平凡だ。楽団に入りたければ、もっと努力することだ、わかったか？」\n「はい、父さん」\n\nどんな演奏が完璧と言えるのか？\n彼の手は止まることなく舞い、ひとつの失敗も許さない。\n彼は雑念を叱り、自身の平凡さを軽蔑した。\n無数の音符が目の前を巡り、毎日、毎日、彼の人生は音楽だけだった。\n\n幸い、彼は日に日に完璧な演奏へと近づいていった。夢の道の果てにある光を見つめながら。だがその光は、永遠に届かないもののようにも思えた。\n\n完璧への渇望は、すでに彼の魂に刻まれていた。だが、誰もがそう望むわけではなかった。\n\n「陛下のため、世のために最も完璧な音楽を奏でること。それが楽団の責務ではないのか？」\n彼は不満を滲ませるいくつもの顔を見渡した。まるで、かつての自分を軽蔑するように。\n\n父さん、宮廷楽団もこの程度か。\n\nかつて仰ぎ見た目標を捨て、彼は頑なに完璧を追い求める道を歩み続けた。\n立ち止まって彼らの手を取ることも、かつての自分を振り返ることもできなかった。\n\n毎日、毎日、彼は演奏し続けた。\n音楽こそが、彼の命だった。\n\n音楽以外、彼には何もなかった。,,,,,,,,,,,,,,
Item_56635_Name,aEgl,d道具_Item_A.csv,456,Item,Name,,待到雪山消融,雪山が溶けるまで,,,,,,,,,,,,,,
Item_56635_StoryDesc,aEgm,d道具_Item_A.csv,456,Item,StoryDesc,,她站上山峰，举起手中的黑刺。\n在漫天的风雪里，她迎上了那座疯狂的山脉，迎上了自己被抛弃、被背叛、被践踏的命运。\n她终将胜利，冰雪终将消融，到那时，她将以一个崭新的姿态，重现于世。她是这样说的。\n艾尔沃斯是极寒之地，那里的风雪终年不散。这是常识。就像再强大的战士也无法与崇高的存在抗衡，就像再强大的人也无法战胜自己的命运。\n可那雪山终究还是消融了，不是吗？,彼女は山頂に立ち、手にした黒い刺を掲げた。\n猛吹雪の中、彼女は狂気に満ちた山脈へと向かった。捨てられ、裏切られ、踏みにじられた己の運命に抗うために。\n\n必ず勝利する。\n氷雪は必ず溶ける。\nそのとき、自分は新たな姿でこの世に再び現れる。\n彼女はそう言った。\n\nアイズルワースは極寒の地。\nそこでは風雪が一年中消えることがない。それは誰もが知る事実だ。\nいかに強き戦士であろうと崇高な存在には抗えず、いかに強大ない人間であろうと、自らの運命には勝てない。\nだが、あの雪山はついに溶けた。そうではないか？,,,,,,,,,,,,,,
Item_78884_Name,aFLx,d道具_Item_A.csv,467,Item,Name,,圣子尊容,御子の威厳,,,,,,,,,,,,,,
Item_45302_Name,aDmt,d道具_Item_A.csv,1070,Item,Name,,群山的觉悟,銀嶺の覚悟,,,,,,,,,,,,,,
Item_45302_Desc,aDmr,d道具_Item_A.csv,1070,Item,Desc,,记录此钥令后，可在编队时选择钥令技能:「群山的觉悟」。\n\n极寒冰川的群山吞噬了英武的战士和癫狂的野兽，以洁白的积雪掩盖故事的残骸。\n但在来年开春之后，微弱的生机终将跨越风雪。群山早已做好觉悟。,このキーオーダーを記録すると、編成時にキーオーダースキル「銀嶺の覚悟」を選択可能。\n\n極寒の氷河に聳える山々は、勇猛なる戦士と狂乱の獣を呑み込み、純白の雪で物語の残骸を覆い隠す。\nしかし、来春を迎えれば、かすかな生命の力はついに風雪を超えるだろう。山々はすでにその覚悟を決めている。,,,,,,,,,,,,,,
Item_45302_StoryDesc,aDmu,d道具_Item_A.csv,1070,Item,StoryDesc,,极寒冰川的群山吞噬了英武的战士和癫狂的野兽，以洁白的积雪掩盖故事的残骸。\n但在来年开春之后，微弱的生机终将跨越风雪。群山早已做好觉悟。,極寒の氷河に聳える山々は、勇猛なる戦士と狂乱の獣を呑み込み、純白の雪で物語の残骸を覆い隠す。\nしかし、来春を迎えれば、かすかな生命の力はついに風雪を超えるだろう。山々はすでにその覚悟を決めている。,,,,,,,,,,,,,,
Item_56638_Desc,aEgv,d道具_Item_A.csv,1074,Item,Desc,,记录此钥令后，可在编队时选择钥令技能:「第四乐章」。\n\n音符汇集成奔涌的星海，主题在恢弘的深空中舞蹈。\n 闭目聆听吧。聆听宇宙的落幕，聆听宇宙的高潮。,このキーオーダーを記録すると、編成時にキーオーダースキル「第四楽章」を選択可能。\n\n音符は星の海となって奔り、壮大なる深宇宙に、旋律が舞い踊る。\n\n目を閉じ、耳を澄ませ。\n宇宙の終幕を、その絶頂を聴け。,,,,,,,,,,,,,,
Item_56638_StoryDesc,aEgy,d道具_Item_A.csv,1074,Item,StoryDesc,,音符汇集成奔涌的星海，主题在恢弘的深空中舞蹈。\n 闭目聆听吧。聆听宇宙的落幕，聆听宇宙的高潮。,音符は星の海となって奔り、壮大なる深宇宙に、旋律が舞い踊る。\n\n目を閉じ、耳を澄ませ。\n宇宙の終幕を、その絶頂を聴け。,,,,,,,,,,,,,,
Item_61977_Name,aEGB,d道具_Item_A.csv,2547,Item,Name,,寒冻花苞,寒氷の蕾,,,,,,,,,,,,,,
Item_61977_Desc,aEGz,d道具_Item_A.csv,2547,Item,Desc,,冰雪为它镀上幽蓝，庆贺不屈的生命在此诞生。\n从艾尔沃斯山顶新生的花苞，用于在「吞食的野心」交换物资。\n\n至少掉落900个,氷雪がそれを深青に染め上げ、不屈の生命の誕生を祝う。\nアイズルワース山頂で新たに咲く蕾、「貪欲の野心」で物資と交換可能。\n\n最低1125個ドロップ,,,,,,,,,,,,,,
Item_61980_Name,aEGN,d道具_Item_A.csv,2548,Item,Name,,寒冻花苞,寒氷の蕾,,,,,,,,,,,,,,
Item_61980_Desc,aEGL,d道具_Item_A.csv,2548,Item,Desc,,冰雪为它镀上幽蓝，庆贺不屈的生命在此诞生。\n从艾尔沃斯山顶新生的花苞，用于在「吞食的野心」交换物资。\n\n至少掉落990个,氷雪がそれを深青に染め上げ、不屈の生命の誕生を祝う。\nアイズルワース山頂で新たに咲く蕾、「貪欲の野心」で物資と交換可能。\n\n最低1238個ドロップ,,,,,,,,,,,,,,
Item_61982_Name,aEGV,d道具_Item_A.csv,2549,Item,Name,,寒冻花苞,寒氷の蕾,,,,,,,,,,,,,,
Item_61982_Desc,aEGT,d道具_Item_A.csv,2549,Item,Desc,,冰雪为它镀上幽蓝，庆贺不屈的生命在此诞生。\n从艾尔沃斯山顶新生的花苞，用于在「吞食的野心」交换物资。\n\n至少掉落1080个,氷雪がそれを深青に染め上げ、不屈の生命の誕生を祝う。\nアイズルワース山頂で新たに咲く蕾、「貪欲の野心」で物資と交換可能。\n\n最低1350個ドロップ,,,,,,,,,,,,,,
Item_61953_Name,aEEJ,d道具_Item_A.csv,2550,Item,Name,,寒冻花苞,寒氷の蕾,,,,,,,,,,,,,,
Item_61953_Desc,aEEH,d道具_Item_A.csv,2550,Item,Desc,,冰雪为它镀上幽蓝，庆贺不屈的生命在此诞生。\n从艾尔沃斯山顶新生的花苞，用于在「吞食的野心」交换物资。\n\n至少掉落1170个,氷雪がそれを深青に染め上げ、不屈の生命の誕生を祝う。\nアイズルワース山頂で新たに咲く蕾、「貪欲の野心」で物資と交換可能。\n\n最低1463個ドロップ,,,,,,,,,,,,,,
Item_61957_Name,aEEZ,d道具_Item_A.csv,2551,Item,Name,,寒冻花苞,寒氷の蕾,,,,,,,,,,,,,,
Item_61957_Desc,aEEX,d道具_Item_A.csv,2551,Item,Desc,,冰雪为它镀上幽蓝，庆贺不屈的生命在此诞生。\n从艾尔沃斯山顶新生的花苞，用于在「吞食的野心」交换物资。\n\n至少掉落1260个,氷雪がそれを深青に染め上げ、不屈の生命の誕生を祝う。\nアイズルワース山頂で新たに咲く蕾、「貪欲の野心」で物資と交換可能。\n\n最低1575個ドロップ,,,,,,,,,,,,,,
Item_61976_Name,aEGx,d道具_Item_A.csv,2552,Item,Name,,寒冻花苞,寒氷の蕾,,,,,,,,,,,,,,
Item_61976_Desc,aEGv,d道具_Item_A.csv,2552,Item,Desc,,冰雪为它镀上幽蓝，庆贺不屈的生命在此诞生。\n从艾尔沃斯山顶新生的花苞，用于在「吞食的野心」交换物资。\n\n至少掉落1350个,氷雪がそれを深青に染め上げ、不屈の生命の誕生を祝う。\nアイズルワース山頂で新たに咲く蕾、「貪欲の野心」で物資と交換可能。\n\n最低1688個ドロップ,,,,,,,,,,,,,,
Item_61983_Name,aEGZ,d道具_Item_A.csv,2553,Item,Name,,寒冻花苞,寒氷の蕾,,,,,,,,,,,,,,
Item_61983_Desc,aEGX,d道具_Item_A.csv,2553,Item,Desc,,冰雪为它镀上幽蓝，庆贺不屈的生命在此诞生。\n从艾尔沃斯山顶新生的花苞，用于在「吞食的野心」交换物资。\n\n至少掉落518个,氷雪がそれを深青に染め上げ、不屈の生命の誕生を祝う。\nアイズルワース山頂で新たに咲く蕾、「貪欲の野心」で物資と交換可能。\n\n最低647個ドロップ,,,,,,,,,,,,,,
Item_61948_Name,aEEp,d道具_Item_A.csv,2554,Item,Name,,寒冻花苞,寒氷の蕾,,,,,,,,,,,,,,
Item_61948_Desc,aEEn,d道具_Item_A.csv,2554,Item,Desc,,冰雪为它镀上幽蓝，庆贺不屈的生命在此诞生。\n从艾尔沃斯山顶新生的花苞，用于在「吞食的野心」交换物资。\n\n至少掉落569个,氷雪がそれを深青に染め上げ、不屈の生命の誕生を祝う。\nアイズルワース山頂で新たに咲く蕾、「貪欲の野心」で物資と交換可能。\n\n最低712個ドロップ,,,,,,,,,,,,,,
Item_61965_Name,aEFF,d道具_Item_A.csv,2555,Item,Name,,寒冻花苞,寒氷の蕾,,,,,,,,,,,,,,
Item_61965_Desc,aEFD,d道具_Item_A.csv,2555,Item,Desc,,冰雪为它镀上幽蓝，庆贺不屈的生命在此诞生。\n从艾尔沃斯山顶新生的花苞，用于在「吞食的野心」交换物资。\n\n至少掉落621个,氷雪がそれを深青に染め上げ、不屈の生命の誕生を祝う。\nアイズルワース山頂で新たに咲く蕾、「貪欲の野心」で物資と交換可能。\n\n最低776個ドロップ,,,,,,,,,,,,,,
Item_61989_Name,aEHx,d道具_Item_A.csv,2556,Item,Name,,寒冻花苞,寒氷の蕾,,,,,,,,,,,,,,
Item_61989_Desc,aEHv,d道具_Item_A.csv,2556,Item,Desc,,冰雪为它镀上幽蓝，庆贺不屈的生命在此诞生。\n从艾尔沃斯山顶新生的花苞，用于在「吞食的野心」交换物资。\n\n至少掉落673个,氷雪がそれを深青に染め上げ、不屈の生命の誕生を祝う。\nアイズルワース山頂で新たに咲く蕾、「貪欲の野心」で物資と交換可能。\n\n最低841個ドロップ,,,,,,,,,,,,,,
Item_61996_Name,aEHZ,d道具_Item_A.csv,2557,Item,Name,,寒冻花苞,寒氷の蕾,,,,,,,,,,,,,,
Item_61996_Desc,aEHX,d道具_Item_A.csv,2557,Item,Desc,,冰雪为它镀上幽蓝，庆贺不屈的生命在此诞生。\n从艾尔沃斯山顶新生的花苞，用于在「吞食的野心」交换物资。\n\n至少掉落725个,氷雪がそれを深青に染め上げ、不屈の生命の誕生を祝う。\nアイズルワース山頂で新たに咲く蕾、「貪欲の野心」で物資と交換可能。\n\n最低906個ドロップ,,,,,,,,,,,,,,
Item_61944_Name,aEDZ,d道具_Item_A.csv,2558,Item,Name,,寒冻花苞,寒氷の蕾,,,,,,,,,,,,,,
Item_61944_Desc,aEDX,d道具_Item_A.csv,2558,Item,Desc,,冰雪为它镀上幽蓝，庆贺不屈的生命在此诞生。\n从艾尔沃斯山顶新生的花苞，用于在「吞食的野心」交换物资。\n\n至少掉落776个,氷雪がそれを深青に染め上げ、不屈の生命の誕生を祝う。\nアイズルワース山頂で新たに咲く蕾、「貪欲の野心」で物資と交換可能。\n\n最低970個ドロップ,,,,,,,,,,,,,,
Item_61964_Desc,aEFz,d道具_Item_A.csv,2559,Item,Desc,,月色为它镀上银白，庆贺不屈的生命在此诞生。\n从艾尔沃斯山顶新生的花苞，用于在「复仇的战意」交换物资。\n\n至少掉落518个,月光がそれを銀白に染め上げ、不屈の生命の誕生を祝う。\nアイズルワース山頂で新たに咲く蕾、「復讐の戦意」で物資と交換可能。\n\n最低647個ドロップ,,,,,,,,,,,,,,
Item_61993_Desc,aEHL,d道具_Item_A.csv,2560,Item,Desc,,月色为它镀上银白，庆贺不屈的生命在此诞生。\n从艾尔沃斯山顶新生的花苞，用于在「复仇的战意」交换物资。\n\n至少掉落569个,月光がそれを銀白に染め上げ、不屈の生命の誕生を祝う。\nアイズルワース山頂で新たに咲く蕾、「復讐の戦意」で物資と交換可能。\n\n最低712個ドロップ,,,,,,,,,,,,,,
Item_61995_Desc,aEHT,d道具_Item_A.csv,2561,Item,Desc,,月色为它镀上银白，庆贺不屈的生命在此诞生。\n从艾尔沃斯山顶新生的花苞，用于在「复仇的战意」交换物资。\n\n至少掉落621个,月光がそれを銀白に染め上げ、不屈の生命の誕生を祝う。\nアイズルワース山頂で新たに咲く蕾、「復讐の戦意」で物資と交換可能。\n\n最低776個ドロップ,,,,,,,,,,,,,,
Item_61959_Desc,aEFf,d道具_Item_A.csv,2562,Item,Desc,,月色为它镀上银白，庆贺不屈的生命在此诞生。\n从艾尔沃斯山顶新生的花苞，用于在「复仇的战意」交换物资。\n\n至少掉落673个,月光がそれを銀白に染め上げ、不屈の生命の誕生を祝う。\nアイズルワース山頂で新たに咲く蕾、「復讐の戦意」で物資と交換可能。\n\n最低841個ドロップ,,,,,,,,,,,,,,
Item_61961_Desc,aEFn,d道具_Item_A.csv,2563,Item,Desc,,月色为它镀上银白，庆贺不屈的生命在此诞生。\n从艾尔沃斯山顶新生的花苞，用于在「复仇的战意」交换物资。\n\n至少掉落725个,月光がそれを銀白に染め上げ、不屈の生命の誕生を祝う。\nアイズルワース山頂で新たに咲く蕾、「復讐の戦意」で物資と交換可能。\n\n最低906個ドロップ,,,,,,,,,,,,,,
Item_61967_Desc,aEFL,d道具_Item_A.csv,2564,Item,Desc,,月色为它镀上银白，庆贺不屈的生命在此诞生。\n从艾尔沃斯山顶新生的花苞，用于在「复仇的战意」交换物资。\n\n至少掉落776个,月光がそれを銀白に染め上げ、不屈の生命の誕生を祝う。\nアイズルワース山頂で新たに咲く蕾、「復讐の戦意」で物資と交換可能。\n\n最低970個ドロップ,,,,,,,,,,,,,,
Item_61969_Name,aEFV,d道具_Item_A.csv,2565,Item,Name,,寒冻花苞,寒氷の蕾,,,,,,,,,,,,,,
Item_61969_Desc,aEFT,d道具_Item_A.csv,2565,Item,Desc,,冰雪为它镀上幽蓝，庆贺不屈的生命在此诞生。\n从艾尔沃斯山顶新生的花苞，用于在「吞食的野心」交换物资。\n\n至少掉落585个,氷雪がそれを深青に染め上げ、不屈の生命の誕生を祝う。\nアイズルワース山頂で新たに咲く蕾、「貪欲の野心」で物資と交換可能。\n\n最低731個ドロップ,,,,,,,,,,,,,,
Item_61943_Name,aEDV,d道具_Item_A.csv,2566,Item,Name,,寒冻花苞,寒氷の蕾,,,,,,,,,,,,,,
Item_61943_Desc,aEDT,d道具_Item_A.csv,2566,Item,Desc,,冰雪为它镀上幽蓝，庆贺不屈的生命在此诞生。\n从艾尔沃斯山顶新生的花苞，用于在「吞食的野心」交换物资。\n\n至少掉落644个,氷雪がそれを深青に染め上げ、不屈の生命の誕生を祝う。\nアイズルワース山頂で新たに咲く蕾、「貪欲の野心」で物資と交換可能。\n\n最低804個ドロップ,,,,,,,,,,,,,,
Item_61963_Name,aEFx,d道具_Item_A.csv,2567,Item,Name,,寒冻花苞,寒氷の蕾,,,,,,,,,,,,,,
Item_61963_Desc,aEFv,d道具_Item_A.csv,2567,Item,Desc,,冰雪为它镀上幽蓝，庆贺不屈的生命在此诞生。\n从艾尔沃斯山顶新生的花苞，用于在「吞食的野心」交换物资。\n\n至少掉落702个,氷雪がそれを深青に染め上げ、不屈の生命の誕生を祝う。\nアイズルワース山頂で新たに咲く蕾、「貪欲の野心」で物資と交換可能。\n\n最低878個ドロップ,,,,,,,,,,,,,,
Item_61960_Name,aEFl,d道具_Item_A.csv,2568,Item,Name,,寒冻花苞,寒氷の蕾,,,,,,,,,,,,,,
Item_61960_Desc,aEFj,d道具_Item_A.csv,2568,Item,Desc,,冰雪为它镀上幽蓝，庆贺不屈的生命在此诞生。\n从艾尔沃斯山顶新生的花苞，用于在「吞食的野心」交换物资。\n\n至少掉落761个,氷雪がそれを深青に染め上げ、不屈の生命の誕生を祝う。\nアイズルワース山頂で新たに咲く蕾、「貪欲の野心」で物資と交換可能。\n\n最低951個ドロップ,,,,,,,,,,,,,,
Item_61972_Name,aEGh,d道具_Item_A.csv,2569,Item,Name,,寒冻花苞,寒氷の蕾,,,,,,,,,,,,,,
Item_61972_Desc,aEGf,d道具_Item_A.csv,2569,Item,Desc,,冰雪为它镀上幽蓝，庆贺不屈的生命在此诞生。\n从艾尔沃斯山顶新生的花苞，用于在「吞食的野心」交换物资。\n\n至少掉落819个,氷雪がそれを深青に染め上げ、不屈の生命の誕生を祝う。\nアイズルワース山頂で新たに咲く蕾、「貪欲の野心」で物資と交換可能。\n\n最低1024個ドロップ,,,,,,,,,,,,,,
Item_62000_Name,aEIp,d道具_Item_A.csv,2570,Item,Name,,寒冻花苞,寒氷の蕾,,,,,,,,,,,,,,
Item_62000_Desc,aEIn,d道具_Item_A.csv,2570,Item,Desc,,冰雪为它镀上幽蓝，庆贺不屈的生命在此诞生。\n从艾尔沃斯山顶新生的花苞，用于在「吞食的野心」交换物资。\n\n至少掉落878个,氷雪がそれを深青に染め上げ、不屈の生命の誕生を祝う。\nアイズルワース山頂で新たに咲く蕾、「貪欲の野心」で物資と交換可能。\n\n最低1097個ドロップ,,,,,,,,,,,,,,
Item_61966_Desc,aEFH,d道具_Item_A.csv,2571,Item,Desc,,日光为它镀上橙黄，庆贺不屈的生命在此诞生。\n从艾尔沃斯山顶新生的花苞，用于在「重生的希冀」交换物资。\n\n至少掉落585个,日光がそれを橙黄に染め上げ、不屈の生命の誕生を祝う。\nアイズルワース山頂で新たに咲く蕾、「再生の希望」で物資と交換可能。\n\n最低731個ドロップ,,,,,,,,,,,,,,
Item_61951_Desc,aEEz,d道具_Item_A.csv,2572,Item,Desc,,日光为它镀上橙黄，庆贺不屈的生命在此诞生。\n从艾尔沃斯山顶新生的花苞，用于在「重生的希冀」交换物资。\n\n至少掉落644个,日光がそれを橙黄に染め上げ、不屈の生命の誕生を祝う。\nアイズルワース山頂で新たに咲く蕾、「再生の希望」で物資と交換可能。\n\n最低804個ドロップ,,,,,,,,,,,,,,
Item_61994_Desc,aEHP,d道具_Item_A.csv,2573,Item,Desc,,日光为它镀上橙黄，庆贺不屈的生命在此诞生。\n从艾尔沃斯山顶新生的花苞，用于在「重生的希冀」交换物资。\n\n至少掉落702个,日光がそれを橙黄に染め上げ、不屈の生命の誕生を祝う。\nアイズルワース山頂で新たに咲く蕾、「再生の希望」で物資と交換可能。\n\n最低878個ドロップ,,,,,,,,,,,,,,
Item_61999_Desc,aEIj,d道具_Item_A.csv,2574,Item,Desc,,日光为它镀上橙黄，庆贺不屈的生命在此诞生。\n从艾尔沃斯山顶新生的花苞，用于在「重生的希冀」交换物资。\n\n至少掉落761个,日光がそれを橙黄に染め上げ、不屈の生命の誕生を祝う。\nアイズルワース山頂で新たに咲く蕾、「再生の希望」で物資と交換可能。\n\n最低951個ドロップ,,,,,,,,,,,,,,
Item_61954_Desc,aEEL,d道具_Item_A.csv,2575,Item,Desc,,日光为它镀上橙黄，庆贺不屈的生命在此诞生。\n从艾尔沃斯山顶新生的花苞，用于在「重生的希冀」交换物资。\n\n至少掉落819个,日光がそれを橙黄に染め上げ、不屈の生命の誕生を祝う。\nアイズルワース山頂で新たに咲く蕾、「再生の希望」で物資と交換可能。\n\n最低1024個ドロップ,,,,,,,,,,,,,,
Item_61988_Desc,aEHr,d道具_Item_A.csv,2576,Item,Desc,,日光为它镀上橙黄，庆贺不屈的生命在此诞生。\n从艾尔沃斯山顶新生的花苞，用于在「重生的希冀」交换物资。\n\n至少掉落878个,日光がそれを橙黄に染め上げ、不屈の生命の誕生を祝う。\nアイズルワース山頂で新たに咲く蕾、「再生の希望」で物資と交換可能。\n\n最低1097個ドロップ,,,,,,,,,,,,,,
Item_61968_Desc,aEFP,d道具_Item_A.csv,2577,Item,Desc,,月色为它镀上银白，庆贺不屈的生命在此诞生。\n从艾尔沃斯山顶新生的花苞，用于在「复仇的战意」交换物资。\n\n至少掉落653个,月光がそれを銀白に染め上げ、不屈の生命の誕生を祝う。\nアイズルワース山頂で新たに咲く蕾、「復讐の戦意」で物資と交換可能。\n\n最低816個ドロップ,,,,,,,,,,,,,,
Item_61958_Desc,aEFb,d道具_Item_A.csv,2578,Item,Desc,,月色为它镀上银白，庆贺不屈的生命在此诞生。\n从艾尔沃斯山顶新生的花苞，用于在「复仇的战意」交换物资。\n\n至少掉落718个,月光がそれを銀白に染め上げ、不屈の生命の誕生を祝う。\nアイズルワース山頂で新たに咲く蕾、「復讐の戦意」で物資と交換可能。\n\n最低897個ドロップ,,,,,,,,,,,,,,
Item_61950_Desc,aEEv,d道具_Item_A.csv,2579,Item,Desc,,月色为它镀上银白，庆贺不屈的生命在此诞生。\n从艾尔沃斯山顶新生的花苞，用于在「复仇的战意」交换物资。\n\n至少掉落783个,月光がそれを銀白に染め上げ、不屈の生命の誕生を祝う。\nアイズルワース山頂で新たに咲く蕾、「復讐の戦意」で物資と交換可能。\n\n最低979個ドロップ,,,,,,,,,,,,,,
Item_61984_Desc,aEHb,d道具_Item_A.csv,2580,Item,Desc,,月色为它镀上银白，庆贺不屈的生命在此诞生。\n从艾尔沃斯山顶新生的花苞，用于在「复仇的战意」交换物资。\n\n至少掉落848个,月光がそれを銀白に染め上げ、不屈の生命の誕生を祝う。\nアイズルワース山頂で新たに咲く蕾、「復讐の戦意」で物資と交換可能。\n\n最低1060個ドロップ,,,,,,,,,,,,,,
Item_61941_Desc,aEDL,d道具_Item_A.csv,2581,Item,Desc,,月色为它镀上银白，庆贺不屈的生命在此诞生。\n从艾尔沃斯山顶新生的花苞，用于在「复仇的战意」交换物资。\n\n至少掉落914个,月光がそれを銀白に染め上げ、不屈の生命の誕生を祝う。\nアイズルワース山頂で新たに咲く蕾、「復讐の戦意」で物資と交換可能。\n\n最低1142個ドロップ,,,,,,,,,,,,,,
Item_61978_Desc,aEGD,d道具_Item_A.csv,2582,Item,Desc,,月色为它镀上银白，庆贺不屈的生命在此诞生。\n从艾尔沃斯山顶新生的花苞，用于在「复仇的战意」交换物资。\n\n至少掉落979个,月光がそれを銀白に染め上げ、不屈の生命の誕生を祝う。\nアイズルワース山頂で新たに咲く蕾、「復讐の戦意」で物資と交換可能。\n\n最低1223個ドロップ,,,,,,,,,,,,,,
Item_61979_Desc,aEGH,d道具_Item_A.csv,2583,Item,Desc,,日光为它镀上橙黄，庆贺不屈的生命在此诞生。\n从艾尔沃斯山顶新生的花苞，用于在「重生的希冀」交换物资。\n\n至少掉落653个,日光がそれを橙黄に染め上げ、不屈の生命の誕生を祝う。\nアイズルワース山頂で新たに咲く蕾、「再生の希望」で物資と交換可能。\n\n最低816個ドロップ,,,,,,,,,,,,,,
Item_61991_Desc,aEHD,d道具_Item_A.csv,2584,Item,Desc,,日光为它镀上橙黄，庆贺不屈的生命在此诞生。\n从艾尔沃斯山顶新生的花苞，用于在「重生的希冀」交换物资。\n\n至少掉落718个,日光がそれを橙黄に染め上げ、不屈の生命の誕生を祝う。\nアイズルワース山頂で新たに咲く蕾、「再生の希望」で物資と交換可能。\n\n最低897個ドロップ,,,,,,,,,,,,,,
Item_61987_Desc,aEHn,d道具_Item_A.csv,2585,Item,Desc,,日光为它镀上橙黄，庆贺不屈的生命在此诞生。\n从艾尔沃斯山顶新生的花苞，用于在「重生的希冀」交换物资。\n\n至少掉落783个,日光がそれを橙黄に染め上げ、不屈の生命の誕生を祝う。\nアイズルワース山頂で新たに咲く蕾、「再生の希望」で物資と交換可能。\n\n最低979個ドロップ,,,,,,,,,,,,,,
Item_61974_Desc,aEGn,d道具_Item_A.csv,2586,Item,Desc,,日光为它镀上橙黄，庆贺不屈的生命在此诞生。\n从艾尔沃斯山顶新生的花苞，用于在「重生的希冀」交换物资。\n\n至少掉落848个,日光がそれを橙黄に染め上げ、不屈の生命の誕生を祝う。\nアイズルワース山頂で新たに咲く蕾、「再生の希望」で物資と交換可能。\n\n最低1060個ドロップ,,,,,,,,,,,,,,
Item_61971_Desc,aEGb,d道具_Item_A.csv,2587,Item,Desc,,日光为它镀上橙黄，庆贺不屈的生命在此诞生。\n从艾尔沃斯山顶新生的花苞，用于在「重生的希冀」交换物资。\n\n至少掉落914个,日光がそれを橙黄に染め上げ、不屈の生命の誕生を祝う。\nアイズルワース山頂で新たに咲く蕾、「再生の希望」で物資と交換可能。\n\n最低1142個ドロップ,,,,,,,,,,,,,,
Item_61998_Desc,aEIf,d道具_Item_A.csv,2588,Item,Desc,,日光为它镀上橙黄，庆贺不屈的生命在此诞生。\n从艾尔沃斯山顶新生的花苞，用于在「重生的希冀」交换物资。\n\n至少掉落979个,日光がそれを橙黄に染め上げ、不屈の生命の誕生を祝う。\nアイズルワース山頂で新たに咲く蕾、「再生の希望」で物資と交換可能。\n\n最低1223個ドロップ,,,,,,,,,,,,,,
Item_61985_Name,aEHh,d道具_Item_A.csv,2589,Item,Name,,寒冻花苞,寒氷の蕾,,,,,,,,,,,,,,
Item_61985_Desc,aEHf,d道具_Item_A.csv,2589,Item,Desc,,冰雪为它镀上幽蓝，庆贺不屈的生命在此诞生。\n从艾尔沃斯山顶新生的花苞，用于在「吞食的野心」交换物资。\n\n至少掉落480个,氷雪がそれを深青に染め上げ、不屈の生命の誕生を祝う。\nアイズルワース山頂で新たに咲く蕾、「貪欲の野心」で物資と交換可能。\n\n最低600個ドロップ,,,,,,,,,,,,,,
Item_61945_Name,aEEd,d道具_Item_A.csv,2590,Item,Name,,寒冻花苞,寒氷の蕾,,,,,,,,,,,,,,
Item_61945_Desc,aEEb,d道具_Item_A.csv,2590,Item,Desc,,冰雪为它镀上幽蓝，庆贺不屈的生命在此诞生。\n从艾尔沃斯山顶新生的花苞，用于在「吞食的野心」交换物资。\n\n至少掉落528个,氷雪がそれを深青に染め上げ、不屈の生命の誕生を祝う。\nアイズルワース山頂で新たに咲く蕾、「貪欲の野心」で物資と交換可能。\n\n最低660個ドロップ,,,,,,,,,,,,,,
Item_61955_Name,aEER,d道具_Item_A.csv,2591,Item,Name,,寒冻花苞,寒氷の蕾,,,,,,,,,,,,,,
Item_61955_Desc,aEEP,d道具_Item_A.csv,2591,Item,Desc,,冰雪为它镀上幽蓝，庆贺不屈的生命在此诞生。\n从艾尔沃斯山顶新生的花苞，用于在「吞食的野心」交换物资。\n\n至少掉落576个,氷雪がそれを深青に染め上げ、不屈の生命の誕生を祝う。\nアイズルワース山頂で新たに咲く蕾、「貪欲の野心」で物資と交換可能。\n\n最低720個ドロップ,,,,,,,,,,,,,,
Item_61990_Name,aEHB,d道具_Item_A.csv,2592,Item,Name,,寒冻花苞,寒氷の蕾,,,,,,,,,,,,,,
Item_61990_Desc,aEHz,d道具_Item_A.csv,2592,Item,Desc,,冰雪为它镀上幽蓝，庆贺不屈的生命在此诞生。\n从艾尔沃斯山顶新生的花苞，用于在「吞食的野心」交换物资。\n\n至少掉落624个,氷雪がそれを深青に染め上げ、不屈の生命の誕生を祝う。\nアイズルワース山頂で新たに咲く蕾、「貪欲の野心」で物資と交換可能。\n\n最低780個ドロップ,,,,,,,,,,,,,,
Item_61946_Name,aEEh,d道具_Item_A.csv,2593,Item,Name,,寒冻花苞,寒氷の蕾,,,,,,,,,,,,,,
Item_61946_Desc,aEEf,d道具_Item_A.csv,2593,Item,Desc,,冰雪为它镀上幽蓝，庆贺不屈的生命在此诞生。\n从艾尔沃斯山顶新生的花苞，用于在「吞食的野心」交换物资。\n\n至少掉落672个,氷雪がそれを深青に染め上げ、不屈の生命の誕生を祝う。\nアイズルワース山頂で新たに咲く蕾、「貪欲の野心」で物資と交換可能。\n\n最低840個ドロップ,,,,,,,,,,,,,,
Item_61949_Name,aEEt,d道具_Item_A.csv,2594,Item,Name,,寒冻花苞,寒氷の蕾,,,,,,,,,,,,,,
Item_61949_Desc,aEEr,d道具_Item_A.csv,2594,Item,Desc,,冰雪为它镀上幽蓝，庆贺不屈的生命在此诞生。\n从艾尔沃斯山顶新生的花苞，用于在「吞食的野心」交换物资。\n\n至少掉落720个,氷雪がそれを深青に染め上げ、不屈の生命の誕生を祝う。\nアイズルワース山頂で新たに咲く蕾、「貪欲の野心」で物資と交換可能。\n\n最低900個ドロップ,,,,,,,,,,,,,,
Item_61997_Desc,aEIb,d道具_Item_A.csv,2595,Item,Desc,,月色为它镀上银白，庆贺不屈的生命在此诞生。\n从艾尔沃斯山顶新生的花苞，用于在「复仇的战意」交换物资。\n\n至少掉落480个,月光がそれを銀白に染め上げ、不屈の生命の誕生を祝う。\nアイズルワース山頂で新たに咲く蕾、「復讐の戦意」で物資と交換可能。\n\n最低600個ドロップ,,,,,,,,,,,,,,
Item_61981_Desc,aEGP,d道具_Item_A.csv,2596,Item,Desc,,月色为它镀上银白，庆贺不屈的生命在此诞生。\n从艾尔沃斯山顶新生的花苞，用于在「复仇的战意」交换物资。\n\n至少掉落528个,月光がそれを銀白に染め上げ、不屈の生命の誕生を祝う。\nアイズルワース山頂で新たに咲く蕾、「復讐の戦意」で物資と交換可能。\n\n最低660個ドロップ,,,,,,,,,,,,,,
Item_61986_Desc,aEHj,d道具_Item_A.csv,2597,Item,Desc,,月色为它镀上银白，庆贺不屈的生命在此诞生。\n从艾尔沃斯山顶新生的花苞，用于在「复仇的战意」交换物资。\n\n至少掉落576个,月光がそれを銀白に染め上げ、不屈の生命の誕生を祝う。\nアイズルワース山頂で新たに咲く蕾、「復讐の戦意」で物資と交換可能。\n\n最低720個ドロップ,,,,,,,,,,,,,,
Item_61975_Desc,aEGr,d道具_Item_A.csv,2598,Item,Desc,,月色为它镀上银白，庆贺不屈的生命在此诞生。\n从艾尔沃斯山顶新生的花苞，用于在「复仇的战意」交换物资。\n\n至少掉落624个,月光がそれを銀白に染め上げ、不屈の生命の誕生を祝う。\nアイズルワース山頂で新たに咲く蕾、「復讐の戦意」で物資と交換可能。\n\n最低780個ドロップ,,,,,,,,,,,,,,
Item_61956_Desc,aEET,d道具_Item_A.csv,2599,Item,Desc,,月色为它镀上银白，庆贺不屈的生命在此诞生。\n从艾尔沃斯山顶新生的花苞，用于在「复仇的战意」交换物资。\n\n至少掉落672个,月光がそれを銀白に染め上げ、不屈の生命の誕生を祝う。\nアイズルワース山頂で新たに咲く蕾、「復讐の戦意」で物資と交換可能。\n\n最低840個ドロップ,,,,,,,,,,,,,,
Item_61947_Desc,aEEj,d道具_Item_A.csv,2600,Item,Desc,,月色为它镀上银白，庆贺不屈的生命在此诞生。\n从艾尔沃斯山顶新生的花苞，用于在「复仇的战意」交换物资。\n\n至少掉落720个,月光がそれを銀白に染め上げ、不屈の生命の誕生を祝う。\nアイズルワース山頂で新たに咲く蕾、「復讐の戦意」で物資と交換可能。\n\n最低900個ドロップ,,,,,,,,,,,,,,
Item_61992_Desc,aEHH,d道具_Item_A.csv,2601,Item,Desc,,日光为它镀上橙黄，庆贺不屈的生命在此诞生。\n从艾尔沃斯山顶新生的花苞，用于在「重生的希冀」交换物资。\n\n至少掉落480个,日光がそれを橙黄に染め上げ、不屈の生命の誕生を祝う。\nアイズルワース山頂で新たに咲く蕾、「再生の希望」で物資と交換可能。\n\n最低600個ドロップ,,,,,,,,,,,,,,
Item_61970_Desc,aEFX,d道具_Item_A.csv,2602,Item,Desc,,日光为它镀上橙黄，庆贺不屈的生命在此诞生。\n从艾尔沃斯山顶新生的花苞，用于在「重生的希冀」交换物资。\n\n至少掉落528个,日光がそれを橙黄に染め上げ、不屈の生命の誕生を祝う。\nアイズルワース山頂で新たに咲く蕾、「再生の希望」で物資と交換可能。\n\n最低660個ドロップ,,,,,,,,,,,,,,
Item_61952_Desc,aEED,d道具_Item_A.csv,2603,Item,Desc,,日光为它镀上橙黄，庆贺不屈的生命在此诞生。\n从艾尔沃斯山顶新生的花苞，用于在「重生的希冀」交换物资。\n\n至少掉落576个,日光がそれを橙黄に染め上げ、不屈の生命の誕生を祝う。\nアイズルワース山頂で新たに咲く蕾、「再生の希望」で物資と交換可能。\n\n最低720個ドロップ,,,,,,,,,,,,,,
Item_61973_Desc,aEGj,d道具_Item_A.csv,2604,Item,Desc,,日光为它镀上橙黄，庆贺不屈的生命在此诞生。\n从艾尔沃斯山顶新生的花苞，用于在「重生的希冀」交换物资。\n\n至少掉落624个,日光がそれを橙黄に染め上げ、不屈の生命の誕生を祝う。\nアイズルワース山頂で新たに咲く蕾、「再生の希望」で物資と交換可能。\n\n最低780個ドロップ,,,,,,,,,,,,,,
Item_61942_Desc,aEDP,d道具_Item_A.csv,2605,Item,Desc,,日光为它镀上橙黄，庆贺不屈的生命在此诞生。\n从艾尔沃斯山顶新生的花苞，用于在「重生的希冀」交换物资。\n\n至少掉落672个,日光がそれを橙黄に染め上げ、不屈の生命の誕生を祝う。\nアイズルワース山頂で新たに咲く蕾、「再生の希望」で物資と交換可能。\n\n最低840個ドロップ,,,,,,,,,,,,,,
Item_61962_Desc,aEFr,d道具_Item_A.csv,2606,Item,Desc,,日光为它镀上橙黄，庆贺不屈的生命在此诞生。\n从艾尔沃斯山顶新生的花苞，用于在「重生的希冀」交换物资。\n\n至少掉落720个,日光がそれを橙黄に染め上げ、不屈の生命の誕生を祝う。\nアイズルワース山頂で新たに咲く蕾、「再生の希望」で物資と交換可能。\n\n最低900個ドロップ,,,,,,,,,,,,,,
PanelText_UI_Vx_Battle_Chaowei_Butter_Text_C_ExtraTurn_Content,aJec,j界面文字表_PanelText_C.csv,457,PanelText,Content,,额外回合,追加\nターン,,,,,,,,,,,,,,
PanelText_UI_Events_Panel_OriHelot_Text_C_Shop_Content,aIKa,j界面文字表_PanelText_C.csv,2191,PanelText,Content,,山峦巨口,山嶺の大穴,,,,,,,,,,,,,,
PanelText_UI_Events_Panel_OriHelot_Text_C_Resonance_Content,aIJY,j界面文字表_PanelText_C.csv,2192,PanelText,Content,,共鸣：吞噬山脉,共鳴：白銀の顎,,,,,,,,,,,,,,
PanelText_UI_Events_Panel_OriHelot_Text_C_Challenge_Content,aIJP,j界面文字表_PanelText_C.csv,2197,PanelText,Content,,野兽雄心,獣の本能,,,,,,,,,,,,,,
PanelText_UI_Events_Panel_OriHelot_Text_C_Topic_Content,aIKc,j界面文字表_PanelText_C.csv,2199,PanelText,Content,,雪山消融之时·复刻,雪解けの刻・復刻,,,,,,,,,,,,,,
PanelText_UI_Events_OriHelot_StageGroup_Text_C_Title_Content,aIGk,j界面文字表_PanelText_C.csv,2210,PanelText,Content,,野兽雄心,獣の本能,,,,,,,,,,,,,,
PanelText_UI_Events_OriHelot_StageGroup_Text_C_Introduction_Content,aIGi,j界面文字表_PanelText_C.csv,2211,PanelText,Content,,张大嘴巴，大口撕咬。\n吞食与被吞食，这是战斗的规则，这是野兽的命运。,大きく口を開け、貪るように噛み砕く。\n喰うか、喰われるか。\nこれが戦いの掟であり、獣の定めだ。,,,,,,,,,,,,,,
RelicConfig_65376_Name,aJBb,z造物_RelicConfig_A.csv,328,RelicConfig,Name,,<OrangeQuality:科考团>,<OrangeQuality:調査隊>,,,,,,,,,,,,,,
RelicConfig_65376_Desc,aJBa,z造物_RelicConfig_A.csv,328,RelicConfig,Desc,,初始拥有 [Arg1] 科考团人数。战斗开始时，将 5 张<DerivativeCardKeywords_73:猜疑>置入牌库中。,最初に調査隊の人数を[Arg1]人所持する。戦闘開始時、<DerivativeCardKeywords_73:疑念>を5枚山札に追加する。,,,,,,,,,,,,,,
RelicConfig_65376_BattleDesc,aJAZ,z造物_RelicConfig_A.csv,328,RelicConfig,BattleDesc,,初始拥有 [Arg1] 科考团人数。战斗开始时，将 5 张<DerivativeCardKeywords_73:猜疑>置入牌库中中。,最初に調査隊の人数を[Arg1]人所持する。戦闘開始時、<DerivativeCardKeywords_73:疑念>を5枚山札にに追加する。,,,,,,,,,,,,,,
RelicConfig_65456_Name,aJBz,z造物_RelicConfig_A.csv,329,RelicConfig,Name,,<OrangeQuality:独行者之徽>,<OrangeQuality:孤独者の徽章>,,,,,,,,,,,,,,
RelicConfig_65456_Desc,aJBy,z造物_RelicConfig_A.csv,329,RelicConfig,Desc,,"战斗开始时洗入 3 张随机「症状」，打出「症状」时获得 [Arg1] 点力量。
<D05EX_Relic:在你的帮助下，科考团无人生还，你冷漠地为自己谋取到了最大的利益，但这一切真的值得吗？>",戦闘開始時にランダムな「症状」を3枚山札に追加し、「症状」を使用した時、[Arg1]点の力を獲得する。\n<D05EX_Relic:あなたの助けも虚しく、調査隊は全滅した。あなたは冷酷に最大利益を追求したが、本当にそれで良かったのか？>,,,,,,,,,,,,,,
RelicConfig_65456_BattleDesc,aJBx,z造物_RelicConfig_A.csv,329,RelicConfig,BattleDesc,,"战斗开始时洗入 3 张随机「症状」，打出「症状」时获得 [Arg1] 点力量。
<D05EX_Relic:在你的帮助下，科考团无人生还，你冷漠地为自己谋取到了最大的利益，但这一切真的值得吗？>",戦闘開始時にランダムな「症状」を3枚山札に追加し、「症状」を使用した時、[Arg1]点の力を獲得する。\n<D05EX_Relic:あなたの助けも虚しく、調査隊は全滅した。あなたは冷酷に最大利益を追求したが、本当にそれで良かったのか？>,,,,,,,,,,,,,,
RelicConfig_65456_StoryDesc,aJBA,z造物_RelicConfig_A.csv,329,RelicConfig,StoryDesc,,在你的帮助下，科考团无人生还，你为自己谋取到了最大的利益，但这一切真的值得吗？,あなたの助けも虚しく、調査隊は全滅した。あなたは冷酷に最大利益を追求したが、本当にそれで良かったのか？,,,,,,,,,,,,,,
RelicConfig_65408_Name,aJBn,z造物_RelicConfig_A.csv,330,RelicConfig,Name,,<OrangeQuality:救难勋章·青铜>,<OrangeQuality:救難勲章・ブロンズ>,,,,,,,,,,,,,,
RelicConfig_65408_Desc,aJBm,z造物_RelicConfig_A.csv,330,RelicConfig,Desc,,"回合开始时，获得 [Arg1] 张<DerivativeCardKeywords_68:「暗淡的人性光辉」>。
<D05EX_Relic:为了走出雪山，你选择了效益优先的策略，并注视着人们一个个死去，幸存者看待你的目光中恐惧大于感激。>",ターン開始時、<DerivativeCardKeywords_68:「ほの暗い人間性の輝き」>を[Arg1]枚獲得する。\n<D05EX_Relic:雪山を抜け出すため、あなたは効率を最優先する戦略を選んだ。一人また一人と死んでいく隊員を見送った。生存者たちのあなたを見る眼差しは、感謝よりも恐怖の方が大きかった。>,,,,,,,,,,,,,,
RelicConfig_65408_BattleDesc,aJBl,z造物_RelicConfig_A.csv,330,RelicConfig,BattleDesc,,"回合开始时，获得 [Arg1] 张<DerivativeCardKeywords_68:「暗淡的人性光辉」>。
<D05EX_Relic:为了走出雪山，你选择了效益优先的策略，并注视着人们一个个死去，幸存者看待你的目光中恐惧大于感激。>",ターン開始時、<DerivativeCardKeywords_68:「ほの暗い人間性の輝き」>を[Arg1]枚獲得する。\n<D05EX_Relic:雪山を抜け出すため、あなたは効率を最優先する戦略を選んだ。一人また一人と死んでいく隊員を見送った。生存者たちのあなたを見る眼差しは、感謝よりも恐怖の方が大きかった。>,,,,,,,,,,,,,,
RelicConfig_65408_StoryDesc,aJBo,z造物_RelicConfig_A.csv,330,RelicConfig,StoryDesc,,为了走出雪山，你选择了效益优先的策略，并注视着人们一个个死去，幸存者看待你的目光中恐惧大于感激。,雪山を抜け出すため、あなたは効率を最優先する戦略を選んだ。一人また一人と死んでいく隊員を見送った。生存者たちのあなたを見る眼差しは、感謝よりも恐怖の方が大きかった。,,,,,,,,,,,,,,
RelicConfig_65409_Name,aJBr,z造物_RelicConfig_A.csv,331,RelicConfig,Name,,<OrangeQuality:救难勋章·白银>,<OrangeQuality:救難勲章・シルバー>,,,,,,,,,,,,,,
RelicConfig_65409_Desc,aJBq,z造物_RelicConfig_A.csv,331,RelicConfig,Desc,,"回合开始时，获得 [Arg1] 张<DerivativeCardKeywords_69:「微明的人性光辉」>。
<D05EX_Relic:你或许努力过了，虽然有一半的人死去，你至少救下了另一半，毕竟牺牲总是难免的。>",ターン開始時、<DerivativeCardKeywords_69:「微かな人間性の輝き」>を[Arg1]枚獲得する。\n<D05EX_Relic:あなたは全力を尽くしたのだろう。半数の隊員は命を落としたが、少なくとも残りの半数を救った。結局のところ、犠牲は避けられないものなのだ。>,,,,,,,,,,,,,,
RelicConfig_65409_BattleDesc,aJBp,z造物_RelicConfig_A.csv,331,RelicConfig,BattleDesc,,"回合开始时，获得 [Arg1] 张<DerivativeCardKeywords_69:「微明的人性光辉」>。
<D05EX_Relic:你或许努力过了，虽然有一半的人死去，你至少救下了另一半，毕竟牺牲总是难免的。>",ターン開始時、<DerivativeCardKeywords_69:「微かな人間性の輝き」>を[Arg1]枚獲得する。\n<D05EX_Relic:あなたは全力を尽くしたのだろう。半数の隊員は命を落としたが、少なくとも残りの半数を救った。結局のところ、犠牲は避けられないものなのだ。>,,,,,,,,,,,,,,
RelicConfig_65409_StoryDesc,aJBs,z造物_RelicConfig_A.csv,331,RelicConfig,StoryDesc,,你或许努力过了，虽然有一半的人死去，你至少救下了另一半，毕竟牺牲总是难免的。,あなたは全力を尽くしたのだろう。半数の隊員は命を落としたが、少なくとも残りの半数を救った。結局のところ、犠牲は避けられないものなのだ。,,,,,,,,,,,,,,
RelicConfig_65410_Name,aJBv,z造物_RelicConfig_A.csv,332,RelicConfig,Name,,<OrangeQuality:救难勋章·黄金>,<OrangeQuality:救難勲章・ゴールド>,,,,,,,,,,,,,,
RelicConfig_65410_Desc,aJBu,z造物_RelicConfig_A.csv,332,RelicConfig,Desc,,"回合开始时，获得 [Arg1] 张<DerivativeCardKeywords_70:「人性光辉」>。
<D05EX_Relic:你拯救了大半的人，将人们原本悲剧的命运改写，你已经尽力了，不是吗？>",ターン開始時、<DerivativeCardKeywords_70:「人間性の輝き」>を[Arg1]枚獲得する。\n<D05EX_Relic:あなたは人々の大半を救い、本来なら悲劇で終わるはずだった運命を書き替えた。あなたは最善を尽くしたのではないか？>,,,,,,,,,,,,,,
RelicConfig_65410_BattleDesc,aJBt,z造物_RelicConfig_A.csv,332,RelicConfig,BattleDesc,,"回合开始时，获得 [Arg1] 张<DerivativeCardKeywords_70:「人性光辉」>。
<D05EX_Relic:你拯救了大半的人，将人们原本悲剧的命运改写，你已经尽力了，不是吗？>",ターン開始時、<DerivativeCardKeywords_70:「人間性の輝き」>を[Arg1]枚獲得する。\n<D05EX_Relic:あなたは人々の大半を救い、本来なら悲劇で終わるはずだった運命を書き替えた。あなたは最善を尽くしたのではないか？>,,,,,,,,,,,,,,
RelicConfig_65410_StoryDesc,aJBw,z造物_RelicConfig_A.csv,332,RelicConfig,StoryDesc,,你拯救了大半的人，将人们原本悲剧的命运改写，你已经尽力了，不是吗？,あなたは人々の大半を救い、本来なら悲劇で終わるはずだった運命を書き替えた。あなたは最善を尽くしたのではないか？,,,,,,,,,,,,,,
RelicConfig_65406_Name,aJBf,z造物_RelicConfig_A.csv,333,RelicConfig,Name,,<OrangeQuality:救难勋章·铂金>,<OrangeQuality:救難勲章・プラチナ>,,,,,,,,,,,,,,
RelicConfig_65406_Desc,aJBe,z造物_RelicConfig_A.csv,333,RelicConfig,Desc,,"回合开始时，获得 [Arg1] 张<DerivativeCardKeywords_71:「闪耀的人性光辉」>。
<D05EX_Relic:你的一切努力都是值得的，你几乎保全了科考队伍，幸存的人们真心实意地感激着你。>",ターン開始時、<DerivativeCardKeywords_71:「きらめく人間性の輝き」>を[Arg1]枚獲得する。\n<D05EX_Relic:あなたのすべての努力は報われた。調査隊のほとんどを無事に守り抜き、生き残った人々は心からあなたに感謝している。>,,,,,,,,,,,,,,
RelicConfig_65406_BattleDesc,aJBd,z造物_RelicConfig_A.csv,333,RelicConfig,BattleDesc,,"回合开始时，获得 [Arg1] 张<DerivativeCardKeywords_71:「闪耀的人性光辉」>。
<D05EX_Relic:你的一切努力都是值得的，你几乎保全了科考队伍，幸存的人们真心实意地感激着你。>",ターン開始時、<DerivativeCardKeywords_71:「きらめく人間性の輝き」>を[Arg1]枚獲得。\n<D05EX_Relic:あなたのすべての努力は報われた。調査隊のほとんどを無事に守り抜き、生き残った人々は心からあなたに感謝している。>,,,,,,,,,,,,,,
RelicConfig_65406_StoryDesc,aJBg,z造物_RelicConfig_A.csv,333,RelicConfig,StoryDesc,,你的一切努力都是值得的，你几乎保全了科考队伍，幸存的人们真心实意地感激着你。,あなたのすべての努力は報われた。調査隊のほとんどを無事に守り抜き、生き残った人々は心からあなたに感謝している。,,,,,,,,,,,,,,
RelicConfig_65407_Name,aJBj,z造物_RelicConfig_A.csv,334,RelicConfig,Name,,<OrangeQuality:救难勋章·钻石>,<OrangeQuality:救難勲章・ダイヤモンド>,,,,,,,,,,,,,,
RelicConfig_65407_Desc,aJBi,z造物_RelicConfig_A.csv,334,RelicConfig,Desc,,"回合开始时，获得 [Arg1] 张<DerivativeCardKeywords_72:「璀璨的人性光辉」>。
<D05EX_Relic:你创造了不可思议的奇迹，所有人在灾难过后全部存活，你是人们心中伟大的英雄，关于你的传说或许就要流传在雪山四周。>",ターン開始時、<DerivativeCardKeywords_72:「まばゆい人間性の輝き」>を[Arg1]枚獲得する。\n<D05EX_Relic:あなたは驚くべき奇跡を起こした。全員がこの災厄を生き残った。あなたは人々の偉大な英雄となり、この伝説は雪山の周辺に語り継がれていくことだろう。>,,,,,,,,,,,,,,
RelicConfig_65407_BattleDesc,aJBh,z造物_RelicConfig_A.csv,334,RelicConfig,BattleDesc,,"回合开始时，获得 [Arg1] 张<DerivativeCardKeywords_72:「璀璨的人性光辉」>。
<D05EX_Relic:你创造了不可思议的奇迹，所有人在灾难过后全部存活，你是人们心中伟大的英雄，关于你的传说或许就要流传在雪山四周。>",ターン開始時、<DerivativeCardKeywords_72:「まばゆい人間性の輝き」>を[Arg1]枚獲得する。\n<D05EX_Relic:あなたは驚くべき奇跡を起こした。全員がこの災厄を生き残った。あなたは人々の偉大な英雄となり、この伝説は雪山の周辺に語り継がれていくことだろう。>,,,,,,,,,,,,,,
RelicConfig_65407_StoryDesc,aJBk,z造物_RelicConfig_A.csv,334,RelicConfig,StoryDesc,,你创造了不可思议的奇迹，所有人在灾难过后全部存活，你是人们心中伟大的英雄，关于你的传说或许就要流传在雪山四周。,あなたは驚くべき奇跡を起こした。全員がこの災厄を生き残った。あなたは人々の偉大な英雄となり、この伝説は雪山の周辺に語り継がれていくことだろう。,,,,,,,,,,,,,,
RelicConfig_65410_Name,aJBv,z造物_RelicConfig_A.csv,332,RelicConfig,Name,,<OrangeQuality:救难勋章·黄金>,<OrangeQuality:救難勲章・ゴールド>,,,,,,,,,,,,,,
RelicConfig_65410_Desc,aJBu,z造物_RelicConfig_A.csv,332,RelicConfig,Desc,,"回合开始时，获得 [Arg1] 张<DerivativeCardKeywords_70:「人性光辉」>。
<D05EX_Relic:你拯救了大半的人，将人们原本悲剧的命运改写，你已经尽力了，不是吗？>",ターン開始時、<DerivativeCardKeywords_70:「人間性の輝き」>を[Arg1]枚獲得する。\n<D05EX_Relic:あなたは人々の大半を救い、本来なら悲劇で終わるはずだった運命を書き替えた。あなたは最善を尽くしたのではないか？>,,,,,,,,,,,,,,
RelicConfig_65410_BattleDesc,aJBt,z造物_RelicConfig_A.csv,332,RelicConfig,BattleDesc,,"回合开始时，获得 [Arg1] 张<DerivativeCardKeywords_70:「人性光辉」>。
<D05EX_Relic:你拯救了大半的人，将人们原本悲剧的命运改写，你已经尽力了，不是吗？>",ターン開始時、<DerivativeCardKeywords_70:「人間性の輝き」>を[Arg1]枚獲得する。\n<D05EX_Relic:あなたは人々の大半を救い、本来なら悲劇で終わるはずだった運命を書き替えた。あなたは最善を尽くしたのではないか？>,,,,,,,,,,,,,,
RelicConfig_65410_StoryDesc,aJBw,z造物_RelicConfig_A.csv,332,RelicConfig,StoryDesc,,你拯救了大半的人，将人们原本悲剧的命运改写，你已经尽力了，不是吗？,あなたは人々の大半を救い、本来なら悲劇で終わるはずだった運命を書き替えた。あなたは最善を尽くしたのではないか？,,,,,,,,,,,,,,
RelicConfig_78665_Desc,aJPu,z造物_RelicConfig_A.csv,580,RelicConfig,Desc,,回合开始时少抽 [Arg1] 张牌 。每打出 1 张实际算力消耗大于等于 [Arg2] 的牌获得 1 点算力，每回合最多触发 [Arg3] 次。,ターン開始時、ドロー枚数が[Arg1]毎少なくなる。行動力消費が[Arg2]以上のカードを1枚使用するたびに1点の行動力を獲得し、毎ターン最大[Arg3]回まで発動する。,,,,,,,,,,,,,,
Resonance_62160_Name_1,aKbe,g共鸣_Resonance_A_M.csv,202,Resonance,Name,,饥饿追猎,飢えた狩人,,,,,,,,,,,,,,
Resonance_62160_Desc_1,aKbd,g共鸣_Resonance_A_M.csv,202,Resonance,Desc,,"获得初始造物「科考团」：初始拥有 30 科考团人数。战斗开始时，将 5 张「猜疑」置入牌库中。「猜疑」：打出后将选择消耗不同的科考团人数，获得不同效果。
在探索的过程中，将不断地面临「猜疑」的抉择，科考团人员的损失，触发联络处有机会获得救援，最后安全撤离时根据剩余科考团人数获得「救难勋章」，撤离人数越多「救难勋章」越强大。",初期遺物「調査隊」を獲得：初期調査隊の人数30人。戦闘開始時、「疑念」5枚を山札に追加。「疑念」：使用後、消費する調査隊の人数を選択し、応じた効果を獲得。\n探索中の道中、絶えず「疑念」の選択を迫られ、調査隊員を失っていく。休憩所で救援を受ける機会があり、最終的に無事に撤退した際、生き残った調査隊の人数に応じて「救難勲章」を獲得する。退避できた人数が多いほど「救難勲章」は強力になる。,,,,,,,,,,,,,,
Resonance_62160_Story_1,aKbf,g共鸣_Resonance_A_M.csv,202,Resonance,Story,,黑暗中的山影如同择人而噬的巨口，你们被困在了雪山的胃袋中。,暗闇に浮かぶ山影は、まるで人を喰らう巨獣のように、音もなくあなたたちを呑み込んだ。,,,,,,,,,,,,,,
Resonance_62161_Name_1,aKbh,g共鸣_Resonance_A_M.csv,203,Resonance,Name,,步步为营,着実な歩み,,,,,,,,,,,,,,
Resonance_62161_Desc_1,aKbg,g共鸣_Resonance_A_M.csv,203,Resonance,Desc,,联络点将出现第二次选择「支援」，可以根据科考团人数获得奖励或寻找失散团员。,休憩所で2回目の「支援」選択が可能になり、調査隊の人数に応じて報酬を獲得するか、失われた隊員を探すことができる。,,,,,,,,,,,,,,
Resonance_62161_Story_1,aKbi,g共鸣_Resonance_A_M.csv,203,Resonance,Story,,在死亡的账单上精打细算吧，小心负债累累。,命の帳簿に記された負債には注意せよ。さもなくば、その重荷に押し潰される。,,,,,,,,,,,,,,
Resonance_62158_Desc_1,aKaX,g共鸣_Resonance_A_M.csv,204,Resonance,Desc,,「猜疑」新增选项：【全力配合】抽 2 张牌，获得 2 算力。清空所有唤醒体狂气，失去 15% 最大生命。\n你选择约束希洛，并使用唤醒体的力量全力保护团员。,「疑念」新オプション：【協力】カードを2枚引き、2点の行動力を獲得。すべての覚醒体が狂気を失い、最大ライフの15%を失う。\nヘロットを拘束し、覚醒体の力で調査隊員を守り抜く。,,,,,,,,,,,,,,
Resonance_62158_Story_1,aKaZ,g共鸣_Resonance_A_M.csv,204,Resonance,Story,,野兽的忠诚是一项无法证实的命题，只要那獠牙高悬一日，人们便一日不得安宁。,獣の忠誠心など、証明し得ない命題だ。その牙が頭上にある限り、人々に安らぎが訪れることはない。,,,,,,,,,,,,,,
Resonance_62159_Name_1,aKbb,g共鸣_Resonance_A_M.csv,205,Resonance,Name,,疑心暗鬼,疑心暗鬼,,,,,,,,,,,,,,
Resonance_62159_Story_1,aKbc,g共鸣_Resonance_A_M.csv,205,Resonance,Story,,重重疑团笼罩着紧绷的神经，怀疑的眼能看到虚幻的幽灵。,幾重もの疑念が張り詰めた神経を覆い、不安に満ちた眼差しは幻の亡霊を追う。,,,,,,,,,,,,,,
Resonance_62156_Name_1,aKaS,g共鸣_Resonance_A_M.csv,206,Resonance,Name,,危机备案,緊急対応,,,,,,,,,,,,,,
Resonance_62156_Desc_1,aKaR,g共鸣_Resonance_A_M.csv,206,Resonance,Desc,,若科考团人数小于等于 5，战斗开始时所有唤醒体获得 30 点狂气和 15% 暴击率。,調査隊の人数が5人以下の場合、戦闘開始時にすべての覚醒体が30狂気と15%のクリティカル率を獲得。,,,,,,,,,,,,,,
Resonance_62156_Story_1,aKaT,g共鸣_Resonance_A_M.csv,206,Resonance,Story,,你翻开调查员危机应对手册，写下第26条突发情况备案。,あなたは調査隊危機対応手引きを開き、第26条の緊急事態対処法を書き留めた。,,,,,,,,,,,,,,
Resonance_62157_Name_1,aKaV,g共鸣_Resonance_A_M.csv,207,Resonance,Name,,团结绳索,命綱,,,,,,,,,,,,,,
Resonance_62157_Story_1,aKaW,g共鸣_Resonance_A_M.csv,207,Resonance,Story,,将绳索绑在腰上吧，所有人的生命紧紧相连，如同羊群紧紧相依。,腰に縄を巻け。羊の群れが身を寄せ合うように、皆の命を固く結びつけるんだ。,,,,,,,,,,,,,,
Resonance_62154_Desc_1,aKaL,g共鸣_Resonance_A_M.csv,208,Resonance,Desc,,联络点处支援增加选项：失去 10 名科考团员，选择获得一个黄金+造物。,休憩所で支援オプションが追加：10名の調査隊員を失い、高級遺物を1つ選択。,,,,,,,,,,,,,,
Resonance_62154_Story_1,aKaN,g共鸣_Resonance_A_M.csv,208,Resonance,Story,,"牺牲一些，保护更多。
你会如何配比生命的天平？",いくつかの命を犠牲にして、より多くの命を守る。\nあなたは命をどう天秤にかけるのか？,,,,,,,,,,,,,,
Resonance_62155_Desc_1,aKaO,g共鸣_Resonance_A_M.csv,209,Resonance,Desc,,灯塔增加效果：补充 3 名科考团员。,サーチライトの効果追加：調査隊員を3名補充する。,,,,,,,,,,,,,,
Resonance_62155_Story_1,aKaQ,g共鸣_Resonance_A_M.csv,209,Resonance,Story,,黑夜中有安全的灯火远远闪烁，人们化为趋光的飞蛾。,闇の中、遠くで灯りが揺れる。人々は蛾のようにそこへ引き寄せられていく。,,,,,,,,,,,,,,
Resonance_62152_Desc_1,aKaF,g共鸣_Resonance_A_M.csv,210,Resonance,Desc,,精英战结束后若科考团成员大于 20 名，额外选择 1 次造物奖励，否则补充 5 名团员。,精鋭戦終了後、調査隊メンバーが20人以上なら、追加で遺物を1つ選択できる。それ以外の場合は、5名の調査隊員を補充する。,,,,,,,,,,,,,,
Resonance_62152_Story_1,aKaH,g共鸣_Resonance_A_M.csv,210,Resonance,Story,,"越是怀疑，越是清醒。
你的双眼已看破一切。",疑えば疑うほど、物事は鮮明に浮かび上がる。\n今や、あなたの目はすべてを見通している。,,,,,,,,,,,,,,
Resonance_62153_Desc_1,aKaI,g共鸣_Resonance_A_M.csv,211,Resonance,Desc,,科考团初始人数+5。,調査隊の初期人数+5。,,,,,,,,,,,,,,
Resonance_62153_Story_1,aKaK,g共鸣_Resonance_A_M.csv,211,Resonance,Story,,一双双手交叠在一起，共同合成脆弱的决心。,二つの手が重なり合い、脆さを抱えた決意を結ぶ。,,,,,,,,,,,,,,
Resonance_62162_Desc_1,aKbj,g共鸣_Resonance_A_M.csv,212,Resonance,Desc,,「救难勋章」每回合额外获得 1 张「人性光辉」，「独行者之徽」获得的力量翻倍。,「救難勲章」で毎ターン「人間性の輝き」を1枚獲得。「孤独者の徽章」は獲得する力が2倍になる。,,,,,,,,,,,,,,
Resonance_62162_Story_1,aKbl,g共鸣_Resonance_A_M.csv,212,Resonance,Story,,"在死亡面前，生命的本真重新苏醒。
一切过往消散，灰色的心灵也变得真诚。",死を前に、命の神髄が再び目覚める。過去はすべて消え、灰色の心さえも誠実なものへと変わる。,,,,,,,,,,,,,,
Resonance_74079_Desc_1,aKbT,g共鸣_Resonance_A_M.csv,219,Resonance,Desc,,在「尚未流失的意识」事件处，将 「备用脑缸」洗入牌库。打出非消耗指令卡时若「备用脑缸」中没有此卡牌，会将其消耗复制置入「备用脑缸」，每回合最多生效 1 次。,事件【未だ消えぬ意識】で、「予備の脳缶」をデッキに加える。非除外の指令カードを使用後、「予備の脳缶」にそのカードがない場合、「除外」が付与されたコピーを「予備の脳缶」に置く。毎ターン最大1回のみ発動。,,,,,,,,,,,,,,
Resonance_74079_Story_1,aKbV,g共鸣_Resonance_A_M.csv,219,Resonance,Story,,熔毁·朵尔从不清点她的脑缸。\n「没有必要，」熔毁·朵尔将电极刺入新鲜的脑子，冰冷的双眼紧盯着抽搐的皮层，「有些东西，只有落在天才手中才是无价的宝物，落在庸人手中只是廉价的脂肪和蛋白质。」,溶融・ドールは一度たりとも彼女の脳缶を数えたことがない。\n「そんなもの、数える必要ないわ」\n溶融・ドールは新鮮な脳に電極を突き刺し、痙攣する皮質を冷ややかな目で見つめた。「宝というものは、天才の手に渡ってこそ価値を持つの。凡人の手に渡れば、ただの安っぽい脂肪とたんぱく質でしかないのよ」,,,,,,,,,,,,,,
Resonance_74080_Name_1,aKbX,g共鸣_Resonance_A_M.csv,220,Resonance,Name,,精密存储,精密な記憶,,,,,,,,,,,,,,
Resonance_74080_Desc_1,aKbW,g共鸣_Resonance_A_M.csv,220,Resonance,Desc,,备用脑缸每场战斗首次打出时算力消耗为 0。,戦闘で初めて使用する「予備の脳缶」は、行動力消費が0になる。,,,,,,,,,,,,,,
Resonance_74080_Story_1,aKbY,g共鸣_Resonance_A_M.csv,220,Resonance,Story,,你在讽刺我吗？\n难以分辨成分的污垢如同病态的血液，将脑缸的玻璃染成一片斑驳腐朽的乌黑，其内容物令人不安却又有着奇异的吸引力。\n褪色的标签布满了暗色的污点，黯淡的笔迹暗示着可疑的内容——关于囚禁、野心和死亡。,私を皮肉っているのかしら？\n正体不明の汚れは、まるで病んだ血液のように脳缶のガラスを侵食し、斑に腐敗した漆黒へと染め上げている。その中身は不安を煽る一方で、奇妙な魅力を放っていた。 \n色褪せたラベルには暗い染みが広がり、くすんだ筆跡は監禁、野心、死といった不穏な言葉を仄めかしている。,,,,,,,,,,,,,,
Resonance_74078_Desc_1,aKbQ,g共鸣_Resonance_A_M.csv,221,Resonance,Desc,,备用脑缸获得「固有」。,「予備の脳缶」は「固有」を獲得。,,,,,,,,,,,,,,
Resonance_74078_Story_1,aKbS,g共鸣_Resonance_A_M.csv,221,Resonance,Story,,宇宙中有许多种规划优先级的方式。\n熔毁·朵尔选择优先毁灭那些充盈希望的维度。因为希望是最诱人的毒药，令人深陷于极夜般漫长的痛苦。,宇宙には、優先順位を決める方法が数多く存在する。\n溶融・ドールは、希望に満ちた次元を優先的に破壊することを選んだ。なぜなら、希望とは最も魅惑的な毒であり、人を極夜のように長い苦痛の底へと引きずり込むからだ。,,,,,,,,,,,,,,
Resonance_74076_Desc_1,aKbK,g共鸣_Resonance_A_M.csv,222,Resonance,Desc,,在「尚未流失的意识」事件中选择加入备用脑缸后，还可以将最多 2 张指令卡删除，将他们加入备用脑缸。,事件【未だ消えぬ意識】で、「脳缶に収める」を選択後、最大2枚の指令カードを削除し、それらを「予備の脳缶」に加えることができる。,,,,,,,,,,,,,,
Resonance_74077_Desc_1,aKbN,g共鸣_Resonance_A_M.csv,223,Resonance,Desc,,战斗开始时将 1 张「灵感」置入备用脑缸。,戦闘開始時、「啓示」を1枚「予備の脳缶」に置く。,,,,,,,,,,,,,,
Resonance_74077_Story_1,aKbP,g共鸣_Resonance_A_M.csv,223,Resonance,Story,,有些渣滓的灰烬只是污染，不必加入银芯熔炼的火堆。,一部の灰はただの不純物にすぎず、シルバーコアの精錬炉に投入する必要はない。,,,,,,,,,,,,,,
Resonance_74074_Story_1,aKbG,g共鸣_Resonance_A_M.csv,224,Resonance,Story,,熔毁·朵尔的实验室布置得毫无特色，她停留在实验室中的时间也不多。\n她总是穿梭在各个亟待毁灭的维度之间，行动悄无声息，像穿着死神长袍的幽灵。\n当实验室能够监控到的维度越来越多，她的行动也愈发频繁。\n这里的空间太过狭小了，把隔壁也改造成实验室的一部分吧。别担心，那里早就没有居住者了。,溶融・ドールの実験室にはこれといった特徴がなく、彼女自身も長く留まることはほとんどない。\n彼女は常に破壊を待つ次元の間を行き来しており、その行動は静かで、死神のローブを纏った亡霊のようだ。\n実験室で観測可能な次元が増えるにつれ、彼女の行動もますます頻繁になっていく。\nここの空間はあまりにも狭い。隣の一部も実験室に改造しよう。心配はいらない。あそこにはもう、住民はいないのだから。,,,,,,,,,,,,,,
Resonance_74075_Name_1,aKbI,g共鸣_Resonance_A_M.csv,225,Resonance,Name,,意识匹配,意識の適合,,,,,,,,,,,,,,
Resonance_74075_Desc_1,aKbH,g共鸣_Resonance_A_M.csv,225,Resonance,Desc,,所有唤醒体专属造物出现率提高 100%。,すべての覚醒体の専用遺物の出現率が100%増加。,,,,,,,,,,,,,,
Resonance_74075_Story_1,aKbJ,g共鸣_Resonance_A_M.csv,225,Resonance,Story,,熔毁·朵尔对维度空间的造物已有所了解。唤醒意识的风险之一是异常的躯体支配能力，那是错位匹配的一种，它是所有熔炼效率降低的罪魁祸首。\n意识匹配流程需要消耗三个工作日以上的时间，但这样做是值得的。,溶融・ドールは、次元空間の遺物について理解を深めている。意識を覚醒させる際のリスクの一つが、異常な身体支配能力だ。これは一種の不整合であり、あらゆる溶解効率を低下させる元凶となる。\n意識の適合プロセスには三日以上を要するが、それに見合うだけの価値はある。,,,,,,,,,,,,,,
Resonance_74073_Story_1,aKbD,g共鸣_Resonance_A_M.csv,226,Resonance,Story,,废弃的人偶小山一样堆放在实验室角落。\n它们的四肢无力地垂下，形成肢体的密网，在网格的孔隙间透出粉色的长发，每一个 人偶都长着朵尔的脸。,実験室には、廃棄された人形が山のように積み重ねられていた。\n力なく垂れ下がった手足は網の目のように絡み合い、その隙間からは桃色の長い髪が覗いている。そのどれもか、ドールと同じ顔をしていた。,,,,,,,,,,,,,,
Resonance_74072_Desc_1,aKby,g共鸣_Resonance_A_M.csv,227,Resonance,Desc,,回合结束时，「备用脑缸」中算力消耗最高的卡牌算力消耗降低 2 点。,ターン終了時に、「予備の脳缶」の中の行動力消費が最も高い3枚のカードの行動力消費が1減少する。,,,,,,,,,,,,,,
Resonance_74072_Story_1,aKbA,g共鸣_Resonance_A_M.csv,227,Resonance,Story,,监测守密人的活动轨迹，朵尔拍了拍温柯尔的肩膀，没有守密人的世界就无需投入太多精力了，它们会自行迈入毁灭的。,守秘者の動向を監視しながら、ドールはウインクルの肩を軽く叩いた。守秘者の存在しない世界に、これ以上干渉する必要はない。いずれ彼らは、自ら滅びへ向かうのだから。,,,,,,,,,,,,,,
Resonance_74082_Desc_1,aKcc,g共鸣_Resonance_A_M.csv,228,Resonance,Desc,,首领战中将一张拥有「消耗」的「狂乱熔毁」置入备用脑缸：算力 5，所有唤醒体获得 50 点狂气，虚弱和易伤所有敌人 2 回合。,ボス戦で、「除外」が付与された「メルトダウン」を「予備の脳缶」に置く。「メルトダウン」：行動力消費5。すべての覚醒体が50狂気を獲得し、すべての敵に2点の「虚弱」と「易傷」を付与する。,,,,,,,,,,,,,,
Resonance_74081_Desc_1,aKbZ,g共鸣_Resonance_A_M.csv,229,Resonance,Desc,,备用脑缸获得预备 1，且打出后回到手中。,「予備の脳缶」は「準備1」を獲得し、使用後に手札に戻る。,,,,,,,,,,,,,,
Resonance_74081_Story_1,aKcb,g共鸣_Resonance_A_M.csv,229,Resonance,Story,,人偶的关节在跳舞。\n舒展的，紧绷的，悠扬的，颓丧的。僵硬的表情凝固在人偶的脸上，人偶只能以扭曲的舞姿倾吐内心的情感。,人形の関節が踊る。\nしなやかに、張り詰めるように、優雅に、そして虚ろに。顔には硬直した表情が張り付き、人形は歪んだ舞によってしか、心の内を語ることができない。,,,,,,,,,,,,,,
Resonance_79421_Name_1,bqXb,g共鸣_Resonance_A_M.csv,231,Resonance,Name,,生命仪式,命の儀式,,,,,,,,,,,,,,
Resonance_79421_Desc_1,bqXa,g共鸣_Resonance_A_M.csv,231,Resonance,Desc,,在「生命的蜕变」事件处，选择一名唤醒体转化为「虫族」。\n「虫族」的狂气回充和银钥充能提高 25%，所有非衍生指令卡算力消耗 -1，但打出后会消耗。,事件「生命の変容」で、覚醒体1体を選択し「虫族」に変化させる。\n「虫族」：狂気増加とキーチャージが25%増加する。すべての非派生指令カードの行動力消費-1、ただし使用後に除外する。,,,,,,,,,,,,,,
Resonance_79421_Story_1,bqXc,g共鸣_Resonance_A_M.csv,231,Resonance,Story,,脆弱是人类的定义，死亡是人类的结局。\n但你有机会改变这一切——\n嘶鸣吧！蜕变吧！在这个不可名状的残酷世界，生存总要付出代价。,「脆さ」こそが人間を定義し、「死」は人間の行き着く結末だ。\nしかし、あなたにはこのすべてを覆す機会がある——\n声を上げよ！変貌せよ！言葉では言い尽くせぬほど残酷なこの世界において、生き残るためには常に代償を払わねばならない。,,,,,,,,,,,,,,
Resonance_79422_Name_1,bqXe,g共鸣_Resonance_A_M.csv,232,Resonance,Name,,虫巢共鸣,虫巣の共鳴,,,,,,,,,,,,,,
Resonance_79422_Desc_1,bqXd,g共鸣_Resonance_A_M.csv,232,Resonance,Desc,,每当其它唤醒体打出「打击」或「防御」时，将一张「虫族」的对应卡牌置入手中，每回合最多生效 1 次。,他の覚醒体が「攻撃」または「防御」を使用するたび、「虫族」の対応するカードを1枚手札に追加する。毎ターン1回まで発動。,,,,,,,,,,,,,,
Resonance_79422_Story_1,bqXf,g共鸣_Resonance_A_M.csv,232,Resonance,Story,,听到那些嘶鸣了吗？那是虫巢对于新生成员的回应。\n无论需要跨越多少维度，我们都与所有同族的意志，永远链接，永恒共存。,あの嘶きが聞こえるか？それは虫巣が新たな仲間へと送る応答だ。\nどれほど多くの次元を越えようとも、我々はすべての同胞の意志と繋がり、永遠に共存し続ける。,,,,,,,,,,,,,,
Resonance_79420_Name_1,bqWY,g共鸣_Resonance_A_M.csv,233,Resonance,Name,,认知渗透,認知の浸透,,,,,,,,,,,,,,
Resonance_79420_Desc_1,bqWX,g共鸣_Resonance_A_M.csv,233,Resonance,Desc,,「虫族」打出卡牌后所有唤醒体获得 2 点狂气。,「虫族」がカードを使用した後、すべての覚醒体は 2狂気を獲得する。,,,,,,,,,,,,,,
Resonance_79420_Story_1,bqWZ,g共鸣_Resonance_A_M.csv,233,Resonance,Story,,人类会本能模仿同伴的行为，这是他们作为智人的底层设计。\n而我们，当然是他们的「同伴」——\n当蜕去人类的皮囊，只留下赤裸的意识，谁又分得清自己到底属于什么？,人間は本能的に仲間の行動を模倣する。それはホモ・サピエンスとしての本質だ。\nそして我々もまた、当然ながら彼らの「仲間」である——\n人間という皮を脱ぎ捨て、剥き出しの意識だけが残されたとき、いったい誰が、自らの帰属を識別できるだろうか？,,,,,,,,,,,,,,
Resonance_79426_Desc_1,bqXp,g共鸣_Resonance_A_M.csv,234,Resonance,Desc,,「虫族」的属性得到增强，狂气回充和银钥充能提高为 35%。,「虫族」の能力が強化され、狂気増加とキーチャージが35%に増加する。,,,,,,,,,,,,,,
Resonance_79426_Story_1,bqXt,g共鸣_Resonance_A_M.csv,234,Resonance,Story,,直面死亡与虚无，会获得生命的升华。你却不必如此。\n宇宙中数万同族振翅的嗡鸣，就是你力量的来源。\n你的存在本身，便是生命的超越。,死と虚無に直面することで、生命は昇華する。だが、あなたにその必要はない。\n宇宙に広がる数万の同胞が羽ばたく音こそ、あなたの力の源だ。\nあなたの存在そのものが、すでに生命の超越なのだ。,,,,,,,,,,,,,,
Resonance_79426_Desc_2,bqXq,g共鸣_Resonance_A_M.csv,235,Resonance,Desc,,「虫族」的属性得到增强，狂气回充和银钥充能提高为 50%。,「虫族」の能力が強化され、狂気増加とキーチャージが50%増加する。,,,,,,,,,,,,,,
Resonance_79423_Name_1,bqXh,g共鸣_Resonance_A_M.csv,236,Resonance,Name,,人格伪装,人格の仮面,,,,,,,,,,,,,,
Resonance_79423_Desc_1,bqXg,g共鸣_Resonance_A_M.csv,236,Resonance,Desc,,手牌上限和造物上限+1。,手札の上限と遺物の上限+1。,,,,,,,,,,,,,,
Resonance_79423_Story_1,bqXi,g共鸣_Resonance_A_M.csv,236,Resonance,Story,,"人类的心理与行为同样是一门可以归纳、推演的学科。
瞧，只要将一切成为人所需要的知识尽数掌握，一张毫无破绽的人皮便已经塑成。","人間の心理と行動もまた、帰納や演算によって解析可能な学問だ。
ほら、人間として必要な知識をすべて習得すれば、すでに隙のない人間の仮面は完成している。",,,,,,,,,,,,,,
Resonance_79424_Desc_1,bqXj,g共鸣_Resonance_A_M.csv,237,Resonance,Desc,,每当「虫族」以外的唤醒体释放狂气爆发后，随机将一张「虫族」的「技能卡」置入手中，每回合最多生效 1 次。,「虫族」以外の覚醒体が狂気解放を発動するたび、「虫族」のランダムな「スキルカード」を1枚手札に追加する。毎ターン1回まで発動。,,,,,,,,,,,,,,
Resonance_79424_Story_1,bqXl,g共鸣_Resonance_A_M.csv,237,Resonance,Story,,「啊，我闻到了，痛苦的甜美气息。\n感谢你奉上的绝望记忆，我会尽量慢慢地、慢慢地充分品尝。」,「ああ、感じます。苦痛の甘い香りを。\nあなたが捧げてくれた絶望の記憶に感謝します。私はそれを、できるだけゆっくりと、じっくり味わいましょう」,,,,,,,,,,,,,,
Resonance_79425_Desc_1,bqXm,g共鸣_Resonance_A_M.csv,238,Resonance,Desc,,每当「虫族」释放狂气爆发后，其他唤醒体获得 10 点狂气。,「虫族」が狂気解放を発動するたび、他の覚醒体は10狂気を獲得。,,,,,,,,,,,,,,
Resonance_79425_Story_1,bqXo,g共鸣_Resonance_A_M.csv,238,Resonance,Story,,最开始，只是轻微不适。毕竟刚植入的幼虫还不足以影响整个宿主。\n但很快，痛苦和绝望就会化为养料，催化它的成长，就此，整个脑沟都是它的游乐场。\n不必惊讶自己的言不由衷、行不由心，那只是它终于成熟。,最初は、ほんのわずかな違和感にすぎなかった。何しろ、植えつけられたばかりの幼虫では、宿主に影響を及ぼすには至らなかったのだ。\nしかし間もなく、苦痛と絶望はその糧となり、成長を促す。やがて脳の隅々までが、その遊び場となるのだ。自分の言動が本心とかけ離れていることに、驚く必要はない。それはただ、「それ」がついに成熟したというだけのことなのだから。,,,,,,,,,,,,,,
Resonance_79418_Name_1,bqWV,g共鸣_Resonance_A_M.csv,239,Resonance,Name,,合一体验,一体感,,,,,,,,,,,,,,
Resonance_79418_Desc_1,bqWU,g共鸣_Resonance_A_M.csv,239,Resonance,Desc,,「虫族」的专属造物出现率提高 300%。,「虫族」の専用遺物の出現率が300%増加。,,,,,,,,,,,,,,
Resonance_79418_Story_1,bqWW,g共鸣_Resonance_A_M.csv,239,Resonance,Story,,「从现在起，你将超越个体的界限，与宇宙无限的灵性共鸣。\n那些虫鸣和振翅声吗？不必太在意，这只是人脑因机能有限产生的耳鸣罢了。」,「今から、あなたは個人の限界を超え、宇宙に広がる無限の精神と共鳴することになります。\nあの虫の声や羽音ですか？気にする必要はありません。それは、人間の脳機能の限界によって生じる、耳鳴りにすぎませんから」,,,,,,,,,,,,,,
Resonance_81025_Name_1,bsAY,g共鸣_Resonance_A_M.csv,240,Resonance,Name,,躯壳畸变,外殻の変形,,,,,,,,,,,,,,
Resonance_81025_Desc_1,bsAX,g共鸣_Resonance_A_M.csv,240,Resonance,Desc,,「虫族」的「防御」获得最大生命 1% 的临时戒备，每回合最多生效 2 次。,「虫族」の「防御」は最大ライフの1%の一時的な警戒を獲得する。毎ターン2回まで発動。,,,,,,,,,,,,,,
Resonance_81025_Story_1,bsAZ,g共鸣_Resonance_A_M.csv,240,Resonance,Story,,想要了解宇宙的真实，必须超脱人类的限制。\n这个想法突兀地出现在脑中，被奉为真理。因此你忽略了——\n忽略了不断增生的复眼、触角、甲壳，直到彻底畸变。,宇宙の真実を知るには、人間の限界を超える必要がある。\nそんな考えが突如として脳裏に浮かび、それを真理として崇めてしまった。それゆえ、あなたは見落としていたのだ——\n増殖し続ける複眼を、触角を、甲殻を。自らが完全な異形へと変わり果てる、その瞬間まで。,,,,,,,,,,,,,,
Resonance_81024_Desc_1,bsAU,g共鸣_Resonance_A_M.csv,241,Resonance,Desc,,「虫族」的「打击」获得最大生命 4% 的临时力量，每回合最多生效 2 次。,「虫族」の「攻撃」は最大ライフの4%の一時的な力を獲得する。毎ターン2回まで発動。,,,,,,,,,,,,,,
Resonance_81024_Story_1,bsAW,g共鸣_Resonance_A_M.csv,241,Resonance,Story,,精神剥削，从心理学层面，它们的行为可以这样概括。\n但真正的残酷，无法定义。\n疯狂与死亡，只是这过程中最微不足道的副产物。,精神的搾取——心理学的観点から言えば、彼らの行動はこの一語に要約できる。\nだが、真の残酷さとは、そのような言葉で定義できるものではない。\n狂気も死も、この過程においては、最も取るに足らない副産物にすぎないのだから。,,,,,,,,,,,,,,
Resonance_81023_Name_1,bsAS,g共鸣_Resonance_A_M.csv,242,Resonance,Name,,痊愈新生,回復と新生,,,,,,,,,,,,,,
Resonance_81023_Desc_1,bsAR,g共鸣_Resonance_A_M.csv,242,Resonance,Desc,,在首领战中，打出 20 张「虫族」非衍生指令卡后，将一张「巢群意志」置入手中。\n「巢群意志」：将所有手牌弃掉，更换为「虫族」的随机指令卡。「虫族」每回合能够释放 2 次狂气爆发。,ボス線で、「虫族」の非派生指令カードを20枚使用した後、「巣の意思」を手札に追加する。\n「巣の意思」：手札をすべて捨て、「虫族」のランダムな指令カードに置き換える。「虫族」は毎ターンで狂気解放を2回発動可能。,,,,,,,,,,,,,,
Resonance_81023_Story_1,bsAT,g共鸣_Resonance_A_M.csv,242,Resonance,Story,,「恭喜你，已经痊愈。」\n温柔的声音回响在你头顶，伴奏是你亵渎的嘶鸣与振翅声。\n「现在，享受你全新的身体，享受这无与伦比的……新生。」,「おめでとうございます、もう完治しましたよ」\n優しい声が頭上で響き渡る。あなたの冒涜的な鳴き声と羽音が、その言葉に不気味な伴奏を添えていた。\n「さあ、この新しい体を存分に味わってください。この上ない新生を……心ゆくまで、満喫してください」,,,,,,,,,,,,,,
Resonance_90557_Desc_1,byXd,g共鸣_Resonance_A_M.csv,244,Resonance,Desc,,在「宴前仪礼」事件处，将 1 张「祭灵夜特调」置入牌库。\n打出「祭灵夜特调」后，将 1 种材料置入其中，使其在本场战斗中永久获得特定效果！,事件「宴前の儀礼」で、「祭霊夜の特製ブレンド」を1枚デッキに加える。\n「祭霊夜の特製ブレンド」：使用後、素材を1つ選択して入れ、この戦闘中、その効果を永続的に付与する。,,,,,,,,,,,,,,
Resonance_90557_Story_1,byXf,g共鸣_Resonance_A_M.csv,244,Resonance,Story,,食尸鬼侍者向你鞠躬致意。精致的餐盘上，颅骨杯盏空洞的眼睛望向你，鲜红的液体在杯中泛起优雅的波纹。\n收下它吧。这是食尸鬼之王的赠礼，这是你身为宾客的权利。\n你当然不会拒绝它的，对吗？,グールの給仕が、あなたに恭しく頭を下げる。精巧な皿の上では、杯と化した頭蓋骨の虚ろな眼窩が、あなたを見つめていた。その杯の中では、鮮紅色の液体が優雅な波紋を描いている。どうぞ、お受け取りください。これはグールの王からの贈り物——ゲストであるあなたに与えられた権利なのです。もちろん、お断りにはならないでしょう？,,,,,,,,,,,,,,
Resonance_90560_Name_1,byXn,g共鸣_Resonance_A_M.csv,245,Resonance,Name,,轻嗅,ノージング,,,,,,,,,,,,,,
Resonance_90560_Desc_1,byXm,g共鸣_Resonance_A_M.csv,245,Resonance,Desc,,「祭灵夜特调」获得「固有」和「保留」。,「祭霊夜の特別ブレンド」は「固有」と「保持」を獲得。,,,,,,,,,,,,,,
Resonance_90560_Story_1,byXo,g共鸣_Resonance_A_M.csv,245,Resonance,Story,,没错，不必急于饮下它。\n俯下身，将鼻尖贴近颅骨光滑的杯沿。让你的每一次呼吸，都沉浸在那浓烈复杂的芬芳里。\n等待，是对一杯佳酿最好的赞颂。,そう、急いで飲み干す必要はありません。身を屈め、鼻先を頭蓋骨の杯の滑らかな縁に近づけてください。息を吸うたびに、その濃厚で複雑な香りを感じてください。待つことこそが、佳酒に捧げる最上の賛辞なのです。,,,,,,,,,,,,,,
Resonance_90559_Name_1,byXk,g共鸣_Resonance_A_M.csv,246,Resonance,Name,,浅酌,テイスティング,,,,,,,,,,,,,,
Resonance_90559_Desc_1,byXj,g共鸣_Resonance_A_M.csv,246,Resonance,Desc,,「祭灵夜特调」算力消耗降低 1。,「祭霊夜の特製ブレンド」の行動力消費が1減少する。,,,,,,,,,,,,,,
Resonance_90559_Story_1,byXl,g共鸣_Resonance_A_M.csv,246,Resonance,Story,,锋利而清晰的铁腥味，被醇厚的甜意包裹，如同浸透了蜜糖的腐败花瓣，在你的口中融化。\n在你想要扔下杯盏之前，你尝试了第二口，第三口……\n你熟悉了那种独特的味道。你与那种味道融为一体。\n你再也无法离开它。,鋭く鮮明な鉄の味が、濃厚な甘みに包まれ、まるで蜂蜜に浸した腐敗した花びらのように、口の中で溶けていく。\n杯を投げ捨てようとしたときにはもう、二口目、三口目を口へと運んでいる……\nその独特な味わいに、あなたは次第に慣れていく。そして、その味そのものと一体化していく。\nもはや、この味から離れることはできない。,,,,,,,,,,,,,,
Resonance_90562_Name_1,byXt,g共鸣_Resonance_A_M.csv,247,Resonance,Name,,墓园的欢歌,墓地の祝祭歌,,,,,,,,,,,,,,
Resonance_90562_Desc_1,byXs,g共鸣_Resonance_A_M.csv,247,Resonance,Desc,,首次击杀或击破敌人，抽 1 张「祭灵夜特调」。,初めて敵を撃破した後、「祭霊夜の特製ブレンド」を1枚引く。,,,,,,,,,,,,,,
Resonance_90562_Story_1,byXu,g共鸣_Resonance_A_M.csv,247,Resonance,Story,,鲜血从墓碑上涌出，盛满你手中的酒杯。\n当敌人的尸体被送入棺椁，整座墓园都在为你欢歌。,墓石から鮮血が湧き出し、あなたの手にした杯を満たす。敵の遺体が棺に納められると、墓地は喜びの歌を響かせた。,,,,,,,,,,,,,,
Resonance_90556_Desc_1,byXa,g共鸣_Resonance_A_M.csv,248,Resonance,Desc,,手牌上限+1，每回合额外抽 1 张牌。,手札の上限+1．毎ターン追加でカードを1枚引く。,,,,,,,,,,,,,,
Resonance_90556_Story_1,byXc,g共鸣_Resonance_A_M.csv,248,Resonance,Story,,你看见坟墓在旋转。你看见月亮在舞蹈。你看见鲜血汇成河流，你与所有的尸体一同栽倒，随着醉意的浪涛，飘向那无尽的欢愉之地。,墓が回転するのを見る。月が躍るのを見る。血が川となって流れ出すのを見る。やがてあなたはすべての死体と共に倒れ、酩酊の波に乗って、果てなき歓楽の地へと漂う。,,,,,,,,,,,,,,
Resonance_90564_Name_1,byXz,g共鸣_Resonance_A_M.csv,249,Resonance,Name,,鲜血荆棘,血の茨,,,,,,,,,,,,,,
Resonance_90564_Desc_1,byXy,g共鸣_Resonance_A_M.csv,249,Resonance,Desc,,「祭灵夜特调」初始暴击率和暴击伤害提高 10%。,「祭霊夜の特製ブレンド」の初期クリティカル率とクリティカルダメージが10%増加。,,,,,,,,,,,,,,
Resonance_90564_Story_1,byXA,g共鸣_Resonance_A_M.csv,249,Resonance,Story,,锈迹斑驳的青铜箭簇与灼热的岩浆一同刺向你的味蕾，你的舌头被洞穿、融化、重塑。\n食尸鬼之王将鲜血荆棘的汁液倾入你的杯中。品尝吧，品尝痛楚。\n在味觉美学的大厦中，痛楚是最重要的支柱。,錆びた青銅の矢じりが、灼熱の溶岩とともにあなたの味覚を突き刺す。舌は貫かれ、溶かされ、再び形成される。\nグールの王が、血の茨の汁をあなたの杯に注ぐ。味わうのです、その苦痛を。\n味覚の美学という大いなる建造物において、苦痛こそが最も重要な支柱なのです。,,,,,,,,,,,,,,
Resonance_90558_Name_1,byXh,g共鸣_Resonance_A_M.csv,250,Resonance,Name,,猩红果实,深紅の果実,,,,,,,,,,,,,,
Resonance_90558_Desc_1,byXg,g共鸣_Resonance_A_M.csv,250,Resonance,Desc,,每场战斗结束后，最大生命提高 5%。,戦闘が終了するたび、最大ライフが5%増加する。,,,,,,,,,,,,,,
Resonance_90558_Story_1,byXi,g共鸣_Resonance_A_M.csv,250,Resonance,Story,,紧致的那颗是眼球。坚硬的那块是指骨。柔软的那块是嘴唇……\n你一一品尝杯中的血块。想象着他们曾经鲜活的模样。\n在这想象里，你们融为一体。,張りがあるものは眼球。硬いものは指の骨。柔らかいものは唇……\nあなたは杯の中の血塊を一つひとつ味わいながら、かつて彼らが生き生きとしていた姿を思い描く。\nその想像の中で、あなたたちは一つになる。,,,,,,,,,,,,,,
Resonance_90561_Name_1,byXq,g共鸣_Resonance_A_M.csv,251,Resonance,Name,,多重调和,複合フレンド,,,,,,,,,,,,,,
Resonance_90561_Desc_1,byXp,g共鸣_Resonance_A_M.csv,251,Resonance,Desc,,「祭灵夜特调」在首领战中，调和次数提高 1。,ボス戦で、「祭霊夜の特製ブレンド」のブレンド回数が1回増加する。,,,,,,,,,,,,,,
Resonance_90561_Story_1,byXr,g共鸣_Resonance_A_M.csv,251,Resonance,Story,,味觉的叠加不一定会让一杯饮品变得更好，但在真正尝试之前，没有人知道它会是什么样的味道。\n食尸鬼之王在你耳边低语。试试吧，朋友。一个崭新的味道，就是一个崭新的世界。,味を重ね合わせたからといって、必ずしも飲み物がより美味しくなるわけではない。だが、実際に試してみなければ、どんな味になるのか誰にも分からない。\nグールの王があなたの耳元で囁く。「試してごらんなさい、友よ。新しい味とは、すなわち新しい世界そのものなのです」,,,,,,,,,,,,,,
Resonance_90555_Name_1,byWY,g共鸣_Resonance_A_M.csv,252,Resonance,Name,,幽魂赠礼,亡霊の贈り物,,,,,,,,,,,,,,
Resonance_90555_Desc_1,byWX,g共鸣_Resonance_A_M.csv,252,Resonance,Desc,,进入探索后死亡抵抗变为初始值的 150%。每次触发死亡抵抗，抽 1 张「祭灵夜特调」。,探索開始後、死亡抵抗が初期値の150%になる。死亡抵抗が発動するたび、「祭霊夜の特製ブレンド」を1枚引く。,,,,,,,,,,,,,,
Resonance_90555_Story_1,byWZ,g共鸣_Resonance_A_M.csv,252,Resonance,Story,,见底的杯中，你看见你自己的倒影，看见亡者的幽魂。\n它们欢呼，舞蹈，向你垂首致哀，为你高歌欢笑。\n它们为你斟满杯中血，列队迎接，迎接你成为它们的一员。,空になった杯の底に、あなたは自分の姿と死者の亡霊を見る。\n彼らは歓声を上げ、踊り、あなたに頭を垂れて哀悼の意を表し、笑いながら歌う。\n彼らは杯に血を注ぎ、列をなしてあなたを迎え入れる。あなたが彼らの仲間となることを歓迎しているのだ。,,,,,,,,,,,,,,
Resonance_90563_Desc_1,byXv,g共鸣_Resonance_A_M.csv,253,Resonance,Desc,,「祭灵夜特调」在首领战中调和次数提高 1，且若当回合没有打出［祭灵夜特调］，下回合开始时进行 1 次「调和」。,ボス戦で、「祭霊夜の特製ブレンド」のブレンド回数が1回増加する。そのターンに「祭霊夜の特製ブレンド」を使用しなかった場合、次のターン開始時に「ブレンド」を1回行う。,,,,,,,,,,,,,,
Resonance_90563_Story_1,byXx,g共鸣_Resonance_A_M.csv,253,Resonance,Story,,一盏幽暗的熔炉在胃里点燃。一道至纯的光芒在灵魂深处亮起。甜美与暴烈，芬芳与腐朽，创造与毁灭……\n所有的味道都被倾入杯中，世界在你舌尖厮杀，在你体内对立、统一。你在这味觉里死去又重生。\n食尸鬼之王满意地看着你。现在，你终于明悟了关于欢愉的一切秘密。,胃の奥で、薄暗い炉が燃え上がる。魂の奥底では、純粋な光が灯る。甘美と激情、芳香と腐敗、創造と破壊……\nあらゆる味が杯に注がれ、世界はあなたの舌先でぶつかり合い、体内で対立し、そして融合していく。あなたはこの味覚の中で死に、そして再生する。\nグールの王は満足げにあなたを見つめている。今、あなたはついに歓喜に関するすべての秘密を掴んだのだ。,,,,,,,,,,,,,,
Resonance_117265_Name_1,bIkp,g共鸣_Resonance_A_M.csv,255,Resonance,Name,,墨菲的幻影,マーフィーの幻影,,,,,,,,,,,,,,
Resonance_117265_Desc_1,bIko,g共鸣_Resonance_A_M.csv,255,Resonance,Desc,,在事件「墨菲的幻影」处，将 3 张「循环的倒影」置入牌库。\n「循环的倒影」：发现一个「追忆效果」将其释放，预备 1，消耗。余波：所有唤醒体获得 5 点狂气。,事件「マーフィーの幻影」で、「循環する影」を3枚デッキに加える。\n「循環する影」：「追憶」を1つ選択し、発動する。準備1、除外。余波：すべての覚醒体は5狂気を獲得。,,,,,,,,,,,,,,
Resonance_117265_Story_1,bIkq,g共鸣_Resonance_A_M.csv,255,Resonance,Story,,海平面上升起淡薄的白雾，将万物笼罩在一片朦胧之中。\n跨越生与死的界限，跨越门扉内外的距离，跨越漫长得褪色的记忆，你看见撑着阳伞的淑女逆光的身影。\n与她共度的时光已经逝去，正如她那单薄却鲜妍的亮色青春。\n等待虚假的日轮升起，薄雾破碎于无形，她的侧影也在梦中摇晃着化为轻飘的虚妄泡沫，向你致以无声的告别。,海面から淡い白霧が立ちのぼり、すべてがぼんやりとした霧に包まれる。\n生と死の境界を越え、扉の内と外の隔たりを越え、色あせてしまった遥かな記憶を越えて、あなたは日傘を差した淑女が逆光の中に浮かぶ姿を見る。\n彼女と過ごした時間は、すでに遠く過ぎ去っていた。それは、彼女の繊細でありながら鮮烈に輝く青春そのもののようだった。\n偽りの太陽が昇り、薄い霧が跡形もなく消え去る頃には、彼女の横顔もまた夢の中で揺らめき、儚く虚ろな泡へと変わっていく。そして、あなたに無言の別れを告げる。,,,,,,,,,,,,,,
Resonance_117266_Name_1,bIks,g共鸣_Resonance_A_M.csv,256,Resonance,Name,,起始的循环,始まりの循環,,,,,,,,,,,,,,
Resonance_117266_Desc_1,bIkr,g共鸣_Resonance_A_M.csv,256,Resonance,Desc,,战斗开始时，抽 1 张「循环的倒影」。,戦闘開始時、「循環する影」を1枚引く。,,,,,,,,,,,,,,
Resonance_117266_Story_1,bIkt,g共鸣_Resonance_A_M.csv,256,Resonance,Story,,意料之外的故人重逢。然而，这里却不是你记忆中的那座游轮。\n这里安逸而和平，所有人来自迥然不同的起点，却心无旁骛地航向同一个终点——利莫里亚。\n在新的世界、新的索纳尼尔，某个人建立了她的理想国。,予期せぬ旧友との再会。しかし、ここはあなたの記憶にある、あのクルーズ船ではない。\nこの場所は安らぎと平和に満ちていた。人々はそれぞれ異なる出自を持ちながらも、心を一つにし、同じ目的地――リモリアへと向かって航海している。\n新しい世界、新しいソナニール号。そこで、ある人物は己の理想郷を築き上げたのだった。,,,,,,,,,,,,,,
Resonance_117268_Name_1,bIky,g共鸣_Resonance_A_M.csv,257,Resonance,Name,,迷惘的循环,迷いの循環,,,,,,,,,,,,,,
Resonance_117268_Desc_1,bIkx,g共鸣_Resonance_A_M.csv,257,Resonance,Desc,,「循环的倒影」打出后获得 250 点银钥能量。,「循環する影」を使用後、250キーエネルギーを獲得。,,,,,,,,,,,,,,
Resonance_117268_Story_1,bIkz,g共鸣_Resonance_A_M.csv,257,Resonance,Story,,是噩梦，还是轮回？能回应你所有疑问的，只有来自遥远陆地的海风和拍打船舷的浪尖。\n你必须靠自己的双眼、双手和双脚来找出答案。,悪夢か、それとも輪廻か？そのすべての疑問に答えられるのは、遥か彼方の大陸から吹く海風と、船縁に打ち寄せる白波だけだ。\n答えを見つけるには、自らの目と手と足で探さなければならない。,,,,,,,,,,,,,,
Resonance_117267_Name_1,bIkv,g共鸣_Resonance_A_M.csv,258,Resonance,Name,,噩梦的循环,悪夢の循環,,,,,,,,,,,,,,
Resonance_117267_Desc_1,bIku,g共鸣_Resonance_A_M.csv,258,Resonance,Desc,,在「墨菲的幻影」处，选择 2 张卡牌赋予「渊海回声」刻印：拥有该刻印的卡牌打出时生效 2 次，附加<DepleteIconKeywords:消耗>、<RippleKeywords:余波>：抽 2 张牌。,「マーフィーの幻影」で、カードを2枚選び、刻印「深海の反響」を付与する：この刻印を持つカードは使用時に2回発動する。<DepleteIconKeywords:除外>。<RippleKeywords:余波>：カードを2枚引く。,,,,,,,,,,,,,,
Resonance_117267_Story_1,bIkw,g共鸣_Resonance_A_M.csv,258,Resonance,Story,,黑日高悬，无情地俯瞰着漆黑的死亡。\n这里是清平幻象的背面，是殷切假意的阴影，也是不可直视的炼狱。,黒き太陽が空高く昇り、漆黒の死を無情に見下ろしている。\nここは平穏な幻想の裏側であり、切実な偽りが生む影の場所――直視することのできない地獄である。,,,,,,,,,,,,,,
Resonance_117271_Name_1,bIkH,g共鸣_Resonance_A_M.csv,259,Resonance,Name,,背水的循环,背水の循環,,,,,,,,,,,,,,
Resonance_117271_Desc_1,bIkG,g共鸣_Resonance_A_M.csv,259,Resonance,Desc,,首领战开始时，死亡抵抗+100％。每次触发死亡抵抗，将 1 张「循环的倒影」置入手中。,ボス戦開始後、死亡抵抗+100%。死亡抵抗が発動するたびに、「循環する影」を1枚手札に追加する。,,,,,,,,,,,,,,
Resonance_117271_Story_1,bIkI,g共鸣_Resonance_A_M.csv,259,Resonance,Story,,很接近、很接近了。\n你已通晓关键。\n你已准备万全。,あと少し、あと少しだ。\nあなたはすでに核心を掴んでいる。\n準備は万端だ。,,,,,,,,,,,,,,
Resonance_117270_Name_1,bIkE,g共鸣_Resonance_A_M.csv,260,Resonance,Name,,涉险的循环,危険な循環,,,,,,,,,,,,,,
Resonance_117270_Desc_1,bIkD,g共鸣_Resonance_A_M.csv,260,Resonance,Desc,,「循环的倒影」随机将 1 张被消耗的具有「渊海回声」刻印的卡牌洗入弃牌堆。,「循環する影」は、刻印「深海の反響」を持つ「除外」が付与されたランダムなカードを1枚捨て札に追加する。,,,,,,,,,,,,,,
Resonance_117270_Story_1,bIkF,g共鸣_Resonance_A_M.csv,260,Resonance,Story,,问题未必都会有解答，但在故事终结之前，哪怕只有一线希望，请不要放弃尝试。\n命运总会犒赏坚持不懈的求索者。\n请相信，一切都会是@1@2的选择。,すべての問題に必ずしも答えがあるとは限らない。だが、物語が終わるまでは、たとえ一筋の希望しかなくとも、挑戦することを諦めてはならない。\n運命は、諦めずに探し求め続ける者に必ず報いてくれる。\n信じよ、すべては@1@2へと収束していくのだ。,,,,,,,,,,,,,,
Resonance_117264_Name_1,bIkm,g共鸣_Resonance_A_M.csv,261,Resonance,Name,,造梦的循环,造夢の循環,,,,,,,,,,,,,,
Resonance_117264_Desc_1,bIkl,g共鸣_Resonance_A_M.csv,261,Resonance,Desc,,首领战开始时，将「久远的幻梦」置入手中。「久远的幻梦」：弃掉所有手牌并抽 5 张牌，将「循环的倒影」置入手牌堆、抽牌堆、弃牌堆。保留。,ボス戦開始時、「遥か昔の夢」を手札に追加する。「遥か昔の夢」：手札をすべてを捨て、カードを5枚引く。「循環する影」を手札、山札、捨て札に追加する。保持。,,,,,,,,,,,,,,
Resonance_117264_Story_1,bIkn,g共鸣_Resonance_A_M.csv,261,Resonance,Story,,许诺她美好的梦。许诺她永恒的梦。许诺她苍白的梦。\n许诺她名为自由的梦。\n如果无法抵达那个完美的结局，至少留给她一场足以怀恋的梦。,彼女に美しい夢を約束しよう。永遠の夢を、淡い夢を約束しよう。\n彼女に「自由」という名の夢を約束しよう。\nあの完璧な結末にたどり着けなくとも、せめて彼女に、懐かしいと思える夢を残してやろう。,,,,,,,,,,,,,,
Resonance_117269_Name_1,bIkB,g共鸣_Resonance_A_M.csv,262,Resonance,Name,,终极的循环,究極の循環,,,,,,,,,,,,,,
Resonance_117269_Desc_1,bIkA,g共鸣_Resonance_A_M.csv,262,Resonance,Desc,,「久远的幻梦」可以使用 3 次。,「遥か昔の夢」は3回使用可能。,,,,,,,,,,,,,,
Resonance_117269_Story_1,bIkC,g共鸣_Resonance_A_M.csv,262,Resonance,Story,,揭开夜的帷幕，让一切回归原始的真相。,夜の幕を上げ、すべてをあるべき姿に戻そう。,,,,,,,,,,,,,,
Resonance_130329_Name_1,bPKL,g共鸣_Resonance_A_M.csv,264,Resonance,Name,,命运的剧场,運命の劇場,,,,,,,,,,,,,,
Resonance_130329_Desc_1,bPKK,g共鸣_Resonance_A_M.csv,264,Resonance,Desc,,在事件「宿命舞台」处将 1 张「提线木偶」置入牌库。\n「提线木偶」：算力消耗 5，抽牌阶段后若在手中，「强制打出」 1 张随机指令卡并使其生效 2 次。打出后，下张打出的指令卡额外生效 2 次。打出 3 次后消耗。固有，保留。,事件「運命の舞台」で、「操り人形」を1枚デッキに加える。\n「操り人形」：行動力消費5。ドローフェイズ後に手札にある場合、ランダムな指令カード1枚を「強制的に使用」し、効果を2回発動する。使用後、次に使用する指令カードは追加で効果を2回発動する。3回使用後に除外。固有、保持。,,,,,,,,,,,,,,
Resonance_130329_Story_1,bSde,g共鸣_Resonance_A_M.csv,264,Resonance,Story,,"当你的双足踏上剧院的台阶，目光便再无法从这座舞台移开。
命运丝线牵引着长河沙数的故事在此流转——过往的尘埃、此刻的光影、未来的迷雾，皆在台前翻涌不息。
你遗忘了自己来自何方、想要去往何处，关于「自我」的印记在帷幕的阴影里消融殆尽。此刻，你是座下静默的观者，也是台上燃烧的伶人。
你存在的全部意义，坍缩成两道刻痕：凝望，与献演。",劇場への階段を踏みしめた瞬間、あなたはこの舞台から視線をそらせなくなった。\n運命の糸が無数の物語を紡ぐ――過去の塵、今この瞬間の光と影、そして未来の霧。それらすべてが、舞台の上で絶え間なく渦巻いている。\nあなたは、自分がどこから来て、どこへ向かおうとしていたのか忘れてしまった。幕の陰で、わずかに残った「自我」がすべて溶け去っていく。今、あなたは客席で静かに見つめる観客であり、舞台上で燃え上がる役者でもある。\nあなたの存在は、二つの痕跡だけを残して崩れ落ちていく。見つめること、そして演じること。,,,,,,,,,,,,,,
Resonance_130332_Name_1,bPKR,g共鸣_Resonance_A_M.csv,265,Resonance,Name,,命运的感召,運命の呼び声,,,,,,,,,,,,,,
Resonance_130332_Desc_1,bPKQ,g共鸣_Resonance_A_M.csv,265,Resonance,Desc,,「提线木偶」获得保留：获得 250 银钥能量。,「操り人形」は「保持」を獲得：250キーエネルギーを獲得する。,,,,,,,,,,,,,,
Resonance_130332_Story_1,bSdi,g共鸣_Resonance_A_M.csv,265,Resonance,Story,,"那本应是平凡的一天。拌嘴的家人，被延迟了三次的闹铃，冒着热气的早餐。
在故事的开头，平凡是一种罪恶。
于是，命运轻轻拨动丝线。曾经的一切在眼前崩毁。
于是，木偶踏上了属于它的旅程。它遥不可及的终点，是回到开始时的那天。",それは、ごく平凡な一日になるはずだった。口論する家族、三度も鳴った目覚まし時計、湯気の立つ朝食。\nだが、物語の冒頭において、平凡さは罪である。\nゆえに、運命はそっと糸を弾いた。かつてそこにあったすべてが、目の前で崩れていく。\nこうして、人形は旅に出た。その遥か彼方にある終着点、すべてが始まったあの日へと還るために。,,,,,,,,,,,,,,
Resonance_130335_Name_1,bPKX,g共鸣_Resonance_A_M.csv,266,Resonance,Name,,命运的建构,運命の構築,,,,,,,,,,,,,,
Resonance_130335_Desc_1,bPKW,g共鸣_Resonance_A_M.csv,266,Resonance,Desc,,「提线木偶」获得预备 1。,「操り人形」は「準備1」を獲得。,,,,,,,,,,,,,,
Resonance_130335_Story_1,bSdl,g共鸣_Resonance_A_M.csv,266,Resonance,Story,,"看，这是它的期盼，这是它的眷恋，这是它隐秘的罪恶，这是它最难以启齿的苦难。
命运的丝线将木偶精细地解剖，为观众一一呈现。他们的目光向其间窥视、窥视。
当命运的丝线将木偶重新缝合，他们的灵魂与木偶融为一体。",見よ、これがその期待であり、未練であり、秘められた罪であり、口にすることさえできぬ苦難である。\n運命の糸が人形を丹念に解体し、その内側を一つひとつ観客の前にさらけ出していく。観客たちは、その隙間を覗き込み、固唾を飲んで見つめている。\nやがて運命の糸が人形を再び縫い合わせるとき、彼らの魂は人形と一つになるのだ。,,,,,,,,,,,,,,
Resonance_130333_Name_1,bPKT,g共鸣_Resonance_A_M.csv,267,Resonance,Name,,命运的伏笔,運命の伏線,,,,,,,,,,,,,,
Resonance_130333_Desc_1,bPKS,g共鸣_Resonance_A_M.csv,267,Resonance,Desc,,算力上限和手牌上限提高 1。,行動力上限と手札の上限が1増加する。,,,,,,,,,,,,,,
Resonance_130333_Story_1,bSdj,g共鸣_Resonance_A_M.csv,267,Resonance,Story,,"枕边的书籍，死去的宠物，签下的合同，借出的项链……木偶所触碰之物，不可见的丝线轻轻颤动。
啊，不用去刻意记住它们，亲爱的观众。很快，那些早被昭示的命运，便会清楚地呈现在你眼前。",枕元の書物、死んだペット、署名済みの契約書、借りたネックレス……人形が触れるものすべてに、目に見えぬ糸が揺れている。\nああ、親愛なる観客の皆様。それらをわざわざ覚えておく必要はありません。まもなく、すでに定められていた運命が、あなたの目の前にはっきりと浮かび上がるでしょう。,,,,,,,,,,,,,,
Resonance_130336_Name_1,bPKZ,g共鸣_Resonance_A_M.csv,268,Resonance,Name,,命运的纷争,運命の争い,,,,,,,,,,,,,,
Resonance_130336_Desc_1,bPKY,g共鸣_Resonance_A_M.csv,268,Resonance,Desc,,打出「提线木偶」时所有唤醒体获得 10 点狂气。,「操り人形」を使用後、すべての覚醒体が10狂気を獲得する。,,,,,,,,,,,,,,
Resonance_130336_Story_1,bSdm,g共鸣_Resonance_A_M.csv,268,Resonance,Story,,"拿起你的枪，士兵，将准心对准敌人的头颅。
当然，你当然会有敌人。他们摧毁了你的生活，抢夺你的财富与荣誉，拦在你追寻真理的道路。他们是你站在这座舞台上的缘由。
你温和善良，有情有义。你热爱和平，厌恶杀戮。
命运赐予你千种理由，于是，你将毫无负担地扣动扳机。",銃を手に取れ、兵士よ。照準を敵の頭部に定めよ。\nそうだ、お前には敵がいる。彼らはお前の暮らしを破壊し、富と名誉を奪い、真理へ至る道を阻んだ。彼らこそが、お前をこの舞台に立たせた理由なのだ。\nお前は温厚で善良であり、情にも厚い。平和を愛し、殺戮を忌み嫌っている。\nだが、運命はお前に千もの正当な理由を与えた。だからこそ、お前は何の躊躇もなく引き金を引くのだ。,,,,,,,,,,,,,,
Resonance_130334_Name_1,bPKV,g共鸣_Resonance_A_M.csv,269,Resonance,Name,,命运的低谷,運命の奈落,,,,,,,,,,,,,,
Resonance_130334_Desc_1,bPKU,g共鸣_Resonance_A_M.csv,269,Resonance,Desc,,「提线木偶」若在手中，改为从手牌中的随机 2 张指令中选择 1 张强制打出。,「操り人形」が手札にある場合、手札のランダムな指令カード2枚から1枚を選択して、強制的に使用する。,,,,,,,,,,,,,,
Resonance_130334_Story_1,bSdk,g共鸣_Resonance_A_M.csv,269,Resonance,Story,,"旅途的中点，英雄的木偶坠入绝望的深渊。一切美好的在它眼前破碎，重新拥有的被再次夺走。
木偶放弃了选择，放任自己无力反抗的身体在深渊中坠落。
直到黑暗的尽头，亮起那道它期盼一生的光点。",旅の半ば、英雄の人形は絶望の深淵へと墜ちていった。美しきものはすべて目の前で砕け散り、再び手に入れたものさえ、再び奪い去られてしまった。\n人形はもはや選択を諦め、抵う力も失ったまま、ただ深淵へと墜ちていく。\nそして闇の果てで、生涯待ち望んでいた一筋の光が灯るのだった。,,,,,,,,,,,,,,
Resonance_130328_Name_1,bPKJ,g共鸣_Resonance_A_M.csv,270,Resonance,Name,,命运的转折,運命の転機,,,,,,,,,,,,,,
Resonance_130328_Desc_1,bPKI,g共鸣_Resonance_A_M.csv,270,Resonance,Desc,,每打出 1 张「症状卡」，「提线木偶」算力消耗降低 1。,「症状カード」を1枚使用するたび、「操り人形」の行動力消費が1減少する。,,,,,,,,,,,,,,
Resonance_130328_Story_1,bSdd,g共鸣_Resonance_A_M.csv,270,Resonance,Story,,"振作起来吧，亲爱的木偶，沿着既定的道路，从谷底重新踏上旅程。
苦难中曾刺穿你的棘刺，将是你最为锋利的武器。",立ち上がれ、愛しい人形よ。定められた道をたどり、深淵から再び歩み出すのだ。\nかつて苦難の中でお前を貫いた棘こそが、お前にとって最も鋭い武器となる。,,,,,,,,,,,,,,
Resonance_130327_Name_1,bPKH,g共鸣_Resonance_A_M.csv,271,Resonance,Name,,命运的弧光,運命の輝き,,,,,,,,,,,,,,
Resonance_130327_Desc_1,bPKG,g共鸣_Resonance_A_M.csv,271,Resonance,Desc,,首领战中死亡抵抗 +100%。触发「死亡抵抗」后下回合「提线木偶」不再强制打出随机指令卡，改为选择一张手中指令卡打出。,ボス戦中、死亡抵抗+100%。「死亡抵抗」が発動した後、次のターンに「操り人形」はランダムな指令カードを強制的に使用せず、手札の指令カードを1枚選んで使用する。,,,,,,,,,,,,,,
Resonance_130327_Story_1,bSdc,g共鸣_Resonance_A_M.csv,271,Resonance,Story,,"看呐，那英雄的木偶重新站在你们面前！它的眼睛多么的坚定！它手中的剑多么的锋利！风吹起它辉煌的战袍，你是否听见了那振奋人心的呼喊？
英雄的木偶举起利剑，强大得仿佛身上从未存在那些命运的丝线。",見よ、あの英雄の人形が再び君たちの前に立っている！その瞳はなんと力強く、その手に握られた剣はなんと鋭いことか！風が輝かしい戦衣を翻す。胸を揺さぶるその叫びが聞こえるか？\n英雄の人形は鋭き剣を掲げる。まるで運命を紡ぐ糸など最初から存在しなかったかのように、その姿はあまりにも力強い。,,,,,,,,,,,,,,
Resonance_130330_Name_1,bPKN,g共鸣_Resonance_A_M.csv,272,Resonance,Name,,命运的高潮,運命の絶頂,,,,,,,,,,,,,,
Resonance_130330_Desc_1,bPKM,g共鸣_Resonance_A_M.csv,272,Resonance,Desc,,「提线木偶」打出后下张指令卡算力消耗降低 2 点。,「操り人形」を使用後、次に使用する指令カードの行動力消費が2減少する。,,,,,,,,,,,,,,
Resonance_130330_Story_1,bSdf,g共鸣_Resonance_A_M.csv,272,Resonance,Story,,"最终的时刻到来了！那曾经无法战胜的敌人便站在你的面前！
冲锋吧，英雄！无畏地冲向那个苦难的源头，刺破祂的铠甲，撕咬祂的皮肉，让你们的血融于一处，在累累伤痕中，挥动利刃砍下去！
以命运的名义，英雄的木偶终将胜利。
木偶举起敌人的头颅。它的身侧除了鲜血，空无一物。",ついにその時が来た！かつて打ち倒すことのできなかった敵が、今、君の目の前に立っている！\n突き進め、英雄よ！苦難の源へ恐れず踏み込み、その鎧を貫き、その肉を引き裂き、その血を交わすのだ。無数の傷痕の中で、鋭き刃を振り下ろすのだ！\n運命の名のもとに、英雄の人形はついに勝利した。\n人形は敵の首を高く掲げる。その傍らに広かるのは、血の海だけだった。,,,,,,,,,,,,,,
Resonance_130330_Name_2,bQVw,g共鸣_Resonance_A_M.csv,273,Resonance,Name,,命运的高潮,運命の絶頂,,,,,,,,,,,,,,
Resonance_130330_Desc_2,bQVv,g共鸣_Resonance_A_M.csv,273,Resonance,Desc,,「提线木偶」打出后下张指令卡算力消耗降低为 0。,「操り人形」を使用後、次に使用する指令カードの行動力消費が0になる。,,,,,,,,,,,,,,
Resonance_130330_Story_2,bSdg,g共鸣_Resonance_A_M.csv,273,Resonance,Story,,"最终的时刻到来了！那曾经无法战胜的敌人便站在你的面前！
冲锋吧，英雄！无畏地冲向那个苦难的源头，刺破祂的铠甲，撕咬祂的皮肉，让你们的血融于一处，在累累伤痕中，挥动利刃砍下去！
以命运的名义，英雄的木偶终将胜利。
木偶举起敌人的头颅。它的身侧除了鲜血，空无一物。",ついにその時が来た！かつて打ち倒すことのできなかった敵が、今、君の目の前に立っている！\n突き進め、英雄よ！苦難の源へ恐れず踏み込み、その鎧を貫き、その肉を引き裂き、その血を交わすのだ。無数の傷痕の中で、鋭き刃を振り下ろすのだ！\n運命の名のもとに、英雄の人形はついに勝利した。\n人形は敵の首を高く掲げる。その傍らに広かるのは、血の海だけだった。,,,,,,,,,,,,,,
Resonance_130331_Name_1,bPKP,g共鸣_Resonance_A_M.csv,274,Resonance,Name,,命运的落幕,運命の幕引き,,,,,,,,,,,,,,
Resonance_130331_Desc_1,bPKO,g共鸣_Resonance_A_M.csv,274,Resonance,Desc,,「提线木偶」被消耗后，之后每回合打出的第一张指令卡额外生效 2 次。\n若为首领战，所有唤醒体获得 50 点狂气，获得 1000 点银钥能量。,「操り人形」が除外された後、以降のターンで最初に使用する指令カードは追加で2回効果を発動する。\nボス戦では、すべての覚醒体が50狂気を獲得し、1000キーエネルギーを獲得する。,,,,,,,,,,,,,,
Resonance_130331_Story_1,bSdh,g共鸣_Resonance_A_M.csv,274,Resonance,Story,,"拌嘴的家人，被延迟了三次的闹铃，冒着热气的早餐。
在故事的结尾，平凡是一种罪恶。
命运不再拨动丝线。祂微笑着等待，等待那位英雄的木偶，再次祈求踏上旅途的那一天。",口論する家族、三度も鳴った目覚まし時計、湯気の立つ朝食。\n物語の結末において、平凡さは罪である。\nだが、運命はもはや糸を操らない。ただ静かに微笑みを浮かべて待っている――あの英雄の人形が、再び旅に出たいと懇願する、その日を。,,,,,,,,,,,,,,
Skill_65357_Name,aPVs,j技能表_Skill_A.csv,73,Skill,Name,,群山的觉悟,銀嶺の覚悟,,,,,,,,,,,,,,
Skill_55481_tempBattleDesc_3,bQQg,j技能表_Skill_A.csv,105,Skill,tempBattleDesc,,取出超维空间最左侧的卡牌。3 回合冷却。,超次元空間の一番左のカードを取り出す。クールダウン3ターン。,,,,,,,,,,,,,,
Skill_55481_tempBattleDesc_4,bSEZ,j技能表_Skill_A.csv,105,Skill,tempBattleDesc,,选择 1 张超维空间的指令卡取出，赋予「打出后额外生效 1 次」，使下 1 张打出的指令卡触发<SingularityKeywords3:维度穿梭>。3 回合冷却。,超次元空間の指令カードを1枚選択して取り出し、「使用後に追加で1回効果を発動」を付与する。次に使用する指令カードは<SingularityKeywords3:次元転移>を発動する。クールダウン3ターン。,,,,,,,,,,,,,,
Skill_55481_tempBattleDesc_5,bSFa,j技能表_Skill_A.csv,105,Skill,tempBattleDesc,,取出超维空间最左侧的卡牌。本回合奥尔拉下一张指令卡触发跃迁效果。3 回合冷却。,超次元空間の一番左のカードを取り出す。このターン、オルラの次の指令カードは「跳躍」効果を発動する。クールダウン3ターン。,,,,,,,,,,,,,,
Skill_55481_tempBattleDesc_6,bSFb,j技能表_Skill_A.csv,105,Skill,tempBattleDesc,,选择 1 张超维空间的指令卡取出，赋予「打出后额外生效 1 次」，使下 1 张打出的指令卡触发<SingularityKeywords3:维度穿梭>。本回合奥尔拉下一张指令卡触发跃迁效果。3 回合冷却。,超次元空間の指令カードを1枚選択して取り出し、「使用後に追加で1回効果を発動」を付与する。次に使用する指令カードは<SingularityKeywords3:次元転移>を発動する。このターン、オルラの次の指令カードは「跳躍」効果を発動する。クールダウン3ターン。,,,,,,,,,,,,,,
Skill_55481_tempBattleDesc_7,bSFc,j技能表_Skill_A.csv,105,Skill,tempBattleDesc,,选择 1 张超维空间的指令卡取出，赋予「打出后额外生效 1 次」，使下 1 张打出的指令卡触发<SingularityKeywords3:维度穿梭>。立刻对所有敌人造成等同于 50％「命运裁断」的固定伤害，下次阿拉克涅狂气爆发造成的伤害强效和护盾提高 50％。3 回合冷却。,超次元空間のカードを1枚選択して取り出し、「使用後に追加で1回効果を発動」を付与する。次に使用する指令カードは<SingularityKeywords3:次元転移>を発動する。即座にすべての敵に「運命の裁き」の50%に等しい固定ダメージを与え、アラクネが次に発動する「狂気解放」のダメージ強化とシールドが50%増加する。クールダウン3ターン。,,,,,,,,,,,,,,
Skill_55481_tempBattleDesc_8,bSFd,j技能表_Skill_A.csv,105,Skill,tempBattleDesc,,选择 1 张超维空间的指令卡取出，赋予「打出后额外生效 1 次」，使下 1 张打出的的指令卡触发<SingularityKeywords3:维度穿梭>。立刻对所有敌人造成等同于 50％「命运裁断」的固定伤害，下次阿拉克涅狂气爆发造成的伤害强效和护盾提高 50％。本回合奥尔拉下一张指令卡触发跃迁效果。3 回合冷却。,超次元空間のカードを1枚選択して取り出し、「使用後に追加で1回効果を発動」を付与する。次に使用する指令カードは<SingularityKeywords3:次元転移>を発動する。即座にすべての敵に「運命の裁き」の50%に等しい固定ダメージを与え、アラクネが次に発動する「狂気解放」のダメージ強化とシールドが50%増加する。オルラの次の指令カードは「跳躍」効果を発動する。クールダウン3ターン。,,,,,,,,,,,,,,
Skill_36655_Name,aLRC,j技能表_Skill_A.csv,965,Skill,Name,,利莫里亚的荣光！,リモリアの栄光！,,,,,,,,,,,,,,
Skill_51699_Name,aPgs,j技能表_Skill_A.csv,978,Skill,Name,,利莫里亚的荣光！,リモリアの栄光！,,,,,,,,,,,,,,
Skill_4137_Desc_3,bqXO,j技能表_Skill_A.csv,1071,Skill,Desc,拉蒙娜,获得 <Posse:[Arg1]> 点银钥能量。选择 1 张抽牌堆或弃牌堆的牌置入手牌，使其算力消耗变为 0 点。将 1 张<DerivativeCardKeywords_4:「灵感」>洗入抽牌堆。,<Posse:[Arg1]>キーエネルギーを獲得。山札か捨て札にある指令カードから1枚選択して手札に追加し、その行動力消費を0にする。<DerivativeCardKeywords_4:「啓示」>を1枚山札に追加する。,,,,,,,,,,,,,,
Skill_4138_Desc_3,bqXP,j技能表_Skill_A.csv,1073,Skill,Desc,拉蒙娜,造成 <Damage:[Damage:Arg1]> 点伤害 [Arg5] 次，每次造成伤害获得 [Power:Arg4] 点临时<PowerIconKeywords:力量>。打出后使「女王之剑」伤害次数 +1，最多提高为 [Arg6] 次。获得 [Arg7] 点临时界域精通。<RippleKeywords:余波>：获得和打出相等的银钥能量。,<Damage:[Damage:Arg1]>ダメージを[Arg5]回与える。ダメージを与えるたび、[Power:Arg4]点の一時的な<PowerIconKeywords:力>を獲得。使用後、「女王の剣」のダメージ回数が+1増加し、最大[Arg6]回まで増加。[Arg7]点の一時的な界域知識を獲得。<RippleKeywords:余波>：このカードを使用した時と同量のキーエネルギーを獲得。,,,,,,,,,,,,,,
Skill_54042_Name,aPkk,j技能表_Skill_A.csv,1085,Skill,Name,环行·拉蒙娜,轮回之庭,輪廻の庭,,,,,,,,,,,,,,
Skill_4579_Desc_0,aNZE,j技能表_Skill_A.csv,1129,Skill,Desc,尤乌哈希,【<DevouredIconKeywords:吞噬>：本场战斗后续释放的「血与沙的赞歌」伤害提高 [Arg4] 点，力量倍率提高 [Arg3] 倍。】对所有敌人造成 <Damage:[Damage:Arg1]> 点伤害。<PowerIconKeywords:力量>在「血与沙的赞歌」上发挥 [Arg2] 倍效果。获得等同于尤乌哈希狂气充能的狂气。,【<DevouredIconKeywords:捕食>：この戦闘で以降に発動する「血と砂の賛歌」のダメージが[Arg4]増加し、獲得する力ボーナスが[Arg3]倍になる。】すべての敵に<Damage:[Damage:Arg1]>ダメージを与え、 [Arg2]倍の<PowerIconKeywords:力>ボーナスを獲得。ユウハシュの狂気増加と同量の狂気を獲得。,,,,,,,,,,,,,,
Skill_4579_BattleDesc_0,aNZD,j技能表_Skill_A.csv,1129,Skill,BattleDesc,尤乌哈希,【<DevouredIconKeywords:吞噬>：本场战斗后续释放的「血与沙的赞歌」伤害提高 [Arg4] 点，力量倍率提高 [Arg3] 倍。】对所有敌人造成 <Damage:[Damage:Arg1]> 点伤害。<PowerIconKeywords:力量>在「血与沙的赞歌」上发挥 [Arg2] 倍效果。尤乌哈希获得 <Energy:[Energy:Arg5]> 点狂气。,【<DevouredIconKeywords:捕食>：この戦闘で以降に発動する「血と砂の賛歌」のダメージが[Arg4]増加し、獲得する力ボーナスが[Arg3]倍になる。】すべての敵に<Damage:[Damage:Arg1]>ダメージを与え、[Arg2]倍の<PowerIconKeywords:力>ボーナスを獲得。ユウハシュは<Energy:[Energy:Arg5]>狂気を獲得。,,,,,,,,,,,,,,
Skill_4579_OverLimitUtlSkillDesc,aNZH,j技能表_Skill_A.csv,1129,Skill,OverLimitUtlSkillDesc,尤乌哈希,【<DevouredIconKeywords:吞噬>：本场战斗后续释放的「血与沙的赞歌」伤害提高 [Arg4] 点，力量倍率提高 [Arg3] 倍。】对所有敌人造成 <Damage:[Damage:Arg1]> 点伤害。<PowerIconKeywords:力量>在「血与沙的赞歌」上发挥 [Arg2] 倍效果。尤乌哈希获得 <Energy:[Energy:Arg5]> 点狂气。将附加虚无和消耗的「尖啸吧，血！」填满手牌。本回合尤乌哈希的伤害次数提高 1。,【<DevouredIconKeywords:捕食>：この戦闘で以降に発動する「血と砂の賛歌」のダメージが[Arg4]増加し、獲得する力ボーナス[Arg3]倍になる。】すべての敵に<Damage:[Damage:Arg1]>ダメージを与え、[Arg2]倍の<PowerIconKeywords:力>ボーナスを獲得。ユウハシュは<Energy:[Energy:Arg5]>狂気を獲得。「虚無」と「除外」が付与された「叫べ、血よ！」を、手札に上限まで追加する。このターン、ユウハシュのダメージ回数が1回増加。,,,,,,,,,,,,,,
Skill_3981_Desc,aLYh,j技能表_Skill_A.csv,1201,Skill,Desc,凯刻斯,回复 <Heal:[Heal:Arg3]> 点生命并驱散自身<WeaknessIconKeywords:虚弱>状态，对所有敌人施加 [Arg4] 层<VulnerabilityIconKeywords:易伤>。<TentacleInjurieIconKeywords:触腕伤害> +[TentaclePower:Arg1]。<RetaliateIconKeywords:反击> +[Counterattack:Arg2]。下回合开始前，每受到 1 次攻击，就使 1 条触腕反击攻击者。,ライフを<Heal:[Heal:Arg3]>回復し、自身の<WeaknessIconKeywords:虚弱>を解除。すべての敵に[Arg4]点の<VulnerabilityIconKeywords:易傷>を付与する。<TentacleInjurieIconKeywords:触腕ダメージ>+[TentaclePower:Arg1]。[Counterattack:Arg2]点の<RetaliateIconKeywords:反撃>を獲得。次のターン開始まで、攻撃を1回受けるたび1本の触腕が攻撃者に反撃する。,,,,,,,,,,,,,,
Skill_3981_OverLimitUtlSkillDesc,aLYk,j技能表_Skill_A.csv,1201,Skill,OverLimitUtlSkillDesc,凯刻斯,回复 <Heal:[Heal:Arg3]> 点生命并驱散自身<WeaknessIconKeywords:虚弱>状态，对所有敌人施加 [Arg4] 层<VulnerabilityIconKeywords:易伤>。<TentacleInjurieIconKeywords:触腕伤害> +[TentaclePower:Arg1]。<RetaliateIconKeywords:反击> +[Counterattack:Arg2]。下回合开始前，每受到 1 次攻击，就使 1 条触腕反击攻击者。使 1 条触腕攻击 5 次，获得 25% 造成伤害的反击。,ライフを<Heal:[Heal:Arg3]>回復し、自身の<WeaknessIconKeywords:虚弱>を解除する。すべての敵に[Arg4]点の<VulnerabilityIconKeywords:易傷>を付与する。<TentacleInjurieIconKeywords:触腕ダメージ>+[TentaclePower:Arg1]。[Counterattack:Arg2]点の<RetaliateIconKeywords:反撃>を獲得。次のターン開始まで、攻撃を1回受けるたび1本の触腕が攻撃者を反撃する。触腕1本に5回攻撃させ、25%の反撃を獲得する。,,,,,,,,,,,,,,
Skill_4412_Desc_0,aNeh,j技能表_Skill_A.csv,1292,Skill,Desc,潘狄娅,随机造成 <Damage:[Damage:Arg1]> 点伤害 [Arg2] 次并获得 50% 伤害的临时<RetaliateIconKeywords:反击>。,ランダムに<Damage:[Damage:Arg1]>ダメージを[Arg2]回与え、50%の一時的な<RetaliateIconKeywords:反撃>を獲得。,,,,,,,,,,,,,,
Skill_49216_Desc,aOSv,j技能表_Skill_A.csv,1309,Skill,Desc,珈伦,获得 1 点算力，可以使用 [Arg1] 次。有 50% 概率触发一个<MysterybuffKeywords:奇妙正面效果>。,1点の行動力を獲得。[Arg1]回使用可能。 50%の確率で<MysterybuffKeywords:不思議なバフ効果>が発動する。,,,,,,,,,,,,,,
Skill_4243_Name,aMHR,j技能表_Skill_A.csv,1403,Skill,Name,奥尔拉,狂想诗篇,狂想の詩篇,,,,,,,,,,,,,,
Skill_4156_Name,aMwb,j技能表_Skill_A.csv,1404,Skill,Name,奥尔拉,哀恸诗篇,哀悼の詩篇,,,,,,,,,,,,,,
Skill_59477_OverLimitUtlSkillDesc,aPBj,j技能表_Skill_A.csv,1455,Skill,OverLimitUtlSkillDesc,哈姆林,随机造成 <Damage:[Damage:Arg1]> 点<PunctureDamagewords:穿刺伤害> [Arg3] 次，每造成 1 次伤害临时降低目标 [Exhaustion:Arg2] 点<ExhaustionIconKeywords:力量>、获得 [Power:Arg2] 点<PowerIconKeywords:临时力量>、对目标随机施加 1 种<MysterydebuffKeywords:奇妙负面效果>。选择手中 2 张不具有「乐音」的非消耗且非衍生的指令卡添加「<HuihuanbKeywords:回环乐音>」。每次若没有手牌可被添加，改为额外造成 3 次伤害。,ランダムに<Damage:[Damage:Arg1]><PunctureDamagewords:刺突ダメージ>[Arg3]回与える。ダメージを与えるたび、対象から[Exhaustion:Arg2]点の<ExhaustionIconKeywords:力>を一時的に減少させる。[Power:Arg2]点の一時的な<PowerIconKeywords:力>を獲得。対象にランダムな<MysterydebuffKeywords:不思議なデバフ効果>を1つ付与する。手札から「楽音」を持たない非除外かつ非派生の指令カードを2枚選び、「<HuihuanbKeywords:循環楽音>」を付与する。手札に付与するカードがない場合、代わりに追加でダメージを3回与える。,,,,,,,,,,,,,,
Skill_59478_Desc,aPBn,j技能表_Skill_A.csv,1457,Skill,Desc,哈姆林,随机造成 3 次 <Damage:[Damage:Arg1]> 点<PunctureDamagewords:穿刺伤害>，每次造成伤害都有 50% 概率对目标随机施加 1 种<MysterydebuffKeywords:奇妙负面效果>。若打出时算力消耗为 0，额外造成 2 次伤害。,ランダムに<Damage:[Damage:Arg1]><PunctureDamagewords:刺突ダメージ>を3回与える。ダメージを与えるたび、50%の確率で対象にランダムな<MysterydebuffKeywords:不思議なデバフ効果>を1つ付与する。行動力消費が0の場合、追加でダメージを2回与える。,,,,,,,,,,,,,,
Skill_59478_BattleDesc,aPBm,j技能表_Skill_A.csv,1457,Skill,BattleDesc,哈姆林,随机造成 [Arg2] 次 <Damage:[Damage:Arg1]> 点<PunctureDamagewords:穿刺伤害>，每次造成伤害都有 50% 概率对目标随机施加 1 种<MysterydebuffKeywords:奇妙负面效果>。若打出时算力消耗为 0，额外造成 2 次伤害。,ランダムに<Damage:[Damage:Arg1]><PunctureDamagewords:刺突ダメージ>を[Arg2]回与える。ダメージを与えるたび、50%の確率で対象にランダムな<MysterydebuffKeywords:不思議なデバフ効果>を1つ付与する。行動力消費が0の場合、追加でダメージを2回与える。,,,,,,,,,,,,,,
Skill_83779_Desc_15,bScy,j技能表_Skill_A.csv,1500,Skill,Desc,克珀珊特,克珀珊特获得 <Energy:[Energy:Arg1]> 点狂气。<ExaltIconKeywords:灵知觉醒>：获得 1 条触腕，将 2 张「<DerivativeCardKeywords_106:领航>」置入手中，每回合首张「惩戒雷霆」和「混沌旗语」额外置入 1 张「<DerivativeCardKeywords_106:领航>」到手中，「<DerivativeCardKeywords_106:领航>」效果提高 50％。切换至「静海」姿态后获得 <Block:[Block:Arg2]> 点护盾，3 回合冷却。,コーパサントは<Energy:[Energy:Arg1]>狂気を獲得。<ExaltIconKeywords:霊知覚醒>：触腕を1本獲得。「<DerivativeCardKeywords_106:航行>」を2枚手札に追加。毎ターン初めて使用する「制裁の雷霆」と「混沌の手旗信号」は、「<DerivativeCardKeywords_106:航行>」を1枚を手札に追加する。「<DerivativeCardKeywords_106:航行>」の効果が50%増加する。「静海」姿態に切り替えた後、<Block:[Block:Arg2]>点のシールドを獲得する。クールダウン3ターン。,,,,,,,,,,,,,,
Skill_83784_Name,bsIK,j技能表_Skill_A.csv,1501,Skill,Name,克珀珊特,惩戒雷霆,制裁の雷霆,,,,,,,,,,,,,,
Skill_89776_Desc_0,bScz,j技能表_Skill_A.csv,1508,Skill,Desc,卡斯托尔,卡斯托尔获得 <Energy:[Energy:Arg1]> 点狂气。<ExaltIconKeywords:灵知觉醒>：卡斯托尔造成的伤害必定暴击，「<DerivativeCardKeywords_107:黑羽>」打出后对目标施加 [Arg2] 层<Corrosion:侵蚀>，保留的护盾提高 50％。,カストルは<Energy:[Energy:Arg1]>狂気を獲得。<ExaltIconKeywords:霊知啓発>：カストルが与えるダメージは必ずクリティカルが発生する。「<DerivativeCardKeywords_107:黒羽>」を使用した後、対象に[Arg2]点の<Corrosion:侵蝕>を付与する。手札に保持している「黒羽」が獲得するシールドが50%増加する。,,,,,,,,,,,,,,
Skill_117312_Desc,bIlz,j技能表_Skill_A.csv,1560,Skill,Desc,波吕克斯,对所有敌人造成 <Damage:[Damage:Arg1]> 点伤害，抽 2 张算力消耗最低的指令卡。,すべての敵に<Damage:[Damage:Arg1]>ダメージを与える。最も行動力消費が低い指令カードを2枚引く。,,,,,,,,,,,,,,
Skill_62312_Desc,aPUH,j技能表_Skill_A.csv,2214,Skill,Desc,,造成 <Damage:[Damage:Arg1]> 点伤害 [AttackTimes:Arg2] 次。手牌中每有 1 张冻结的卡牌伤害提高 [Arg3] 点。<WeaknessIconKeywords:虚弱> 1 回合。,<Damage:[Damage:Arg1]>ダメージを[AttackTimes:Arg2]回与える。手札にある凍結したカード1枚につきダメージが[Arg3]増加する。1点の<WeaknessIconKeywords:虚弱>を付与。,,,,,,,,,,,,,,
Skill_62311_Desc,aPUA,j技能表_Skill_A.csv,2215,Skill,Desc,,造成 <FragileIconKeywords:脆弱> 1 回合。造成 <Damage:[Damage:Arg1]> 点伤害 [AttackTimes:Arg2] 次，手牌中每有 1 张冻结的卡牌额外造成 1 次伤害，将那些被冻结的卡牌消耗。,1点の<FragileIconKeywords:脆弱>を付与する。<Damage:[Damage:Arg1]>ダメージを[AttackTimes:Arg2]回与える。手札にある凍結したカード1枚につき追加でダメージを1回与え、凍結したカードを除外する。,,,,,,,,,,,,,,
Skill_62315_Desc,aPUV,j技能表_Skill_A.csv,2216,Skill,Desc,,造成 <Damage:[Damage:Arg1]> 点伤害 [AttackTimes:Arg2] 次。手牌中每有 1 张冻结的卡牌则伤害提高 [Arg3] 点。<WeaknessIconKeywords:虚弱> 3 回合。,<Damage:[Damage:Arg1]>ダメージを[AttackTimes:Arg2]回与える。手札にある凍結したカード1枚につきダメージが[Arg3]増加する。3点の<WeaknessIconKeywords:虚弱>を付与。,,,,,,,,,,,,,,
Skill_62316_Desc,aPVc,j技能表_Skill_A.csv,2217,Skill,Desc,,造成 <FragileIconKeywords:脆弱> 3 回合。造成 <Damage:[Damage:Arg1]> 点伤害 [AttackTimes:Arg2] 次，手牌中每有 1 张冻结的卡牌额外造成 1 次伤害，将那些被冻结的卡牌消耗。,3点の<FragileIconKeywords:脆弱>を付与する。<Damage:[Damage:Arg1]>ダメージを[AttackTimes:Arg2]回与える。手札にある凍結したカード1枚につき追加でダメージを1回与え、凍結したカードを除外する。,,,,,,,,,,,,,,
Skill_57140_Name,aPsZ,j技能表_Skill_A.csv,2219,Skill,Name,,冷冽之灵,氷雪の霊,,,,,,,,,,,,,,
Skill_57140_Desc,aPsX,j技能表_Skill_A.csv,2219,Skill,Desc,,召唤两名「冷冽之灵」，所有友方获得 [Arg1] 点 <CardKeyWord:霜盾>。,「氷雪の霊」を2体召喚し、すべての味方が[Arg1]点の<CardKeyWord:フロストシールド>を獲得する。,,,,,,,,,,,,,,
Skill_62314_Name,aPUQ,j技能表_Skill_A.csv,2220,Skill,Name,,冷冽之灵,氷雪の霊,,,,,,,,,,,,,,
Skill_62314_Desc,aPUO,j技能表_Skill_A.csv,2220,Skill,Desc,,召唤两名「冷冽之灵」，所有友方获得 [Arg1] 点 <CardKeyWord:霜盾>。,「氷雪の霊」を2体召喚し、すべての味方が[Arg1]点の<CardKeyWord:フロストシールド>を獲得する。,,,,,,,,,,,,,,
Skill_61536_Name,aPTE,j技能表_Skill_A.csv,2221,Skill,Name,,霜寒彻骨,凍てつく冷気,,,,,,,,,,,,,,
Skill_60517_Desc,aPOL,j技能表_Skill_A.csv,2274,Skill,Desc,,造成 <Damage:[Damage:Arg1]> 点伤害 [AttackTimes:Arg2] 次。造成 2 回合<FragileIconKeywords:脆弱>。,<Damage:[Damage:Arg1]>ダメージを[AttackTimes:Arg2]回与える。2点の<FragileIconKeywords:脆弱>を付与する。,,,,,,,,,,,,,,
Skill_60515_Desc,aPOx,j技能表_Skill_A.csv,2276,Skill,Desc,,获得 10 层<BloodOath:血誓>，施加 2 回合<HeavyInjuryKeywords:重创>。,<BloodOath:血の誓い>を10点獲得し、2ターンの<HeavyInjuryKeywords:重傷>を付与する。,,,,,,,,,,,,,,
Skill_60516_Desc,aPOE,j技能表_Skill_A.csv,2277,Skill,Desc,,造成 <Damage:[Damage:Arg1]> 点伤害 [AttackTimes:Arg2] 次。每层<BloodOath:血誓>使伤害提高 [Arg3] 点。,<Damage:[Damage:Arg1]>ダメージを[AttackTimes:Arg2]回与える。<BloodOath:血の誓い>1点につき、[Arg3]ダメージ増加。,,,,,,,,,,,,,,
Skill_60535_Desc,aPOS,j技能表_Skill_A.csv,2279,Skill,Desc,,造成 <Damage:[Damage:Arg1]> 点伤害 [AttackTimes:Arg2] 次。造成 2 回合<FragileIconKeywords:脆弱>。将 1 张「血污灯芯」置入手中。,<Damage:[Damage:Arg1]>ダメージを[AttackTimes:Arg2]回与える。2点の<FragileIconKeywords:脆弱>を付与する。「血染めの灯芯」を1枚手札に追加。,,,,,,,,,,,,,,
Skill_60537_Desc,aPPg,j技能表_Skill_A.csv,2281,Skill,Desc,,获得 10 层<BloodOath:血誓>，施加 2 回合<HeavyInjuryKeywords:重创>。将 1 张「血污灯芯」置入手中。,<BloodOath:血の誓い>を10点獲得し、2点の<HeavyInjuryKeywords:重傷>を付与する。「血染めの灯芯」を1枚手札に追加。,,,,,,,,,,,,,,
Skill_60540_Desc,aPPB,j技能表_Skill_A.csv,2282,Skill,Desc,,造成 <Damage:[Damage:Arg1]> 点伤害 [AttackTimes:Arg2] 次。每层<BloodOath:血誓>使伤害提高 [Arg3] 点。,<Damage:[Damage:Arg1]>ダメージを[AttackTimes:Arg2]回与える。<BloodOath:血の誓い>1点につき、[Arg3]ダメージ増加。,,,,,,,,,,,,,,
Skill_60542_Desc,aPPP,j技能表_Skill_A.csv,2283,Skill,Desc,,造成 <Damage:[Damage:Arg1]> 点伤害 [AttackTimes:Arg2] 次。每 2 层<BloodOath:血誓>使伤害次数提高 1。,<Damage:[Damage:Arg1]>ダメージを[AttackTimes:Arg2]回与える。<BloodOath:血の誓い>2点につき、ダメージ回数が1増加。,,,,,,,,,,,,,,
Skill_60539_Desc,aPPu,j技能表_Skill_A.csv,2284,Skill,Desc,,获得加固至 80 层，回合结束时获得 10 层<BloodOath:血誓>。,「堅固」を80点まで獲得し、ターン終了時に10点の<BloodOath:血の誓い>を獲得。,,,,,,,,,,,,,,
Skill_60536_Desc,aPOZ,j技能表_Skill_A.csv,2285,Skill,Desc,,造成 <Damage:[Damage:Arg1]> 点伤害 [AttackTimes:Arg2] 次。随机施加<FragileIconKeywords:脆弱>或<HeavyInjuryKeywords:重创> 2 回合。将 1 张「血污灯芯」置入手中。,<Damage:[Damage:Arg1]>ダメージを[AttackTimes:Arg2]回与える。ランダムに2点の<FragileIconKeywords:脆弱>または<HeavyInjuryKeywords:重傷>を付与する。「血染めの灯芯」を1枚手札に追加。,,,,,,,,,,,,,,
Skill_60929_Desc,aPQW,j技能表_Skill_A.csv,2289,Skill,Desc,,获得 [Arg1] 点<PowerIconKeywords:力量>，获得 5 层祈祷，和最后的友方交换位置。,[Arg1]点の<PowerIconKeywords:力>を獲得。「祈り」を5点獲得。最後列の味方と位置を交換する。,,,,,,,,,,,,,,
Skill_60930_Desc,aPRd,j技能表_Skill_A.csv,2291,Skill,Desc,,造成 <Damage:[Damage:Arg1]> 点伤害 [AttackTimes:Arg2] 次。自身获得 2 层屏障，和最前方友方交换位置。,<Damage:[Damage:Arg1]>ダメージを[AttackTimes:Arg2]回与える。自身は2点のバリアを獲得し、最前方の味方と交換位置。,,,,,,,,,,,,,,
Skill_60939_Desc,aPSa,j技能表_Skill_A.csv,2298,Skill,Desc,,造成 <Damage:[Damage:Arg1]> 点伤害 [AttackTimes:Arg2] 次。<WeaknessIconKeywords:虚弱>和<FragileIconKeywords:脆弱> 2 回合。,<Damage:[Damage:Arg1]>ダメージを[AttackTimes:Arg2]回与え、2点の<WeaknessIconKeywords:虚弱>と<FragileIconKeywords:脆弱>を付与する。,,,,,,,,,,,,,,
Skill_60937_Desc,aPRM,j技能表_Skill_A.csv,2299,Skill,Desc,,获得 <Block:[Block:Arg1]> 点护盾和 [Arg2] 点力量，和最前方友方交换位置。将 1 张<DerivativeCardKeywords_9:蹒跚>和<DerivativeCardKeywords_32:黏糊糊的蜡油>洗入抽牌堆。,<Block:[Block:Arg1]>点のシールドと[Arg2]点の<PowerIconKeywords:力>を獲得し、最前列の味方と位置を交換する。<DerivativeCardKeywords_9:「よろよろ」>と<DerivativeCardKeywords_32:「ネバネバする蝋油」>を1枚ずつ山札に追加する。,,,,,,,,,,,,,,
Skill_61535_Name,aPTx,j技能表_Skill_A.csv,2302,Skill,Name,,冰刺,氷の棘,,,,,,,,,,,,,,
Skill_72125_Desc,aQJQ,j技能表_Skill_A.csv,2452,Skill,Desc,,将 1 张「拨号炸弹」洗入抽牌堆，造成 2 回合<WeaknessIconKeywords:虚弱>。,「ダイヤル爆弾」を1枚山札に追加し、2点の<WeaknessIconKeywords:虚弱>を付与する。,,,,,,,,,,,,,,
Skill_72119_Name,aQJj,j技能表_Skill_A.csv,2454,Skill,Name,,呼唤,喚起,,,,,,,,,,,,,,
Skill_72119_Desc,aQJh,j技能表_Skill_A.csv,2454,Skill,Desc,,将 1 张「拨号炸弹」洗入抽牌堆，造成 2 回合<FragileIconKeywords:脆弱>。,「ダイヤル爆弾」を1枚山札に追加し、 2点の<FragileIconKeywords:脆弱>を付与する。,,,,,,,,,,,,,,
Skill_74040_Name,aQOY,j技能表_Skill_A.csv,2455,Skill,Name,,触达,伝達,,,,,,,,,,,,,,
Skill_74040_Desc,aQOW,j技能表_Skill_A.csv,2455,Skill,Desc,,造成 <Damage:[Damage:Arg1]> 点伤害 [AttackTimes:Arg2] 次。清空保留的手牌，将 3 张「灵感」和 3 种不同算力的「拨号炸弹」置入手中。,<Damage:[Damage:Arg1]>ダメージを[AttackTimes:Arg2]回与える。保持している手札をすべて捨て、「啓示」3枚と異なる行動力の「ダイヤル爆弾」を3枚手札に追加する。,,,,,,,,,,,,,,
Skill_73486_Desc,aQNj,j技能表_Skill_A.csv,2456,Skill,Desc,,在手中时，打出算力消耗为 1 的卡牌后，受到 [Arg1] 点伤害，变形为 1 张算力消耗为 2 或 3 的「拨号炸弹」。打出后抽等同于算力消耗的牌。,手札にある場合、行動力消費1のカードを使用した後に[Arg1]ダメージを受け、行動力消費2または3の「ダイヤル爆弾」1枚に変化する。使用後、行動力消費と同数のカードを引く。,,,,,,,,,,,,,,
Skill_73485_Desc,aQNc,j技能表_Skill_A.csv,2457,Skill,Desc,,在手中时，打出算力消耗为 2 的卡牌后，受到 [Arg1] 点伤害，变形为 1 张算力消耗为 1 或 3 的「拨号炸弹」。打出后抽等同于算力消耗的牌。,手札にある場合、行動力消費2のカードを使用した後に[Arg1]ダメージを受け、行動力消費1または3の「ダイヤル爆弾」1枚に変化する。使用後、行動力消費と同数のカードを引く。,,,,,,,,,,,,,,
Skill_73484_Desc,aQMV,j技能表_Skill_A.csv,2458,Skill,Desc,,在手中时，打出算力消耗为 3 的卡牌后，受到 [Arg1] 点伤害，变形为 1 张算力消耗为 1 或 2 的「拨号炸弹」。打出后抽等同于算力消耗的牌。,手札にある場合、行動力消費3のカードを使用した後に[Arg1]ダメージを受け、行動力消費1または2の「ダイヤル爆弾」1枚に変化する。使用後、行動力消費と同数のカードを引く。,,,,,,,,,,,,,,
Skill_72118_Desc,aQJa,j技能表_Skill_A.csv,2459,Skill,Desc,,将 1 张「拨号炸弹」洗入牌库，造成 3 回合<WeaknessIconKeywords:虚弱>。,「ダイヤル爆弾」を1枚山札に追加し、3点の<WeaknessIconKeywords:虚弱>を付与する。,,,,,,,,,,,,,,
Skill_72110_Name,aQIf,j技能表_Skill_A.csv,2460,Skill,Name,,呼唤,喚起,,,,,,,,,,,,,,
Skill_72110_Desc,aQId,j技能表_Skill_A.csv,2460,Skill,Desc,,将 1 张「拨号炸弹」洗入牌库，造成 3 回合<FragileIconKeywords:脆弱>。,「ダイヤル爆弾」を1枚山札に追加し、3点の<FragileIconKeywords:脆弱>を付与する。,,,,,,,,,,,,,,
Skill_74030_BattleDesc,aQOm,j技能表_Skill_A.csv,2461,Skill,BattleDesc,,造成 <Damage:[Damage:Arg1]> 点伤害 [AttackTimes:Arg2] 次。,<Damage:[Damage:Arg1]>ダメージを[AttackTimes:Arg2]回与える。,,,,,,,,,,,,,,
Skill_72107_Desc,aQHP,j技能表_Skill_A.csv,2463,Skill,Desc,,所有敌人在本场战斗中获得 [Power:Arg1] 点<PowerIconKeywords:力量>（无论它们在哪）。召唤 1 名「灰烬融蚀体」。,すべての敵がこの戦闘中に[Power:Arg1]点の<PowerIconKeywords:力>を獲得する。「灰燼の融蝕生物」を1体召喚する。,,,,,,,,,,,,,,
Skill_72114_Desc,aQIy,j技能表_Skill_A.csv,2464,Skill,Desc,,造成 <Damage:[Damage:Arg1]> 点伤害 [AttackTimes:Arg2] 次。施加 2 回合<VulnerabilityIconKeywords:易伤>。,<Damage:[Damage:Arg1]>ダメージを[AttackTimes:Arg2]回与える。2点の<VulnerabilityIconKeywords:易傷>を付与する。,,,,,,,,,,,,,,
Skill_72113_Desc,aQIr,j技能表_Skill_A.csv,2466,Skill,Desc,,造成 <Damage:[Damage:Arg2]> 点伤害 [AttackTimes:Arg3] 次。所有敌人在本场战斗中回合结束时获得 <Block:[Block:Arg1]> 点护盾（无论它们在哪）。,<Damage:[Damage:Arg2]>ダメージを[AttackTimes:Arg3]回与える。この戦闘中、すべての敵がターン終了後に<Block:[Block:Arg1]>点のシールドを獲得する。,,,,,,,,,,,,,,
Skill_72112_Desc,aQIk,j技能表_Skill_A.csv,2467,Skill,Desc,,召唤 3 个「灰烬融蚀体」和 1 个「紧急联络」，自身死亡。,「灰燼の融蝕生物」を3体と「緊急連絡」を1体召喚し、自身は死亡する。,,,,,,,,,,,,,,
Skill_72124_Desc,aQJJ,j技能表_Skill_A.csv,2468,Skill,Desc,,所有敌人在本场战斗中获得 [Power:Arg1] 点<PowerIconKeywords:力量>（无论它们在哪）。召唤 1 名「灰烬融蚀体」。,すべての敵がこの戦闘中に[Power:Arg1]点の<PowerIconKeywords:力>を獲得する。「灰燼の融蝕生物」を1体召喚する。,,,,,,,,,,,,,,
Skill_74028_Desc,aQNZ,j技能表_Skill_A.csv,2469,Skill,Desc,,造成 <Damage:[Damage:Arg1]> 点伤害 [AttackTimes:Arg2] 次。施加 3 回合<VulnerabilityIconKeywords:易伤>。,<Damage:[Damage:Arg1]>ダメージを[AttackTimes:Arg2]回与える。3点の<VulnerabilityIconKeywords:易傷>を付与する。,,,,,,,,,,,,,,
Skill_74029_Name,aQOi,j技能表_Skill_A.csv,2471,Skill,Name,,永恒共生,永続共生,,,,,,,,,,,,,,
Skill_74029_Desc,aQOg,j技能表_Skill_A.csv,2471,Skill,Desc,,所有敌人在本场战斗中永久获得 [Power:Arg1] 点<PowerIconKeywords:力量>（无论它们在哪）。召唤 1 名「紧急联络」和 1 名「灰烬融蚀体」。,すべての敵がこの戦闘中に[Power:Arg1]点の永続的な<PowerIconKeywords:力>を獲得する。「緊急連絡」を1体と「灰燼の融蝕生物」を1体召喚する。,,,,,,,,,,,,,,
Skill_73527_Desc,aQNE,j技能表_Skill_A.csv,2473,Skill,Desc,,造成 <Damage:[Damage:Arg1]> 点伤害 [AttackTimes:Arg2] 次，施加 1 回合<WeaknessIconKeywords:虚弱>。,<Damage:[Damage:Arg1]>ダメージを[AttackTimes:Arg2]回与え、1点の<WeaknessIconKeywords:虚弱>を付与する。,,,,,,,,,,,,,,
Skill_73525_Desc,aQNq,j技能表_Skill_A.csv,2475,Skill,Desc,,造成 <Damage:[Damage:Arg1]> 点伤害 [AttackTimes:Arg2] 次，施加 2 回合<BlindingKeywords:致盲>。,<Damage:[Damage:Arg1]>ダメージを[AttackTimes:Arg2]回与え、2点の<BlindingKeywords:盲目>を付与する。,,,,,,,,,,,,,,
Skill_73475_Desc,aQMf,j技能表_Skill_A.csv,2477,Skill,Desc,,将 1 张「狂放」洗入抽牌堆。,「奔放」を1枚山札に追加する。,,,,,,,,,,,,,,
Skill_80355_Name,bsCf,j技能表_Skill_A.csv,2480,Skill,Name,克莱门汀,生命重构治疗,生命再構築治療,,,,,,,,,,,,,,
Skill_80355_Desc,bsCd,j技能表_Skill_A.csv,2480,Skill,Desc,克莱门汀,造成 <Damage:[Damage:Arg1]> 点伤害 [AttackTimes:Arg2] 次。回合开始时，随机对 2 张没有「融蚀彩墨」的指令施加「融蚀彩墨」。,<Damage:[Damage:Arg1]>ダメージを[AttackTimes:Arg2]回与える。ターン開始時、「融蝕彩墨」を受けていないランダムな指令カード2枚に「融蝕彩墨」を付与する。,,,,,,,,,,,,,,
Skill_80969_Name,bsGJ,j技能表_Skill_A.csv,2481,Skill,Name,克莱门汀,心理绞杀,心理的絞殺,,,,,,,,,,,,,,
Skill_80969_Desc,bsGH,j技能表_Skill_A.csv,2481,Skill,Desc,克莱门汀,造成 <Damage:[Damage:Arg1]> 点伤害 [AttackTimes:Arg2] 次，获得 1 层<MadnessIconKeywords:疯狂>。打出觉醒卡后改意图更为「痛苦榨取」。,<Damage:[Damage:Arg1]>ダメージを[AttackTimes:Arg2]回与え、1点の<MadnessIconKeywords:発狂>を獲得する。霊知覚醒カードを使用した場合、行動予測は「苦痛の榨取」に転換する。,,,,,,,,,,,,,,
Skill_73476_Desc,aQMm,j技能表_Skill_A.csv,2482,Skill,Desc,克莱门汀,造成 <Damage:[Damage:Arg1]> 点伤害 [AttackTimes:Arg2] 次，获得 [Power:Arg3] 点<PowerIconKeywords:力量>。打出觉醒卡后意图更改为「心理绞杀」。,<Damage:[Damage:Arg1]>ダメージを[AttackTimes:Arg2]回与え、[Power:Arg3]点の<PowerIconKeywords:力>を獲得する。霊知覚醒カードを使用した場合、行動予測は「心理的絞殺」に転換する。,,,,,,,,,,,,,,
Skill_73482_Name,aQMQ,j技能表_Skill_A.csv,2483,Skill,Name,克莱门汀,精神抚慰,心のケア,,,,,,,,,,,,,,
Skill_73482_Desc,aQMO,j技能表_Skill_A.csv,2483,Skill,Desc,克莱门汀,施加 2 回合<WeaknessIconKeywords:虚弱>和<FragileIconKeywords:脆弱>。移除自身一半层数的<MadnessIconKeywords:疯狂>和<PowerIconKeywords:力量>，回复已损失生命的 10%。,2点の<WeaknessIconKeywords:虚弱>と<FragileIconKeywords:脆弱>を付与。自身のの<MadnessIconKeywords:発狂>と<PowerIconKeywords:力>を半分除去し、失ったライフの10%を回復する。,,,,,,,,,,,,,,
Skill_74036_Desc,aQOu,j技能表_Skill_A.csv,2486,Skill,Desc,,回合开始时，随机对 2 张没有「融蚀彩墨」的指令施加「融蚀彩墨」。,ターン開始時、「融蝕彩墨」を受けていないランダムな指令カード2枚に「融蝕彩墨」を付与する。,,,,,,,,,,,,,,
Skill_74037_Desc,aQOB,j技能表_Skill_A.csv,2487,Skill,Desc,,回合开始时，随机对 2 张没有「融蚀彩墨」的指令施加「融蚀彩墨」。,ターン開始時、「融蝕彩墨」を受けていないランダムな指令カード2枚に「融蝕彩墨」を付与する。,,,,,,,,,,,,,,
Skill_74038_Desc,aQOI,j技能表_Skill_A.csv,2488,Skill,Desc,,回合开始时，随机对 2 张没有「融蚀彩墨」的指令施加「融蚀彩墨」。,ターン開始時、「融蝕彩墨」を受けていないランダムな指令カード2枚に「融蝕彩墨」を付与する。,,,,,,,,,,,,,,
Skill_74039_Desc,aQOP,j技能表_Skill_A.csv,2489,Skill,Desc,,回合开始时，随机对 2 张没有「融蚀彩墨」的指令施加「融蚀彩墨」。,ターン開始時、「融蝕彩墨」を受けていないランダムな指令カード2枚に「融蝕彩墨」を付与する。,,,,,,,,,,,,,,
Skill_72191_Desc,aQLR,j技能表_Skill_A.csv,2495,Skill,Desc,,研究要求：造成 40 次伤害。研究成果：对所有敌人造成 [Arg1] 层<WeaknessIconKeywords:虚弱>和<VulnerabilityIconKeywords:易伤>，使他们失去 [Arg2] 点<ExhaustionIconKeywords:力量>。,研究要求：ダメージを40回与える。研究成果：すべての敵に[Arg1]点の<WeaknessIconKeywords:虚弱>と<VulnerabilityIconKeywords:易傷>を付与し、[Arg2]点の力を減少させる。,,,,,,,,,,,,,,
Skill_72191_BattleDesc,aQLQ,j技能表_Skill_A.csv,2495,Skill,BattleDesc,,研究要求：造成 30 次伤害。研究成果：对所有敌人造成 [Arg1] 层<WeaknessIconKeywords:虚弱>和<VulnerabilityIconKeywords:易伤>，使他们失去 [Arg2] 点<ExhaustionIconKeywords:力量>。,研究要求：ダメージを40回与える。研究成果：すべての敵に[Arg1]点の<WeaknessIconKeywords:虚弱>と<VulnerabilityIconKeywords:易傷>を付与し、[Arg2]点の力を減少させる。,,,,,,,,,,,,,,
Skill_72187_Desc,aQLp,j技能表_Skill_A.csv,2496,Skill,Desc,,研究要求：造成 15 次护盾或治疗。研究成果：获得 [Arg1] 点算力，抽 [Arg1] 张牌。算力上限和抽牌数 + [Arg2]。,研究要求：シールド獲得またはライフ回復を15回行う。研究成果：[Arg1]点の行動力を獲得し、カードを[Arg1]枚引く。行動力上限とドロー枚数+[Arg2]。,,,,,,,,,,,,,,
Skill_72187_BattleDesc,aQLo,j技能表_Skill_A.csv,2496,Skill,BattleDesc,,研究要求：造成 10 次护盾或治疗。研究成果：获得 [Arg1] 点算力，抽 [Arg1] 张牌。算力上限和抽牌数 + [Arg2]。,研究要求：シールド獲得またはライフ回復を15回行う。研究成果：[Arg1]点の行動力を獲得し、カードを[Arg1]枚引く。行動力上限とドロー枚数+[Arg2]。,,,,,,,,,,,,,,
Skill_72179_Desc,aQKl,j技能表_Skill_A.csv,2501,Skill,Desc,,研究要求：造成 40 次伤害。研究成果：对所有敌人造成 [Arg1] 层<WeaknessIconKeywords:虚弱>和<VulnerabilityIconKeywords:易伤>，使他们失去 [Arg2] 点<ExhaustionIconKeywords:力量>。,研究要求：ダメージを40回与える。研究成果：すべての敵に[Arg1]点の<WeaknessIconKeywords:虚弱>と<VulnerabilityIconKeywords:易傷>を付与し、[Arg2]点の力を減少させる。,,,,,,,,,,,,,,
Skill_72179_BattleDesc,aQKk,j技能表_Skill_A.csv,2501,Skill,BattleDesc,,研究要求：造成 30 次伤害。研究成果：对所有敌人造成 [Arg1] 层<WeaknessIconKeywords:虚弱>和<VulnerabilityIconKeywords:易伤>，使他们失去 [Arg2] 点<ExhaustionIconKeywords:力量>。,研究要求：ダメージを30回与える。研究成果：すべての敵に[Arg1]点の<WeaknessIconKeywords:虚弱>と<VulnerabilityIconKeywords:易傷>を付与し、[Arg2]点の力を減少させる。,,,,,,,,,,,,,,
Skill_72183_Desc,aQKN,j技能表_Skill_A.csv,2502,Skill,Desc,,研究要求：造成 15 次护盾或治疗。研究成果：获得 [Arg1] 点算力，抽 [Arg1] 张牌。算力上限和抽牌数 + [Arg2]。,研究要求：シールド獲得またはライフ回復を15回行う。研究成果：[Arg1]点の行動力を獲得し、カードを[Arg1]枚引く。行動力上限とドロー枚数+[Arg2]。,,,,,,,,,,,,,,
Skill_72183_BattleDesc,aQKM,j技能表_Skill_A.csv,2502,Skill,BattleDesc,,研究要求：造成 10 次护盾或治疗。研究成果：获得 [Arg1] 点算力，抽 [Arg1] 张牌。算力上限和抽牌数 + [Arg2]。,研究要求：シールド獲得またはライフ回復を10回行う。研究成果：[Arg1]点の行動力を獲得し、カードを[Arg1]枚引く。行動力上限とドロー枚数+[Arg2]。,,,,,,,,,,,,,,
Skill_72189_Desc,aQLD,j技能表_Skill_A.csv,2508,Skill,Desc,,对所有敌人造成 [Arg1] 层<WeaknessIconKeywords:虚弱>和<VulnerabilityIconKeywords:易伤>，使他们失去 [Arg2] 点<ExhaustionIconKeywords:力量>。,すべての敵に[Arg1]点の<WeaknessIconKeywords:虚弱>と<VulnerabilityIconKeywords:易傷>を付与し、[Arg2]点の力を減少させる。,,,,,,,,,,,,,,
Skill_72189_BattleDesc,aQLC,j技能表_Skill_A.csv,2508,Skill,BattleDesc,,对所有敌人造成 [Arg1] 层<WeaknessIconKeywords:虚弱>和<VulnerabilityIconKeywords:易伤>，使他们失去 [Arg2] 点<ExhaustionIconKeywords:力量>。,すべての敵に[Arg1]点の<WeaknessIconKeywords:虚弱>と<VulnerabilityIconKeywords:易傷>を付与し、[Arg2]点の力を減少させる。,,,,,,,,,,,,,,
Skill_81433_Name,btSl,j技能表_Skill_A.csv,2514,Skill,Name,,回溯救援,遡行救援,,,,,,,,,,,,,,
Skill_81433_Desc,btSj,j技能表_Skill_A.csv,2514,Skill,Desc,,驱散所有唤醒体的<CardKeyWord:封印>状态和暴击率下降效果，移除敌方「加固」状态。将上回合最后打出的 5 张不同非衍生指令卡原始复制置入手中，使它们算力消耗变为 0 并获得<DepleteIconKeywords:消耗>和<NothingnessIconKeywords:虚无>。,すべての覚醒体の<CardKeyWord:封印>とクリティカル率低下効果を解除し、敵の「堅固」を除去する。前のターンで最後に使用した5枚の異なる非派生指令カードの未強化コピーを手札に追加し、それらの行動力消費を0にし、<DepleteIconKeywords:除外>と<NothingnessIconKeywords:虚無>を付与する。,,,,,,,,,,,,,,
Skill_72827_Desc,aQLY,j技能表_Skill_A.csv,2515,Skill,Desc,,对所有敌人造成其最大生命 [Arg1]％ 的<RealDamage:固定伤害>，该伤害不会低于自身最大生命的 [Arg2]％。,すべての敵にその最大ライフの[Arg1]%の<RealDamage:固定ダメージ>を与える。このダメージは自身の最大ライフの[Arg2]%を下回らない。,,,,,,,,,,,,,,
Skill_74042_Desc,aQPd,j技能表_Skill_A.csv,2517,Skill,Desc,,打出非消耗指令卡时若「备用脑缸」中无该卡牌，将其 [Arg1] 张消耗复制填入「备用脑缸」，每回合最多生效 1 次。打出后将最多 3 张「备用脑缸」中的牌置入手中。,非除外の指令カードを使用後、「予備の脳缶」にそのカードがない場合、「除外」が付与された未強化コピーを[Arg1]枚「予備の脳缶」に置く。毎ターン最大1回まで発動する。使用後、「予備の脳缶」の中のカードを最大3枚まで手札に追加する。,,,,,,,,,,,,,,
Skill_74083_Desc,aQPk,j技能表_Skill_A.csv,2518,Skill,Desc,,所有唤醒体获得 <Energy:[Arg1]> 点狂气，虚弱和易伤所有敌人 2 回合。,すべての覚醒体は<Energy:[Arg1]>狂気を獲得し、すべての敵に2点の虚弱と易傷を付与する。,,,,,,,,,,,,,,
Skill_77683_Desc,aQTk,j技能表_Skill_A.csv,2548,Skill,Desc,,造成 <Damage:[Damage:Arg1]> 点伤害 [AttackTimes:Arg2] 次，施加 [Poison:Arg3] 层<IntoxicationIconKeywords:中毒>，将 2 张「融蚀之芯」洗入抽牌堆。失去 3 层「终末」。,<Damage:[Damage:Arg1]>ダメージを[AttackTimes:Arg2]回与え、[Poison:Arg3]点の<IntoxicationIconKeywords:毒>を付与する。「融蝕の核」を2枚山札に追加する。「終末」を3点失う。,,,,,,,,,,,,,,
Skill_77680_Desc,aQSP,j技能表_Skill_A.csv,2549,Skill,Desc,,造成 <Damage:[Damage:Arg1]> 点伤害 [AttackTimes:Arg2] 次，为随机三张卡牌添加「融蚀彩墨」，并施加 1 回合<WeaknessIconKeywords:虚弱>、<FragileIconKeywords:脆弱>、<VulnerabilityIconKeywords:易伤>、<BlindingKeywords:致盲> 状态。失去 2 层终末。,<Damage:[Damage:Arg1]>ダメージを[AttackTimes:Arg2]回与える。ランダムなカード3枚に「融蝕彩墨」を付与する。[Arg3]点の<WeaknessIconKeywords:虚弱>、<FragileIconKeywords:脆弱>、<VulnerabilityIconKeywords:易傷>、<BlindingKeywords:盲目>を付与する。「終末」を2点失う。,,,,,,,,,,,,,,
Skill_77681_Desc,aQSW,j技能表_Skill_A.csv,2550,Skill,Desc,,造成 <Damage:[Damage:Arg1]> 点伤害 [AttackTimes:Arg2] 次，获得 2 层「终末」。,<Damage:[Damage:Arg1]>ダメージを[AttackTimes:Arg2]回与える。2点の「終末」を獲得。,,,,,,,,,,,,,,
Skill_77678_Desc,aQSI,j技能表_Skill_A.csv,2551,Skill,Desc,,造成 <Damage:[Damage:Arg1]> 点伤害 [AttackTimes:Arg2] 次，获得 2 层「终末」。,<Damage:[Damage:Arg1]>ダメージを[AttackTimes:Arg2]回与える。2点の「終末」を2点獲得。,,,,,,,,,,,,,,
Skill_77682_Desc,aQTd,j技能表_Skill_A.csv,2552,Skill,Desc,,关闭深渊之门并移除其他敌人。转化为半机械形态，恢复所有生命并根据当前终末层数获得额外的最大生命和 15 层「融蚀雾盾」。,深淵の門を閉じ、他の敵を除去する。半機械形態に転換し、すべてのライフを回復し、現在の「終末」の点数に応じて追加の最大ライフと15点の「融蝕の霧の盾」を獲得する。,,,,,,,,,,,,,,
Skill_77846_Desc,aQTM,j技能表_Skill_A.csv,2555,Skill,Desc,,造成 <Damage:[Damage:Arg1]> 点伤害 [Arg2] 次，获得 [Power:Arg3] 点<PowerIconKeywords:力量>。场上每有 1 名其它敌人存活，获得 1 层「终末」。如果击破了所有其他敌人，意图变为「自毁改造」。,<Damage:[Damage:Arg1]>ダメージを[Arg2]回与え、[Power:Arg3]点の<PowerIconKeywords:力>を獲得する。戦場に他の敵が1体生存しているごとに、「終末」を1点獲得する。他のすべての敵を撃破した場合、行動予測は「自滅改造」に転換する。,,,,,,,,,,,,,,
Skill_77851_Desc,aQUa,j技能表_Skill_A.csv,2557,Skill,Desc,,施加 2 回合<WeaknessIconKeywords:虚弱>，获得 [Arg2] 层<ReinforcePVEKeywords:加固>。,2点の<WeaknessIconKeywords:虚弱>を付与し、[Arg2]点の<ReinforcePVEKeywords:堅固>を獲得する。,,,,,,,,,,,,,,
Skill_79478_Name,bqYG,j技能表_Skill_A.csv,2560,Skill,Name,,巢群意志,巣の意志,,,,,,,,,,,,,,
Skill_79478_Desc,bqYE,j技能表_Skill_A.csv,2560,Skill,Desc,,将所有手牌弃掉，更换为「虫族」的随机指令卡。「虫族」每回合能够释放 2 次狂气爆发。,すべての手札を捨て、「虫族」のランダムな指令カードに置き換える。「虫族」は毎ターン狂気解放を2回発動可能。,,,,,,,,,,,,,,
Skill_80591_Desc,bsDh,j技能表_Skill_A.csv,2561,Skill,Desc,,造成 <Damage:[Damage:Arg1]> 点伤害 [AttackTimes:Arg2] 次。获得 1 层<MadnessIconKeywords:疯狂>。,<Damage:[Damage:Arg1]>ダメージを[AttackTimes:Arg2]回与える。1点の<MadnessIconKeywords:発狂>を獲得。,,,,,,,,,,,,,,
Skill_80590_Name,bsDc,j技能表_Skill_A.csv,2562,Skill,Name,,咬噬,齧る,,,,,,,,,,,,,,
Skill_80590_Desc,bsDa,j技能表_Skill_A.csv,2562,Skill,Desc,,造成 <Damage:[Damage:Arg1]> 点伤害 [AttackTimes:Arg2] 次。<VulnerabilityIconKeywords:易伤> [Arg3] 回合。,<Damage:[Damage:Arg1]>ダメージを[AttackTimes:Arg2]回与える。[Arg3]点の<VulnerabilityIconKeywords:易傷>を付与。,,,,,,,,,,,,,,
Skill_80588_Name,bsCO,j技能表_Skill_A.csv,2563,Skill,Name,,戳刺,突き刺す,,,,,,,,,,,,,,
Skill_80588_Desc,bsCM,j技能表_Skill_A.csv,2563,Skill,Desc,,造成 <Damage:[Damage:Arg1]> 点伤害 [AttackTimes:Arg2] 次。,<Damage:[Damage:Arg1]>ダメージを[AttackTimes:Arg2]回与える。,,,,,,,,,,,,,,
Skill_80587_Desc,bsCF,j技能表_Skill_A.csv,2564,Skill,Desc,,清除负面状态，获得 [Power:Arg1] 点<PowerIconKeywords:力量>。,デバフ状態を解除し、[Power:Arg1]点の<PowerIconKeywords:力>を獲得する。,,,,,,,,,,,,,,
Skill_80585_Name,bsCt,j技能表_Skill_A.csv,2565,Skill,Name,,认知汲取,認知の抽出,,,,,,,,,,,,,,
Skill_80585_Desc,bsCr,j技能表_Skill_A.csv,2565,Skill,Desc,,将 1 张「巢群捕食」置入手中，所有唤醒体暴击率下降 [Arg1]％。,「巣の捕食」を1枚手札に追加し、すべての覚醒体のクリティカル率が[Arg1]%減少する。,,,,,,,,,,,,,,
Skill_80586_Name,bsCA,j技能表_Skill_A.csv,2566,Skill,Name,,螫针,針を刺す,,,,,,,,,,,,,,
Skill_80586_Desc,bsCy,j技能表_Skill_A.csv,2566,Skill,Desc,,造成 <Damage:[Damage:Arg1]> 点伤害 [AttackTimes:Arg2] 次。若本回合受到过暴击，意图变为「认知汲取」。,<Damage:[Damage:Arg1]>ダメージを[AttackTimes:Arg2]回与える。このターンにクリティカルヒットを受けていた場合、行動予測は「認知の抽出」に転換する。,,,,,,,,,,,,,,
Skill_80589_Desc,bsCT,j技能表_Skill_A.csv,2567,Skill,Desc,,造成 <Damage:[Damage:Arg1]> 点伤害 [AttackTimes:Arg2] 次。<WeaknessIconKeywords:虚弱> [Arg3] 回合。,<Damage:[Damage:Arg1]>ダメージを[AttackTimes:Arg2]回与える。[Arg3]点の<WeaknessIconKeywords:虚弱>を付与する。,,,,,,,,,,,,,,
Skill_80606_Name,bsDx,j技能表_Skill_A.csv,2568,Skill,Name,,心智寄生,精神寄生,,,,,,,,,,,,,,
Skill_80606_Desc,bsDv,j技能表_Skill_A.csv,2568,Skill,Desc,,造成 <Damage:[Damage:Arg1]> 点伤害 [AttackTimes:Arg2] 次。赋予仍在手中保留的卡牌 [Arg3] 层「迟缓」。,<Damage:[Damage:Arg1]>ダメージを[AttackTimes:Arg2]回与える。手札に保持したカードに[Arg3]点の「遅延」を付与する。,,,,,,,,,,,,,,
Skill_80607_Desc,bsDC,j技能表_Skill_A.csv,2569,Skill,Desc,,造成 <Damage:[Damage:Arg1]> 点伤害 [AttackTimes:Arg2] 次。,<Damage:[Damage:Arg1]>ダメージを[AttackTimes:Arg2]回与える。,,,,,,,,,,,,,,
Skill_80605_Name,bsDq,j技能表_Skill_A.csv,2570,Skill,Name,,神经毒素,神経毒素,,,,,,,,,,,,,,
Skill_80605_Desc,bsDo,j技能表_Skill_A.csv,2570,Skill,Desc,,将 [Arg1] 张「巢群捕食」置入手中。赋予抽牌堆随机 [Arg2] 张卡牌 [Arg3] 层「迟缓」。,「巣の捕食」を[Arg1]枚手札に追加する。山札のランダムなカード[Arg2]枚に[Arg3]点の「遅延」を付与する。,,,,,,,,,,,,,,
Skill_80768_Name,bsGv,j技能表_Skill_A.csv,2571,Skill,Name,,神经毒素,神経毒素,,,,,,,,,,,,,,
Skill_80768_Desc,bsGt,j技能表_Skill_A.csv,2571,Skill,Desc,,将 [Arg1] 张「巢群捕食」置入手中。赋予抽牌堆随机 [Arg2] 张卡牌 [Arg3] 层「迟缓」。,「巣の捕食」を[Arg1]枚手札に追加する。山札のランダムなカード[Arg2]枚に[Arg3]点の「遅延」を付与する。,,,,,,,,,,,,,,
Skill_80608_Name,bsDL,j技能表_Skill_A.csv,2572,Skill,Name,,狩猎时刻·破甲,狩りの瞬間-破甲,,,,,,,,,,,,,,
Skill_80608_Desc,bsDJ,j技能表_Skill_A.csv,2572,Skill,Desc,,造成 <Damage:[Damage:Arg1]> 点伤害 [AttackTimes:Arg2] 次。<FragileIconKeywords:脆弱> [Arg3] 回合。,<Damage:[Damage:Arg1]>ダメージを[AttackTimes:Arg2]回与える。[Arg3]点の<FragileIconKeywords:脆弱>を付与する。,,,,,,,,,,,,,,
Skill_80609_Name,bsDS,j技能表_Skill_A.csv,2573,Skill,Name,,狩猎时刻·重创,狩りの瞬間-重傷,,,,,,,,,,,,,,
Skill_80609_Desc,bsDQ,j技能表_Skill_A.csv,2573,Skill,Desc,,造成 <Damage:[Damage:Arg1]> 点伤害 [AttackTimes:Arg2] 次。<HeavyInjuryKeywords:重创> [Arg3] 回合。,<Damage:[Damage:Arg1]>ダメージを[AttackTimes:Arg2]回与える。[Arg3]点の<HeavyInjuryKeywords:重傷>を付与する。,,,,,,,,,,,,,,
Skill_80766_Name,bsGh,j技能表_Skill_A.csv,2574,Skill,Name,,幼虫繁育,幼虫の飼育,,,,,,,,,,,,,,
Skill_80766_Desc,bsGf,j技能表_Skill_A.csv,2574,Skill,Desc,,召唤 [Arg1] 名「蜕化者」在前方。,「変質体」を[Arg1]体前列に召喚する。,,,,,,,,,,,,,,
Skill_80765_Name,bsGa,j技能表_Skill_A.csv,2575,Skill,Name,,毒刺散射,毒針の散弾,,,,,,,,,,,,,,
Skill_80765_Desc,bsFY,j技能表_Skill_A.csv,2575,Skill,Desc,,造成 <Damage:[Damage:Arg1]> 点伤害 [AttackTimes:Arg2] 次，施加  [Arg3]％ 造成伤害的中毒，每有 1 点护盾该伤害降低 1。若该伤害触发了「死亡抵抗」，将剩余的「死亡抵抗」减半。,<Damage:[Damage:Arg1]>ダメージを[AttackTimes:Arg2]回与え、ダメージの[Arg3]%の毒を付与する。シールド1点につき、ダメージが1減少する。このダメージで「死亡抵抗」が発動した場合、残りの「死亡抵抗」は半減する。,,,,,,,,,,,,,,
Skill_80760_Name,bsFy,j技能表_Skill_A.csv,2576,Skill,Name,,蛰伏,休眠,,,,,,,,,,,,,,
Skill_80760_Desc,bsFw,j技能表_Skill_A.csv,2576,Skill,Desc,,切换到该意图后，本回合承受的伤害提高 100％。释放后造成 [Arg1] 层<WeaknessIconKeywords:虚弱>和<VulnerabilityIconKeywords:易伤>。,この行動予測に転換した後、このターンに受けるダメージが100%増加する。発動後、[Arg1]点の<WeaknessIconKeywords:虚弱>と<VulnerabilityIconKeywords:易傷>を付与する。,,,,,,,,,,,,,,
Skill_80763_Name,bsFM,j技能表_Skill_A.csv,2577,Skill,Name,,散播痛楚,苦痛の拡散,,,,,,,,,,,,,,
Skill_80763_Desc,bsFK,j技能表_Skill_A.csv,2577,Skill,Desc,,造成 <Damage:[Damage:Arg1]> 点伤害 [AttackTimes:Arg2] 次。将 [Arg3] 张「巢群捕食」置入手中。若本回合击碎了「旧日余烬」，变为低伤害的「心智寄生」。,<Damage:[Damage:Arg1]>ダメージを[AttackTimes:Arg2]回与える。「巢群の捕食」を[Arg3]枚手札に追加する。このターンに「古の残り火」がすべて除去された場合、低ダメージの「精神寄生」に転換する。,,,,,,,,,,,,,,
Skill_80755_Name,bsEP,j技能表_Skill_A.csv,2578,Skill,Name,,散播剧毒,猛毒散布,,,,,,,,,,,,,,
Skill_80755_Desc,bsEN,j技能表_Skill_A.csv,2578,Skill,Desc,,造成 <Damage:[Damage:Arg1]> 点伤害 [AttackTimes:Arg2] 次。将 [Arg3] 张「巢群捕食」置入手中。若本回合击碎了「旧日余烬」，变为无伤害的「神经毒素」。,<Damage:[Damage:Arg1]>ダメージを[AttackTimes:Arg2]回与える。「巢群の捕食」を[Arg3]枚手札に追加する。このターンに「古の残り火」がすべて除去された場合、ダメージのない「神経毒素」に変化する。,,,,,,,,,,,,,,
Skill_80753_Name,bsEB,j技能表_Skill_A.csv,2579,Skill,Name,,心智寄生,精神寄生,,,,,,,,,,,,,,
Skill_80753_Desc,bsEz,j技能表_Skill_A.csv,2579,Skill,Desc,,造成 <Damage:[Damage:Arg1]> 点伤害 [AttackTimes:Arg2] 次。赋予仍在手中保留的卡牌 [Arg3] 层「迟缓」，将 1 张「巢群捕食」置入手中。,<Damage:[Damage:Arg1]>ダメージを[AttackTimes:Arg2]回与える。手札に保持したカードに[Arg3]点の「遅延」を付与する。「巢群の捕食」を1枚手札に追加する。,,,,,,,,,,,,,,
Skill_80767_Name,bsGo,j技能表_Skill_A.csv,2580,Skill,Name,,神经毒素,神経毒素,,,,,,,,,,,,,,
Skill_80767_Desc,bsGm,j技能表_Skill_A.csv,2580,Skill,Desc,,将 [Arg1] 张「巢群捕食」置入手中。赋予抽牌堆随机 [Arg2] 张卡牌 [Arg3] 层「迟缓」。,「巣の捕食」を[Arg1]枚手札に追加する。山札のランダムなカード[Arg2]枚に[Arg3]点の「遅延」を付与する。,,,,,,,,,,,,,,
Skill_80762_Name,bsFF,j技能表_Skill_A.csv,2581,Skill,Name,,幼虫繁育,幼虫の飼育,,,,,,,,,,,,,,
Skill_80762_Desc,bsFD,j技能表_Skill_A.csv,2581,Skill,Desc,,召唤 [Arg1] 名「蜕化者」在前方。,「変質体」を[Arg1]体前列に召喚する。,,,,,,,,,,,,,,
Skill_81071_Name,bsGQ,j技能表_Skill_A.csv,2582,Skill,Name,,幼虫繁育,幼虫の飼育,,,,,,,,,,,,,,
Skill_81071_Desc,bsGO,j技能表_Skill_A.csv,2582,Skill,Desc,,召唤 [Arg1] 名「蜕化者」在前方。,「変質体」を[Arg1]体前列に召喚する。,,,,,,,,,,,,,,
Skill_80751_Name,bsEn,j技能表_Skill_A.csv,2583,Skill,Name,,毒刺散射,毒針の散弾,,,,,,,,,,,,,,
Skill_80751_Desc,bsEl,j技能表_Skill_A.csv,2583,Skill,Desc,,造成 <Damage:[Damage:Arg1]> 点伤害 [AttackTimes:Arg2] 次，施加  [Arg3]％ 造成伤害的中毒，每有 1 点护盾该伤害降低 1。若该伤害触发了「死亡抵抗」，将剩余的「死亡抵抗」减半。,<Damage:[Damage:Arg1]>ダメージを[AttackTimes:Arg2]回与え、ダメージの[Arg3]%の毒を付与する。シールド1点につき、ダメージが1減少する。このダメージで「死亡抵抗」が発動した場合、残りの「死亡抵抗」は半減する。,,,,,,,,,,,,,,
Skill_80750_Desc,bsEe,j技能表_Skill_A.csv,2584,Skill,Desc,,切换到该意图后，本回合承受的主动伤害提高 100％。释放后造成 [Arg1] 层<WeaknessIconKeywords:虚弱>和<VulnerabilityIconKeywords:易伤>。,この行動予測に転換した後、このターンに受けるアクティブダメージが100%増加する。発動後、[Arg1]点の<WeaknessIconKeywords:虚弱>と<VulnerabilityIconKeywords:易傷>を付与する。,,,,,,,,,,,,,,
Skill_80756_Desc,bsEU,j技能表_Skill_A.csv,2585,Skill,Desc,,切换到该意图后，本回合承受的主动伤害提高 100％。释放后造成 [Arg1] 层<WeaknessIconKeywords:虚弱>和<VulnerabilityIconKeywords:易伤>。,この行動予測に転換した後、このターンに受けるアクティブダメージが100％増加する。発動後、[Arg1]点の<WeaknessIconKeywords:虚弱>と<VulnerabilityIconKeywords:易傷>を付与する。,,,,,,,,,,,,,,
Skill_80769_Name,bsGC,j技能表_Skill_A.csv,2586,Skill,Name,,拟态,擬態,,,,,,,,,,,,,,
Skill_80769_Desc,bsGA,j技能表_Skill_A.csv,2586,Skill,Desc,,召唤 [Arg1] 名「初变者」在前方，获得 1 层临时<MadnessIconKeywords:疯狂>。,「最初の変異体」を[Arg1]体前列に召喚する。1点の一時的な<MadnessIconKeywords:発狂>を獲得。,,,,,,,,,,,,,,
Skill_80759_Name,bsFr,j技能表_Skill_A.csv,2587,Skill,Name,,呼唤同族,同族召喚,,,,,,,,,,,,,,
Skill_80759_Desc,bsFp,j技能表_Skill_A.csv,2587,Skill,Desc,,移除 1 层「宇宙幽能」进入「隐匿」状态，召唤 [Arg1] 个「虫族」，它们每回合获得 [Arg2] 层<MadnessIconKeywords:疯狂>。其它敌人全部死亡时，解除「隐匿」。,1点の「宇宙のエーテル」を除去し、「隠密」状態に移行する。[Arg1]体の「虫族」を召喚し、それらは毎ターン[Arg2]点の<MadnessIconKeywords:発狂>を獲得する。すべての敵が死亡すると「隠密」は解除される。,,,,,,,,,,,,,,
Skill_80754_Name,bsEI,j技能表_Skill_A.csv,2588,Skill,Name,,呼唤同族,同族召喚,,,,,,,,,,,,,,
Skill_80754_Desc,bsEG,j技能表_Skill_A.csv,2588,Skill,Desc,,移除 1 层「宇宙幽能」进入「隐匿」状态，召唤 [Arg1] 个「虫族」，它们每回合获得 [Arg2] 层<MadnessIconKeywords:疯狂>。其它敌人全部死亡时，解除「隐匿」。,1点の「宇宙のエーテル」を除去し、「隠密」状態に移行する。[Arg1]体の「虫族」を召喚し、それらは毎ターン[Arg2]点の<MadnessIconKeywords:発狂>を獲得する。すべての敵が死亡すると「隠密」は解除される。,,,,,,,,,,,,,,
Skill_81343_Name,btSe,j技能表_Skill_A.csv,2589,Skill,Name,,虫巢干涉,虫巣の干渉,,,,,,,,,,,,,,
Skill_81343_Desc,btSc,j技能表_Skill_A.csv,2589,Skill,Desc,,移除 1 层「宇宙幽能」，<WeaknessIconKeywords:虚弱>和<HeavyInjuryKeywords:重创> [Arg1] 回合，对抽牌堆 [Arg2] 张指令卡施加「融蚀彩墨」。,1点の「宇宙のエーテル」を除去し、[Arg1]点の<WeaknessIconKeywords:虚弱>と<HeavyInjuryKeywords:重創>を付与する。山札にある指令カード[Arg2]枚に「融蝕彩墨」を付与する。,,,,,,,,,,,,,,
Skill_80752_Name,bsEu,j技能表_Skill_A.csv,2590,Skill,Name,,蜕变之刻,変異の瞬間,,,,,,,,,,,,,,
Skill_80752_Desc,bsEs,j技能表_Skill_A.csv,2590,Skill,Desc,,造成 <Damage:[Damage:Arg1]> 点<PunctureDamagewords:穿刺>伤害 [AttackTimes:Arg2] 次。 回复 [Arg3]％ 已损失生命，每层「宇宙幽能」使最大生命提高 [Arg5]%。获得 [Arg4] 层「宇宙轮回」：受到致命伤害后，回复所有生命并获得 30 层临时加固。,<Damage:[Damage:Arg1]><PunctureDamagewords:刺突ダメージ>を[AttackTimes:Arg2]回与える。失ったライフの[Arg3]%を回復し、「宇宙のエーテル」1点につき、最大ライフが[Arg5]%増加する。[Arg4]点の「宇宙の輪廻」を獲得：致命的なダメージを受けた場合、すべてのライフを回復し、30点の一時的な堅固を獲得する。,,,,,,,,,,,,,,
Skill_80757_Name,bsFd,j技能表_Skill_A.csv,2591,Skill,Name,,痛楚切割,痛烈な切り裂き,,,,,,,,,,,,,,
Skill_80757_Desc,bsFb,j技能表_Skill_A.csv,2591,Skill,Desc,,造成 <Damage:[Damage:Arg1]> 点伤害 [AttackTimes:Arg2] 次，目标每损失 [Arg3]％ 生命伤害次数提高 1。若存在「宇宙幽能」，移除 1 层并获得 1 层<MadnessIconKeywords:疯狂>。,<Damage:[Damage:Arg1]>ダメージを[AttackTimes:Arg2]回与える。対象の失ったライフ[Arg3]%ごとに、ダメージ回数が1回増加する。「宇宙のエーテル」がある場合、1点を除去し、1点の<MadnessIconKeywords:発狂>を獲得する。,,,,,,,,,,,,,,
Skill_80758_Name,bsFk,j技能表_Skill_A.csv,2592,Skill,Name,,维度撕裂,次元の亀裂,,,,,,,,,,,,,,
Skill_80758_Desc,bsFi,j技能表_Skill_A.csv,2592,Skill,Desc,,造成 <Damage:[Damage:Arg1]> 点伤害 [AttackTimes:Arg2] 次。每点护盾使该伤害降低 1 点。若存在「宇宙幽能」，移除 1 层并获得 [Power:Arg3] 点<PowerIconKeywords:力量>。,<Damage:[Damage:Arg1]>ダメージを[AttackTimes:Arg2]回与える。シールド1点につき、ダメージが1減少する。「宇宙のエーテル」がある場合、1点を除去し、[Power:Arg3]点の<PowerIconKeywords:力>を獲得する。,,,,,,,,,,,,,,
Skill_80764_Name,bsFT,j技能表_Skill_A.csv,2593,Skill,Name,,意识幽禁,意識の幽閉,,,,,,,,,,,,,,
Skill_80764_Desc,bsFR,j技能表_Skill_A.csv,2593,Skill,Desc,,获得 [Arg1] 层「虚空幽能」，降低所有唤醒体 [Arg4]％暴击率。下回合开始时，选择 [Arg2] 名唤醒体，封印其所有卡牌和狂气爆发 [Arg3] 回合。,[Arg1]点の「虚空のエーテル」を獲得し、すべての覚醒体のクリティカル率を[Arg4]%減少させる。次のターン開始時に覚醒体を[Arg2]体選択し、そのすべての指令カードと狂気解放を[Arg3]ターン封印する。,,,,,,,,,,,,,,
Skill_81296_Name,bsHi,j技能表_Skill_A.csv,2594,Skill,Name,,巢群捕食,巣の捕食,,,,,,,,,,,,,,
Skill_81296_Desc,bsHg,j技能表_Skill_A.csv,2594,Skill,Desc,,回合结束时，若仍在手牌堆中，失去 [Arg1] 点生命上限，将其<DepleteIconKeywords:消耗>。打出后，使前排敌人获得 [Arg2] 层「旧日余烬」，将此卡洗入抽牌堆底部。,ターン終了時にこのカードが手札にある場合、ライフ上限を[Arg1]点失い、これを<DepleteIconKeywords:除去>する。使用後、前列の敵に[Arg2]点の「古の残り火」を付与し、このカードを山札の底に戻す。,,,,,,,,,,,,,,
Skill_80749_Name,bsDZ,j技能表_Skill_A.csv,2595,Skill,Name,,歇斯底里,ヒステリー,,,,,,,,,,,,,,
Skill_80749_Desc,bsDX,j技能表_Skill_A.csv,2595,Skill,Desc,,获得 [Power:Arg1] 点<PowerIconKeywords:力量>和 [Arg2] 层「旧日余烬」。,[Power:Arg1]点の<PowerIconKeywords:力>と[Arg2]点の「古の残り火」を獲得する。,,,,,,,,,,,,,,
Skill_83576_Name,bsHK,j技能表_Skill_A.csv,2599,Skill,Name,,引航员的抉择,航海士の選択,,,,,,,,,,,,,,
Skill_83576_Desc,bsHI,j技能表_Skill_A.csv,2599,Skill,Desc,,选择：「破浪启航」 或 「拢岸暂息」。弃掉时将其<DepleteIconKeywords:消耗>。,選択：「荒波の出航」 または 「休息の寄港」。捨てた場合、これを<DepleteIconKeywords:除外>する。,,,,,,,,,,,,,,
Skill_83576_BattleDesc,bsHH,j技能表_Skill_A.csv,2599,Skill,BattleDesc,,选择：「破浪启航」( [Arg1] ) 或 「拢岸暂息」( [Arg2] ) 。弃掉时将其<DepleteIconKeywords:消耗>。,選択：「荒波の出航」( [Arg1] ) または「休息の寄港」( [Arg2] )。捨てた場合、それを<DepleteIconKeywords:除外>する。,,,,,,,,,,,,,,
Skill_83574_Name,bsHw,j技能表_Skill_A.csv,2600,Skill,Name,,破浪启航,荒波の出航,,,,,,,,,,,,,,
Skill_83574_Desc,bsHu,j技能表_Skill_A.csv,2600,Skill,Desc,,"清除所有「扬帆」。每清除 1 层，最终伤害提高 10%，所有唤醒体获得 5 点狂气。
若一次性清除了 5 层或以上 「扬帆」， 「易伤」所有敌人 1 回合，对它们造成已损失生命值 35% 的固定伤害。","すべての「出航」を解除する。1点解除するごとに、最終ダメージが10%増加し、すべての覚醒体は5狂気を獲得する。
一度に5点以上の「出航」を解除した場合、すべての敵に1点の「易傷」を付与し、失ったライフの35%の固定ダメージを与える。",,,,,,,,,,,,,,
Skill_83574_BattleDesc,bsHt,j技能表_Skill_A.csv,2600,Skill,BattleDesc,,清除所有「扬帆」([Arg1])。每清除 1 层，最终伤害提高 [Arg2]% ，所有唤醒体获得 [Arg3] 点狂气。\n若一次性清除了 5 层或以上 「扬帆」，<VulnerabilityIconKeywords:易伤>所有敌人 1 回合，对它们造成已损失生命值 [Arg4]% 的固定伤害。,すべての「出航」([Arg1])を解除する。1点解除するごとに、最終ダメージが[Arg2]%増加し、すべての覚醒体は[Arg3]狂気を獲得する。\n一度に5点以上の「出航」を解除した場合、すべての敵に1点の<VulnerabilityIconKeywords:易傷>を付与し、失ったライフの[Arg4]%の固定ダメージを与える。,,,,,,,,,,,,,,
Skill_83575_Name,bsHD,j技能表_Skill_A.csv,2601,Skill,Name,,拢岸暂息,休息の寄港,,,,,,,,,,,,,,
Skill_83575_Desc,bsHB,j技能表_Skill_A.csv,2601,Skill,Desc,,"清除所有「泊锚」。每清除 1 层，「死亡抵抗」+15%，获得 1 算力，抽 1 张牌。
若一次性清除了 5 层或以上 「泊锚」，获得 1 层「屏障」。",すべての「停泊」を解除する。1点解除するごとに、「死亡抵抗」+15%、1点の行動力を獲得し、カードを1枚引く。\n一度に5点以上の「停泊」を解除した場合、1点の「バリア」を獲得する。,,,,,,,,,,,,,,
Skill_83575_BattleDesc,bsHA,j技能表_Skill_A.csv,2601,Skill,BattleDesc,,清除所有「泊锚」([Arg1])。每清除 1 层，死亡抵抗+ [Arg2]% ，获得 [Arg3] 算力，抽 [Arg4] 张牌。\n若一次性清除了 5 层或以上 「泊锚」，获得 [Arg5] 层临时<ParcloseIconKeywords:屏障>。,すべての「停泊」([Arg1])を解除する。1点解除するごとに、死亡抵抗+[Arg2]%、[Arg3]点の行動力を獲得し、カードを[Arg4]枚引く。\n一度に5点以上の「停泊」を解除した場合、[Arg5]点の一時的な<ParcloseIconKeywords:バリア>を獲得する。,,,,,,,,,,,,,,
Skill_84383_Name,btTs,j技能表_Skill_A.csv,2603,Skill,Name,,惩戒雷霆,制裁の雷霆,,,,,,,,,,,,,,
Skill_84383_Desc,btTq,j技能表_Skill_A.csv,2603,Skill,Desc,,惩戒雷霆：造成 3 次伤害。将1张「症状：疯狂」洗入抽牌堆顶。,制裁の雷霆：ダメージを3回与える。「症状：発狂」を1枚山札の一番上に追加する。,,,,,,,,,,,,,,
Skill_84383_BattleDesc,btTp,j技能表_Skill_A.csv,2603,Skill,BattleDesc,,造成 [Arg2] 次伤害。将 [Arg3] 张症状「疯狂」洗入抽牌堆。,ダメージを[Arg2]回与え、「症状：発狂」を[Arg3]枚山札に追加する。,,,,,,,,,,,,,,
Skill_84387_Name,btTN,j技能表_Skill_A.csv,2604,Skill,Name,,惩戒雷霆,制裁の雷霆,,,,,,,,,,,,,,
Skill_84387_Desc,btTL,j技能表_Skill_A.csv,2604,Skill,Desc,,惩戒雷霆觉醒版：造成4次伤害+易伤2回合。将1张「症状：疯狂」洗入抽牌堆顶。,制裁の雷霆覚醒版：ダメージを4回与え、2点の易傷を付与する。「症状：発狂」を1枚山札の一番上に追加する。,,,,,,,,,,,,,,
Skill_84387_BattleDesc,btTK,j技能表_Skill_A.csv,2604,Skill,BattleDesc,,造成 [Arg2] 次伤害并施加 [Arg3] 回合<VulnerabilityIconKeywords:易伤>。将 [Arg4] 张症状「疯狂」洗入抽牌堆。,ダメージを[Arg2]回与え、[Arg3]点の<VulnerabilityIconKeywords:易傷>を付与する。「症状：発狂」を[Arg4]毎山札に追加する。,,,,,,,,,,,,,,
Skill_84384_Name,btTz,j技能表_Skill_A.csv,2605,Skill,Name,,照彻渊海的引航,深淵を照らす導き,,,,,,,,,,,,,,
Skill_84384_Desc,btTx,j技能表_Skill_A.csv,2605,Skill,Desc,,照彻渊海的引航：自身力量提高 0.05*ATK，获得 8 层屏障。下回合开始时每层屏障转化为 1 点加固。,深淵を照らす導き：自身の力が攻撃力×0.05増加し、8点のバリアを獲得。次のターン開始時、バリア1点につき1点の堅固に変換する。,,,,,,,,,,,,,,
Skill_84384_BattleDesc,btTw,j技能表_Skill_A.csv,2605,Skill,BattleDesc,,自身力量提高 [Arg1] ，获得 [Arg2] 层<ParcloseIconKeywords:屏障>，获得 5 层<ReinforcePVEKeywords:加固>。下回合开始时每层屏障转化为 1 层<ReinforcePVEKeywords:加固>。,自身の力が[Arg1]増加し、[Arg2]点の<ParcloseIconKeywords:バリア>を獲得する。5点の<ReinforcePVEKeywords:堅固>を獲得する。次のターンの開始時、バリア1点につき1点の<ReinforcePVEKeywords:堅固>に変換する。,,,,,,,,,,,,,,
Skill_84388_Name,btTU,j技能表_Skill_A.csv,2606,Skill,Name,,混沌旗语,混沌の手旗信号,,,,,,,,,,,,,,
Skill_84388_Desc,btTS,j技能表_Skill_A.csv,2606,Skill,Desc,,混沌旗语：造成1次伤害+虚弱2回合。,混沌の手旗信号：ダメージを1回与え、2点の虚弱を付与する。,,,,,,,,,,,,,,
Skill_84388_BattleDesc,btTR,j技能表_Skill_A.csv,2606,Skill,BattleDesc,,造成 [Arg2] 次伤害并施加 [Arg3] 回合<WeaknessIconKeywords:虚弱>。,ダメージを[Arg2]回与え、[Arg3]点の<WeaknessIconKeywords:虚弱>を付与する。,,,,,,,,,,,,,,
Skill_84385_Name,btTG,j技能表_Skill_A.csv,2607,Skill,Name,,赴死如归的天火,死へ赴く天の火,,,,,,,,,,,,,,
Skill_84385_Desc,btTE,j技能表_Skill_A.csv,2607,Skill,Desc,,赴死如归的天火：驱散虚弱。自身力量提高0.1ATK，承受伤害提高 10% ，惩戒雷霆伤害次数额外提高 1 。,死へ赴く天の火：虚弱を解除する。自身の力が攻撃力×0.1増加し、受けるダメージが10%増加する。「制裁の雷霆」のダメージ回数が1回増加する。,,,,,,,,,,,,,,
Skill_84385_BattleDesc,btTD,j技能表_Skill_A.csv,2607,Skill,BattleDesc,,驱散<WeaknessIconKeywords:虚弱>。自身力量提高 [Arg1]，承受伤害提高 [Arg2]% ，惩戒雷霆伤害次数提高 [Arg3] 。,<WeaknessIconKeywords:虚弱>を解除する。自身の力が[Arg1]増加し、受けるダメージが[Arg2]%増加する。「制裁の雷霆」のダメージ回数が[Arg3]増加する。,,,,,,,,,,,,,,
Skill_84404_Name,btUb,j技能表_Skill_A.csv,2608,Skill,Name,,沉没于远海,遠き海に沈む,,,,,,,,,,,,,,
Skill_84404_Desc,btTZ,j技能表_Skill_A.csv,2608,Skill,Desc,,沉没于远海：惩戒雷霆伤害次数提高 1。获得状态「沉没于远海」：每回合结束时承受伤害提高 5% ，自身获得 2 层屏障。,遠き海に沈む：「制裁の雷霆」のダメージ回数が1回増加する。「遠き海に沈む」状態を獲得：毎ターン終了時に受けるダメージが5%増加し、2点のバリアを獲得。,,,,,,,,,,,,,,
Skill_84404_BattleDesc,btTY,j技能表_Skill_A.csv,2608,Skill,BattleDesc,,惩戒雷霆伤害次数提高 [Arg2] 。获得「沉没于远海」：每回合结束时承受伤害提高 [Arg3]% ，自身获得 [Arg4] 层屏障。,「制裁の雷霆」のダメージ回数が[Arg2]回増加する。「遠き海に沈む」状態を獲得：毎ターン終了時に受けるダメージが[Arg3]%増加し 、[Arg4]点のバリアを獲得。,,,,,,,,,,,,,,
Skill_95819_Name,bzXe,j技能表_Skill_A.csv,2610,Skill,Name,,记忆共鸣,記憶の共鳴,,,,,,,,,,,,,,
Skill_95819_Desc,bzXd,j技能表_Skill_A.csv,2610,Skill,Desc,,清除所有「餍足」，弃掉所有手牌，将通过<DerivativeCardKeywords_111:「灵魂吞噬」>移除的卡牌置入手中，使它们算力消耗变为 0。回合结束时若在手中：随机将一张被移除卡牌的复制置入手中，使其算力消耗变为0，并获得消耗、虚无。,すべての「満腹」を解除する。すべての手札を捨て、<DerivativeCardKeywords_111:「魂の捕食」>で除去したカードを手札に追加し、それらの行動力消費を0にする。ターン終了時にこのカードがまだ手札にある場合：ランダムな除去されたカードのコピーを1枚手札に追加し、その行動力消費を0にし、「除外」と「虚無」を付与する。,,,,,,,,,,,,,,
Skill_95819_BattleDesc,bzXc,j技能表_Skill_A.csv,2610,Skill,BattleDesc,,清除所有「餍足」，弃掉所有手牌，将通过<DerivativeCardKeywords_111:「灵魂吞噬」>移除的卡牌置入手中，使它们算力消耗变为 0。回合结束时若在手中：随机将一张被移除卡牌的复制置入手中，使其算力消耗变为0，并获得消耗、虚无。,すべての「満腹」を解除する。すべての手札を捨て、<DerivativeCardKeywords_111:「魂の捕食」>で除去したカードを手札に追加し、それらの行動力消費を0にする。ターン終了時にこのカードがまだ手札にある場合：ランダムな除去されたカードのコピーを1枚手札に追加し、その行動力消費を0にし、「除外」と「虚無」を付与する。,,,,,,,,,,,,,,
Skill_91159_Name,byos,j技能表_Skill_A.csv,2612,Skill,Name,,子嗣激励,子孫の激励,,,,,,,,,,,,,,
Skill_91159_Desc,byor,j技能表_Skill_A.csv,2612,Skill,Desc,,获得 4 层临时狂热和 2 点算力。,4点の一時的な「狂熱」を獲得し、2点の行動力を獲得。,,,,,,,,,,,,,,
Skill_91159_BattleDesc,byoq,j技能表_Skill_A.csv,2612,Skill,BattleDesc,,获得 4 层临时<Kuangre:狂热>和 2 点算力。,4点の一時的な<Kuangre:狂熱>を獲得し、2点の行動力を獲得。,,,,,,,,,,,,,,
Skill_91158_Name,byop,j技能表_Skill_A.csv,2613,Skill,Name,,子嗣庇佑,子孫の庇護,,,,,,,,,,,,,,
Skill_91158_Desc,byoo,j技能表_Skill_A.csv,2613,Skill,Desc,,移除自身<BleedingIconKeywords:出血>，获得等同于已损失生命 30% 的护盾，抽 2 张牌。,自身の<BleedingIconKeywords:出血>を除去する。失ったライフの30%のシールドを獲得し、カードを2枚引く。,,,,,,,,,,,,,,
Skill_91158_BattleDesc,byon,j技能表_Skill_A.csv,2613,Skill,BattleDesc,,移除自身<BleedingIconKeywords:出血>，获得等同于已损失生命 30% 的护盾( [Arg1])，抽 2 张牌。,自身の<BleedingIconKeywords:出血>を除去する。失った生命の30%のシールド( [Arg1])を獲得し、カードを2枚引く。,,,,,,,,,,,,,,
Skill_91743_Name,byAD,j技能表_Skill_A.csv,2616,Skill,Name,,黑羽,黒羽,,,,,,,,,,,,,,
Skill_91743_Desc,byAC,j技能表_Skill_A.csv,2616,Skill,Desc,,造成 <Damage:[Damage:Arg1]> 点伤害 [AttackTimes:Arg2] 次。施加 [Arg3] 回合<BlindingKeywords:致盲> 和 <WeaknessIconKeywords:虚弱>，消耗 [Arg4] 层<Guaiwuheiyu:黑羽>。当玩家释放钥令后，意图立刻变为低伤害的「打击」并获得 1 层<Guaiwuheiyu:黑羽>。,<Damage:[Damage:Arg1]>ダメージを[AttackTimes:Arg2] 回与える。[Arg4]点の<Guaiwuheiyu:黒羽>を消費して、[Arg3]点の<BlindingKeywords:盲目>と<WeaknessIconKeywords:虚弱>を付与する。プレイヤーが「キーオーダー」を発動した場合、行動予測は低ダメージの「攻撃」に転換し、1点の<Guaiwuheiyu:黒羽>を獲得する。,,,,,,,,,,,,,,
Skill_91743_BattleDesc,byAB,j技能表_Skill_A.csv,2616,Skill,BattleDesc,,造成 <Damage:[Damage:Arg1]> 点伤害 [AttackTimes:Arg2] 次。施加 [Arg3] 回合<BlindingKeywords:致盲> 和 <WeaknessIconKeywords:虚弱>，消耗 [Arg4] 层<Guaiwuheiyu:黑羽>。当玩家释放钥令后，意图立刻变为低伤害的「打击」并获得 1 层<Guaiwuheiyu:黑羽>。,<Damage:[Damage:Arg1]>ダメージを[AttackTimes:Arg2]回与える。[Arg4]点の<Guaiwuheiyu:黒羽>を消費して、[Arg3]点の<BlindingKeywords:盲目>と<WeaknessIconKeywords:虚弱>を付与する。プレイヤーが「キーオーダー」を発動した場合、、行動予測は低ダメージの「攻撃」に転換し、1点の<Guaiwuheiyu:黒羽>を獲得する。,,,,,,,,,,,,,,
Skill_91745_Name,byAJ,j技能表_Skill_A.csv,2617,Skill,Name,,不屈的孤嚎鸟,孤高なる不屈の鳥,,,,,,,,,,,,,,
Skill_91745_Desc,byAI,j技能表_Skill_A.csv,2617,Skill,Desc,,获得 <Block:[Block:Arg1]> 点护盾，获得 [Arg2] 层<Guaiwuheiyu:黑羽>。,<Block:[Block:Arg1]>点のシールドを獲得。[Arg2]点の<Guaiwuheiyu:黒羽>を獲得。,,,,,,,,,,,,,,
Skill_91745_BattleDesc,byAH,j技能表_Skill_A.csv,2617,Skill,BattleDesc,,获得 <Block:[Block:Arg1]> 点护盾，获得 [Arg2] 层<Guaiwuheiyu:黑羽>。,<Block:[Block:Arg1]>点のシールドを獲得。[Arg2]点の<Guaiwuheiyu:黒羽>を獲得。,,,,,,,,,,,,,,
Skill_91746_Name,byAM,j技能表_Skill_A.csv,2618,Skill,Name,,蔽日之羽,日を蔽う羽,,,,,,,,,,,,,,
Skill_91746_Desc,byAL,j技能表_Skill_A.csv,2618,Skill,Desc,,获得 <Block:[Block:Arg1]> 点护盾，每有 [Arg2] 层黑羽使获得的防御提高 [Arg3]%，获得 [Arg4] 点<PowerIconKeywords:力量>。获得 [Arg5] 层<Guaiwuheiyu:黑羽>。,<Block:[Block:Arg1]>点のシールドを獲得。黒羽[Arg2]点につき、防御力が[Arg3]%増加し、[Arg4]点の<PowerIconKeywords:力>を獲得する。[Arg5]点の<Guaiwuheiyu:黒羽>を獲得。,,,,,,,,,,,,,,
Skill_91746_BattleDesc,byAK,j技能表_Skill_A.csv,2618,Skill,BattleDesc,,获得 <Block:[Block:Arg1]> 点护盾，每有 [Arg2] 层黑羽使获得的防御提高 [Arg3]%，获得 [Arg4] 点<PowerIconKeywords:力量>。获得 [Arg5] 层<Guaiwuheiyu:黑羽>。,<Block:[Block:Arg1]>点のシールドを獲得。黒羽[Arg2]点につき、防御力が[Arg3]%増加し、[Arg4]点の<PowerIconKeywords:力>を獲得する。[Arg5]点の<Guaiwuheiyu:黒羽>を獲得。,,,,,,,,,,,,,,
Skill_91747_Desc,byAO,j技能表_Skill_A.csv,2619,Skill,Desc,,未被击破护盾的 [Arg1]% 会保留至下回合，回合结束时获得 [Arg2] 层<Guaiwuheiyu:黑羽>。,破壊されなかったシールドの[Arg1]%が次のターンまで保持される。ターン終了時に[Arg2]点の<Guaiwuheiyu:黒羽>を獲得する。,,,,,,,,,,,,,,
Skill_91747_BattleDesc,byAN,j技能表_Skill_A.csv,2619,Skill,BattleDesc,,未被击破护盾的 [Arg1]% 会保留至下回合，回合结束时获得 [Arg2] 层<Guaiwuheiyu:黑羽>。,破壊されなかったシールドの[Arg1]%が次のターンまで保持される。ターン終了時に[Arg2]点の<Guaiwuheiyu:黒羽>を獲得する。,,,,,,,,,,,,,,
Skill_91744_Desc,byAF,j技能表_Skill_A.csv,2620,Skill,Desc,,造成 <Damage:[Damage:Arg1]> 点伤害 [AttackTimes:Arg2] 次，每层黑羽使造成的最终伤害提高 [Arg3] %，清除一半<Guaiwuheiyu:黑羽>。,<Damage:[Damage:Arg1]>ダメージを[AttackTimes:Arg2]回与える。黒羽1点ごとに最終ダメージが[Arg3]%増加し、<Guaiwuheiyu:黒羽>の半分を除去する。,,,,,,,,,,,,,,
Skill_91744_BattleDesc,byAE,j技能表_Skill_A.csv,2620,Skill,BattleDesc,,造成 <Damage:[Damage:Arg1]> 点伤害 [AttackTimes:Arg2] 次，每层黑羽使造成的最终伤害提高 [Arg3] %，清除一半<Guaiwuheiyu:黑羽>。,<Damage:[Damage:Arg1]>ダメージを[AttackTimes:Arg2]回与える。黒羽1点ごとに最終ダメージが[Arg3]%増加し、<Guaiwuheiyu:黒羽>の半分を除去する。,,,,,,,,,,,,,,
Skill_91742_Name,byAA,j技能表_Skill_A.csv,2621,Skill,Name,,双重黑羽,二枚の黒羽,,,,,,,,,,,,,,
Skill_91742_Desc,byAz,j技能表_Skill_A.csv,2621,Skill,Desc,,造成 <Damage:[Damage:Arg1]> 点伤害 [AttackTimes:Arg2] 次，施加 [Arg3] 回合<BlindingKeywords:致盲> 和 <WeaknessIconKeywords:虚弱>，消耗 [Arg4] 层<Guaiwuheiyu:黑羽>。当玩家释放钥令后，意图立刻变为低伤害的「打击」并获得 1 层<Guaiwuheiyu:黑羽>。,<Damage:[Damage:Arg1]>ダメージを[AttackTimes:Arg2] 回与える。[Arg4]点の<Guaiwuheiyu:黒羽>を消費して、[Arg3]点の<BlindingKeywords:盲目>と<WeaknessIconKeywords:虚弱>を付与する。プレイヤーが「キーオーダー」を発動した場合、行動予測は低ダメージの「攻撃」に転換し、1点の<Guaiwuheiyu:黒羽>を獲得する。,,,,,,,,,,,,,,
Skill_91742_BattleDesc,byAy,j技能表_Skill_A.csv,2621,Skill,BattleDesc,,造成 <Damage:[Damage:Arg1]> 点伤害 [AttackTimes:Arg2] 次，施加 [Arg3] 回合<BlindingKeywords:致盲> 和 <WeaknessIconKeywords:虚弱>，消耗 [Arg4] 层<Guaiwuheiyu:黑羽>。当玩家释放钥令后，意图立刻变为低伤害的「打击」并获得 1 层<Guaiwuheiyu:黑羽>。,<Damage:[Damage:Arg1]>ダメージを[AttackTimes:Arg2]回与える。[Arg4]点の<Guaiwuheiyu:黒羽>を消費して、[Arg3]点の<BlindingKeywords:盲目>と<WeaknessIconKeywords:虚弱>を付与する。プレイヤーが「キーオーダー」を発動した場合、行動予測は低ダメージの「攻撃」に転換し、1点の<Guaiwuheiyu:黒羽>を獲得する。,,,,,,,,,,,,,,
Skill_91741_Name,byAx,j技能表_Skill_A.csv,2622,Skill,Name,,打击,攻撃,,,,,,,,,,,,,,
Skill_91741_Desc,byAw,j技能表_Skill_A.csv,2622,Skill,Desc,,造成 <Damage:[Damage:Arg1]> 点伤害 [AttackTimes:Arg2] 次，获得 1 层<Guaiwuheiyu:黑羽>。,<Damage:[Damage:Arg1]>ダメージを[AttackTimes:Arg2] 回与える。1点の<Guaiwuheiyu:黒羽>を獲得。,,,,,,,,,,,,,,
Skill_91741_BattleDesc,byAv,j技能表_Skill_A.csv,2622,Skill,BattleDesc,,造成 <Damage:[Damage:Arg1]> 点伤害 [AttackTimes:Arg2] 次，获得 1 层<Guaiwuheiyu:黑羽>。,<Damage:[Damage:Arg1]>ダメージを[AttackTimes:Arg2]回与える。1点の<Guaiwuheiyu:黒羽>を獲得。,,,,,,,,,,,,,,
Skill_90568_Name,byXO,j技能表_Skill_A.csv,2623,Skill,Name,,祭灵夜特调,祭霊夜の特性ブレンド,,,,,,,,,,,,,,
Skill_90568_Desc,byXN,j技能表_Skill_A.csv,2623,Skill,Desc,,所有唤醒体暴击率和暴击伤害临时提高 [Arg1]％，,すべての覚醒体のクリティカル率とクリティカルダメージが一時的に[Arg1]%増加する、,,,,,,,,,,,,,,
Skill_90567_Desc,byXL,j技能表_Skill_A.csv,2624,Skill,Desc,,「祭灵夜特调」追加「使所有唤醒体获得 [Arg1] 点狂气。」,「祭霊夜の特性ブレンド」に追加：すべての覚醒体は[Arg1]狂気を獲得。,,,,,,,,,,,,,,
Skill_90565_Name,byXI,j技能表_Skill_A.csv,2625,Skill,Name,,无垢之银,無垢の銀,,,,,,,,,,,,,,
Skill_90565_Desc,byXH,j技能表_Skill_A.csv,2625,Skill,Desc,,「祭灵夜特调」追加「获得 [Arg1] 点银钥能量。」,「祭霊夜 特製ブレンド」に追加：[Arg1]キーエネルギーを獲得。,,,,,,,,,,,,,,
Skill_90570_Name,byXS,j技能表_Skill_A.csv,2626,Skill,Name,,血腥之红,紅血の赤,,,,,,,,,,,,,,
Skill_90570_Desc,byXR,j技能表_Skill_A.csv,2626,Skill,Desc,,「祭灵夜特调」追加「回复 [Arg1] 点生命。」,「祭霊夜の特製ブレンド」に追加：ライフを[Arg1]回復。,,,,,,,,,,,,,,
Skill_90569_Name,byXQ,j技能表_Skill_A.csv,2627,Skill,Name,,灵感之蓝,啓示の青,,,,,,,,,,,,,,
Skill_90569_Desc,byXP,j技能表_Skill_A.csv,2627,Skill,Desc,,「祭灵夜特调」追加「将 1 张「灵感」置入手中。」,「祭霊夜の特製ブレンド」に追加：「啓示」を1枚獲得。,,,,,,,,,,,,,,
Skill_90566_Name,byXK,j技能表_Skill_A.csv,2628,Skill,Name,,森然之绿,深森の緑,,,,,,,,,,,,,,
Skill_90566_Desc,byXJ,j技能表_Skill_A.csv,2628,Skill,Desc,,「祭灵夜特调」追加「获得 [Arg1] 点临时力量和 [Arg2] 点临时戒备。」,「祭霊夜の特製ブレンド」に追加：[Arg1]点の一時的な力と[Arg2]点の一時的な警戒を獲得。,,,,,,,,,,,,,,
Skill_96590_Desc,bAyt,j技能表_Skill_A.csv,2629,Skill,Desc,,「祭灵夜特调」追加「使所有唤醒体获得 [Arg1] 点狂气。」,「祭霊夜の特製ブレンド」に追加：すべての覚醒体が[Arg1]狂気を取得。,,,,,,,,,,,,,,
Skill_96591_Name,bAyw,j技能表_Skill_A.csv,2630,Skill,Name,,无垢之银,無垢の銀,,,,,,,,,,,,,,
Skill_96591_Desc,bAyv,j技能表_Skill_A.csv,2630,Skill,Desc,,「祭灵夜特调」追加「获得 [Arg1] 点银钥能量。」,「祭霊夜の特製ブレンド」に追加：[Arg1]キーエネルギーを獲得。,,,,,,,,,,,,,,
Skill_96592_Name,bAyy,j技能表_Skill_A.csv,2631,Skill,Name,,血腥之红,紅血の赤,,,,,,,,,,,,,,
Skill_96592_Desc,bAyx,j技能表_Skill_A.csv,2631,Skill,Desc,,「祭灵夜特调」追加「回复 [Arg1] 点生命。」,「祭霊夜の特製ブレンド」に追加：ライフを[Arg1]回復。,,,,,,,,,,,,,,
Skill_96593_Name,bAyA,j技能表_Skill_A.csv,2632,Skill,Name,,灵感之蓝,啓示の青,,,,,,,,,,,,,,
Skill_96593_Desc,bAyz,j技能表_Skill_A.csv,2632,Skill,Desc,,「祭灵夜特调」追加「将 1 张「灵感」置入手中。」,「祭霊夜の特製ブレンド」に追加：「啓示」を1枚獲得。,,,,,,,,,,,,,,
Skill_96594_Name,bAyC,j技能表_Skill_A.csv,2633,Skill,Name,,森然之绿,深森の緑,,,,,,,,,,,,,,
Skill_96594_Desc,bAyB,j技能表_Skill_A.csv,2633,Skill,Desc,,「祭灵夜特调」追加「获得 [Arg1] 点临时力量和 [Arg2] 点临时戒备。」,「祭霊夜の特製ブレンド」に追加：[Arg1]点の一時的な力と[Arg2]点の一時的な警戒を獲得。,,,,,,,,,,,,,,
Skill_95821_Desc,bzXp,j技能表_Skill_A.csv,2635,Skill,Desc,,消耗一半 <Guaiwucanhai:残骸> ( [Arg3] ) ，每消耗 1 层获得 [Arg1] <PowerIconKeywords:力量>，并提高 [Arg2]% 生命上限。召唤「腐尸分殖体」与「食尸鬼侍从」。,<Guaiwucanhai:残骸>を半分([Arg3])消費し、1点消費するごとに[Arg1]点の<PowerIconKeywords:力>を獲得し、ライフの上限が[Arg2]%増加する。「グールの増殖体」と「グールの従者」を召喚する。,,,,,,,,,,,,,,
Skill_95826_Name,bzXE,j技能表_Skill_A.csv,2636,Skill,Name,,亡骸祭礼,死者の儀式,,,,,,,,,,,,,,
Skill_95826_Desc,bzXD,j技能表_Skill_A.csv,2636,Skill,Desc,,造成 <Damage:[Damage:Arg1]> 点伤害，享受 [Arg2] 倍<PowerIconKeywords:力量>加成。,<Damage:[Damage:Arg1]>ダメージを与え、[Arg2]倍の「<PowerIconKeywords:力>」ボーナスを獲得。,,,,,,,,,,,,,,
Skill_95825_Name,bzXB,j技能表_Skill_A.csv,2638,Skill,Name,,生灵的盛筵,生霊の饗宴,,,,,,,,,,,,,,
Skill_95825_Desc,bzXA,j技能表_Skill_A.csv,2638,Skill,Desc,,造成 <Damage:[Damage:Arg1]> 点伤害，敌方生命越低伤害越高，最大为 <Damage:[Damage:Arg2]> 点伤害。回合结束时吸收所有其他食尸鬼，每吸收 1 名获得 [Arg3] 具<Guaiwucanhai:残骸>。,<Damage:[Damage:Arg1]>ダメージを与える。敵のライフが低いほどダメージが高くなり、最大<Damage:[Damage:Arg2]>ダメージ。ターン終了時にすべてのグールを吸収し、1体吸収するごとに[Arg3]点の「<Guaiwucanhai:残骸>」を獲得する。,,,,,,,,,,,,,,
Skill_95815_Desc,bzWP,j技能表_Skill_A.csv,2639,Skill,Desc,,获得 [Arg1]  层<Guaiwusiwangdikang:死亡抵抗>和 [Arg2]  层<Guaiwucanhai:残骸>，召唤「腐尸分殖体」与「食尸鬼侍从」。,[Arg1]点の<Guaiwusiwangdikang:死亡抵抗>と [Arg2]点の<Guaiwucanhai:残骸>を獲得。「グールの増殖体」と「グールの従者」を召喚する。,,,,,,,,,,,,,,
Skill_95823_Desc,bzXv,j技能表_Skill_A.csv,2640,Skill,Desc,,获得 [Arg1] 点<PowerIconKeywords:力量>，消耗一半<Guaiwucanhai:残骸>( [Arg3] )，每消耗 1 层，获得 [Arg2] 点<PowerIconKeywords:力量>。,<Guaiwucanhai:残骸>を半分([Arg3])を消費し、[Arg1]点の<PowerIconKeywords:力>を獲得。1点消費するごとに、[Arg2]点の<PowerIconKeywords:力>を獲得。,,,,,,,,,,,,,,
Skill_95807_Name,bzWg,j技能表_Skill_A.csv,2641,Skill,Name,,亡骸祭礼,死者の儀式,,,,,,,,,,,,,,
Skill_95807_Desc,bzWf,j技能表_Skill_A.csv,2641,Skill,Desc,,造成 [Arg1] 点伤害，享受 [Arg2] 倍<PowerIconKeywords:力量>加成。,[Arg1]ダメージを与え、[Arg2]倍の<PowerIconKeywords:力>ボーナスを獲得。,,,,,,,,,,,,,,
Skill_95816_Desc,bzWS,j技能表_Skill_A.csv,2642,Skill,Desc,,造成 <Damage:[Damage:Arg1]> 点伤害 [AttackTimes:Arg2] 次，随机「<Dongjie:冻结>」 [Arg3]  张抽牌堆中的卡牌。,<Damage:[Damage:Arg1]>ダメージを[AttackTimes:Arg2]回与える。山札にある指令カード[Arg3]枚をランダムに「<Dongjie:凍結>」する。,,,,,,,,,,,,,,
Skill_95816_Desc,bzWS,j技能表_Skill_A.csv,2642,Skill,Desc,,造成 <Damage:[Damage:Arg1]> 点伤害 [AttackTimes:Arg2] 次，随机「<Dongjie:冻结>」 [Arg3]  张抽牌堆中的卡牌。,<Damage:[Damage:Arg1]>ダメージを[AttackTimes:Arg2]回与える。山札にある指令カード[Arg3]枚をランダムに「<Dongjie:凍結>」する。,,,,,,,,,,,,,,
Skill_95822_Desc,bzXs,j技能表_Skill_A.csv,2644,Skill,Desc,,选择一个策略。每次「葬骸之主」释放「残骸收取」后，置入手中。,戦略を1つ選択する。「葬骸の主」が「残骸収集」を発動するたび、手札に追加する。,,,,,,,,,,,,,,
Skill_95829_Name,bzXN,j技能表_Skill_A.csv,2645,Skill,Name,,正面干扰,干渉,,,,,,,,,,,,,,
Skill_95829_Desc,bzXM,j技能表_Skill_A.csv,2645,Skill,Desc,,所有敌人的伤害临时降低 30%。,すべての敵が与えるダメージを一時的に30%減少させる。,,,,,,,,,,,,,,
Skill_95808_Name,bzWj,j技能表_Skill_A.csv,2646,Skill,Name,,偷袭储备,奇襲,,,,,,,,,,,,,,
Skill_95808_Desc,bzWi,j技能表_Skill_A.csv,2646,Skill,Desc,,所有敌人获得 [Arg1] 点临时<PowerIconKeywords:力量>。「葬骸之主」失去一半<Guaiwucanhai:残骸>。,すべての敵が[Arg1]点の一時的な<PowerIconKeywords:力>を獲得する。「葬骸の主」は<Guaiwucanhai:残骸>を半分失う。,,,,,,,,,,,,,,
Skill_129811_Desc,bPmL,j技能表_Skill_A.csv,2647,Skill,Desc,,选择一个策略。每次「葬骸之主」释放「残骸收取」后，置入手中。,戦略を1つ選択する。「葬骸の主」が「残骸収集」を発動するたび、手札に追加する。,,,,,,,,,,,,,,
Skill_129812_Name,bPmO,j技能表_Skill_A.csv,2648,Skill,Name,,正面干扰,干渉,,,,,,,,,,,,,,
Skill_129812_Desc,bPmN,j技能表_Skill_A.csv,2648,Skill,Desc,,所有敌人的伤害临时降低 30%。,すべての敵が与えるダメージを一時的に30%減少させる。,,,,,,,,,,,,,,
Skill_129813_Name,bPmQ,j技能表_Skill_A.csv,2649,Skill,Name,,偷袭储备,奇襲,,,,,,,,,,,,,,
Skill_129813_Desc,bPmP,j技能表_Skill_A.csv,2649,Skill,Desc,,所有敌人获得 [Arg1] 点临时<PowerIconKeywords:力量>。「葬骸之主」失去一半<Guaiwucanhai:残骸>。,すべての敵が[Arg1]点の一時的な<PowerIconKeywords:力>を獲得。「葬骸の主」は<Guaiwucanhai:残骸>を半分失う。,,,,,,,,,,,,,,
Skill_98126_Name,bBMZ,j技能表_Skill_A.csv,2651,Skill,Name,,亿兆耀斑,テラフレア,,,,,,,,,,,,,,
Skill_98126_Desc,bBMY,j技能表_Skill_A.csv,2651,Skill,Desc,,造成 <Damage:[Damage:Arg1]> 点伤害 [AttackTimes:Arg2] 次，额外受到 [Arg3] 倍<PowerIconKeywords:力量>和<ExhaustionIconKeywords:力量降低>影响。清除所有<MonsterExFlameKeywords:爆炎>，每层提高 [Arg4] <PowerIconKeywords:力量>。,<Damage:[Damage:Arg1]>ダメージを[AttackTimes:Arg2]回与え、追加で[Arg3]倍の<PowerIconKeywords:力>ボーナスと<ExhaustionIconKeywords:力減少>ボーナスを獲得する。すべての<MonsterExFlameKeywords:爆炎>を解除し、1点につき[Arg4] 点の<PowerIconKeywords:力>を獲得する。,,,,,,,,,,,,,,
Skill_98121_Name,bBMK,j技能表_Skill_A.csv,2652,Skill,Name,,千兆耀斑,ギガフレア,,,,,,,,,,,,,,
Skill_98121_Desc,bBMJ,j技能表_Skill_A.csv,2652,Skill,Desc,,造成 <Damage:[Damage:Arg1]> 点伤害 [AttackTimes:Arg2] 次，随机<BurningKeywords:燃烧> [Arg3] 张抽牌堆或弃牌堆的卡牌，造成 [Arg4] 层<VulnerabilityIconKeywords:易伤>。,<Damage:[Damage:Arg1]>ダメージを[AttackTimes:Arg2]回与える。山札または捨て札にあるランダムな指令カード[Arg3]枚に<BurningKeywords:燃焼>を付与する。[Arg4]点の<VulnerabilityIconKeywords:易傷>を付与する。,,,,,,,,,,,,,,
Skill_123270_Name,bLPy,j技能表_Skill_A.csv,2653,Skill,Name,,千兆耀斑,ギガフレア,,,,,,,,,,,,,,
Skill_123270_Desc,bLPx,j技能表_Skill_A.csv,2653,Skill,Desc,,造成 <Damage:[Damage:Arg1]> 点伤害 [AttackTimes:Arg2] 次，随机<BurningKeywords:燃烧> [Arg3] 张抽牌堆或弃牌堆的卡牌，造成 [Arg4] 层<VulnerabilityIconKeywords:易伤>。,<Damage:[Damage:Arg1]>ダメージを[AttackTimes:Arg2]回与える。山札または捨て札にあるランダムな指令カード[Arg3]枚に<BurningKeywords:燃焼>を付与する。[Arg4]点の<VulnerabilityIconKeywords:易傷>を付与する。,,,,,,,,,,,,,,
Skill_98127_Name,bBNc,j技能表_Skill_A.csv,2654,Skill,Name,,焚却世界的爆炎,世界を焼き尽くす爆炎,,,,,,,,,,,,,,
Skill_98127_Desc,bBNb,j技能表_Skill_A.csv,2654,Skill,Desc,,造成 <Damage:[Damage:Arg1]> 点伤害 [AttackTimes:Arg2] 次，<BurningKeywords:燃烧>对方所有剩余手牌，每有 1 张获得 1 层<MonsterExFlameKeywords:爆炎>。,<Damage:[Damage:Arg1]>ダメージを[AttackTimes:Arg2]回与える。プレイヤーが持つ残りの手札すべてに<BurningKeywords:燃焼>を付与し、1枚につき1点の<MonsterExFlameKeywords:爆炎>を獲得する。,,,,,,,,,,,,,,
Skill_98119_Name,bBME,j技能表_Skill_A.csv,2655,Skill,Name,,末路枪声,終末の銃声,,,,,,,,,,,,,,
Skill_98119_Desc,bBMD,j技能表_Skill_A.csv,2655,Skill,Desc,,造成 <Damage:[Damage:Arg1]> 点伤害 [Arg2] 次。获得 [Arg3] 点<PowerIconKeywords:力量>。,<Damage:[Damage:Arg1]>ダメージを[Arg2]回与える。[Arg3]点の<PowerIconKeywords:力>を獲得。,,,,,,,,,,,,,,
Skill_98120_Name,bBMH,j技能表_Skill_A.csv,2656,Skill,Name,,业火重燃,業火再燃,,,,,,,,,,,,,,
Skill_98120_Desc,bBMG,j技能表_Skill_A.csv,2656,Skill,Desc,,切换到该意图时弃置所有剩余手牌并赋予<BurningKeywords:燃烧>。对方回合开始后随机<BurningKeywords:燃烧> [Arg1] 张手牌。,この行動予測に転換すると、残りの手札をすべて捨てさせ、<BurningKeywords:燃焼>を付与する。相手のターン開始後、手札にあるランダムなカード[Arg1]枚に<BurningKeywords:燃焼>を付与する。,,,,,,,,,,,,,,
Skill_94684_Desc,byZr,j技能表_Skill_A.csv,2658,Skill,Desc,,施加 [Arg1] 点<IntoxicationIconKeywords:中毒>。,[Arg1]点の<IntoxicationIconKeywords:毒>を付与。,,,,,,,,,,,,,,
Skill_94683_Name,byZp,j技能表_Skill_A.csv,2659,Skill,Name,,钉刺,釘刺し,,,,,,,,,,,,,,
Skill_94683_Desc,byZo,j技能表_Skill_A.csv,2659,Skill,Desc,,造成 <Damage:[Damage:Arg1]> 点伤害，施加 1 回合<WeaknessIconKeywords:虚弱>。,<Damage:[Damage:Arg1]>ダメージを与える。1点の<WeaknessIconKeywords:虚弱>を付与する。,,,,,,,,,,,,,,
Skill_94685_Desc,byZu,j技能表_Skill_A.csv,2660,Skill,Desc,,造成 <Damage:[Damage:Arg1]> 点伤害 [AttackTimes:Arg2] 次。,<Damage:[Damage:Arg1]>ダメージを[AttackTimes:Arg2]回与える。,,,,,,,,,,,,,,
Skill_94686_Desc,byZx,j技能表_Skill_A.csv,2661,Skill,Desc,,"造成 <Damage:[Damage:Arg1]> 点伤害,自身死亡。",<Damage:[Damage:Arg1]>ダメージを与え、自身は死亡する。,,,,,,,,,,,,,,
Skill_94703_Name,byZB,j技能表_Skill_A.csv,2662,Skill,Name,,海祭,海の儀式,,,,,,,,,,,,,,
Skill_94704_Desc,byZD,j技能表_Skill_A.csv,2663,Skill,Desc,,施加 1 回合的 <WeaknessIconKeywords:虚弱>和<FragileIconKeywords:脆弱> 。,1点の<WeaknessIconKeywords:虚弱>と<FragileIconKeywords:脆弱>を付与する。,,,,,,,,,,,,,,
Skill_94703_Desc,byZA,j技能表_Skill_A.csv,2662,Skill,Desc,,造成 <Damage:[Damage:Arg1]> 点伤害，若未被完全格挡将 1 张<DerivativeCardKeywords_80:「窒息」>洗入抽牌堆。,<Damage:[Damage:Arg1]>ダメージを与える。完全にブロックされなかった場合、<DerivativeCardKeywords_80:「窒息」>を1枚山札に追加する。,,,,,,,,,,,,,,
Skill_94711_Desc,byZJ,j技能表_Skill_A.csv,2664,Skill,Desc,,所有友方回复食尸鬼自身已损失生命值的10%，获得 [Arg2] 点<PowerIconKeywords:力量>。,すべての味方は、ライフをグールが失ったライフの10%回復し、[Arg2]点の<PowerIconKeywords:力>を獲得する。,,,,,,,,,,,,,,
Skill_94709_Desc,byZG,j技能表_Skill_A.csv,2665,Skill,Desc,,"造成 <Damage:[Damage:Arg1]> 点伤害 [AttackTimes:Arg2] 次, 并附加 [Arg3]% 伤害的<IntoxicationIconKeywords:中毒>。",<Damage:[Damage:Arg1]>ダメージを[AttackTimes:Arg2]回与え、ダメージの[Arg3]%の<IntoxicationIconKeywords:毒>を付与する。,,,,,,,,,,,,,,
Skill_94731_Desc,byZY,j技能表_Skill_A.csv,2666,Skill,Desc,,"造成 <Damage:[Damage:Arg1]> 点伤害 [AttackTimes:Arg2] 次 , 并附加 [Arg3]% 伤害的<IntoxicationIconKeywords:中毒>。",<Damage:[Damage:Arg1]>ダメージを[AttackTimes:Arg2]回与え、ダメージの[Arg3]%の<IntoxicationIconKeywords:毒>を付与する。,,,,,,,,,,,,,,
Skill_94726_Name,byZW,j技能表_Skill_A.csv,2667,Skill,Name,,掘墓,墓荒らし,,,,,,,,,,,,,,
Skill_94726_Desc,byZV,j技能表_Skill_A.csv,2667,Skill,Desc,,造成 <Damage:[Damage:Arg1]> 点伤害，施加 [Arg2] 回合<HeavyInjuryKeywords:重创>。,<Damage:[Damage:Arg1]>ダメージを与え、[Arg2]点の<HeavyInjuryKeywords:重傷>を付与する。,,,,,,,,,,,,,,
Skill_94725_Name,byZT,j技能表_Skill_A.csv,2668,Skill,Name,,掘墓,墓荒らし,,,,,,,,,,,,,,
Skill_94725_Desc,byZS,j技能表_Skill_A.csv,2668,Skill,Desc,,造成 <Damage:[Damage:Arg1]> 点伤害，施加 [Arg2] 回合<HeavyInjuryKeywords:重创>。,<Damage:[Damage:Arg1]>ダメージを与え、[Arg2]点の<HeavyInjuryKeywords:重傷>を付与する。,,,,,,,,,,,,,,
Skill_94732_Name,bzac,j技能表_Skill_A.csv,2669,Skill,Name,,墓碑之嚎,墓碑の叫び,,,,,,,,,,,,,,
Skill_94732_Desc,bzab,j技能表_Skill_A.csv,2669,Skill,Desc,,造成 <Damage:[Damage:Arg1]> 点伤害，施加 [Arg2] 回合<HeavyInjuryKeywords:重创>。,<Damage:[Damage:Arg1]>ダメージを与え、[Arg2]点の<HeavyInjuryKeywords:重傷>を与える。,,,,,,,,,,,,,,
Skill_94722_Name,byZN,j技能表_Skill_A.csv,2670,Skill,Name,,墓群的召唤,墓の召喚,,,,,,,,,,,,,,
Skill_94722_Desc,byZM,j技能表_Skill_A.csv,2670,Skill,Desc,,造成 <Damage:[Damage:Arg1]> 点伤害，施加 [Arg2] 点<IntoxicationIconKeywords:中毒>，并在前方召唤 1 个「腐尸分殖体」。,<Damage:[Damage:Arg1]>ダメージを与え、[Arg2]点の<IntoxicationIconKeywords:毒>を付与する。「グールの増殖体」を1体前列に召喚する。,,,,,,,,,,,,,,
Skill_94723_Name,byZQ,j技能表_Skill_A.csv,2671,Skill,Name,,满月的呼唤,満月の呼び声,,,,,,,,,,,,,,
Skill_94723_Desc,byZP,j技能表_Skill_A.csv,2671,Skill,Desc,,造成 <Damage:[Damage:Arg1]> 点伤害，施加 [Arg2] 点<IntoxicationIconKeywords:中毒>，并召唤 2 个「腐尸分殖体」。,<Damage:[Damage:Arg1]>ダメージを与え、[Arg2]点の<IntoxicationIconKeywords:毒>を付与する。「グールの増殖体」を2体召喚する。,,,,,,,,,,,,,,
Skill_94964_Desc,bzra,j技能表_Skill_A.csv,2672,Skill,Desc,,造成 <Damage:[Damage:Arg1]> 点伤害，施加 1 回合<VulnerabilityIconKeywords:易伤>。,<Damage:[Damage:Arg1]>ダメージを与え、1点の<VulnerabilityIconKeywords:脆弱>を付与する。,,,,,,,,,,,,,,
Skill_94953_Desc,bzqt,j技能表_Skill_A.csv,2673,Skill,Desc,,造成 <Damage:[Damage:Arg1]> 点伤害，施加 2 回合<VulnerabilityIconKeywords:易伤>。,<Damage:[Damage:Arg1]>ダメージを与え、2点の<VulnerabilityIconKeywords:脆弱>を付与する。,,,,,,,,,,,,,,
Skill_94965_Name,bzre,j技能表_Skill_A.csv,2674,Skill,Name,,蚀灵,魂を蝕む,,,,,,,,,,,,,,
Skill_94965_Desc,bzrd,j技能表_Skill_A.csv,2674,Skill,Desc,,"造成 <Damage:[Damage:Arg1]> 点伤害 [AttackTimes:Arg2] 次 , 并附加 [Arg3]% 伤害的<IntoxicationIconKeywords:中毒>。",<Damage:[Damage:Arg1]>ダメージを[AttackTimes:Arg2]回与え、ダメージの[Arg3]%の<IntoxicationIconKeywords:毒>を付与する。,,,,,,,,,,,,,,
Skill_94960_Name,bzqP,j技能表_Skill_A.csv,2675,Skill,Name,,刺骨,刺骨,,,,,,,,,,,,,,
Skill_94960_Desc,bzqO,j技能表_Skill_A.csv,2675,Skill,Desc,,造成 <Damage:[Damage:Arg1]> 点伤害，获得 [Arg2] 点<RetaliateIconKeywords:临时反击>。,<Damage:[Damage:Arg1]>ダメージを与える。[Arg2]点の<RetaliateIconKeywords:一時的な反撃>を獲得。,,,,,,,,,,,,,,
Skill_94968_Name,bzrn,j技能表_Skill_A.csv,2676,Skill,Name,,刺骨,刺骨,,,,,,,,,,,,,,
Skill_94968_Desc,bzrm,j技能表_Skill_A.csv,2676,Skill,Desc,,造成 <Damage:[Damage:Arg1]> 点伤害，获得 [Arg2] 点<RetaliateIconKeywords:临时反击>，[Arg3]%<Baojidikang:临时暴击抵抗>。,<Damage:[Damage:Arg1]>ダメージを与える。[Arg2]点の<RetaliateIconKeywords:一時的な反撃>を獲得。[Arg3]%の<Baojidikang:一時的なクリティカル耐性>を獲得。,,,,,,,,,,,,,,
Skill_94955_Name,bzqA,j技能表_Skill_A.csv,2677,Skill,Name,,饥饿意志,飢えた意思,,,,,,,,,,,,,,
Skill_94955_Desc,bzqz,j技能表_Skill_A.csv,2677,Skill,Desc,,获得 [Arg1] 点<PowerIconKeywords:力量>。,[Arg1]点の<PowerIconKeywords:力>を獲得。,,,,,,,,,,,,,,
Skill_94956_Name,bzqD,j技能表_Skill_A.csv,2678,Skill,Name,,饥饿意志,飢えた意思,,,,,,,,,,,,,,
Skill_94956_Desc,bzqC,j技能表_Skill_A.csv,2678,Skill,Desc,,获得 [Arg1] 点<PowerIconKeywords:力量>，[Arg2] 点<Kuangbao: 狂暴>。,[Arg1]点の<PowerIconKeywords:力>を獲得。 [Arg2] 点の<Kuangbao: 狂暴>を獲得。,,,,,,,,,,,,,,
Skill_94954_Desc,bzqw,j技能表_Skill_A.csv,2679,Skill,Desc,,获得 [Arg1] 层<Guaiwusiwangdikang:死亡抵抗>，[Arg2] 点<PowerIconKeywords:力量>，[Arg3] 点<Kuangbao: 狂暴>。,[Arg1]点の<Guaiwusiwangdikang:死亡抵抗>を獲得し、 [Arg2]点の<PowerIconKeywords:力>を獲得。 [Arg3]点の<Kuangbao: 狂暴>を獲得。,,,,,,,,,,,,,,
Skill_94961_Name,bzqS,j技能表_Skill_A.csv,2680,Skill,Name,,灵魂侵吞,魂喰らい,,,,,,,,,,,,,,
Skill_94961_Desc,bzqR,j技能表_Skill_A.csv,2680,Skill,Desc,,造成 <Damage:[Damage:Arg1]> 点伤害，施加伤害量 [Arg2]%<IntoxicationIconKeywords:中毒>。,<Damage:[Damage:Arg1]>ダメージを与え、ダメージの[Arg2]%の<IntoxicationIconKeywords:毒>を付与する。,,,,,,,,,,,,,,
Skill_94967_Name,bzrk,j技能表_Skill_A.csv,2681,Skill,Name,,灵魂侵吞,魂喰らい,,,,,,,,,,,,,,
Skill_94967_Desc,bzrj,j技能表_Skill_A.csv,2681,Skill,Desc,,造成 <Damage:[Damage:Arg1]> 点伤害，施加伤害量 [Arg2]%<IntoxicationIconKeywords:中毒>，移除目标 [Arg3]% <PowerIconKeywords:力量>。,<Damage:[Damage:Arg1]>ダメージを与え、ダメージの[Arg2]%の<IntoxicationIconKeywords:毒>を付与する。対象から[Arg3]%の <PowerIconKeywords:力>を減少させる。,,,,,,,,,,,,,,
Skill_94958_Name,bzqJ,j技能表_Skill_A.csv,2682,Skill,Name,,灵魂侵吞,魂喰らい,,,,,,,,,,,,,,
Skill_94958_Desc,bzqI,j技能表_Skill_A.csv,2682,Skill,Desc,,造成 <Damage:[Damage:Arg1]> 点伤害，施加伤害量 [Arg2]%<IntoxicationIconKeywords:中毒>，移除目标 [Arg3]% <PowerIconKeywords:力量>。,<Damage:[Damage:Arg1]>ダメージを与え、ダメージの[Arg2]%の<IntoxicationIconKeywords:毒>を付与する。対象から[Arg3]%の <PowerIconKeywords:力>を減少させる。,,,,,,,,,,,,,,
Skill_94952_Desc,bzqq,j技能表_Skill_A.csv,2683,Skill,Desc,,获得 [Arg1] 层<Guaiwusiwangdikang:死亡抵抗>，召唤 2 个「深海分殖体」。,[Arg1]点の<Guaiwusiwangdikang:死亡抵抗>を獲得。「深海の増殖体」を2体召喚する。,,,,,,,,,,,,,,
Skill_94963_Desc,bzqX,j技能表_Skill_A.csv,2684,Skill,Desc,,获得 [Arg1] 层<Guaiwusiwangdikang:死亡抵抗>，免疫 [Arg2] 回合负面状态，召唤 2 个「深海分殖体」。,[Arg1]点の<Guaiwusiwangdikang:死亡抵抗>を獲得。[Arg2]ターンの間、デバフを無効化する。「深海の増殖体」を2体召喚する。,,,,,,,,,,,,,,
Skill_94962_Name,bzqV,j技能表_Skill_A.csv,2685,Skill,Name,,怒海狂涛,荒れ狂う海,,,,,,,,,,,,,,
Skill_94962_Desc,bzqU,j技能表_Skill_A.csv,2685,Skill,Desc,,造成 <Damage:[Damage:Arg1]> 点伤害 [AttackTimes:Arg2] 次，每次受到暴击伤害降低 1 次攻击次数，最低 3 次。,<Damage:[Damage:Arg1]>ダメージを[AttackTimes:Arg2]回与える。クリティカルダメージを受けるたび、攻撃回数が1減少する。最低3回。,,,,,,,,,,,,,,
Skill_94966_Desc,bzrg,j技能表_Skill_A.csv,2686,Skill,Desc,,造成 <Damage:[Damage:Arg1]> 点伤害 [AttackTimes:Arg2] 次。,<Damage:[Damage:Arg1]>ダメージを[AttackTimes:Arg2]回与える。,,,,,,,,,,,,,,
Skill_94957_Name,bzqG,j技能表_Skill_A.csv,2687,Skill,Name,,被吞食,被喰,,,,,,,,,,,,,,
Skill_94957_Desc,bzqF,j技能表_Skill_A.csv,2687,Skill,Desc,,自身死亡，为生命最高友方提高 [Arg1] 点<PowerIconKeywords:力量>，并使其提高等同于自身当前生命值两倍的最大生命（[Arg2] ）。,自身は死亡し、ライフが最も多い味方が[Arg1]点の<PowerIconKeywords:力>を獲得する。その味方の最大ライフは自身の現在のライフの2倍（[Arg2]）増加する。,,,,,,,,,,,,,,
Skill_94959_Name,bzqM,j技能表_Skill_A.csv,2688,Skill,Name,,噬天巨浪,天を喰らう大波,,,,,,,,,,,,,,
Skill_94959_Desc,bzqL,j技能表_Skill_A.csv,2688,Skill,Desc,,造成 <Damage:[Damage:Arg1]> 点伤害 [AttackTimes:Arg2] 次，每次受到暴击伤害降低 1 次攻击次数，最多降低至 3 次。,<Damage:[Damage:Arg1]>ダメージを[AttackTimes:Arg2]回与える。クリティカルダメージを受けるたび、攻撃回数が1減少する。最低3回。,,,,,,,,,,,,,,
Skill_96762_Name,bACD,j技能表_Skill_A.csv,2690,Skill,Name,,骸骨利刃,骸骨の刃,,,,,,,,,,,,,,
Skill_96762_Desc,bACC,j技能表_Skill_A.csv,2690,Skill,Desc,,造成 <Damage:[Damage:Arg1]> 点伤害 [AttackTimes:Arg2] 次，造成等同于未被格挡伤害 50% 的<BleedingIconKeywords:出血>，每层「<Chaos:混乱>」攻击次数降低 1 。,<Damage:[Damage:Arg1]>ダメージを[AttackTimes:Arg2]回与える。ブロックされなかったダメージの50%に等しい<BleedingIconKeywords:出血>を付与する。「<Chaos:混乱>」1点につき、攻撃回数が1減少する。,,,,,,,,,,,,,,
Skill_96755_Name,bACp,j技能表_Skill_A.csv,2691,Skill,Name,,湍流利刃,激流の刃,,,,,,,,,,,,,,
Skill_96755_Desc,bACo,j技能表_Skill_A.csv,2691,Skill,Desc,,造成 <Damage:[Damage:Arg1]> 点伤害 [AttackTimes:Arg2] 次，造成等同于未被格挡伤害 50% 的<BleedingIconKeywords:出血>，每层「<Chaos:混乱>」攻击次数降低 1 。,<Damage:[Damage:Arg1]>ダメージを[AttackTimes:Arg2]回与える。ブロックされなかったダメージの50%に等しい<BleedingIconKeywords:出血>を付与する。「<Chaos:混乱>」1点につき、攻撃回数が1減少する。,,,,,,,,,,,,,,
Skill_96760_Name,bACz,j技能表_Skill_A.csv,2692,Skill,Name,,奔腾涌流,奔流,,,,,,,,,,,,,,
Skill_96760_Desc,bACy,j技能表_Skill_A.csv,2692,Skill,Desc,,造成 <Damage:[Damage:Arg1]> 点伤害 [AttackTimes:Arg2] 次，获得 [Arg3] 点<PowerIconKeywords:力量>。每层「<Chaos:混乱>」使获得的力量降低  [Arg4] 点。,<Damage:[Damage:Arg1]>ダメージを[AttackTimes:Arg2]回与える。[Arg3]点の<PowerIconKeywords:力>を獲得。「<Chaos:混乱>」1点につき、獲得する力が[Arg4]点減少する。,,,,,,,,,,,,,,
Skill_96761_Name,bACB,j技能表_Skill_A.csv,2693,Skill,Name,,尸群聚爆,屍骸爆発,,,,,,,,,,,,,,
Skill_96761_Desc,bACA,j技能表_Skill_A.csv,2693,Skill,Desc,,造成 <Damage:[Damage:Arg1]> 点伤害 [AttackTimes:Arg2] 次，将 [Arg3] 张随机「症状」洗入抽牌堆，每层「<Chaos:混乱>」减少 1 张。,<Damage:[Damage:Arg1]>ダメージを[AttackTimes:Arg2]回与える。ランダムな「症状」を[Arg3]枚山札に追加する。「<Chaos:混乱>」1点につき、枚数が1減少する。,,,,,,,,,,,,,,
Skill_96758_Desc,bACu,j技能表_Skill_A.csv,2694,Skill,Desc,,造成 <Damage:[Damage:Arg1]> 点伤害 [AttackTimes:Arg2] 次，将 [Arg3] 张随机「畸变」洗入抽牌堆，每层「<Chaos:混乱>」减少 1 张。,<Damage:[Damage:Arg1]>ダメージを[AttackTimes:Arg2]回与える。ランダムな「変異」を[Arg3] 枚山札に追加する。「<Chaos:混乱>」1点につき、枚数が1減少する。,,,,,,,,,,,,,,
Skill_96759_Name,bACx,j技能表_Skill_A.csv,2695,Skill,Name,,骨血重组,骨肉の再構成,,,,,,,,,,,,,,
Skill_96759_Desc,bACw,j技能表_Skill_A.csv,2695,Skill,Desc,,使自身最大生命提高 [Arg1]%，额外获得 [Arg2] 次生命，获得 [Arg3] 点<RetaliateIconKeywords:反击>、[Arg4] 点<Duren: 毒刃>、[Arg5]% <Baojidikang:暴击抵抗>。,最大ライフが[Arg1]%増加し、追加でライフを[Arg2]回獲得する。[Arg3]点の<RetaliateIconKeywords:反撃>、[Arg4]点の<Duren: 毒刃>、[Arg5]%の<Baojidikang:クリティカル耐性>を獲得。,,,,,,,,,,,,,,
Skill_96756_Name,bACr,j技能表_Skill_A.csv,2696,Skill,Name,,蹈海者的审判,海踊人の審判,,,,,,,,,,,,,,
Skill_96756_Desc,bACq,j技能表_Skill_A.csv,2696,Skill,Desc,,造成 <Damage:[Damage:Arg1]> 点伤害 [AttackTimes:Arg2] 次，敌方生命越低伤害越高，施加 1 层「<Daohaizheyishi: 蹈海者祭仪>」。,<Damage:[Damage:Arg1]>ダメージを[AttackTimes:Arg2]回与える。敵のライフが低いほどダメージが増加する。1点の「<Daohaizheyishi: 海踊人の祭儀>」を付与。,,,,,,,,,,,,,,
Skill_96757_Name,bACt,j技能表_Skill_A.csv,2697,Skill,Name,,蹈海者的咒怨,海踊人の呪い,,,,,,,,,,,,,,
Skill_96757_Desc,bACs,j技能表_Skill_A.csv,2697,Skill,Desc,,造成 <Damage:[Damage:Arg1]> 点伤害 [AttackTimes:Arg2] 次，敌方生命越低伤害越高，为 3 张卡牌附加「<Kuangluan:污染：蹈海者狂乱>」。,<Damage:[Damage:Arg1]>ダメージを[AttackTimes:Arg2]回与える。敵のライフが低いほどダメージが増加する。指令カード3枚に「<Kuangluan:汚染：海踊人の狂乱>」を付与。,,,,,,,,,,,,,,
Skill_96787_Name,bACV,j技能表_Skill_A.csv,2698,Skill,Name,,溟梦之帷,冥夢の帷,,,,,,,,,,,,,,
Skill_96787_Desc,bACU,j技能表_Skill_A.csv,2698,Skill,Desc,,杜勒赛因张开的暂未完成的法阵，能够为你提供一定的防护，但未格挡的伤害会同等传导到法阵之上，回复生命时会回复 33% 的完好度。永久保留。当前完好度：[Arg2]/[Arg3]（[Arg1]%）。「溟梦之帷」完成回合数： [Arg4]/3。,ドゥルセインによる未完成の魔法陣。不完全ながらも、一定の防護効果を持つ。ブロックされなかったダメージは、魔法陣が肩代わりする。ライフを回復すると、安定度が33%回復する。永続保持。現在の安定度：[Arg2]/[Arg3]([Arg1]%)。「冥夢の帳」進行度：[Arg4]/3。,,,,,,,,,,,,,,
Skill_96018_Name,bAjE,j技能表_Skill_A.csv,2699,Skill,Name,,碎裂的符印,砕けた印章,,,,,,,,,,,,,,
Skill_96018_Desc,bAjD,j技能表_Skill_A.csv,2699,Skill,Desc,,本场战斗造成的最终伤害提高 25%，所有唤醒体获得 30 点狂气。清除所有卡牌的「<Kuangluan:蹈海者狂乱>」状态，消耗手中至多 2 张症状并抽等量卡牌。,この戦闘で与える最終ダメージが25%増加し、すべての覚醒体は30狂気を獲得する。すべての指令カードの「<Kuangluan:海踊人の狂乱>」を除去し、手札にある「症状」を最大2枚消費して同数のカードを引く。,,,,,,,,,,,,,,
Skill_96019_Name,bAjG,j技能表_Skill_A.csv,2700,Skill,Name,,受损的符印,壊れた印章,,,,,,,,,,,,,,
Skill_96019_Desc,bAjF,j技能表_Skill_A.csv,2700,Skill,Desc,,本场战斗造成的最终伤害提高 50%，所有唤醒体获得 50 点狂气。清除所有卡牌的「<Kuangluan:蹈海者狂乱>」状态，消耗手中至多 3 张症状并抽等量卡牌。,この戦闘で与える最終ダメージが50%増加し、すべての覚醒体は50狂気を獲得する。すべての指令カードの「<Kuangluan:海踊人の狂乱>」を除去し、手札にある「症状」を最大3枚消費して同数のカードを引く。,,,,,,,,,,,,,,
Skill_96022_Name,bAjM,j技能表_Skill_A.csv,2701,Skill,Name,,完美的符印,完璧な印章,,,,,,,,,,,,,,
Skill_96022_Desc,bAjL,j技能表_Skill_A.csv,2701,Skill,Desc,,本场战斗造成的最终伤害提高 100%，所有唤醒体获得 100 点狂气。清除所有卡牌的「<Kuangluan:蹈海者狂乱>」状态，消耗手中所有症状并抽等量卡牌。,この戦闘で与える最終ダメージが100%増加し、すべての覚醒体は100狂気を獲得する。すべての指令カードの「<Kuangluan:海踊人の狂乱>」を除去し、手札にある「症状」をすべて消費して同数のカードを引く。,,,,,,,,,,,,,,
Skill_97159_Name,bAJZ,j技能表_Skill_A.csv,2702,Skill,Name,,被吞食,被喰,,,,,,,,,,,,,,
Skill_97159_Desc,bAJY,j技能表_Skill_A.csv,2702,Skill,Desc,,自身死亡，为生命最高友方提高 [Arg1] 点<PowerIconKeywords:力量>，并使其提高等同于自身当前生命值两倍的最大生命（[Arg2] ）。,自身は死亡し、ライフが最も多い味方が[Arg1]点の<PowerIconKeywords:力>を獲得する。その味方の最大ライフは自身の現在のライフの2倍（[Arg2]）増加する。,,,,,,,,,,,,,,
Skill_96344_Desc,bAow,j技能表_Skill_A.csv,2704,Skill,Desc,,造成 <Damage:[Damage:Arg1]> 点伤害 [AttackTimes:Arg2] 次，「<Dongjie:冻结>」[Arg3]  张抽牌堆顶部的卡牌。,<Damage:[Damage:Arg1]>ダメージを[AttackTimes:Arg2]回与える。山札にある指令カードを上から[Arg3]枚「<Dongjie:凍結>」する。,,,,,,,,,,,,,,
Skill_96343_Name,bAov,j技能表_Skill_A.csv,2705,Skill,Name,,噬骨之刃,骨を喰らう刃,,,,,,,,,,,,,,
Skill_96343_Desc,bAou,j技能表_Skill_A.csv,2705,Skill,Desc,,造成 <Damage:[Damage:Arg1]> 点伤害 [AttackTimes:Arg2] 次，施加 [Arg3] 回合<HeavyInjuryKeywords:重创>，敌方生命越低伤害越高，最大为 <Damage:[Damage:Arg4]> 点伤害。,<Damage:[Damage:Arg1]>ダメージを[AttackTimes:Arg2]回与え、[Arg3]点の<HeavyInjuryKeywords:重傷>を与える。敵のライフが低いほどダメージが高くなり、最大<Damage:[Damage:Arg4]>ダメージ。,,,,,,,,,,,,,,
Skill_96345_Desc,bAoy,j技能表_Skill_A.csv,2706,Skill,Desc,,获得 [Arg1] 点<PowerIconKeywords:力量>，[Arg2]%<Baojidikang:暴击抵抗>和 [Arg3] 层<Fennu:「愤怒」>。,[Arg1]点の<PowerIconKeywords:力>を獲得。[Arg2]%の<Baojidikang:クリティカル耐性>と[Arg3]点の<Fennu:「怒り」>を獲得。,,,,,,,,,,,,,,
Skill_96342_Desc,bAos,j技能表_Skill_A.csv,2707,Skill,Desc,,获得 [Arg1]%<Baojidikang:暴击抵抗>和 [Arg2] 点<PowerIconKeywords:力量>。,[Arg1]%の<Baojidikang:クリティカル耐性>と[Arg2]点の<PowerIconKeywords:力>を獲得。,,,,,,,,,,,,,,
Skill_98057_Name,bByb,j技能表_Skill_A.csv,2709,Skill,Name,,不朽威仪,不朽の威厳,,,,,,,,,,,,,,
Skill_98057_Desc,bBya,j技能表_Skill_A.csv,2709,Skill,Desc,,获得「震怒」、12 层「困意」以及 [Arg1] 点触腕伤害。,「激怒」、12点の「眠気」、[Arg1]点の触腕ダメージを獲得する。,,,,,,,,,,,,,,
Skill_98317_Name,bBVL,j技能表_Skill_A.csv,2711,Skill,Name,,异象调色盘,異象のパレット,,,,,,,,,,,,,,
Skill_98317_Desc,bBVK,j技能表_Skill_A.csv,2711,Skill,Desc,,若记录了 2 种不同的「<PrimaryColor:原色>」，会带来持续增益效果。,2種類の異なる「<PrimaryColor:原色>」を記録すると、持続的なバフを獲得する。,,,,,,,,,,,,,,
Skill_98334_Name,bBYc,j技能表_Skill_A.csv,2712,Skill,Name,,<Red:原色·红>,<Red:原色・赤>,,,,,,,,,,,,,,
Skill_98334_Desc,bBYb,j技能表_Skill_A.csv,2712,Skill,Desc,,获得 [Power:Arg1] 点<PowerIconKeywords:临时力量>，本回合中造成的最终伤害提高 10%。,[Power:Arg1]点の<PowerIconKeywords:一時的な力>を獲得。このターンに与えるダメージが10%増加する。,,,,,,,,,,,,,,
Skill_98333_Name,bBYa,j技能表_Skill_A.csv,2713,Skill,Name,,<Yellow:原色·黄>,<Yellow:原色・黄>,,,,,,,,,,,,,,
Skill_98333_Desc,bBXZ,j技能表_Skill_A.csv,2713,Skill,Desc,,使所有唤醒体获得 <Energy:8> 点狂气。,すべての覚醒体は<Energy:8>狂気を獲得。,,,,,,,,,,,,,,
Skill_98332_Name,bBXY,j技能表_Skill_A.csv,2714,Skill,Name,,<Blue:原色·蓝>,<Blue:原色・青>,,,,,,,,,,,,,,
Skill_98332_Desc,bBXX,j技能表_Skill_A.csv,2714,Skill,Desc,,获得 <Block:[Block:Arg1]> 点护盾。,<Block:[Block:Arg1]>点のシールドを獲得。,,,,,,,,,,,,,,
Skill_98508_Name,bCcl,j技能表_Skill_A.csv,2716,Skill,Name,,无尽的爆炎,無尽の爆炎,,,,,,,,,,,,,,
Skill_98508_Desc,bCck,j技能表_Skill_A.csv,2716,Skill,Desc,,获得 3 点算力，使手中的所有指令卡获得<BurningKeywords:燃烧>，本回合打出<BurningKeywords:燃烧>的卡牌后消耗 1 层<Heat:深暗之焰>使其生效 2 次，回合结束后清空<Heat:深暗之焰>。,3点の行動力を獲得し、手札のすべての指令カードに<BurningKeywords:燃焼>を付与する。このターンに<BurningKeywords:燃焼>が付与されたカードを使用した後、<Heat:深暗の炎>を1点消費して効果を2回発動する。<Heat:深暗の炎>はターン終了後にリセットされる。,,,,,,,,,,,,,,
Skill_98705_Name,bCfu,j技能表_Skill_A.csv,2718,Skill,Name,,打击,攻撃,,,,,,,,,,,,,,
Skill_98705_Desc,bCft,j技能表_Skill_A.csv,2718,Skill,Desc,,造成 <Damage:[Damage:Arg1]> 点伤害 [AttackTimes:Arg2] 次，额外造成敌方中毒层数 [Arg3]%的伤害。,<Damage:[Damage:Arg1]>ダメージを[AttackTimes:Arg2]回与え、追加で敵に付与された毒の[Arg3]%のダメージを与える。,,,,,,,,,,,,,,
Skill_98706_Name,bCfw,j技能表_Skill_A.csv,2719,Skill,Name,,苍白的庇佑,蒼白の庇護,,,,,,,,,,,,,,
Skill_98706_Desc,bCfv,j技能表_Skill_A.csv,2719,Skill,Desc,,获得 <Block:[Block:Arg1]> 点护盾，获得 [Arg2] 点 <PowerIconKeywords:力量>。,<Block:[Block:Arg1]>点のシールドを獲得。[Arg2]点の<PowerIconKeywords:力>を獲得。,,,,,,,,,,,,,,
Skill_98731_Name,bCfP,j技能表_Skill_A.csv,2720,Skill,Name,,苍白的庇佑,蒼白の庇護,,,,,,,,,,,,,,
Skill_98731_Desc,bCfO,j技能表_Skill_A.csv,2720,Skill,Desc,,获得 <Block:[Block:Arg1]> 点护盾，获得 [Arg2] 点 <PowerIconKeywords:力量>，获得 [Arg3] 点<AlertIconKeywords:戒备>。,<Block:[Block:Arg1]>点のシールドを獲得。[Arg2]点の<PowerIconKeywords:力>を獲得。[Arg3]点の<AlertIconKeywords:警戒>を獲得。,,,,,,,,,,,,,,
Skill_98744_Name,bCfR,j技能表_Skill_A.csv,2721,Skill,Name,,迷途之旅,迷途の旅,,,,,,,,,,,,,,
Skill_98744_Desc,bCfQ,j技能表_Skill_A.csv,2721,Skill,Desc,,获得「僭越者」，施加的中毒提高 100%，每个回合结束后获得 <Block:[Block:Arg1]> 护盾。,「僭越者」を獲得。付与する毒が100%増加し、毎ターン終了後に<Block:[Block:Arg1]>のシールドを獲得。,,,,,,,,,,,,,,
Skill_98707_Name,bCfy,j技能表_Skill_A.csv,2722,Skill,Name,,不耐的施舍,耐え難い施し,,,,,,,,,,,,,,
Skill_98707_Desc,bCfx,j技能表_Skill_A.csv,2722,Skill,Desc,,获得 <Block:[Block:Arg1]> 点护盾，获得 [Arg2] 点 <PowerIconKeywords:力量>，对抽牌堆顶部的 [Arg3] 张卡牌施加 [Arg4] 层迟缓。,<Block:[Block:Arg1]>点のシールドを獲得。[Arg2]点の<PowerIconKeywords:力>を獲得。山札の上にある指令カード[Arg3]枚に[Arg4]点の「遅延」を付与する。,,,,,,,,,,,,,,
Skill_98729_Name,bCfL,j技能表_Skill_A.csv,2723,Skill,Name,,不耐的施舍,耐え難い施し,,,,,,,,,,,,,,
Skill_98729_Desc,bCfK,j技能表_Skill_A.csv,2723,Skill,Desc,,获得 <Block:[Block:Arg1]> 点护盾，对抽牌堆顶部的 [Arg2] 张卡牌施加 [Arg3] 层迟缓。,<Block:[Block:Arg1]>点のシールドを獲得。山札の上にある指令カード[Arg2]に[Arg3]点の「遅延」を付与する。,,,,,,,,,,,,,,
Skill_98704_Name,bCfs,j技能表_Skill_A.csv,2724,Skill,Name,,苍白回旋,蒼白の旋回,,,,,,,,,,,,,,
Skill_98704_Desc,bCfr,j技能表_Skill_A.csv,2724,Skill,Desc,,造成 <Damage:[Damage:Arg1]> 点伤害 [AttackTimes:Arg2] 次，施加等同于伤害 [Arg3]% 的<IntoxicationIconKeywords:中毒>。,<Damage:[Damage:Arg1]>ダメージを[AttackTimes:Arg2]回与え、ダメージの[Arg3]%の<IntoxicationIconKeywords:毒>を付与する。,,,,,,,,,,,,,,
Skill_98730_Name,bCfN,j技能表_Skill_A.csv,2725,Skill,Name,,苍白回旋,蒼白の旋回,,,,,,,,,,,,,,
Skill_98730_Desc,bCfM,j技能表_Skill_A.csv,2725,Skill,Desc,,造成 <Damage:[Damage:Arg1]> 点伤害 [AttackTimes:Arg2] 次，施加等同于伤害 [Arg3]% 的<IntoxicationIconKeywords:中毒>。,<Damage:[Damage:Arg1]>ダメージを[AttackTimes:Arg2]回与え、ダメージの[Arg3]%の<IntoxicationIconKeywords:毒>を付与する。,,,,,,,,,,,,,,
Skill_99121_Name,bCox,j技能表_Skill_A.csv,2727,Skill,Name,,蚀骨色彩,腐蝕の色彩,,,,,,,,,,,,,,
Skill_99121_Desc,bCow,j技能表_Skill_A.csv,2727,Skill,Desc,,造成 <Damage:[Damage:Arg1]> 点伤害，对玩家抽牌堆和弃牌堆中 [Arg2] 张牌施加<ErosionColorInkKeywords:融蚀彩墨>。消耗所有<DecayDye:幻世染料>，每消耗 1 层伤害次数和<ErosionColorInkKeywords:融蚀彩墨> 数提高 1。,<Damage:[Damage:Arg1]>ダメージを与える。プレイヤーの山札と捨て札にあるカード[Arg2]枚に<ErosionColorInkKeywords:融蝕彩墨>を付与する。すべての<DecayDye:幻の染料>を消費し、 1点消費するごとにダメージ回数と<ErosionColorInkKeywords:融蝕彩墨>の数が1増加する。,,,,,,,,,,,,,,
Skill_99119_Name,bCot,j技能表_Skill_A.csv,2728,Skill,Name,,蚀骨色彩,腐蝕の色彩,,,,,,,,,,,,,,
Skill_99119_Desc,bCos,j技能表_Skill_A.csv,2728,Skill,Desc,,造成 <Damage:[Damage:Arg1]> 点伤害，对玩家抽牌堆和弃牌堆中 [Arg2] 张牌施加<ErosionColorInkKeywords:融蚀彩墨>。消耗所有<DecayDye:幻世染料>，每消耗 1 层伤害次数和<ErosionColorInkKeywords:融蚀彩墨> 数提高 1。,<Damage:[Damage:Arg1]>ダメージを与える。プレイヤーの山札と捨て札にあるカード[Arg2]枚にErosionColorInkKeywords:融蝕彩墨>を付与する。すべての<DecayDye:幻の染料>を消費し、 1点消費するごとにダメージ回数と<ErosionColorInkKeywords:融蝕彩墨>の数が1増加する。,,,,,,,,,,,,,,
Skill_99118_Name,bCor,j技能表_Skill_A.csv,2729,Skill,Name,,绘影摹形,影を描き、形を写す,,,,,,,,,,,,,,
Skill_99118_Desc,bCoq,j技能表_Skill_A.csv,2729,Skill,Desc,,施加 [Arg1] 回合<VulnerabilityIconKeywords:易伤>，召唤 1 个「融蚀-追随者」与「融蚀-渴求者」。,[Arg1]点の<VulnerabilityIconKeywords:易傷>を付与する。「融蝕-追随者」と「融蝕-渇望者」を1体ずつ召喚する。,,,,,,,,,,,,,,
Skill_99120_Name,bCov,j技能表_Skill_A.csv,2730,Skill,Name,,绘影摹形,影を描き、形を写す,,,,,,,,,,,,,,
Skill_99120_Desc,bCou,j技能表_Skill_A.csv,2730,Skill,Desc,,施加 [Arg1] 回合<VulnerabilityIconKeywords:易伤>和<WeaknessIconKeywords:虚弱>，召唤 1 个「融蚀-诗中人」。,[Arg1]点<VulnerabilityIconKeywords:易傷>と<WeaknessIconKeywords:虚弱>を付与する。「融蝕-詩の中の人」を1体召喚する。,,,,,,,,,,,,,,
Skill_99116_Name,bCon,j技能表_Skill_A.csv,2731,Skill,Name,,真实，亦是幻想,真実、あるいは幻想,,,,,,,,,,,,,,
Skill_99116_Desc,bCom,j技能表_Skill_A.csv,2731,Skill,Desc,,造成 <Damage:[Damage:Arg1]> 点伤害 [AttackTimes:Arg2] 次，获得 [Arg4] 点<PowerIconKeywords:力量>。本回合每打出 1 张<ErosionColorInkKeywords:融蚀彩墨>卡牌就使「绘者」降低 [Arg3] 点<PowerIconKeywords:临时力量>。,<Damage:[Damage:Arg1]>ダメージを[AttackTimes:Arg2]回与える。このターンに「<ColorInkKeywords:彩墨>」カードを1枚使用するたび、「画家」から[Arg3]点の<PowerIconKeywords:一時的な力>を減少させる。,,,,,,,,,,,,,,
Skill_99117_Name,bCop,j技能表_Skill_A.csv,2732,Skill,Name,,艺术，即为疯狂,芸術、すなわち狂気,,,,,,,,,,,,,,
Skill_99117_Desc,bCoo,j技能表_Skill_A.csv,2732,Skill,Desc,,造成 <Damage:[Damage:Arg1]> 点伤害 [AttackTimes:Arg2] 次，获得 [Arg5] 点<PowerIconKeywords:力量>。切换到该意图时，玩家每持有 1 张<ErosionColorInkKeywords:融蚀彩墨>卡牌就使「绘者」获得 [Arg3] 点<PowerIconKeywords:力量>。本回合每打出 1 张<ErosionColorInkKeywords:融蚀彩墨>卡牌就使「绘者」降低 [Arg4] 点<PowerIconKeywords:临时力量>。,<Damage:[Damage:Arg1]>ダメージを[AttackTimes:Arg2]回与え、[Arg5]点の<PowerIconKeywords:力>を獲得する。この行動予測に転換すると、プレイヤーが<ErosionColorInkKeywords:融蝕彩墨>カードを1枚保持するごとに、「画家」が[Arg3]点の<PowerIconKeywords:力>を獲得する。このターンに<ErosionColorInkKeywords:融蝕彩墨>カードを1枚使用するたび、「画家」から[Arg4]点の<PowerIconKeywords:一時的な力>を減少させる。,,,,,,,,,,,,,,
Skill_99115_Name,bCol,j技能表_Skill_A.csv,2733,Skill,Name,,墓园画室,墓地のアトリエ,,,,,,,,,,,,,,
Skill_99115_Desc,bCok,j技能表_Skill_A.csv,2733,Skill,Desc,,「绘者」转换成食尸鬼形态，获得 [Arg1] 点<PowerIconKeywords:力量>，对玩家抽牌堆和弃牌堆中 [Arg2] 张牌施加<ErosionColorInkKeywords:融蚀彩墨>。,「画家」はグール形態に移行し、[Arg1]点の<PowerIconKeywords:力>を獲得する。プレイヤーの山札と捨て札にあるカード[Arg2]枚に<ErosionColorInkKeywords:融蝕彩墨>を付与する。,,,,,,,,,,,,,,
Skill_100602_Name,bCDV,j技能表_Skill_A.csv,2737,Skill,Name,,遗失的久远之城,失われた古都,,,,,,,,,,,,,,
Skill_100602_Desc,bCDU,j技能表_Skill_A.csv,2737,Skill,Desc,,切换到该意图时生成 1 倍的临时触腕，<TentacleInjurieIconKeywords:触腕伤害>临时降低 50%。获得 <Block:[Block:Arg1]> 点护盾并免疫 1 回合负面状态。,この行動予測に転換すると、1倍の一時的な触腕を獲得し、<TentacleInjurieIconKeywords:触腕ダメージ>が一時的に50%減少する。<Block:[Block:Arg1]>点のシールドを獲得し、1ターンの間、デバフ状態を無効化する。,,,,,,,,,,,,,,
Skill_100603_Name,bCDX,j技能表_Skill_A.csv,2738,Skill,Name,,遗失的久远之城,失われた古都,,,,,,,,,,,,,,
Skill_100603_Desc,bCDW,j技能表_Skill_A.csv,2738,Skill,Desc,,切换到该意图时生成 1 倍的临时触腕，<TentacleInjurieIconKeywords:触腕伤害>临时降低 50%。获得 <Block:[Block:Arg1]> 点护盾并免疫 1 回合负面状态。,この行動予測に転換すると、1倍の一時的な触腕を獲得し、<TentacleInjurieIconKeywords:触腕ダメージ>が一時的に50%減少する。<Block:[Block:Arg1]>点のシールドを獲得し、1ターンの間、デバフ状態を無効化する。,,,,,,,,,,,,,,
Skill_100601_Name,bCDT,j技能表_Skill_A.csv,2739,Skill,Name,,湮塞的执念,崩壊の執念,,,,,,,,,,,,,,
Skill_100601_Desc,bCDS,j技能表_Skill_A.csv,2739,Skill,Desc,,将敌方的「<FlickeringCandle:微弱烛光>」升级为等量「<LightOfTheLost:迷航之光>」，获得 3 条触腕上限。,敵の「<FlickeringCandle:小さな灯火>」を同量の「<LightOfTheLost:迷航の光>」にアップグレードする。触腕の上限を3本獲得。,,,,,,,,,,,,,,
Skill_100600_Name,bCDR,j技能表_Skill_A.csv,2740,Skill,Name,,狂热之海,狂熱の海,,,,,,,,,,,,,,
Skill_100600_Desc,bCDQ,j技能表_Skill_A.csv,2740,Skill,Desc,,造成 <Damage:[Damage:Arg1]> 点伤害 [AttackTimes:Arg2] 次，目标每有 1 层<IntoxicationIconKeywords:中毒>提高 1 点伤害。施加 1 层 「<FlickeringCandle:微弱烛光>」。,<Damage:[Damage:Arg1]>ダメージを[AttackTimes:Arg2]回与える。対象の<IntoxicationIconKeywords:毒>1点につき、ダメージが1増加する。1点の「<FlickeringCandle:小さな灯火>」を付与。,,,,,,,,,,,,,,
Skill_100599_Name,bCDP,j技能表_Skill_A.csv,2741,Skill,Name,,狂热之海,狂熱の海,,,,,,,,,,,,,,
Skill_100599_Desc,bCDO,j技能表_Skill_A.csv,2741,Skill,Desc,,造成 <Damage:[Damage:Arg1]> 点伤害 [AttackTimes:Arg2] 次，目标每有 1 层<IntoxicationIconKeywords:中毒>提高 1 点伤害。施加 2 层<VulnerabilityIconKeywords:易伤>。,<Damage:[Damage:Arg1]>ダメージを[AttackTimes:Arg2]回与える。対象の<IntoxicationIconKeywords:毒>1点につき、ダメージが1増加する。2点の<VulnerabilityIconKeywords:易傷>を付与。,,,,,,,,,,,,,,
Skill_100598_Name,bCDN,j技能表_Skill_A.csv,2742,Skill,Name,,深邃暗流,深淵の暗流,,,,,,,,,,,,,,
Skill_100598_Desc,bCDM,j技能表_Skill_A.csv,2742,Skill,Desc,,获得 [TentaclePower:Arg1] 点<TentacleInjurieIconKeywords:触腕伤害>，[Arg2] 层<Undercurrent:暗流>， 2 条临时触腕。,[TentaclePower:Arg1]点の<TentacleInjurieIconKeywords:触腕ダメージ>を獲得。[Arg2]点の<Undercurrent:暗流>、2本の一時的な触腕を獲得。,,,,,,,,,,,,,,
Skill_100604_Name,bCDZ,j技能表_Skill_A.csv,2743,Skill,Name,,深邃暗流,深淵の暗流,,,,,,,,,,,,,,
Skill_100604_Desc,bCDY,j技能表_Skill_A.csv,2743,Skill,Desc,,获得 [TentaclePower:Arg1] 点<TentacleInjurieIconKeywords:触腕伤害>，[Arg2] 层<Undercurrent:暗流>， 2 条临时触腕。,[TentaclePower:Arg1]点の<TentacleInjurieIconKeywords:触腕ダメージ>を獲得。[Arg2]点の<Undercurrent:暗流>、2本の一時的な触腕を獲得。,,,,,,,,,,,,,,
Skill_121138_Name,bKCL,j技能表_Skill_A.csv,2744,Skill,Name,,遗失的久远之城,失われた古都,,,,,,,,,,,,,,
Skill_121138_Desc,bKCK,j技能表_Skill_A.csv,2744,Skill,Desc,,切换到该意图时生成 1 倍的临时触腕，<TentacleInjurieIconKeywords:触腕伤害>临时降低 50%。全体友方获得 <Block:[Block:Arg1]> 点护盾并免疫 1 回合负面状态。,この行動予測に転換すると、1倍の一時的な触腕を獲得し、<TentacleInjurieIconKeywords:触腕ダメージ>が一時的に50%減少する。すべての味方が<Block:[Block:Arg1]>点のシールドを獲得し、1ターンの間、デバフ状態を無効化する。,,,,,,,,,,,,,,
Skill_116347_Desc,bHuK,j技能表_Skill_A.csv,2746,Skill,Desc,,造成 <Damage:[Damage:Arg1]> 点伤害 [AttackTimes:Arg2] 次，使抽牌堆随机 1 张牌附加<ErosionColorInkKeywords:融蚀彩墨>。,<Damage:[Damage:Arg1]>ダメージを[AttackTimes:Arg2]回与える。山札のランダムなカード1枚に<ErosionColorInkKeywords:融蝕彩墨>を付与する。,,,,,,,,,,,,,,
Skill_116350_Desc,bHuN,j技能表_Skill_A.csv,2747,Skill,Desc,,造成 <Damage:[Damage:Arg1]> 点伤害 [AttackTimes:Arg2] 次，使抽牌堆随机 1 张牌附加<ErosionColorInkKeywords:融蚀彩墨>。,<Damage:[Damage:Arg1]>ダメージを[AttackTimes:Arg2]回与える。山札のランダムなカード1枚に<ErosionColorInkKeywords:融蝕彩墨>を付与する。,,,,,,,,,,,,,,
Skill_116352_Desc,bHuP,j技能表_Skill_A.csv,2748,Skill,Desc,,造成 <Damage:[Damage:Arg1]> 点伤害 [AttackTimes:Arg2] 次，使抽牌堆随机 1 张牌附加<ErosionColorInkKeywords:融蚀彩墨>。,<Damage:[Damage:Arg1]>ダメージを[AttackTimes:Arg2]回与える。山札のランダムなカード1枚に<ErosionColorInkKeywords:融蝕彩墨>を付与する。,,,,,,,,,,,,,,
Skill_116348_Desc,bHuL,j技能表_Skill_A.csv,2750,Skill,Desc,,造成 <Damage:[Damage:Arg1]> 点伤害 [AttackTimes:Arg2] 次。获得 [Arg3] 点<PowerIconKeywords:力量>，使抽牌堆随机 1 张牌附加<ErosionColorInkKeywords:融蚀彩墨>。,<Damage:[Damage:Arg1]>ダメージを[AttackTimes:Arg2]回与える。[Arg3]点の<PowerIconKeywords:力>を獲得。山札のランダムなカード1枚に<ErosionColorInkKeywords:融蝕彩墨>を付与する。,,,,,,,,,,,,,,
Skill_116346_Desc,bHuJ,j技能表_Skill_A.csv,2751,Skill,Desc,,造成 <Damage:[Damage:Arg1]> 点伤害 [AttackTimes:Arg2] 次。造成 [Arg3] 回合<WeaknessIconKeywords:虚弱>，使抽牌堆随机 1 张牌附加<ErosionColorInkKeywords:融蚀彩墨>。,<Damage:[Damage:Arg1]>ダメージを[AttackTimes:Arg2]回与える。[Arg3]点の<WeaknessIconKeywords:虚弱>を付与。山札のランダムなカード1枚に<ErosionColorInkKeywords:融蝕彩墨>を付与する。,,,,,,,,,,,,,,
Skill_116349_Desc,bHuM,j技能表_Skill_A.csv,2752,Skill,Desc,,造成 <Damage:[Damage:Arg1]> 点伤害 [AttackTimes:Arg2] 次。使抽牌堆随机 3 张牌附加<ErosionColorInkKeywords:融蚀彩墨>。,<Damage:[Damage:Arg1]>ダメージを[AttackTimes:Arg2]回与える。山札のランダムなカード3枚に<ErosionColorInkKeywords:融蝕彩墨>を付与する。,,,,,,,,,,,,,,
Skill_116351_Desc,bHuO,j技能表_Skill_A.csv,2753,Skill,Desc,,造成 <Damage:[Damage:Arg1]> 点伤害 [AttackTimes:Arg2] 次。造成 [Arg3] 回合<FragileIconKeywords:脆弱>，使抽牌堆随机 2 张牌附加<ErosionColorInkKeywords:融蚀彩墨>。,<Damage:[Damage:Arg1]>ダメージを[AttackTimes:Arg2]回与える。[Arg3]点の<FragileIconKeywords:脆弱>を付与。山札のランダムなカード2枚に<ErosionColorInkKeywords:融蝕彩墨>を付与する。,,,,,,,,,,,,,,
Skill_117275_Name,bIll,j技能表_Skill_A.csv,2755,Skill,Name,,循环的倒影,循環する影,,,,,,,,,,,,,,
Skill_117275_Desc,bIlk,j技能表_Skill_A.csv,2755,Skill,Desc,,<FaxianKeywords:发现> 3 张「追忆效果」，选择 1 张将其释放。<RippleKeywords:余波>：所有唤醒体获得 5 点狂气。,<FaxianKeywords:発現>： 「追憶」3枚から1枚を選択し、発動する。<RippleKeywords:余波>：すべての覚醒体が5狂気を獲得。,,,,,,,,,,,,,,
Skill_117278_Name,bIls,j技能表_Skill_A.csv,2756,Skill,Name,,循环的倒影,循環する影,,,,,,,,,,,,,,
Skill_117278_Desc,bIlr,j技能表_Skill_A.csv,2756,Skill,Desc,,<FaxianKeywords:发现> 3 张「追忆效果」，选择 1 张将其释放，获得 <Posse:[Arg1]> 点银钥能量。<RippleKeywords:余波>：所有唤醒体获得 5 点狂气。,<FaxianKeywords:発現>： 「追憶」3枚から1枚を選択し、発動する。<Posse:[Arg1]>キーエネルギーを獲得。<RippleKeywords:余波>：すべての覚醒体が5狂気を獲得。,,,,,,,,,,,,,,
Skill_117274_Name,bIlj,j技能表_Skill_A.csv,2757,Skill,Name,,循环的倒影,循環する影,,,,,,,,,,,,,,
Skill_117274_Desc,bIli,j技能表_Skill_A.csv,2757,Skill,Desc,,<FaxianKeywords:发现> 3 张「追忆效果」，选择 1 张将其释放，获得 <Posse:[Arg1]> 点银钥能量，随机将 1 张被消耗的具有「渊海回声」刻印的卡牌洗入弃牌堆。<RippleKeywords:余波>：所有唤醒体获得 5 点狂气。,<FaxianKeywords:発現>：「追憶」3枚から1枚を選択し、発動する。<Posse:[Arg1]>キーエネルギーを獲得。「除外」と刻印「深海の反響」が付与されたランダムなカードを1枚捨て札に追加する。<RippleKeywords:余波>：すべての覚醒体は5狂気を獲得。,,,,,,,,,,,,,,
Skill_117272_Name,bIlh,j技能表_Skill_A.csv,2759,Skill,Name,,久远的幻梦,遥か昔の夢,,,,,,,,,,,,,,
Skill_117272_Desc,bIlg,j技能表_Skill_A.csv,2759,Skill,Desc,,弃掉所有手牌并抽 5 张牌，将「循环的倒影」置入手牌堆、抽牌堆、弃牌堆。,すべての手札を捨て、カードを5枚引く。「循環する影」を手札、山札、捨て札に追加する。,,,,,,,,,,,,,,
Skill_117276_Name,bIlo,j技能表_Skill_A.csv,2760,Skill,Name,,久远的幻梦,遥か昔の夢,,,,,,,,,,,,,,
Skill_117276_Desc,bIln,j技能表_Skill_A.csv,2760,Skill,Desc,,弃掉所有手牌并抽 5 张牌，将「循环的倒影」置入手牌堆、抽牌堆、弃牌堆。可使用 3 次。,すべての手札を捨て、カードを5枚引く。「循環する影」を手札、山札、捨て札に追加する。3回使用可能。,,,,,,,,,,,,,,
Skill_117276_BattleDesc,bIlm,j技能表_Skill_A.csv,2760,Skill,BattleDesc,,弃掉所有手牌并抽 5 张牌，将「循环的倒影」置入手牌堆、抽牌堆、弃牌堆。可使用 [Arg1] 次。,すべての手札を捨て、カードを5枚引く。「循環する影」を手札、山札、捨て札に追加する。[Arg1]回使用可能。,,,,,,,,,,,,,,
Skill_117862_Name,bJzZ,j技能表_Skill_A.csv,2761,Skill,Name,,深渊祝告,深淵の宣告,,,,,,,,,,,,,,
Skill_117862_Desc,bJzY,j技能表_Skill_A.csv,2761,Skill,Desc,,施加 [Arg1] 层<SacrificeKeyWord:献祭>和 1 层<EmptinessKeywords: 空虚>。,[Arg1]点の<SacrificeKeyWord:献上>と1点の<EmptinessKeywords:虚無>を付与する。,,,,,,,,,,,,,,
Skill_117863_Name,bJAb,j技能表_Skill_A.csv,2762,Skill,Name,,挥击,振り下ろす,,,,,,,,,,,,,,
Skill_117863_Desc,bJAa,j技能表_Skill_A.csv,2762,Skill,Desc,,造成 <Damage:[Damage:Arg1]> 点伤害 [AttackTimes:Arg2] 次。,<Damage:[Damage:Arg1]>ダメージを[AttackTimes:Arg2]回与える。,,,,,,,,,,,,,,
Skill_117861_Name,bJzX,j技能表_Skill_A.csv,2763,Skill,Name,,污秽血祭,穢れた血,,,,,,,,,,,,,,
Skill_117861_Desc,bJzW,j技能表_Skill_A.csv,2763,Skill,Desc,,造成 <Damage:[Damage:Arg1]> 点伤害 [AttackTimes:Arg2] 次，施加等量<BleedingIconKeywords:出血>和伤害 10%的<IntoxicationColour:中毒>。,<Damage:[Damage:Arg1]>ダメージを[AttackTimes:Arg2]回与える。同量の<BleedingIconKeywords:出血>とダメージの10%の<IntoxicationColour:毒>を付与する。,,,,,,,,,,,,,,
Skill_118101_Name,bJBx,j技能表_Skill_A.csv,2765,Skill,Name,,腐骨重击,腐骨の重撃,,,,,,,,,,,,,,
Skill_118101_Desc,bJBw,j技能表_Skill_A.csv,2765,Skill,Desc,,造成 <Damage:[Damage:Arg3]> 点伤害 [AttackTimes:Arg2] 次 ，额外造成玩家当前生命 25% 的伤害（<Damage:[Damage:Arg4]> ）。施加等量<BleedingIconKeywords:出血>和 [Arg5] 层<Decay:腐朽>。,<Damage:[Damage:Arg3]>ダメージを[AttackTimes:Arg2]回与え、追加でプレイヤーの現在のライフの25%のダメージ(<Damage:[Damage:Arg4]>)を与える。同量の<BleedingIconKeywords:出血>と[Arg5]点の<Decay:腐朽>を付与する。,,,,,,,,,,,,,,
Skill_118074_Name,bJAL,j技能表_Skill_A.csv,2766,Skill,Name,,触足壁垒,触腕の壁,,,,,,,,,,,,,,
Skill_118074_Desc,bJAK,j技能表_Skill_A.csv,2766,Skill,Desc,,获得 <Block:[Block:Arg1]> 点护盾、 [TentaclePower:Arg2] 点<TentacleInjurieIconKeywords:触腕伤害>和 [Arg3] 层<Undercurrent:暗流>。,<Block:[Block:Arg1]>点のシールドを獲得。[TentaclePower:Arg2]点の<TentacleInjurieIconKeywords:触腕ダメージ>と[Arg3]点の<Undercurrent:暗流>を獲得。,,,,,,,,,,,,,,
Skill_118076_Name,bJAN,j技能表_Skill_A.csv,2767,Skill,Name,,触腕捕食,なぎ払う,,,,,,,,,,,,,,
Skill_118076_Desc,bJAM,j技能表_Skill_A.csv,2767,Skill,Desc,,造成 <Damage:[Damage:Arg1]> 点伤害 [AttackTimes:Arg2] 次，施加 [Arg3] 层<Decay:腐朽>。,<Damage:[Damage:Arg1]>ダメージを[AttackTimes:Arg2]回与える。[Arg3]点の<Decay:腐朽>を付与。,,,,,,,,,,,,,,
Skill_118109_Name,bJBN,j技能表_Skill_A.csv,2768,Skill,Name,,蓝环毒素,ブルーリングの毒素,,,,,,,,,,,,,,
Skill_118109_Desc,bJBM,j技能表_Skill_A.csv,2768,Skill,Desc,,造成 <Damage:[Damage:Arg1]> 点伤害 [AttackTimes:Arg2] 次，施加 [Arg3] 层<IntoxicationIconKeywords:中毒>，敌方生命越低伤害越高，最大为  <Damage:[Damage:Arg4]>  点伤害。,<Damage:[Damage:Arg1]>ダメージを[AttackTimes:Arg2]回与え、[Arg3]点の<IntoxicationIconKeywords:毒>を付与する。敵のライフが低いほどダメージが増加する。最大<Damage:[Damage:Arg4]>ダメージ。,,,,,,,,,,,,,,
Skill_118083_Name,bJAV,j技能表_Skill_A.csv,2769,Skill,Name,,腐骨重击,腐骨の重撃,,,,,,,,,,,,,,
Skill_118083_Desc,bJAU,j技能表_Skill_A.csv,2769,Skill,Desc,,造成 <Damage:[Damage:Arg3]> 点伤害 [AttackTimes:Arg2] 次 ，额外造成玩家当前生命 50% 的伤害（<Damage:[Damage:Arg4]> ）。施加等量<BleedingIconKeywords:出血>和 [Arg5] 层<Decay:腐朽>。,<Damage:[Damage:Arg3]>ダメージを[AttackTimes:Arg2]回与え、追加でプレイヤーの現在のライフの50%のダメージ(<Damage:[Damage:Arg4]>)を与える。[Arg5]点の<Decay:腐朽>を付与する。,,,,,,,,,,,,,,
Skill_118100_Name,bJBv,j技能表_Skill_A.csv,2770,Skill,Name,,触腕捕食,なぎ払う,,,,,,,,,,,,,,
Skill_118100_Desc,bJBu,j技能表_Skill_A.csv,2770,Skill,Desc,,造成 <Damage:[Damage:Arg1]> 点伤害 [AttackTimes:Arg2] 次，施加 [Arg3] 层<Decay:腐朽>。,<Damage:[Damage:Arg1]>ダメージを[AttackTimes:Arg2]回与える。[Arg3]点の<Decay:腐朽>を付与。,,,,,,,,,,,,,,
Skill_118767_Name,bJBR,j技能表_Skill_A.csv,2771,Skill,Name,,腐骨「<PunctureDamagewords:穿刺>」,腐骨「<PunctureDamagewords:刺突>」,,,,,,,,,,,,,,
Skill_118767_Desc,bJBQ,j技能表_Skill_A.csv,2771,Skill,Desc,,造成 <Damage:[Damage:Arg3]> 点<PunctureDamagewords:穿刺伤害> [AttackTimes:Arg2] 次 ，额外造成玩家当前生命 50% 的<PunctureDamagewords:穿刺伤害>（<Damage:[Damage:Arg4]> ）。施加等量<BleedingIconKeywords:出血>和 [Arg5] 层<Decay:腐朽>。,<Damage:[Damage:Arg3]>刺突ダメージを[AttackTimes:Arg2]回与え、追加でプレイヤーの現在のライフの50%の刺突ダメージ(<Damage:[Damage:Arg4]>)を与える。同量の<BleedingIconKeywords:出血>と[Arg5]点の<Decay:腐朽>を付与する。,,,,,,,,,,,,,,
Skill_118077_Name,bJAP,j技能表_Skill_A.csv,2773,Skill,Name,,提灯明照,提灯の光,,,,,,,,,,,,,,
Skill_118077_Desc,bJAO,j技能表_Skill_A.csv,2773,Skill,Desc,,造成 <Damage:[Damage:Arg1]> 点伤害 [AttackTimes:Arg2] 次，若造成了未被格挡的伤害则获得 [Arg3] 层「互助契约：深海分殖体」。,<Damage:[Damage:Arg1]>ダメージを[AttackTimes:Arg2]回与える。完全にブロックされなかった場合、[Arg3]点の「相互契約：深海の増殖体」を獲得する。,,,,,,,,,,,,,,
Skill_118056_Name,bJAf,j技能表_Skill_A.csv,2774,Skill,Name,,灵智污染,霊知汚染,,,,,,,,,,,,,,
Skill_118056_Desc,bJAe,j技能表_Skill_A.csv,2774,Skill,Desc,,造成 <Damage:[Damage:Arg1]> 点伤害 [AttackTimes:Arg2] 次 ，施加 1 层<HeavyInjuryKeywords:重创>，玩家每拥有 1 点护盾使本次伤害降低 1 点。,<Damage:[Damage:Arg1]>ダメージを[AttackTimes:Arg2]回与え、1点の<HeavyInjuryKeywords:重傷>を付与する。プレイヤーのシールド1点につきダメージが1減少する。,,,,,,,,,,,,,,
Skill_118094_Name,bJBl,j技能表_Skill_A.csv,2775,Skill,Name,,燃已灯芯,燃え尽きた灯芯,,,,,,,,,,,,,,
Skill_118094_Desc,bJBk,j技能表_Skill_A.csv,2775,Skill,Desc,,获得 [Arg1] 层「血誓」和 [Arg2] 层<RetaliateIconKeywords:反击>。,[Arg1]点の「血の誓い」と[Arg2]点の<RetaliateIconKeywords:反撃>を獲得。,,,,,,,,,,,,,,
Skill_118107_Name,bJBJ,j技能表_Skill_A.csv,2776,Skill,Name,,罪孽鞭挞,罪の鞭打ち,,,,,,,,,,,,,,
Skill_118107_Desc,bJBI,j技能表_Skill_A.csv,2776,Skill,Desc,,造成 <Damage:[Damage:Arg1]> 点伤害 [AttackTimes:Arg2] 次。每有 2 层「血誓」，获得 1 条临时触腕。,<Damage:[Damage:Arg1]>ダメージを[AttackTimes:Arg2]回与える。「血の誓い」2点ごとに、一時的な触腕を1本獲得する。,,,,,,,,,,,,,,
Skill_118055_Name,bJAd,j技能表_Skill_A.csv,2777,Skill,Name,,提灯明照,提灯の光,,,,,,,,,,,,,,
Skill_118055_Desc,bJAc,j技能表_Skill_A.csv,2777,Skill,Desc,,造成 <Damage:[Damage:Arg1]> 点伤害 [AttackTimes:Arg2] 次，若造成了未被格挡的伤害则获得 [Arg3] 层「互助契约：深海分殖体」。,<Damage:[Damage:Arg1]>ダメージを[AttackTimes:Arg2]回与える。完全にブロックされなかった場合、[Arg3]点の「相互契約：深海の増殖体」を獲得する。,,,,,,,,,,,,,,
Skill_118093_Name,bJBj,j技能表_Skill_A.csv,2778,Skill,Name,,提灯明照,提灯の光,,,,,,,,,,,,,,
Skill_118093_Desc,bJBi,j技能表_Skill_A.csv,2778,Skill,Desc,,造成 <Damage:[Damage:Arg1]> 点伤害 [AttackTimes:Arg2] 次，为抽牌堆和弃牌堆 [Arg3] 张随机卡牌附加<SeastriderCurse:污染：蹈海者咒怨>。,<Damage:[Damage:Arg1]> ダメージを[AttackTimes:Arg2]回与える。山札と捨て札にあるランダムなカード[Arg3]枚に<SeastriderCurse:汚染：海踊人の呪い>を付与する。,,,,,,,,,,,,,,
Skill_118057_Name,bJAh,j技能表_Skill_A.csv,2779,Skill,Name,,重创刺骨,痛烈な一撃,,,,,,,,,,,,,,
Skill_118057_Desc,bJAg,j技能表_Skill_A.csv,2779,Skill,Desc,,造成 <Damage:[Damage:Arg1]> 点伤害 [AttackTimes:Arg2] 次，重创 [Arg3] 回合，玩家每拥有 1 点护盾使本次伤害降低 1 点。,<Damage:[Damage:Arg1]>ダメージを[AttackTimes:Arg2]回与え、[Arg3]点の重傷を付与する。プレイヤーのシールド1点につきダメージが1減少する。,,,,,,,,,,,,,,
Skill_118103_Name,bJBB,j技能表_Skill_A.csv,2780,Skill,Name,,燃已灯芯,燃え尽きた灯芯,,,,,,,,,,,,,,
Skill_118103_Desc,bJBA,j技能表_Skill_A.csv,2780,Skill,Desc,,获得 [Arg1] 层「血誓」和 [Arg2] 层<RetaliateIconKeywords:反击>。,[Arg1]点の「血の誓い」と[Arg2]点の<RetaliateIconKeywords:反撃>を獲得。,,,,,,,,,,,,,,
Skill_118102_Desc,bJBy,j技能表_Skill_A.csv,2781,Skill,Desc,,造成 <Damage:[Damage:Arg1]> 点伤害 [AttackTimes:Arg2] 次。每有 2 层「血誓」，获得 1 条临时触腕。,<Damage:[Damage:Arg1]>ダメージを[AttackTimes:Arg2]回与える。「血の誓い」2点ごとに、一時的な触腕を1本獲得する。,,,,,,,,,,,,,,
Skill_118096_Name,bJBp,j技能表_Skill_A.csv,2782,Skill,Name,,罪孽鞭挞,罪の鞭打ち,,,,,,,,,,,,,,
Skill_118096_Desc,bJBo,j技能表_Skill_A.csv,2782,Skill,Desc,,造成 <Damage:[Damage:Arg1]> 点伤害 [AttackTimes:Arg2] 次 ，施加 [Arg3]  层<HeavyInjuryKeywords:重创>，玩家每拥有 1 点护盾使本次伤害降低 1 点。,<Damage:[Damage:Arg1]>ダメージを[AttackTimes:Arg2]回与え、 [Arg3]点の<HeavyInjuryKeywords:重傷>を付与する。プレイヤーのシールド1点につきダメージが1減少する。,,,,,,,,,,,,,,
Skill_118099_Name,bJBt,j技能表_Skill_A.csv,2783,Skill,Name,,燃已灯芯,燃え尽きた灯芯,,,,,,,,,,,,,,
Skill_118099_Desc,bJBs,j技能表_Skill_A.csv,2783,Skill,Desc,,获得 [Arg1] 层「血誓」和 [Arg2] 层<RetaliateIconKeywords:反击>。,[Arg1]点の「血の誓い」と[Arg2]点の<RetaliateIconKeywords:反撃>を獲得。,,,,,,,,,,,,,,
Skill_118064_Name,bJAv,j技能表_Skill_A.csv,2784,Skill,Name,,明照「信仰萃聚」,光「信仰の結集」,,,,,,,,,,,,,,
Skill_118064_Desc,bJAu,j技能表_Skill_A.csv,2784,Skill,Desc,,造成 <Damage:[Damage:Arg1]> 点伤害 [AttackTimes:Arg2] 次，立刻获得 [Arg3] 层「互助契约：深海分殖体」。,<Damage:[Damage:Arg1]>ダメージを[AttackTimes:Arg2]回与える。[Arg3]点の「相互契約：深海の増殖体」を獲得。,,,,,,,,,,,,,,
Skill_118068_Name,bJAB,j技能表_Skill_A.csv,2786,Skill,Name,,噬咬,噛みつく,,,,,,,,,,,,,,
Skill_118068_Desc,bJAA,j技能表_Skill_A.csv,2786,Skill,Desc,,造成 <Damage:[Damage:Arg1]> 点伤害 [AttackTimes:Arg2] 次。,<Damage:[Damage:Arg1]>ダメージを[AttackTimes:Arg2]回与える。,,,,,,,,,,,,,,
Skill_118086_Name,bJAZ,j技能表_Skill_A.csv,2787,Skill,Name,,乞灵之咒,乞霊の呪文,,,,,,,,,,,,,,
Skill_118086_Desc,bJAY,j技能表_Skill_A.csv,2787,Skill,Desc,,切换到该意图时获得 [TentaclePower:Arg1] 点<TentacleInjurieIconKeywords:触腕伤害>。若目标生命低于 50%，施加 [Arg2] 层<Decay:腐朽>，否则施加 [Arg3] 层 <WeaknessIconKeywords:虚弱>。,この行動予測に転換すると、[TentaclePower:Arg1]点の<TentacleInjurieIconKeywords:触腕ダメージ>を獲得する。対象のライフが50%未満の場合、[Arg2]点の<Decay:腐朽>を付与し、そうでない場合は[Arg3]点の<WeaknessIconKeywords:虚弱>を付与する。,,,,,,,,,,,,,,
Skill_118059_Name,bJAl,j技能表_Skill_A.csv,2788,Skill,Name,,怨毒复仇,怨恨と復讐,,,,,,,,,,,,,,
Skill_118059_Desc,bJAk,j技能表_Skill_A.csv,2788,Skill,Desc,,造成 <Damage:[Damage:Arg1]> 点伤害 [AttackTimes:Arg2] 次，获得 [Arg3] 层<RetaliateIconKeywords:临时反击>，玩家每剩余 1 张手牌，提高 [Arg4] 层<RetaliateIconKeywords:临时反击>。,<Damage:[Damage:Arg1]>ダメージを[AttackTimes:Arg2]回与え、[Arg3]点の<RetaliateIconKeywords:一時的な反撃>を獲得する。プレイヤーの残り手札1枚につき、[Arg4]点の<RetaliateIconKeywords:一時的な反撃>を獲得する。,,,,,,,,,,,,,,
Skill_118080_Name,bJAT,j技能表_Skill_A.csv,2789,Skill,Name,,绞杀,絞殺,,,,,,,,,,,,,,
Skill_118080_Desc,bJAS,j技能表_Skill_A.csv,2789,Skill,Desc,,造成 <Damage:[Damage:Arg1]> 点伤害 [AttackTimes:Arg2] 次，弃掉玩家所有保留的手牌，每次造成未被格挡的伤害时，将 [Arg3] 张<DerivativeCardKeywords_80:「窒息」>洗入抽牌堆顶部。,<Damage:[Damage:Arg1]>ダメージを[AttackTimes:Arg2] 回与え、プレイヤーの保持している手札をすべて捨てる。ブロックされなかったダメージを与えるたび、<DerivativeCardKeywords_37:窒息>を[Arg3]枚山札の一番上に追加する。,,,,,,,,,,,,,,
Skill_118061_Name,bJAp,j技能表_Skill_A.csv,2790,Skill,Name,,群蛇噬魂,魂を喰らう蛇,,,,,,,,,,,,,,
Skill_118061_Desc,bJAo,j技能表_Skill_A.csv,2790,Skill,Desc,,造成 <Damage:[Damage:Arg1]> 点伤害 [AttackTimes:Arg2] 次。直到回合结束前，玩家每拥有 1 张手牌，攻击次数就减少 1，最低为 3。,<Damage:[Damage:Arg1]>ダメージを[AttackTimes:Arg2]回与える。ターン終了前の手札1枚ごとに攻撃回数が1減少する。最低3回。,,,,,,,,,,,,,,
Skill_118108_Name,bJBL,j技能表_Skill_A.csv,2791,Skill,Name,,怨毒复仇,怨恨と復讐,,,,,,,,,,,,,,
Skill_118108_Desc,bJBK,j技能表_Skill_A.csv,2791,Skill,Desc,,造成 <Damage:[Damage:Arg1]> 点伤害 [AttackTimes:Arg2] 次，获得 [Arg3] 层<RetaliateIconKeywords:临时反击>，玩家每剩余 1 张手牌，提高 [Arg4] 层<RetaliateIconKeywords:临时反击>。,<Damage:[Damage:Arg1]>ダメージを[AttackTimes:Arg2]回与え、[Arg3]点の<RetaliateIconKeywords:一時的な反撃>を獲得する。プレイヤーの残り手札1枚につき、[Arg4]点の<RetaliateIconKeywords:一時的な反撃>を獲得する。,,,,,,,,,,,,,,
Skill_118090_Name,bJBd,j技能表_Skill_A.csv,2792,Skill,Name,,狂蛇乱舞,狂蛇乱舞,,,,,,,,,,,,,,
Skill_118090_Desc,bJBc,j技能表_Skill_A.csv,2792,Skill,Desc,,造成 <Damage:[Damage:Arg1]> 点伤害 [AttackTimes:Arg2] 次，每造成 1 次伤害，生成 1 条临时触腕。直到回合结束前，玩家每拥有 1 张手牌，攻击次数就减少 1，最低为 3。,<Damage:[Damage:Arg1]>ダメージを[AttackTimes:Arg2]回与える。ダメージを1回与えるたび、一時的な触腕を1本獲得する。ターン終了前の手札1枚ごとに攻撃回数が1減少する。最低3回。,,,,,,,,,,,,,,
Skill_118087_Name,bJBb,j技能表_Skill_A.csv,2794,Skill,Name,,圣女作成,,,,,,,,,,,,,,,
Skill_118087_Desc,bJBa,j技能表_Skill_A.csv,2794,Skill,Desc,,获得 <Block:[Block:Arg1]> 点护盾、 [Arg2] 层 <SacrificeKeyWord:献祭>和 [TentaclePower:Arg3] 点<TentacleInjurieIconKeywords:触腕伤害>。,<Block:[Block:Arg1]>点のシールド、[Arg2]点の<SacrificeKeyWord:献上>と[TentaclePower:Arg3]点の<TentacleInjurieIconKeywords:触腕ダメージ>を獲得する。,,,,,,,,,,,,,,
Skill_118975_Desc,bJBW,j技能表_Skill_A.csv,2795,Skill,Desc,,获得 <Block:[Block:Arg1]> 点护盾、 [Arg2] 层 <SacrificeKeyWord:献祭>和 [TentaclePower:Arg3] 点<TentacleInjurieIconKeywords:触腕伤害>。,<Block:[Block:Arg1]>点のシールド、[Arg2]点の<SacrificeKeyWord:献上>と[TentaclePower:Arg3]点の<TentacleInjurieIconKeywords:触腕ダメージ>を獲得する。,,,,,,,,,,,,,,
Skill_118095_Desc,bJBm,j技能表_Skill_A.csv,2796,Skill,Desc,,切换至该意图时，获得等同于当前触腕条数的临时触腕。获得 <Block:[Block:Arg1]> 点护盾，造成 <Damage:[Damage:Arg2]> 点伤害 [AttackTimes:Arg3] 次。,この行動予測に転換すると、現在の触腕数と同量の一時的な触腕を獲得。<Block:[Block:Arg1]>点のシールドを獲得する。 <Damage:[Damage:Arg2]>ダメージを[AttackTimes:Arg3]回与える。,,,,,,,,,,,,,,
Skill_118072_Name,bJAH,j技能表_Skill_A.csv,2797,Skill,Name,,打击,攻撃,,,,,,,,,,,,,,
Skill_118072_Desc,bJAG,j技能表_Skill_A.csv,2797,Skill,Desc,,造成 <Damage:[Damage:Arg1]> 点伤害 [AttackTimes:Arg2] 次，获得 [TentaclePower:Arg3] 点<TentacleInjurieIconKeywords:触腕伤害>。,<Damage:[Damage:Arg1]>ダメージを[AttackTimes:Arg2]回与え、[TentaclePower:Arg3]点の<TentacleInjurieIconKeywords:触腕ダメージ>を獲得する。,,,,,,,,,,,,,,
Skill_118060_Desc,bJAm,j技能表_Skill_A.csv,2798,Skill,Desc,,造成 <Damage:[Damage:Arg1]> 点伤害 [AttackTimes:Arg2] 次（每 2 条触腕使伤害次数提高 1）。造成 [Arg3] 回合<WeaknessIconKeywords:虚弱>和<VulnerabilityIconKeywords:易伤>，驱散自身负面状态。,<Damage:[Damage:Arg1]>ダメージを[AttackTimes:Arg2]回与える(触腕2本ごとにダメージ回数が1回増加)。[Arg3]点の<WeaknessIconKeywords:虚弱>と<VulnerabilityIconKeywords:易傷>を付与し、自身のデバフ状態を解除する。,,,,,,,,,,,,,,
Skill_118974_Desc,bJBU,j技能表_Skill_A.csv,2799,Skill,Desc,,造成 <Damage:[Damage:Arg1]> 点伤害 [AttackTimes:Arg2] 次（每 2 条触腕使伤害次数提高 1）。造成 [Arg3] 回合<WeaknessIconKeywords:虚弱>和<VulnerabilityIconKeywords:易伤>，驱散自身负面状态。,<Damage:[Damage:Arg1]>ダメージを[AttackTimes:Arg2]回与える(触腕2本ごとにダメージ回数が1回増加)。[Arg3]点の<WeaknessIconKeywords:虚弱>と<VulnerabilityIconKeywords:易傷>を付与し、自身のデバフ状態を解除する。,,,,,,,,,,,,,,
Skill_118929_Desc,bJBS,j技能表_Skill_A.csv,2800,Skill,Desc,,生成 2 条触腕，触腕上限提高 2。,触腕を2本獲得し、触腕の上限が2増加する。,,,,,,,,,,,,,,
Skill_118065_Name,bJAx,j技能表_Skill_A.csv,2801,Skill,Name,,自由誓愿,自由の誓い,,,,,,,,,,,,,,
Skill_118065_Desc,bJAw,j技能表_Skill_A.csv,2801,Skill,Desc,,切换至该意图时，获得等同于当前触腕条数的临时触腕。获得 <Block:[Block:Arg1]> 点护盾，造成 <Damage:[Damage:Arg2]> 点伤害 [AttackTimes:Arg3] 次。,この行動予測に転換すると、現在の触腕数と同数の一時的な触腕を獲得する。<Block:[Block:Arg1]>点のシールドを獲得。<Damage:[Damage:Arg2]>ダメージを[AttackTimes:Arg3]回与える。,,,,,,,,,,,,,,
Skill_118091_Name,bJBf,j技能表_Skill_A.csv,2803,Skill,Name,,深海圣咏,深海の聖歌,,,,,,,,,,,,,,
Skill_118091_Desc,bJBe,j技能表_Skill_A.csv,2803,Skill,Desc,,获得 [TentaclePower:Arg1] 点<TentacleInjurieIconKeywords:触腕伤害>，触腕上限提高 1。自身获得 [Arg2] 层<SacrificeKeyWord:献祭>。,[TentaclePower:Arg1]点の<TentacleInjurieIconKeywords:触腕ダメージ>を獲得し、触腕の上限が1増加する。自身は[Arg2]点の<SacrificeKeyWord:献上>を受ける。,,,,,,,,,,,,,,
Skill_118058_Name,bJAj,j技能表_Skill_A.csv,2804,Skill,Name,,万劫轮回的天幕,永劫輪廻の天幕,,,,,,,,,,,,,,
Skill_118058_Desc,bJAi,j技能表_Skill_A.csv,2804,Skill,Desc,,切换到该意图时获得 1 层<Flaw:破绽>。造成 <Damage:[Damage:Arg1]> 点伤害 [AttackTimes:Arg2] 次。对敌方施加 [Arg3] 层<BirthRitual:降生仪式>，每有 1 层<FatePact:命契>提高 1 层。,この行動予測に転換すると、1点の<Flaw:破綻>を獲得する。<Damage:[Damage:Arg1]>ダメージを[AttackTimes:Arg2]回与える。敵に[Arg3]点の<BirthRitual:誕生の儀>を付与し、<FatePact:命契>1点につき1点増加する。,,,,,,,,,,,,,,
Skill_118105_Name,bJBF,j技能表_Skill_A.csv,2805,Skill,Name,,螺湮圆舞,ルルイエ円舞,,,,,,,,,,,,,,
Skill_118105_Desc,bJBE,j技能表_Skill_A.csv,2805,Skill,Desc,,对敌方施加 [Arg1] 层<BirthRitual:降生仪式>，获得 [Arg2] 层<FatePact:命契>，对自身施加 1 层<VulnerabilityIconKeywords:易伤>。,敵に[Arg1]点の<BirthRitual:誕生の儀>を付与する。[Arg2]点の<FatePact:命契>を獲得し、1点の<VulnerabilityIconKeywords:易傷>を獲得する。,,,,,,,,,,,,,,
Skill_119110_Name,bJCj,j技能表_Skill_A.csv,2806,Skill,Name,,命运之槛,運命の分かれ道,,,,,,,,,,,,,,
Skill_119110_Desc,bJCi,j技能表_Skill_A.csv,2806,Skill,Desc,,施加 [Arg1] 层<SacrificeKeyWord:献祭>。回合开始时获得 [Arg2] 层<FatePact:命契>。,[Arg1]点の<SacrificeKeyWord:献上>を付与する。ターン開始時に[Arg2]点の<FatePact:命契>を獲得する。,,,,,,,,,,,,,,
Skill_118070_Name,bJAD,j技能表_Skill_A.csv,2809,Skill,Name,,乐园重启,楽園再始動,,,,,,,,,,,,,,
Skill_118070_Desc,bJAC,j技能表_Skill_A.csv,2809,Skill,Desc,,造成 <Damage:[Damage:Arg1]> 点伤害 [AttackTimes:Arg2] 次，每次造成未被格挡的伤害时，依次施加 1 层<WeaknessIconKeywords:虚弱>、<FragileIconKeywords:脆弱>、<Decay:腐朽>。,<Damage:[Damage:Arg1]>ダメージを[AttackTimes:Arg2]回与える。ブロックされなかったダメージを与えるたびに、1点の<WeaknessIconKeywords:虚弱>、<FragileIconKeywords:脆弱>、<Decay:腐朽>を順に付与する。,,,,,,,,,,,,,,
Skill_118092_Name,bJBh,j技能表_Skill_A.csv,2810,Skill,Name,,永世牢笼,永遠の牢獄,,,,,,,,,,,,,,
Skill_118092_Desc,bJBg,j技能表_Skill_A.csv,2810,Skill,Desc,,造成 <Damage:[Damage:Arg1]> 点伤害 [AttackTimes:Arg2] 次，获得 [Arg3] 层<ResentChainsKeywords:怨恨锁链>。每失去 1 层<Abyssallock:梦境桎梏>使获得的<ResentChainsKeywords:怨恨锁链>提高 1 ，伤害提高  <Damage:[Damage:Arg4]>  点。,<Damage:[Damage:Arg1]>ダメージを[AttackTimes:Arg2]回与え、[Arg3]点の<ResentChainsKeywords:怨恨の鎖>を獲得する。<Abyssallock:夢の束縛>を1点失うごとに、獲得する<ResentChainsKeywords:怨恨の鎖>が1点増加し、ダメージが<Damage:[Damage:Arg4]>増加する。,,,,,,,,,,,,,,
Skill_119313_Name,bJKk,j技能表_Skill_A.csv,2811,Skill,Name,,海域轮回,海の輪廻,,,,,,,,,,,,,,
Skill_119313_Desc,bJKj,j技能表_Skill_A.csv,2811,Skill,Desc,,获得额外的 3 枚生命条，最大生命提高 250%，获得最大生命 10% 的「旧日余烬」。 获得 5 条触腕上限和「触腕集结」。,追加で3枚のライフバーを獲得し、最大ライフが250%増加する。最大ライフの10%の「古の残り火」を獲得する。触腕の上限が5増加し、「触手集結」を獲得する。,,,,,,,,,,,,,,
Skill_118106_Name,bJBH,j技能表_Skill_A.csv,2812,Skill,Name,,「神国幻象」,「神国の幻像」,,,,,,,,,,,,,,
Skill_118106_Desc,bJBG,j技能表_Skill_A.csv,2812,Skill,Desc,,造成 <Damage:[Damage:Arg1]> 点伤害 [AttackTimes:Arg2] 次。获得 [Arg3]  条触腕上限并生成 [Arg3] 条触腕 、获得 [TentaclePower:Arg4] 点<TentacleInjurieIconKeywords:触腕伤害>。附加 [Arg5] 层<WeaknessIconKeywords:虚弱>、<FragileIconKeywords:脆弱>、<VulnerabilityIconKeywords:易伤>、<HeavyInjuryKeywords:重创>。,<Damage:[Damage:Arg1]>ダメージを[AttackTimes:Arg2]回与える。触腕の上限が[Arg3]増加し、触腕を[Arg3]本獲得。[TentaclePower:Arg4]点の<TentacleInjurieIconKeywords:触腕ダメージ>を獲得する。[Arg5]点の<WeaknessIconKeywords:虚弱>、<FragileIconKeywords:脆弱>、<VulnerabilityIconKeywords:易傷>、<HeavyInjuryKeywords:重傷>を付与する。,,,,,,,,,,,,,,
Skill_118097_Name,bJBr,j技能表_Skill_A.csv,2813,Skill,Name,,「无忧净土」,「安らぎの浄土」,,,,,,,,,,,,,,
Skill_118097_Desc,bJBq,j技能表_Skill_A.csv,2813,Skill,Desc,,造成 <Damage:[Damage:Arg1]> 点伤害 [AttackTimes:Arg2] 次。切换到该意图时获得 [Arg3] 层临时的<Abyssallock2:梦境桎梏>。回合结束时每有 1 张<SlowIconKeywords:迟缓>手牌在手中，额外造成 1 次伤害。,<Damage:[Damage:Arg1]>ダメージを[AttackTimes:Arg2]回与える。この行動予測に転換すると、[Arg3]点の一時的な<Abyssallock2:夢の束縛>を獲得する。ターン終了時、手札にある<SlowIconKeywords:遅延>カード1枚ごとに、追加でダメージを1回与える。,,,,,,,,,,,,,,
Skill_118071_Name,bJAF,j技能表_Skill_A.csv,2814,Skill,Name,,「帷幕呈露」,「幕を開く」,,,,,,,,,,,,,,
Skill_118071_Desc,bJAE,j技能表_Skill_A.csv,2814,Skill,Desc,,造成 <Damage:[Damage:Arg1]> 点伤害 [AttackTimes:Arg2] 次，并施加 1 层<Decay:腐朽>。在回合开始时，选择 1 枚「圣象赐福」，将其反转为「诅咒」。,<Damage:[Damage:Arg1]>ダメージを[AttackTimes:Arg2]回与え、1点の<Decay:腐朽>を付与する。ターン開始時、「聖象の祝福」を1枚選択し、「呪い」に反転させる。,,,,,,,,,,,,,,
Skill_119714_Name,bKbV,j技能表_Skill_A.csv,2815,Skill,Name,,「神国幻象·终结」,「神国の幻像・終焉」,,,,,,,,,,,,,,
Skill_119714_Desc,bKbU,j技能表_Skill_A.csv,2815,Skill,Desc,,造成 <Damage:[Damage:Arg1]> 点伤害 [AttackTimes:Arg2] 次。获得 [Arg3]  条触腕上限并生成 [Arg3] 条触腕 、获得 [TentaclePower:Arg4] 点<TentacleInjurieIconKeywords:触腕伤害>。附加 [Arg5] 层<WeaknessIconKeywords:虚弱>、<FragileIconKeywords:脆弱>、<VulnerabilityIconKeywords:易伤>、<HeavyInjuryKeywords:重创>。,<Damage:[Damage:Arg1]>ダメージを[AttackTimes:Arg2]回与える。触腕の上限が[Arg3]増加し、触腕を[Arg3]本獲得。[TentaclePower:Arg4]点の<TentacleInjurieIconKeywords:触腕ダメージ>を獲得する。[Arg5]点の<WeaknessIconKeywords:虚弱>、<FragileIconKeywords:脆弱>、<VulnerabilityIconKeywords:易傷>、<HeavyInjuryKeywords:重傷>を付与する。,,,,,,,,,,,,,,
Skill_118063_Desc,bJAs,j技能表_Skill_A.csv,2817,Skill,Desc,,造成 <Damage:[Damage:Arg1]> 点伤害 [AttackTimes:Arg2] 次，将 [Arg3] 张<DerivativeCardKeywords_3:「惊厥」>洗入抽牌堆。,<Damage:[Damage:Arg1]>ダメージを[AttackTimes:Arg2]回与える。<DerivativeCardKeywords_3:「痙攣」>を[Arg3]枚山札に追加する。,,,,,,,,,,,,,,
Skill_118078_Desc,bJAQ,j技能表_Skill_A.csv,2818,Skill,Desc,,造成 <Damage:[Damage:Arg1]> 点伤害 [AttackTimes:Arg2] 次，封印狂气最高的唤醒体 1 回合。,<Damage:[Damage:Arg1]>ダメージを[AttackTimes:Arg2]回与え、最も狂気の多い覚醒体を1ターン封印する。,,,,,,,,,,,,,,
Skill_118084_Desc,bJAW,j技能表_Skill_A.csv,2819,Skill,Desc,,造成 <Damage:[Damage:Arg1]> 点伤害 [AttackTimes:Arg2] 次，获得 <Block:[Block:Arg3]> 点护盾，每层「呼唤」使护盾提高 <Block:[Block:Arg4]> 点。,<Damage:[Damage:Arg1]>ダメージを[AttackTimes:Arg2]回与え、<Block:[Block:Arg3]>点のシールドを獲得する。「呼び声」1点につきシールドが<Block:[Block:Arg4]>点増加する。,,,,,,,,,,,,,,
Skill_118062_Desc,bJAq,j技能表_Skill_A.csv,2820,Skill,Desc,,在前排召唤 1 个「利莫里亚唤醒体」。,前列に「リモリアの覚醒体」を1体召喚する。,,,,,,,,,,,,,,
Skill_118104_Name,bJBD,j技能表_Skill_A.csv,2821,Skill,Name,,利莫里亚的荣光！,リモリアの栄光！,,,,,,,,,,,,,,
Skill_118104_Desc,bJBC,j技能表_Skill_A.csv,2821,Skill,Desc,,造成 <Damage:[Damage:Arg1]> 点伤害 [AttackTimes:Arg2] 次，「封印」所有唤醒体 1 回合。获得 2 层<MutualAid1:互助契约：利莫里亚>。,<Damage:[Damage:Arg1]>ダメージを[AttackTimes:Arg2]回与え、すべての覚醒体を1ターン「封印」する。2点の<MutualAid1:相互契約：リモリア>を獲得する。,,,,,,,,,,,,,,
Skill_118066_Desc,bJAy,j技能表_Skill_A.csv,2822,Skill,Desc,,使「呼唤」获得额外效果：达到 5 层后，立即封印所有唤醒体。,「呼び声」が追加効果を獲得：5点で即座にすべての覚醒体を封印する。,,,,,,,,,,,,,,
Skill_119090_Desc,bJCc,j技能表_Skill_A.csv,2823,Skill,Desc,,造成 <Damage:[Damage:Arg1]> 点伤害 [AttackTimes:Arg2] 次，将 [Arg3] 张随机症状卡洗入抽牌堆。,<Damage:[Damage:Arg1]>ダメージを[AttackTimes:Arg2]回与える。ランダムな症状カードを[Arg3]枚山札に追加する。,,,,,,,,,,,,,,
Skill_119089_Desc,bJCa,j技能表_Skill_A.csv,2824,Skill,Desc,,造成 <Damage:[Damage:Arg1]> 点伤害 [AttackTimes:Arg2] 次，「封印」狂气最高的唤醒体 1 回合，并使其在牌堆中的随机 [Arg3] 张技能卡获得 1 层<SlowIconKeywords:迟缓>。,<Damage:[Damage:Arg1]>ダメージを[AttackTimes:Arg2]回与え、狂気が最も多い覚醒体を 1 ターン封印する。山札のランダムな指令カード[Arg3]枚に1点の <SlowIconKeywords:遅延> を付与する。,,,,,,,,,,,,,,
Skill_119091_Name,bJCf,j技能表_Skill_A.csv,2825,Skill,Name,,利莫里亚的荣光！,リモリアの栄光！,,,,,,,,,,,,,,
Skill_119091_Desc,bJCe,j技能表_Skill_A.csv,2825,Skill,Desc,,造成 <Damage:[Damage:Arg1]> 点伤害 [AttackTimes:Arg2] 次，「封印」所有唤醒体 1 回合。获得 2 层<MutualAid1:互助契约：利莫里亚>。,<Damage:[Damage:Arg1]>ダメージを[AttackTimes:Arg2]回与え、すべての覚醒体を1ターン「封印」する。2点の<MutualAid1:相互契約：リモリア>を獲得する。,,,,,,,,,,,,,,
Skill_119088_Desc,bJBY,j技能表_Skill_A.csv,2826,Skill,Desc,,造成 <Damage:[Damage:Arg1]> 点伤害 [AttackTimes:Arg2] 次，施加 1 回合 <WeaknessIconKeywords:虚弱>并获得 <Block:[Block:Arg3]>  点护盾。每层「呼唤」使护盾提高 <Block:[Block:Arg4]> 点。,<Damage:[Damage:Arg1]>ダメージを[AttackTimes:Arg2]回与える。1点の<WeaknessIconKeywords:虚弱> を付与し、<Block:[Block:Arg3]>点のシールドを獲得する。「呼び声」1点につきシールドが<Block:[Block:Arg4]>点増加する。,,,,,,,,,,,,,,
Skill_119092_Desc,bJCg,j技能表_Skill_A.csv,2827,Skill,Desc,,回复 10% 已损失生命，每层「呼唤」都会使回复量提高 20%。在前排召唤 1 个「利莫里亚唤醒体」。,失ったライフの10%を回復し、「呼び声」1点につき回復量が20%増加する。「リモリアの覚醒体」を1体前列に召喚する。,,,,,,,,,,,,,,
Skill_119342_Name,bJMq,j技能表_Skill_A.csv,2829,Skill,Name,,敬献神明,神に捧ぐ,,,,,,,,,,,,,,
Skill_119342_Desc,bJMp,j技能表_Skill_A.csv,2829,Skill,Desc,,选择一项献祭仪式，每种仪式限一次。,献上の儀式を1つ選択する。それぞれ1回のみ選択可能。,,,,,,,,,,,,,,
Skill_119335_Name,bJLW,j技能表_Skill_A.csv,2830,Skill,Name,,天真祭仪,素朴な儀式,,,,,,,,,,,,,,
Skill_119335_Desc,bJLV,j技能表_Skill_A.csv,2830,Skill,Desc,,仪式目标：打出 4 张防御。\n仪式奖励：回复 50% 已损失生命。清空自身所有 <SacrificeKeyWord:献祭>，并对全体敌方施加 5% 最大生命的 <SacrificeKeyWord:献祭>。,儀式目標：「防御」を4枚使用する。\n儀式報酬：失ったライフの50%を回復。すべての<SacrificeKeyWord:献上>を解除し、すべての敵に最大ライフの5%の<SacrificeKeyWord:献上>を付与する。,,,,,,,,,,,,,,
Skill_119335_BattleDesc,bJLU,j技能表_Skill_A.csv,2830,Skill,BattleDesc,,仪式目标：打出 4 张防御。\n仪式奖励：回复 50% 已损失生命。清空自身所有 <SacrificeKeyWord:献祭>，并对全体敌方施加 5% 最大生命的 <SacrificeKeyWord:献祭>。,儀式目標：「防御」を4枚使用する。\n儀式報酬：失ったライフの50%を回復。すべての<SacrificeKeyWord:献祭>を解除し、すべての敵に最大ライフの5%の<SacrificeKeyWord:献上>を付与する。,,,,,,,,,,,,,,
Skill_119343_Name,bJMt,j技能表_Skill_A.csv,2831,Skill,Name,,幻想祭仪,幻想的な儀式,,,,,,,,,,,,,,
Skill_119343_Desc,bJMs,j技能表_Skill_A.csv,2831,Skill,Desc,,仪式目标：释放 3 次钥令。\n仪式奖励：获得 2000 点银钥能量。清空自身所有 <SacrificeKeyWord:献祭>，并对全体敌方施加 5% 最大生命 <SacrificeKeyWord:献祭>。,儀式目標：「キーオーダー」を3回発動する。\n儀式報酬：2000キーエネルギーを獲得。すべての<SacrificeKeyWord:献上>を解除し、すべての敵に最大ライフの5%<SacrificeKeyWord:献上>を付与する。,,,,,,,,,,,,,,
Skill_119343_BattleDesc,bJMr,j技能表_Skill_A.csv,2831,Skill,BattleDesc,,仪式目标：释放 3 次钥令。\n仪式奖励：获得 2000 点银钥能量。清空自身所有 <SacrificeKeyWord:献祭>，并对全体敌方施加 5% 最大生命 <SacrificeKeyWord:献祭>。,儀式目標：「キーオーダー」を3回発動する。\n儀式報酬：2000キーエネルギーを獲得。すべての<SacrificeKeyWord:献上>を解除し、すべての敵に最大ライフの5%の<SacrificeKeyWord:献上>を付与する。,,,,,,,,,,,,,,
Skill_119337_Name,bJMc,j技能表_Skill_A.csv,2832,Skill,Name,,自由祭仪,自由な儀式,,,,,,,,,,,,,,
Skill_119337_Desc,bJMb,j技能表_Skill_A.csv,2832,Skill,Desc,,仪式目标：释放 4 次狂气爆发。\n仪式奖励：所有唤醒体获得 <Energy:30> 点狂气。清空自身所有 <SacrificeKeyWord:献祭>，并对全体敌方施加 5% 最大生命 <SacrificeKeyWord:献祭>。,儀式目標：「狂気解放」を4回発動する。\n儀式報酬：すべての覚醒体が<Energy:30>狂気を獲得。すべての<SacrificeKeyWord:献上>を解除し、すべての敵に最大ライフの5%の<SacrificeKeyWord:献上>を付与する。,,,,,,,,,,,,,,
Skill_119337_BattleDesc,bJMa,j技能表_Skill_A.csv,2832,Skill,BattleDesc,,仪式目标：释放 4 次狂气爆发。\n仪式奖励：所有唤醒体获得 <Energy:30> 点狂气。清空自身所有 <SacrificeKeyWord:献祭>，并对全体敌方施加 5% 最大生命 <SacrificeKeyWord:献祭>。,儀式目標：「狂気解放」を4回発動する。\n儀式報酬：すべての覚醒体が<Energy:30>狂気を獲得。すべての<SacrificeKeyWord:献上>を解除し、すべての敵に最大ライフ5%の<SacrificeKeyWord:献上>を付与する。,,,,,,,,,,,,,,
Skill_119341_Name,bJMo,j技能表_Skill_A.csv,2834,Skill,Name,,天真祭仪,素朴な儀式,,,,,,,,,,,,,,
Skill_119341_Desc,bJMn,j技能表_Skill_A.csv,2834,Skill,Desc,,仪式目标：打出 4 张防御。\n仪式奖励：回复 50% 已损失生命。清空自身所有 <SacrificeKeyWord:献祭>，并对全体敌方施加 5% 最大生命的 <SacrificeKeyWord:献祭>。,儀式目標：「防御」を4枚使用する。\n儀式報酬：失ったライフの50%を回復。すべての<SacrificeKeyWord:献上>を解除し、すべての敵に最大ライフの5%の<SacrificeKeyWord:献上>を付与する。,,,,,,,,,,,,,,
Skill_119341_BattleDesc,bJMm,j技能表_Skill_A.csv,2834,Skill,BattleDesc,,仪式目标：打出 4 张防御([Arg1]/4)。\n仪式奖励：回复 50% 已损失生命。清空自身所有 <SacrificeKeyWord:献祭>，并对全体敌方施加 5% 最大生命的 <SacrificeKeyWord:献祭>。,儀式目標：「防御」を4枚使用する([Arg1]/4)。\n儀式報酬：失ったライフの50%を回復。すべての<SacrificeKeyWord:献上>を解除し、すべての敵に最大ライフの5%の<SacrificeKeyWord:献上>を付与する。,,,,,,,,,,,,,,
Skill_119339_Name,bJMi,j技能表_Skill_A.csv,2835,Skill,Name,,幻想祭仪,幻想的な儀式,,,,,,,,,,,,,,
Skill_119339_Desc,bJMh,j技能表_Skill_A.csv,2835,Skill,Desc,,仪式目标：释放 3 次钥令。\n仪式奖励：获得 2000 点银钥能量。清空自身所有 <SacrificeKeyWord:献祭>，并对全体敌方施加 5% 最大生命 <SacrificeKeyWord:献祭>。,儀式目標：「キーオーダー」を3回発動する。\n儀式報酬：2000キーエネルギーを獲得。すべての<SacrificeKeyWord:献上>を解除し、すべての敵に最大ライフの5%の<SacrificeKeyWord:献上>を付与する。,,,,,,,,,,,,,,
Skill_119339_BattleDesc,bJMg,j技能表_Skill_A.csv,2835,Skill,BattleDesc,,仪式目标：释放 3 次钥令([Arg1]/3)。\n仪式奖励：获得 2000 点银钥能量。清空自身所有 <SacrificeKeyWord:献祭>，并对全体敌方施加 5% 最大生命 <SacrificeKeyWord:献祭>。,儀式目標：「キーオーダー」を3回発動する([Arg1]/3)。\n儀式報酬：2000キーエネルギーを獲得。すべての<SacrificeKeyWord:献上>を解除し、すべての敵に最大ライフの5%の<SacrificeKeyWord:献上>を付与する。,,,,,,,,,,,,,,
Skill_119336_Name,bJLZ,j技能表_Skill_A.csv,2836,Skill,Name,,自由祭仪,自由な儀式,,,,,,,,,,,,,,
Skill_119336_Desc,bJLY,j技能表_Skill_A.csv,2836,Skill,Desc,,仪式目标：释放 4 次狂气爆发。\n仪式奖励：所有唤醒体获得 <Energy:30> 点狂气。清空自身所有 <SacrificeKeyWord:献祭>，并对全体敌方施加 5% 最大生命 <SacrificeKeyWord:献祭>。,儀式目標：「狂気解放」を4回発動する。\n儀式報酬：すべての覚醒体が<Energy:30>狂気を獲得。すべての<SacrificeKeyWord:献上>を解除し、すべての敵に最大ライフの5%の<SacrificeKeyWord:献上>を付与する。,,,,,,,,,,,,,,
Skill_119336_BattleDesc,bJLX,j技能表_Skill_A.csv,2836,Skill,BattleDesc,,仪式目标：释放 4 次狂气爆发([Arg1]/4)。\n仪式奖励：所有唤醒体获得 <Energy:30> 点狂气。清空自身所有 <SacrificeKeyWord:献祭>，并对全体敌方施加 5% 最大生命 <SacrificeKeyWord:献祭>。,儀式目標：「狂気解放」を4回発動する([Arg1]/4)。\n儀式報酬：すべての覚醒体が<Energy:30>狂気を獲得。すべての<SacrificeKeyWord:献上>を解除し、すべての敵に最大ライフの5%の<SacrificeKeyWord:献上>を付与する。,,,,,,,,,,,,,,
Skill_119338_Name,bJMf,j技能表_Skill_A.csv,2838,Skill,Name,,天真祭仪,素朴な儀式,,,,,,,,,,,,,,
Skill_119338_Desc,bJMe,j技能表_Skill_A.csv,2838,Skill,Desc,,回复 50% 已损失生命。清空自身所有 <SacrificeKeyWord:献祭>，并对全体敌方施加 5% 最大生命的 <SacrificeKeyWord:献祭>。,失ったライフの50%を回復。自身の<SacrificeKeyWord:献上>をすべて解除し、すべての敵に最大ライフの5%の<SacrificeKeyWord:献上>を付与する。,,,,,,,,,,,,,,
Skill_119338_BattleDesc,bJMd,j技能表_Skill_A.csv,2838,Skill,BattleDesc,,回复 50% 已损失生命。清空自身所有 <SacrificeKeyWord:献祭>，并对全体敌方施加 5% 最大生命的 <SacrificeKeyWord:献祭>。,失ったライフの50%を回復。自身の<SacrificeKeyWord:献上>をすべて解除し、すべての敵に最大ライフの5%の<SacrificeKeyWord:献上>を付与する。,,,,,,,,,,,,,,
Skill_119334_Name,bJLT,j技能表_Skill_A.csv,2839,Skill,Name,,幻想祭仪,幻想的な儀式,,,,,,,,,,,,,,
Skill_119334_Desc,bJLS,j技能表_Skill_A.csv,2839,Skill,Desc,,获得 2000 点银钥能量。清空自身所有 <SacrificeKeyWord:献祭>，并对全体敌方施加 5% 最大生命 <SacrificeKeyWord:献祭>。,2000キーエネルギーを獲得。自身の<SacrificeKeyWord:献上>をすべて解除し、すべての敵に最大ライフの5%の<SacrificeKeyWord:献上>を付与する。,,,,,,,,,,,,,,
Skill_119334_BattleDesc,bJLR,j技能表_Skill_A.csv,2839,Skill,BattleDesc,,获得 2000 点银钥能量。清空自身所有 <SacrificeKeyWord:献祭>，并对全体敌方施加 5% 最大生命 <SacrificeKeyWord:献祭>。,2000キーエネルギーを獲得。自身の<SacrificeKeyWord:献上>をすべて解除し、すべての敵に最大ライフの5%の<SacrificeKeyWord:献上>を付与する。,,,,,,,,,,,,,,
Skill_119340_Name,bJMl,j技能表_Skill_A.csv,2840,Skill,Name,,自由祭仪,自由な儀式,,,,,,,,,,,,,,
Skill_119340_Desc,bJMk,j技能表_Skill_A.csv,2840,Skill,Desc,,所有唤醒体获得 <Energy:30> 点狂气。清空自身所有 <SacrificeKeyWord:献祭>，并对全体敌方施加 5% 最大生命 <SacrificeKeyWord:献祭>。,すべての覚醒体が<Energy:30>狂気を獲得。自身の<SacrificeKeyWord:献上>をすべて解除、すべての敵に最大ライフの5%の<SacrificeKeyWord:献上>を付与する。,,,,,,,,,,,,,,
Skill_119340_BattleDesc,bJMj,j技能表_Skill_A.csv,2840,Skill,BattleDesc,,所有唤醒体获得 <Energy:30> 点狂气。清空自身所有 <SacrificeKeyWord:献祭>，并对全体敌方施加 5% 最大生命 <SacrificeKeyWord:献祭>。,すべての覚醒体が<Energy:30>狂気を獲得。自身の<SacrificeKeyWord:献上>をすべて解除、すべての敵に最大ライフの5%の<SacrificeKeyWord:献上>を付与する。,,,,,,,,,,,,,,
Skill_119716_Name,bKcb,j技能表_Skill_A.csv,2842,Skill,Name,,圣像赐福：永恒之梦,聖像の祝福：永遠の夢,,,,,,,,,,,,,,
Skill_119716_Desc,bKca,j技能表_Skill_A.csv,2842,Skill,Desc,,每回合开始时回复已损失生命的 15%。,毎ターン開始時、失ったライフの15%を回復する。,,,,,,,,,,,,,,
Skill_119716_BattleDesc,bKbZ,j技能表_Skill_A.csv,2842,Skill,BattleDesc,,每回合开始时回复已损失生命的 15%。,毎ターン開始時、失ったライフの15%を回復する。,,,,,,,,,,,,,,
Skill_119715_Name,bKbY,j技能表_Skill_A.csv,2843,Skill,Name,,圣像赐福：威能之梦,聖像の祝福：神威の夢,,,,,,,,,,,,,,
Skill_119715_Desc,bKbX,j技能表_Skill_A.csv,2843,Skill,Desc,,每回合开始时获得最大生命的 5% 的<PowerIconKeywords:力量>，临时暴击率 +25%。,毎ターン開始時、最大ライフの5%の<PowerIconKeywords:力>を獲得し、一時的なクリティカル率+25%。,,,,,,,,,,,,,,
Skill_119715_BattleDesc,bKbW,j技能表_Skill_A.csv,2843,Skill,BattleDesc,,每回合开始时获得最大生命的 5% 的<PowerIconKeywords:力量>，临时暴击率 +25%。,毎ターン開始時、最大ライフの5%の<PowerIconKeywords:力>を獲得し、一時的なクリティカル率+25%。,,,,,,,,,,,,,,
Skill_119718_Name,bKch,j技能表_Skill_A.csv,2844,Skill,Name,,圣像赐福：智识之梦,聖像の祝福：知恵の夢,,,,,,,,,,,,,,
Skill_119718_Desc,bKcg,j技能表_Skill_A.csv,2844,Skill,Desc,,每回合开始时所有唤醒体获得 <Energy:10> 点狂气。,毎ターン開始時、すべての覚醒体が<Energy:10>狂気を獲得する。,,,,,,,,,,,,,,
Skill_119718_BattleDesc,bKcf,j技能表_Skill_A.csv,2844,Skill,BattleDesc,,每回合开始时所有唤醒体获得 <Energy:10> 点狂气。,毎ターン開始時、すべての覚醒体が<Energy:10>狂気を獲得する。,,,,,,,,,,,,,,
Skill_119717_Name,bKce,j技能表_Skill_A.csv,2846,Skill,Name,,圣像诅咒：破灭之恨,聖像の呪い：破滅の恨み,,,,,,,,,,,,,,
Skill_119717_Desc,bKcd,j技能表_Skill_A.csv,2846,Skill,Desc,,失去「<DerivativeCardKeywords_120:圣像赐福：永恒之梦>」，立刻失去 50% 最大生命，所有唤醒体生命回复降低 50%。,「<DerivativeCardKeywords_120:聖像の祝福：永遠の夢>」を失う。即座に最大ライフの50%を失い、すべての覚醒体のライフ回復効果が50%減少する。,,,,,,,,,,,,,,
Skill_119717_BattleDesc,bKcc,j技能表_Skill_A.csv,2846,Skill,BattleDesc,,失去「<DerivativeCardKeywords_120:圣像赐福：永恒之梦>」，立刻失去 50% 当前生命，所有唤醒体生命回复降低 50%。,「<DerivativeCardKeywords_120:聖像の祝福：永遠の夢>」を失う。即座に最大ライフの50%を失い、すべての覚醒体のライフ回復効果が50%減少する。,,,,,,,,,,,,,,
Skill_119719_Name,bKck,j技能表_Skill_A.csv,2847,Skill,Name,,圣像诅咒：衰亡之哀,聖像の呪い：衰亡の哀しみ,,,,,,,,,,,,,,
Skill_119719_Desc,bKcj,j技能表_Skill_A.csv,2847,Skill,Desc,,失去「<DerivativeCardKeywords_121:圣像赐福：威能之梦>」，立刻失去 50% 力量，所有唤醒体获得力量效果降低 50%。,「<DerivativeCardKeywords_121:聖像の祝福：神威の夢>」を失う。即座に力の50%を失い、すべての覚醒体の力獲得効果が50%減少する。,,,,,,,,,,,,,,
Skill_119719_BattleDesc,bKci,j技能表_Skill_A.csv,2847,Skill,BattleDesc,,失去「<DerivativeCardKeywords_121:圣像赐福：威能之梦>」，立刻失去 50% 力量，所有唤醒体获得力量效果降低 50%。,「<DerivativeCardKeywords_121:聖像の祝福：神威の夢>」を失う。即座に力の50%を失い、すべての覚醒体の力獲得効果が50%減少する。,,,,,,,,,,,,,,
Skill_119712_Name,bKbQ,j技能表_Skill_A.csv,2848,Skill,Name,,圣像诅咒：痴愚之叹,聖像の呪い：愚者の嘆き,,,,,,,,,,,,,,
Skill_119712_Desc,bKbP,j技能表_Skill_A.csv,2848,Skill,Desc,,失去「<DerivativeCardKeywords_122:圣像赐福：智识之梦>」，所有唤醒体立刻失去 50% 狂气，所有唤醒体造成的狂气降低 50%。,「<DerivativeCardKeywords_122:聖像の祝福：知恵の夢>」を失う。即座にすべての覚醒体が狂気の50%を失い、すべての覚醒体が獲得する狂気が50%減少する。,,,,,,,,,,,,,,
Skill_119712_BattleDesc,bKbO,j技能表_Skill_A.csv,2848,Skill,BattleDesc,,失去「<DerivativeCardKeywords_122:圣像赐福：智识之梦>」，所有唤醒体立刻失去 50% 狂气，所有唤醒体造成的狂气降低 50%。,「<DerivativeCardKeywords_122:聖像の祝福：知恵の夢>」を失う。即座にすべての覚醒体が狂気の50%を失い、すべての覚醒体が獲得する狂気が50%減少する。,,,,,,,,,,,,,,
Skill_119713_Name,bKbT,j技能表_Skill_A.csv,2849,Skill,Name,,银钥，必会指引前路,銀の鍵が道を照らさんことを,,,,,,,,,,,,,,
Skill_119713_Desc,bKbS,j技能表_Skill_A.csv,2849,Skill,Desc,,打出后本回合不受「圣像诅咒」效果影响并免疫所有伤害，敌人的「旧日余烬」效果永久翻倍。,使用後、このターンは「聖像の呪い」の効果を受けず、すべてのダメージを無効化する。敵の「古の残り火」の効果が永久に倍増する。,,,,,,,,,,,,,,
Skill_119713_BattleDesc,bKbR,j技能表_Skill_A.csv,2849,Skill,BattleDesc,,打出后本回合不受「圣象诅咒」效果影响并免疫所有伤害，敌人的「旧日余烬」效果永久翻倍。,使用後、このターンは「聖像の呪い」の効果を受けず、すべてのダメージを無効化する。敵の「古の残り火」の効果が永久に倍増する。,,,,,,,,,,,,,,
Skill_121800_Name,bKSP,j技能表_Skill_A.csv,2851,Skill,Name,,颠覆天穹,天を覆す,,,,,,,,,,,,,,
Skill_121800_Desc,bKSO,j技能表_Skill_A.csv,2851,Skill,Desc,,将敌人的触腕伤害临时降低 80%，获得等量的临时<PowerIconKeywords:力量>。,敵の触腕ダメージを一時的に80%減少させ、同量の一時的な<PowerIconKeywords:力>を獲得する。,,,,,,,,,,,,,,
Skill_121802_Name,bKST,j技能表_Skill_A.csv,2852,Skill,Name,,崇拜与鼓舞,崇拝と鼓舞,,,,,,,,,,,,,,
Skill_121802_Desc,bKSS,j技能表_Skill_A.csv,2852,Skill,Desc,,立刻回复 25% 最大生命，获得最大生命 500% 的临时<RetaliateIconKeywords:反击>。,即座に最大ライフの25%を回復し、最大ライフの500%の一時的な<RetaliateIconKeywords:反撃>を獲得する。,,,,,,,,,,,,,,
Skill_121803_Name,bKSV,j技能表_Skill_A.csv,2853,Skill,Name,,神选的辉光,神聖なる輝き,,,,,,,,,,,,,,
Skill_121803_Desc,bKSU,j技能表_Skill_A.csv,2853,Skill,Desc,,抽 5 张牌。清除所有手牌的<SlowIconKeywords:迟缓>。,カードを5枚引く。すべての手札の<SlowIconKeywords:遅延>を解除する。,,,,,,,,,,,,,,
Skill_121801_Name,bKSR,j技能表_Skill_A.csv,2854,Skill,Name,,不移的虔信,揺るぎない信仰,,,,,,,,,,,,,,
Skill_121801_Desc,bKSQ,j技能表_Skill_A.csv,2854,Skill,Desc,,选择 1 名唤醒体获得 50 点狂气，重复 3 次。,覚醒体を1体選択し、50狂気を獲得させる。3回繰り返す。,,,,,,,,,,,,,,
Skill_122417_Name,bLFr,j技能表_Skill_A.csv,2855,Skill,Name,,风暴冲击,嵐の衝撃,,,,,,,,,,,,,,
Skill_122417_Desc,bLFq,j技能表_Skill_A.csv,2855,Skill,Desc,,造成 <Damage:[Damage:Arg1]> 点伤害 [AttackTimes:Arg2] 次，每有 1 次伤害被格挡则获得 [Arg3] 点<PowerIconKeywords:力量>。,<Damage:[Damage:Arg1]>ダメージを[AttackTimes:Arg2]回与える。1回ブロックされるたびに[Arg3]点の<PowerIconKeywords:力>を獲得する。,,,,,,,,,,,,,,
Skill_122414_Name,bLFl,j技能表_Skill_A.csv,2856,Skill,Name,,人间爆破,人間爆破,,,,,,,,,,,,,,
Skill_122414_Desc,bLFk,j技能表_Skill_A.csv,2856,Skill,Desc,,造成 <Damage:[Damage:Arg1]> 点伤害 [AttackTimes:Arg2] 次 ，敌人每拥有 <Block:[Block:Arg3]> 点护盾，使造成的伤害提高 1 点。获得 [Arg4] 点<PowerIconKeywords:力量>。,<Damage:[Damage:Arg1]>ダメージを[AttackTimes:Arg2]回与え、敵のシールド<Block:[Block:Arg3]>点ごとに、与えるダメージが1増加する。[Arg4]点の<PowerIconKeywords:力>を獲得する。,,,,,,,,,,,,,,
Skill_122415_Name,bLFn,j技能表_Skill_A.csv,2857,Skill,Name,,闪耀龙卷风,シャイニングトルネード,,,,,,,,,,,,,,
Skill_122415_Desc,bLFm,j技能表_Skill_A.csv,2857,Skill,Desc,,造成 <Damage:[Damage:Arg1]> 点伤害 [AttackTimes:Arg2] 次 ，施加 [Arg3] 层<FragileIconKeywords: 脆弱>。,<Damage:[Damage:Arg1]>ダメージを[AttackTimes:Arg2]回与え、[Arg3]点の<FragileIconKeywords:脆弱>を付与する。,,,,,,,,,,,,,,
Skill_122416_Name,bLFp,j技能表_Skill_A.csv,2858,Skill,Name,,闪耀龙卷风,シャイニングトルネード,,,,,,,,,,,,,,
Skill_122416_Desc,bLFo,j技能表_Skill_A.csv,2858,Skill,Desc,,造成 <Damage:[Damage:Arg1]> 点伤害 [AttackTimes:Arg2] 次 ，施加 [Arg3] 层<FragileIconKeywords: 脆弱>。,<Damage:[Damage:Arg1]>ダメージを[AttackTimes:Arg2]回与え、[Arg3]点の<FragileIconKeywords:脆弱>を付与する。,,,,,,,,,,,,,,
Skill_122413_Name,bLFj,j技能表_Skill_A.csv,2859,Skill,Name,,雾境遗脉,霧境の遺脈,,,,,,,,,,,,,,
Skill_122413_Desc,bLFi,j技能表_Skill_A.csv,2859,Skill,Desc,,茉夏之后造成未被格挡的伤害时，获得 2 层<Monster_Fervor:临时狂热>。获得 80 层<ReinforcePVEKeywords:加固>，敌方回合开始时移除。,ムシェットがブロックされなかったダメージを与えた後、2点の<Monster_Fervor:一時的な熱狂>を獲得する。80点の<ReinforcePVEKeywords:堅固>を獲得し、敵のターン開始時に除去する。,,,,,,,,,,,,,,
Skill_124422_Name,bMyX,j技能表_Skill_A.csv,2860,Skill,Name,,风暴冲击,嵐の衝撃,,,,,,,,,,,,,,
Skill_124422_Desc,bMyW,j技能表_Skill_A.csv,2860,Skill,Desc,,造成 <Damage:[Damage:Arg1]> 点伤害 [AttackTimes:Arg2] 次，每有 1 次伤害被格挡则获得 [Arg3] 点<PowerIconKeywords:力量>。,<Damage:[Damage:Arg1]>ダメージを[AttackTimes:Arg2]回与える。1回ブロックされるごとに[Arg3]点の<PowerIconKeywords:力>を獲得する。,,,,,,,,,,,,,,
Skill_124205_Name,bMyC,j技能表_Skill_A.csv,2861,Skill,Name,,人间爆破,人間爆破,,,,,,,,,,,,,,
Skill_124205_Desc,bMyB,j技能表_Skill_A.csv,2861,Skill,Desc,,造成 <Damage:[Damage:Arg1]> 点伤害 [AttackTimes:Arg2] 次 ，敌人每拥有 <Block:[Block:Arg3]> 点护盾，使造成的伤害提高 1 点。获得 [Arg4] 点<PowerIconKeywords:力量>。,<Damage:[Damage:Arg1]>ダメージを[AttackTimes:Arg2]回与える。敵のシールド<Block:[Block:Arg3]>点ごとに、与えるダメージが1増加する。[Arg4]点の<PowerIconKeywords:力>を獲得する。,,,,,,,,,,,,,,
Skill_124423_Name,bMyZ,j技能表_Skill_A.csv,2862,Skill,Name,,闪耀龙卷风,シャイニングトルネード,,,,,,,,,,,,,,
Skill_124423_Desc,bMyY,j技能表_Skill_A.csv,2862,Skill,Desc,,造成 <Damage:[Damage:Arg1]> 点伤害 [AttackTimes:Arg2] 次 ，施加 [Arg3] 层<FragileIconKeywords: 脆弱>。,<Damage:[Damage:Arg1]>ダメージを[AttackTimes:Arg2]回与え、[Arg3]点の<FragileIconKeywords:脆弱>を付与する。,,,,,,,,,,,,,,
Skill_124424_Name,bMzb,j技能表_Skill_A.csv,2863,Skill,Name,,闪耀龙卷风,シャイニングトルネード,,,,,,,,,,,,,,
Skill_124424_Desc,bMza,j技能表_Skill_A.csv,2863,Skill,Desc,,造成 <Damage:[Damage:Arg1]> 点伤害 [AttackTimes:Arg2] 次 ，施加 [Arg3] 层<FragileIconKeywords: 脆弱>。,<Damage:[Damage:Arg1]>ダメージを[AttackTimes:Arg2]回与え、[Arg3]点の<FragileIconKeywords:脆弱>を付与する。,,,,,,,,,,,,,,
Skill_124420_Name,bMyV,j技能表_Skill_A.csv,2864,Skill,Name,,雾境遗脉,霧境の遺脈,,,,,,,,,,,,,,
Skill_124420_Desc,bMyU,j技能表_Skill_A.csv,2864,Skill,Desc,,茉夏之后造成未被格挡的伤害时，获得 2 层<Monster_Fervor:临时狂热>。,ムシェットがブロックされなかったダメージを与えた後、2点の<Monster_Fervor:一時的な熱狂>を獲得する。,,,,,,,,,,,,,,
Skill_124073_Name,bMru,j技能表_Skill_A.csv,2897,Skill,Name,,安魂曲,鎮魂歌,,,,,,,,,,,,,,
Skill_124073_Desc,bMrt,j技能表_Skill_A.csv,2897,Skill,Desc,,造成 <Damage:[Damage:Arg1]> 点伤害 [AttackTimes:Arg2] 次，使全体友方获得 [Arg3] 点<PowerIconKeywords:力量>。若自身或其他友方存在<WeaknessIconKeywords:虚弱>或<VulnerabilityIconKeywords:易伤>状态，将其转移给敌方。,<Damage:[Damage:Arg1]>ダメージを[AttackTimes:Arg2]回与え、すべての味方に[Arg3]点の<PowerIconKeywords:力>を付与する。自身または他の味方が<WeaknessIconKeywords:虚弱>または<VulnerabilityIconKeywords:易傷>を持つ場合、それを敵に移す。,,,,,,,,,,,,,,
Skill_124071_Name,bMrq,j技能表_Skill_A.csv,2898,Skill,Name,,绵音渐响,響き渡る音,,,,,,,,,,,,,,
Skill_124071_Desc,bMrp,j技能表_Skill_A.csv,2898,Skill,Desc,,全体友方获得 <Block:[Block:Arg1]> 点护盾。,すべての味方が<Block:[Block:Arg1]>点のシールドを獲得。,,,,,,,,,,,,,,
Skill_124086_Name,bMrU,j技能表_Skill_A.csv,2899,Skill,Name,,星彩极光,星の極光,,,,,,,,,,,,,,
Skill_124086_Desc,bMrT,j技能表_Skill_A.csv,2899,Skill,Desc,,获得 [Arg1] 点<PowerIconKeywords:力量>，对手中随机 [Arg2] 张卡牌和抽牌堆随机 [Arg2] 张卡牌施加 [Arg3] 层<SlowIconKeywords:迟缓>。后退。,[Arg1]点の<PowerIconKeywords:力>を獲得し、相手の手札のランダムなカード[Arg2]枚と山札のランダムなカード[Arg2]枚に[Arg3]点の<SlowIconKeywords:遅延>を付与する。後退する。,,,,,,,,,,,,,,
Skill_124070_Name,bMro,j技能表_Skill_A.csv,2900,Skill,Name,,界外之音,界外の音,,,,,,,,,,,,,,
Skill_124070_Desc,bMrn,j技能表_Skill_A.csv,2900,Skill,Desc,,驱散所有负面状态，对方回合结束不会丢弃手牌。回合结束时依次施加 [Arg1] 层<FragileIconKeywords: 脆弱>、 <WeaknessIconKeywords:虚弱>、<HeavyInjuryKeywords:重创>、<VulnerabilityIconKeywords:易伤>状态。,すべてのデバフを解除し、相手のターン終了時に手札を捨てない。ターン終了時、[Arg1]点の<FragileIconKeywords:脆弱>、<WeaknessIconKeywords:虚弱>、<HeavyInjuryKeywords:重傷>、<VulnerabilityIconKeywords:易傷>を順に付与する。,,,,,,,,,,,,,,
Skill_124079_Name,bMrG,j技能表_Skill_A.csv,2901,Skill,Name,,安魂曲,鎮魂歌,,,,,,,,,,,,,,
Skill_124079_Desc,bMrF,j技能表_Skill_A.csv,2901,Skill,Desc,,造成 <Damage:[Damage:Arg1]> 点伤害 [AttackTimes:Arg2] 次，获得 [Arg3] 点<PowerIconKeywords:力量>。若自身存在<WeaknessIconKeywords:虚弱>或<VulnerabilityIconKeywords:易伤>状态，将其转移给敌方。,<Damage:[Damage:Arg1]>ダメージを[AttackTimes:Arg2]回与え、[Arg3]点の<PowerIconKeywords:力>を獲得する。自身が<WeaknessIconKeywords:虚弱>または<VulnerabilityIconKeywords:易傷>を持つ場合、それを敵に移す。,,,,,,,,,,,,,,
Skill_124074_Name,bMrw,j技能表_Skill_A.csv,2902,Skill,Name,,绵音渐响,響き渡る音,,,,,,,,,,,,,,
Skill_124074_Desc,bMrv,j技能表_Skill_A.csv,2902,Skill,Desc,,获得 <Block:[Block:Arg1]> 点护盾，对方手牌中每有 [Arg2] 张<SlowIconKeywords:迟缓>卡牌，获得 [Arg3] 层临时<MadnessIconKeywords:疯狂>。,<Block:[Block:Arg1]>点のシールドを獲得し、相手の手札にある<SlowIconKeywords:遅延>が付与されたカード[Arg2]枚ごとに、[Arg3]点の一時的な<MadnessIconKeywords:発狂>を獲得する。,,,,,,,,,,,,,,
Skill_124072_Name,bMrs,j技能表_Skill_A.csv,2903,Skill,Name,,星彩极光,星の極光,,,,,,,,,,,,,,
Skill_124072_Desc,bMrr,j技能表_Skill_A.csv,2903,Skill,Desc,,获得 [Arg1] 点<PowerIconKeywords:力量>，对手中随机 [Arg2] 张卡牌和抽牌堆随机 [Arg2] 张卡牌施加 [Arg3] 层<SlowIconKeywords:迟缓>。,[Arg1]点の<PowerIconKeywords:力>を獲得し、相手の手札のランダムなカード[Arg2]枚と山札のランダムなカード[Arg2]枚に[Arg3]点の<SlowIconKeywords:遅延>を付与する。,,,,,,,,,,,,,,
Skill_124075_Name,bMry,j技能表_Skill_A.csv,2904,Skill,Name,,打击,攻撃,,,,,,,,,,,,,,
Skill_124075_Desc,bMrx,j技能表_Skill_A.csv,2904,Skill,Desc,,造成 <Damage:[Damage:Arg1]> 点伤害 [AttackTimes:Arg2] 次。,<Damage:[Damage:Arg1]>ダメージを[AttackTimes:Arg2]回与える。,,,,,,,,,,,,,,
Skill_124069_Name,bMrm,j技能表_Skill_A.csv,2905,Skill,Name,,打击,攻撃,,,,,,,,,,,,,,
Skill_124069_Desc,bMrl,j技能表_Skill_A.csv,2905,Skill,Desc,,造成 <Damage:[Damage:Arg1]> 点伤害 [AttackTimes:Arg2] 次，每造成 [Arg3] 次未被格挡的伤害对抽牌堆顶卡牌施加 [Arg4] 层<SlowIconKeywords:迟缓>。,<Damage:[Damage:Arg1]>ダメージを[AttackTimes:Arg2]回与え、ブロックされなかったダメージを[Arg3]回たび、山札の一番上のカードに[Arg4]点の<SlowIconKeywords:遅延>を付与する。,,,,,,,,,,,,,,
Skill_124085_Name,bMrS,j技能表_Skill_A.csv,2907,Skill,Name,,养分汲取,養分吸収,,,,,,,,,,,,,,
Skill_124085_Desc,bMrR,j技能表_Skill_A.csv,2907,Skill,Desc,,最大生命 +[Arg1]%，偷取 [Arg2]% 力量。若本回合未失去生命，敌方生命上限 -[Arg3]%。,最大ライフ+[Arg1]%、[Arg2]%の力を奪う。このターンでライフを失っていない場合、敵のライフ上限 -[Arg3]%。,,,,,,,,,,,,,,
Skill_124182_Name,bMrW,j技能表_Skill_A.csv,2908,Skill,Name,,养分汲取,養分吸収,,,,,,,,,,,,,,
Skill_124182_Desc,bMrV,j技能表_Skill_A.csv,2908,Skill,Desc,,最大生命 +[Arg1]%，偷取 [Arg2]% <PowerIconKeywords:力量>。,最大ライフ+[Arg1]%、[Arg2]%の<PowerIconKeywords:力>を奪う。,,,,,,,,,,,,,,
Skill_124077_Name,bMrC,j技能表_Skill_A.csv,2909,Skill,Name,,幼芽萌生,幼芽萌生,,,,,,,,,,,,,,
Skill_124077_Desc,bMrB,j技能表_Skill_A.csv,2909,Skill,Desc,,全体友方回复已损失生命的 [Arg1]% 。,全ての味方が失ったライフの[Arg1]%を回復する。,,,,,,,,,,,,,,
Skill_124081_Name,bMrK,j技能表_Skill_A.csv,2910,Skill,Name,,星之摇篮,星のゆりかご,,,,,,,,,,,,,,
Skill_124081_Desc,bMrJ,j技能表_Skill_A.csv,2910,Skill,Desc,,获取 [Arg1] <RetaliateIconKeywords:反击>， <Block:[Block:Arg2]> 点护盾，前进。,[Arg1]点の<RetaliateIconKeywords:反撃>を獲得し、<Block:[Block:Arg2]>点のシールドを獲得する。前進する。,,,,,,,,,,,,,,
Skill_124082_Name,bMrM,j技能表_Skill_A.csv,2911,Skill,Name,,无边星彩,星のゆりかご,,,,,,,,,,,,,,
Skill_124082_Desc,bMrL,j技能表_Skill_A.csv,2911,Skill,Desc,,获得 [Arg1] 层<Guaiwusiwangdikang:死亡抵抗>，<Guaiwusiwangdikang:死亡抵抗>回复生命提高为 [Arg2]%。敌方每打出 [Arg3] 张指令卡，临时偷取 [Arg4] 点<PowerIconKeywords:力量>。,[Arg1]点の<Guaiwusiwangdikang:死亡抵抗>を獲得し、<Guaiwusiwangdikang:死亡抵抗>によるライフ回復効果が[Arg2]%増加する。敵が指令カードを[Arg3]枚使用するたび、[Arg4]点の<PowerIconKeywords:力>を一時的に奪う。,,,,,,,,,,,,,,
Skill_124084_Name,bMrQ,j技能表_Skill_A.csv,2912,Skill,Name,,养分汲取,養分吸収,,,,,,,,,,,,,,
Skill_124084_Desc,bMrP,j技能表_Skill_A.csv,2912,Skill,Desc,,最大生命 +[Arg1]%，偷取 [Arg2]% <PowerIconKeywords:力量>。敌方生命上限 -[Arg3]%。,最大ライフ+[Arg1]%、[Arg2]%の<PowerIconKeywords:力>を奪う。敵のライフ上限-[Arg3]%。,,,,,,,,,,,,,,
Skill_124078_Name,bMrE,j技能表_Skill_A.csv,2913,Skill,Name,,幼芽萌生,幼芽萌生,,,,,,,,,,,,,,
Skill_124078_Desc,bMrD,j技能表_Skill_A.csv,2913,Skill,Desc,,回复已损失生命的 [Arg1]% ，获得 [Arg2] 层<ReinforcePVEKeywords:加固>。,失ったライフの[Arg1]%を回復し、[Arg2]点の<ReinforcePVEKeywords:堅固>を獲得する。,,,,,,,,,,,,,,
Skill_124083_Name,bMrO,j技能表_Skill_A.csv,2914,Skill,Name,,星之摇篮,星のゆりかご,,,,,,,,,,,,,,
Skill_124083_Desc,bMrN,j技能表_Skill_A.csv,2914,Skill,Desc,,获取 [Arg1] <RetaliateIconKeywords:反击>， <Block:[Block:Arg2]> 点护盾，[Arg3] 层<Guaiwusiwangdikang:死亡抵抗>。,[Arg1]点の<RetaliateIconKeywords:反撃>を獲得し、<Block:[Block:Arg2]>点のシールドと[Arg3]点の<Guaiwusiwangdikang:死亡抵抗>を獲得する。,,,,,,,,,,,,,,
Skill_124076_Name,bMrA,j技能表_Skill_A.csv,2915,Skill,Name,,打击,攻撃,,,,,,,,,,,,,,
Skill_124076_Desc,bMrz,j技能表_Skill_A.csv,2915,Skill,Desc,,造成 <Damage:[Damage:Arg1]> 点伤害 [AttackTimes:Arg2] 次，获得 [Arg3]% 未被格挡伤害的临时<RetaliateIconKeywords:反击>。,<Damage:[Damage:Arg1]>ダメージを[AttackTimes:Arg2]回与える。ブロックされなかったダメージの[Arg3]%の一時的な<RetaliateIconKeywords:反撃>を獲得する。,,,,,,,,,,,,,,
Skill_124080_Name,bMrI,j技能表_Skill_A.csv,2916,Skill,Name,,打击,攻撃,,,,,,,,,,,,,,
Skill_124080_Desc,bMrH,j技能表_Skill_A.csv,2916,Skill,Desc,,造成 <Damage:[Damage:Arg1]> 点伤害 [AttackTimes:Arg2] 次，获得 [Arg3]% 未被格挡伤害的临时<RetaliateIconKeywords:反击>。,<Damage:[Damage:Arg1]>ダメージを[AttackTimes:Arg2]回与える。ブロックされなかったダメージの[Arg3]%の一時的な<RetaliateIconKeywords:反撃>を獲得する。,,,,,,,,,,,,,,
Skill_124840_Name,bMIa,j技能表_Skill_A.csv,2918,Skill,Name,,星之摇篮,星のゆりかご,,,,,,,,,,,,,,
Skill_124840_Desc,bMHZ,j技能表_Skill_A.csv,2918,Skill,Desc,,获取 [Arg1] <RetaliateIconKeywords:反击>， <Block:[Block:Arg2]> 点护盾。,[Arg1]点の<RetaliateIconKeywords:反撃>を獲得し、<Block:[Block:Arg2]>点のシールドを獲得する。,,,,,,,,,,,,,,
Skill_124839_Name,bMHY,j技能表_Skill_A.csv,2919,Skill,Name,,星彩极光,星の極光,,,,,,,,,,,,,,
Skill_124839_Desc,bMHX,j技能表_Skill_A.csv,2919,Skill,Desc,,获得 [Arg1] 点<PowerIconKeywords:力量>，对手中随机 [Arg2] 张卡牌和抽牌堆随机 [Arg2] 张卡牌施加 [Arg3] 层<SlowIconKeywords:迟缓>。,[Arg1]点の<PowerIconKeywords:力>を獲得し、相手の手札のランダムなカード[Arg2]枚と山札のランダムなカード[Arg2]枚に[Arg3]点の<SlowIconKeywords:遅延>を付与する。,,,,,,,,,,,,,,
Skill_131192_Name,bRdH,j技能表_Skill_A.csv,2924,Skill,Name,,禁忌真相,禁忌の真実,,,,,,,,,,,,,,
Skill_131192_Desc,bRdG,j技能表_Skill_A.csv,2924,Skill,Desc,,还原所有附加<ErosionColorInkKeywords:融蚀彩墨>的卡牌，每还原1张手牌使它们算力消耗-1并使狂气最低的唤醒体获得<Energy:5>点狂气，本回合打出卡牌后不再附加<ErosionColorInkKeywords:融蚀彩墨>。,<ErosionColorInkKeywords:融食彩墨>が付与されたカードをすべて元に戻す。元に戻した手札1枚につき、それらの行動力消費が-1減少し、最も狂気が少ない覚醒体が<Energy:5>狂気を獲得する。このターンに使用したカードは、<ErosionColorInkKeywords:融食彩墨>を付与されない。,,,,,,,,,,,,,,
Skill_130933_Name,bPMc,j技能表_Skill_A.csv,2931,Skill,Name,,捋顺毛发,毛並みを整える,,,,,,,,,,,,,,
Skill_130933_Desc,bPMb,j技能表_Skill_A.csv,2931,Skill,Desc,,所有敌人获得 25 层<ReinforcePVEKeywords:加固>。每回合抽牌数 -1。所有唤醒体造成护盾和回复生命提高 20%。,すべての敵が25点の<ReinforcePVEKeywords:堅固>を獲得。毎ターンドロー枚数-1。すべての覚醒体が獲得するシールドとライフ回復効果が20%増加する。,,,,,,,,,,,,,,
Skill_130943_Name,bPML,j技能表_Skill_A.csv,2932,Skill,Name,,投喂零食,おやつを与える,,,,,,,,,,,,,,
Skill_130943_Desc,bPMK,j技能表_Skill_A.csv,2932,Skill,Desc,,所有敌人获得 25 层<ReinforcePVEKeywords:加固>。银钥能量上限及钥令消耗银钥能量 +350。每回合首次钥令生效 2 次。,すべての敵が25点の<ReinforcePVEKeywords:堅固>を獲得。キーエネルギーの上限と「キーオーダー」発動時に消費するキーエネルギー+350。毎ターン初めて発動する「キーオーダー」は効果が2回発動する。,,,,,,,,,,,,,,
Skill_130945_Name,bPMP,j技能表_Skill_A.csv,2933,Skill,Name,,蹭蹭脸颊,頬をすり寄せる,,,,,,,,,,,,,,
Skill_130945_Desc,bPMO,j技能表_Skill_A.csv,2933,Skill,Desc,,所有敌人获得 25 层<ReinforcePVEKeywords:加固>。所有唤醒体基础狂气提高 10 点。释放狂气爆发后获得 1 算力，每个唤醒体 1 回合只能触发 1 次。,すべての敵が25点の<ReinforcePVEKeywords:堅固>を獲得。すべての覚醒体の基礎狂気が10点増加する。「狂気解放」を発動後、1点の行動力を獲得。覚醒体ごとに毎ターン1回のみ発動可能。,,,,,,,,,,,,,,
Skill_130940_Name,bPMC,j技能表_Skill_A.csv,2934,Skill,Name,,二世冲击！,二世の攻撃！,,,,,,,,,,,,,,
Skill_130940_Desc,bPMB,j技能表_Skill_A.csv,2934,Skill,Desc,,移除所有敌人<ReinforcePVEKeywords:加固>。回复已损失生命值的 50% 的生命，将所有的唤醒体的狂气填充至最大值。本回合所有唤醒体能释放两次狂气爆发。,すべての敵の<ReinforcePVEKeywords:堅固>を除去する。失ったライフの50%を回復し、すべての覚醒体は狂気上限分の狂気を獲得する。このターン中、すべての覚醒体は「狂気解放」を2回発動可能。,,,,,,,,,,,,,,
Skill_125903_Name,bNqt,j技能表_Skill_A.csv,2937,Skill,Name,,万物归一,万象同源,,,,,,,,,,,,,,
Skill_125903_Desc,bNqs,j技能表_Skill_A.csv,2937,Skill,Desc,,获得 <Block:[Block:Arg1]> 点护盾，[Arg2] 点<PowerIconKeywords:力量>。 从抽牌堆和弃牌堆中发现 [Arg3] 张指令卡，选择 [Arg4] 张指令卡将其<DepleteIconKeywords:消耗>。,<Block:[Block:Arg1]>点のシールドを獲得し、[Arg2]点の<PowerIconKeywords:力>を得る。山札と捨て札から指令カードを[Arg3]枚発現し、[Arg4]枚選んで<DepleteIconKeywords:除外>する。,,,,,,,,,,,,,,
Skill_125908_Name,bNqD,j技能表_Skill_A.csv,2938,Skill,Name,,穿越银钥之门,銀の鍵の門を超えて,,,,,,,,,,,,,,
Skill_125908_Desc,bNqC,j技能表_Skill_A.csv,2938,Skill,Desc,,敌方消耗算力时，获得的银钥能量降低 [Arg1]%。 塔薇造成未被格挡的伤害后，将 [Arg2] 张「<DerivativeCardKeywords_131:真·轮回悖论>」置入手中。,敵が行動力を消費した場合、獲得するキーエネルギーが[Arg1]%減少する。 タヴィがブロックされなかったダメージを与えた場合、「<DerivativeCardKeywords_131:真・輪廻パラドックス>」を[Arg2]枚手札に追加する。,,,,,,,,,,,,,,
Skill_125907_Name,bNqB,j技能表_Skill_A.csv,2939,Skill,Name,,纵贯时序之翼,時を貫く翼,,,,,,,,,,,,,,
Skill_125907_Desc,bNqA,j技能表_Skill_A.csv,2939,Skill,Desc,,获得 [Arg1] 点<PowerIconKeywords:力量>。 <Seal:封印>下个打出指令卡牌的唤醒体 [Arg2] 回合。,[Arg1]点の<PowerIconKeywords:力>を獲得。次に使用した指令カードに対応する覚醒体を、[Arg2]のターンの間、<Seal:封印>する。,,,,,,,,,,,,,,
Skill_125906_Name,bNqz,j技能表_Skill_A.csv,2940,Skill,Name,,双翼初张,双翼の羽ばたき,,,,,,,,,,,,,,
Skill_125906_Desc,bNqy,j技能表_Skill_A.csv,2940,Skill,Desc,,造成 <Damage:[Damage:Arg1]> 点伤害 [AttackTimes:Arg2] 次，施加 [Arg3] 层<FragileIconKeywords: 脆弱>。 打出 [Arg4] 张指令卡后，将意图变化为造成 <Damage:[Damage:Arg5]> 点伤害 [AttackTimes:Arg6] 次，施加 [Arg7] 层<FragileIconKeywords: 脆弱>和<WeaknessIconKeywords:虚弱>的「四翼渐生」。,<Damage:[Damage:Arg1]>ダメージを[AttackTimes:Arg2]回与え、[Arg3]点の<FragileIconKeywords:脆弱>を付与する。指令カードを[Arg4]枚使用した場合、<Damage:[Damage:Arg5]>ダメージを[AttackTimes:Arg6]回与え、[Arg7]点の<FragileIconKeywords:脆弱>と<WeaknessIconKeywords:虚弱>を付与する「四翼の芽生え」に行動予測を転換する。,,,,,,,,,,,,,,
Skill_125909_Name,bNqF,j技能表_Skill_A.csv,2941,Skill,Name,,四翼渐生,四翼の芽生え,,,,,,,,,,,,,,
Skill_125909_Desc,bNqE,j技能表_Skill_A.csv,2941,Skill,Desc,,造成 <Damage:[Damage:Arg1]> 点伤害 [AttackTimes:Arg2] 次，施加 [Arg3] 层<FragileIconKeywords: 脆弱>和<WeaknessIconKeywords:虚弱>。 打出 [Arg4] 张指令卡后，将意图变化为造成 <Damage:[Damage:Arg5]> 点伤害 [AttackTimes:Arg6] 次，施加 [Arg7] 层<FragileIconKeywords: 脆弱>、<WeaknessIconKeywords:虚弱>和<VulnerabilityIconKeywords:易伤>的「六翼满开」。,<Damage:[Damage:Arg1]>ダメージを[AttackTimes:Arg2]回与え、[Arg3]点の<FragileIconKeywords:脆弱>と<WeaknessIconKeywords:虚弱>を付与する。[Arg4]枚の指令カードを使用した場合、<Damage:[Damage:Arg5]>ダメージを[AttackTimes:Arg6]回与え、[Arg7]点の<FragileIconKeywords:脆弱>、<WeaknessIconKeywords:虚弱>、<VulnerabilityIconKeywords:易傷>を付与する「六翼の解放」に行動予測を転換する。,,,,,,,,,,,,,,
Skill_125904_Name,bNqv,j技能表_Skill_A.csv,2942,Skill,Name,,六翼满开,六翼の解放,,,,,,,,,,,,,,
Skill_125904_Desc,bNqu,j技能表_Skill_A.csv,2942,Skill,Desc,,造成 <Damage:[Damage:Arg1]> 点伤害 [AttackTimes:Arg2] 次，施加 [Arg3] 层<FragileIconKeywords: 脆弱>、<WeaknessIconKeywords:虚弱>和<VulnerabilityIconKeywords:易伤>。,<Damage:[Damage:Arg1]>ダメージを[AttackTimes:Arg2]回与え、[Arg3]点の<FragileIconKeywords:脆弱>、<WeaknessIconKeywords:虚弱>、<VulnerabilityIconKeywords:易傷>を付与する。,,,,,,,,,,,,,,
Skill_125905_Name,bNqx,j技能表_Skill_A.csv,2943,Skill,Name,,沉默,沈黙,,,,,,,,,,,,,,
Skill_125905_Desc,bNqw,j技能表_Skill_A.csv,2943,Skill,Desc,,回合结束若在手中，使所有唤醒体失去 3 点狂气。弃置后将其<DepleteIconKeywords:消耗>。,ターン終了時に手札にある場合、すべての覚醒体が3狂気を失う。捨てた後、これを<DepleteIconKeywords:除外>する。,,,,,,,,,,,,,,
Skill_126008_Name,bNrE,j技能表_Skill_A.csv,2944,Skill,Name,,真·轮回悖论,真・輪回パラドックス,,,,,,,,,,,,,,
Skill_126008_Desc,bNrD,j技能表_Skill_A.csv,2944,Skill,Desc,,选择一名唤醒体获得 30 狂气，其他唤醒体失去 10 狂气。此卡回合结束若在手中，对我方造成伤害。,覚醒体を1体選択し30狂気を獲得させ、他の覚醒体は10狂気を失う。このカードがターン終了時に手札にある場合、味方にダメージを与える。,,,,,,,,,,,,,,
Skill_126452_Name,bNBS,j技能表_Skill_A.csv,2946,Skill,Name,,告死之舞,死告の舞い,,,,,,,,,,,,,,
Skill_126452_Desc,bNBR,j技能表_Skill_A.csv,2946,Skill,Desc,,获得 [Arg1] 点<PowerIconKeywords:力量>，弃掉所有手牌。造成 <Damage:[Damage:Arg2]> 点伤害 [AttackTimes:Arg3] 次。每弃掉 [Arg4] 张手牌，额外造成 [Arg5] 次伤害，获得 [Arg6] 层<MonsterLizVerdantSpark:翠绿火种>。,[Arg1]点の<PowerIconKeywords:力>を獲得し、すべての手札を捨てる。<Damage:[Damage:Arg2]>ダメージを[AttackTimes:Arg3]回与える。手札を[Arg4]枚の捨てるごとに、追加で[Arg5]回のダメージを与え、[Arg6]点の<MonsterLizVerdantSpark:翠緑の火種>を獲得する。,,,,,,,,,,,,,,
Skill_126451_Name,bNBQ,j技能表_Skill_A.csv,2947,Skill,Name,,告死之舞,死告の舞い,,,,,,,,,,,,,,
Skill_126451_Desc,bNBP,j技能表_Skill_A.csv,2947,Skill,Desc,,切换至该意图时解除负面状态。获得 [Arg1] 点<PowerIconKeywords:力量>，弃掉所有手牌。造成 <Damage:[Damage:Arg2]> 点伤害 [AttackTimes:Arg3] 次。每弃掉 1 张手牌，额外造成 1 次伤害，获得 1 层<MonsterLizVerdantSpark:翠绿火种>。,この行動予測に転換すると、デバフ状態を解除する。[Arg1]点の<PowerIconKeywords:力>を獲得し、すべての手札を捨てる。<Damage:[Damage:Arg2]>ダメージを[AttackTimes:Arg3]回与える。カードを1枚捨てるごとに、追加でダメージを1回与え、1点の<MonsterLizVerdantSpark:翠緑の火種>を獲得する。,,,,,,,,,,,,,,
Skill_126450_Name,bNBO,j技能表_Skill_A.csv,2948,Skill,Name,,翡翠映像,翡翠の映像,,,,,,,,,,,,,,
Skill_126450_Desc,bNBN,j技能表_Skill_A.csv,2948,Skill,Desc,,获得 [Arg1] 层<MonsterLizVerdantSpark:翠绿火种>，每失去 [Arg2]% 生命获得 [Arg3] 层<MonsterLizVerdantSpark:翠绿火种>。 获得<ExhaustionCounter:以牙还牙>。,[Arg1]点の<MonsterLizVerdantSpark:翠緑の火種>を獲得する。ライフを[Arg2]%失うごとに、[Arg3]点の<MonsterLizVerdantSpark:翠緑の火種>を獲得する。<ExhaustionCounter:目には目を>を獲得。,,,,,,,,,,,,,,
Skill_126449_Name,bNBM,j技能表_Skill_A.csv,2949,Skill,Name,,诱蛾之火,誘蛾の炎,,,,,,,,,,,,,,
Skill_126449_Desc,bNBL,j技能表_Skill_A.csv,2949,Skill,Desc,,获得 <Block:[Block:Arg1]> 点护盾和 [Arg2] 层<MonsterLizVerdantSpark:翠绿火种>。 切换到该意图时，本回合每受到 [Arg3] 次「攻击」获得 [Arg4] 层<MonsterLizVerdantSpark:翠绿火种>。,<Block:[Block:Arg1]>点のシールドを獲得し、[Arg2]点の<MonsterLizVerdantSpark:翠緑の火種>を獲得。この行動予測に転換すると、このターン中に「攻撃」を[Arg3]回受けるたび、[Arg4]点の<MonsterLizVerdantSpark:翠緑の火種>を獲得する。,,,,,,,,,,,,,,
Skill_126448_Name,bNBK,j技能表_Skill_A.csv,2950,Skill,Name,,绿炎,緑炎,,,,,,,,,,,,,,
Skill_126448_Desc,bNBJ,j技能表_Skill_A.csv,2950,Skill,Desc,,造成 <Damage:[Damage:Arg1]> 点伤害 [AttackTimes:Arg2] 次，施加 [Arg3]% 伤害（[Arg4]）点<IntoxicationIconKeywords:中毒>。 对 [Arg5] 张手牌施加<BurningKeywords:燃烧>。,<Damage:[Damage:Arg1]>ダメージを[AttackTimes:Arg2]回与え、ダメージの[Arg3]%([Arg4])の<IntoxicationIconKeywords:毒>を付与する。手札[Arg5]枚に<BurningKeywords:燃焼>を付与する。,,,,,,,,,,,,,,
Skill_126446_Name,bNBG,j技能表_Skill_A.csv,2951,Skill,Name,,腐化绿炎,腐敗の緑炎,,,,,,,,,,,,,,
Skill_126446_Desc,bNBF,j技能表_Skill_A.csv,2951,Skill,Desc,,造成 <Damage:[Damage:Arg1]> 点伤害 [AttackTimes:Arg2] 次，施加 [Arg3]% 伤害（[Arg4]）点<IntoxicationIconKeywords:中毒>。 对 [Arg5] 张手牌施加<BurningKeywords:燃烧>。,<Damage:[Damage:Arg1]>ダメージを[AttackTimes:Arg2]回与え、ダメージの[Arg3]%([Arg4])の<IntoxicationIconKeywords:毒>を付与する。手札[Arg5]枚に<BurningKeywords:燃焼>を付与する。,,,,,,,,,,,,,,
Skill_126447_Name,bNBI,j技能表_Skill_A.csv,2952,Skill,Name,,死灭绿炎,死滅の緑炎,,,,,,,,,,,,,,
Skill_126447_Desc,bNBH,j技能表_Skill_A.csv,2952,Skill,Desc,,造成 <Damage:[Damage:Arg1]> 点伤害 [AttackTimes:Arg2] 次，施加 [Arg3]% 伤害（[Arg4]）点<IntoxicationIconKeywords:中毒>。 对 [Arg5] 张手牌施加<BurningKeywords:燃烧>。,<Damage:[Damage:Arg1]>ダメージを[AttackTimes:Arg2]回与え、ダメージの[Arg3]%([Arg4])の<IntoxicationIconKeywords:毒>を付与する。手札[Arg5]枚に<BurningKeywords:燃焼>を付与する。,,,,,,,,,,,,,,
Skill_127250_Name,bOBa,j技能表_Skill_A.csv,2954,Skill,Name,,打击,攻撃,,,,,,,,,,,,,,
Skill_127250_Desc,bOAZ,j技能表_Skill_A.csv,2954,Skill,Desc,,造成 <Damage:[Damage:Arg1]> 点伤害 [AttackTimes:Arg2] 次，施加 [Arg3] 层<BlindingKeywords: 致盲>。 <MonsterTimeBeacon:回环>：额外造成 [Arg4] 次伤害和 [Arg5] 层<BlindingKeywords: 致盲>。,<Damage:[Damage:Arg1]>ダメージを[AttackTimes:Arg2]回与え、[Arg3]点の<BlindingKeywords:盲目>を付与する。<MonsterTimeBeacon:ループ>：追加で[Arg4]回のダメージと[Arg5]点の<BlindingKeywords:盲目>を付与する。,,,,,,,,,,,,,,
Skill_127249_Name,bOAY,j技能表_Skill_A.csv,2955,Skill,Name,,悖论收束,背理収束,,,,,,,,,,,,,,
Skill_127249_Desc,bOAX,j技能表_Skill_A.csv,2955,Skill,Desc,,在敌人回合开始时将其上回合最后打出的 [Arg1] 张指令卡置入手中，施加<NothingnessIconKeywords:虚无>。若可置入手中的指令卡不足，则抽等量牌代替。获得 [Arg2] 层<MonsterTimeBeacon:回环>。,敵のターン開始時に、前のターンに最後に使用した[Arg1]枚の指令カードを手札に追加し、<NothingnessIconKeywords:虚無>を付与する。手札に追加できる指令カードが不足している場合は、同じ枚数のカードを引く。[Arg2]点の<MonsterTimeBeacon:ループ>を獲得する。,,,,,,,,,,,,,,
Skill_127251_Name,bOBc,j技能表_Skill_A.csv,2956,Skill,Name,,悖论收束,背理収束,,,,,,,,,,,,,,
Skill_127251_Desc,bOBb,j技能表_Skill_A.csv,2956,Skill,Desc,,在敌人回合开始时将其上回合最后打出的 [Arg1] 张指令卡置入手中，施加<NothingnessIconKeywords:虚无>，<DepleteIconKeywords:消耗>。若可置入手中的指令卡不足，则抽等量牌代替。获得 [Arg2] 层<MonsterTimeBeacon:回环>。,敵のターン開始時に、前のターンに最後に使用した[Arg1]枚の指令カードを手札に追加し、<NothingnessIconKeywords:虚無>と<DepleteIconKeywords:除外>を付与する。手札に追加できる指令カードが不足している場合は、同じ枚数のカードを引く。[Arg2]点の<MonsterTimeBeacon:ループ>を獲得する。,,,,,,,,,,,,,,
Skill_127246_Name,bOAS,j技能表_Skill_A.csv,2957,Skill,Name,,熵增逆转,エントロピー逆行,,,,,,,,,,,,,,
Skill_127246_Desc,bOAR,j技能表_Skill_A.csv,2957,Skill,Desc,,获得 [Arg1] 层<MonsterTimeBeacon:回环>。之后每个回合结束时，获得 [Arg2] 层<MonsterTimeBeacon:回环>。,[Arg1]点の<MonsterTimeBeacon:ループ>を獲得。その後、毎ターン終了時に[Arg2]点の<MonsterTimeBeacon:ループ>を獲得する。,,,,,,,,,,,,,,
Skill_127247_Name,bOAU,j技能表_Skill_A.csv,2958,Skill,Name,,命定之剑,運命の剣,,,,,,,,,,,,,,
Skill_127247_Desc,bOAT,j技能表_Skill_A.csv,2958,Skill,Desc,,造成 <Damage:[Damage:Arg1]> 点伤害 [AttackTimes:Arg2] 次，额外受到 [Arg3] 倍<PowerIconKeywords:力量>和<ExhaustionIconKeywords:力量降低>影响， 使用后提高 [Arg4] 倍。 <MonsterTimeBeacon:回环>：造成 [Arg5] 倍伤害,<Damage:[Damage:Arg1]>ダメージを[AttackTimes:Arg2]回与える。追加で[Arg3]倍の<PowerIconKeywords:力>と<ExhaustionIconKeywords:力減少>を獲得する。使用後、[Arg4]倍に増加する。<MonsterTimeBeacon:ループ>：[Arg5]倍のダメージを与える。,,,,,,,,,,,,,,
Skill_127248_Name,bOAW,j技能表_Skill_A.csv,2959,Skill,Name,,超越之目,超越の眼,,,,,,,,,,,,,,
Skill_127248_Desc,bOAV,j技能表_Skill_A.csv,2959,Skill,Desc,,获得 [Arg1] 点<PowerIconKeywords:力量>。 将 [Arg2] 张抽牌堆或弃牌堆的牌置入手中并永久施加<MonsterSightUnbound:超越之目>和<RetainIconKeywords:保留>。<MonsterTimeBeacon:回环>：额外获得 [Arg3] 点<PowerIconKeywords:力量>。,[Arg1]点の<PowerIconKeywords:力>を獲得。山札と捨て札のカードを[Arg2]枚手札に追加し、<MonsterSightUnbound:超越の眼>と<RetainIconKeywords:保持>を永続的に付与する。<MonsterTimeBeacon:ループ>：追加で[Arg3]点の<PowerIconKeywords:力>を獲得。,,,,,,,,,,,,,,
Skill_127252_Name,bOBe,j技能表_Skill_A.csv,2960,Skill,Name,,超越之目,超越の眼,,,,,,,,,,,,,,
Skill_127252_Desc,bOBd,j技能表_Skill_A.csv,2960,Skill,Desc,,获得 [Arg1] 点<PowerIconKeywords:力量>。 将 [Arg2] 张抽牌堆或弃牌堆的牌置入手中并永久施加<MonsterSightUnbound:超越之目>，<RetainIconKeywords:保留>和<SlowIconKeywords:迟缓>。<MonsterTimeBeacon:回环>：额外获得 [Arg3] 点<PowerIconKeywords:力量>。,[Arg1]点の<PowerIconKeywords:力>を獲得。山札と捨て札のカード[Arg2]枚を手札に追加し、<MonsterSightUnbound:超越の眼>、<RetainIconKeywords:保持>、<SlowIconKeywords:遅延>を永続的に付与する。<MonsterTimeBeacon:ループ>：追加で[Arg3]点の<PowerIconKeywords:力>を獲得。,,,,,,,,,,,,,,
Skill_127700_Name,bOIM,j技能表_Skill_A.csv,2962,Skill,Name,,淬毒涎液,毒の唾液,,,,,,,,,,,,,,
Skill_127700_Desc,bOIL,j技能表_Skill_A.csv,2962,Skill,Desc,,造成 <Damage:[Damage:Arg1]> 点伤害 [AttackTimes:Arg2] 次，施加 [Arg3]% 伤害的<IntoxicationIconKeywords:中毒>。,<Damage:[Damage:Arg1]>ダメージを[AttackTimes:Arg2]回与え、ダメージの[Arg3]%の<IntoxicationIconKeywords:毒>を付与する。,,,,,,,,,,,,,,
Skill_127699_Name,bOIK,j技能表_Skill_A.csv,2963,Skill,Name,,黑死之吻,黒き死の口づけ,,,,,,,,,,,,,,
Skill_127699_Desc,bOIJ,j技能表_Skill_A.csv,2963,Skill,Desc,,造成 <Damage:[Damage:Arg1]> 点伤害 [AttackTimes:Arg2] 次，将 [Arg3] 张随机症状洗入对方抽牌堆。,<Damage:[Damage:Arg1]>ダメージを[AttackTimes:Arg2]回与え、相手の山札にランダムな症状を[Arg3]枚追加する。,,,,,,,,,,,,,,
Skill_133473_Name,bSfO,j技能表_Skill_A.csv,2964,Skill,Name,,黑死之吻,黒き死の口づけ,,,,,,,,,,,,,,
Skill_133473_Desc,bSfN,j技能表_Skill_A.csv,2964,Skill,Desc,,造成 <Damage:[Damage:Arg1]> 点伤害 [AttackTimes:Arg2] 次，将 [Arg3] 张随机症状洗入对方抽牌堆。,<Damage:[Damage:Arg1]>ダメージを[AttackTimes:Arg2]回与え、相手の山札にランダムな症状を[Arg3]枚追加する。,,,,,,,,,,,,,,
Skill_127698_Name,bOII,j技能表_Skill_A.csv,2965,Skill,Name,,裂解,破断,,,,,,,,,,,,,,
Skill_127698_Desc,bOIH,j技能表_Skill_A.csv,2965,Skill,Desc,,施加 [Arg1] 层 <FragileIconKeywords: 脆弱>，为 [Arg2] 张卡牌附加 [Arg3] 层<BrokenCard:暗中破坏>。,[Arg1]点の<FragileIconKeywords:脆弱>を付与する。カード[Arg2]枚に[Arg3]点の<BrokenCard:陰の妨害>を付与する。,,,,,,,,,,,,,,
Skill_128021_Name,bOIQ,j技能表_Skill_A.csv,2966,Skill,Name,,幻毒侵蚀,幻毒の侵蝕,,,,,,,,,,,,,,
Skill_128021_Desc,bOIP,j技能表_Skill_A.csv,2966,Skill,Desc,,造成 <Damage:[Damage:Arg1]> 点伤害 [AttackTimes:Arg2] 次，将 [Arg3] 张随机唤醒体附带<DepleteIconKeywords:消耗>的「打击」洗入对方抽牌堆。,<Damage:[Damage:Arg1]>ダメージを[AttackTimes:Arg2]回与える。相手の山札に<DepleteIconKeywords:除外>が付与されたランダムな覚醒体の「攻撃」を[Arg3]枚追加する。,,,,,,,,,,,,,,
Skill_133474_Name,bSfQ,j技能表_Skill_A.csv,2967,Skill,Name,,幻毒侵蚀,幻毒の侵蝕,,,,,,,,,,,,,,
Skill_133474_Desc,bSfP,j技能表_Skill_A.csv,2967,Skill,Desc,,造成 <Damage:[Damage:Arg1]> 点伤害 [AttackTimes:Arg2] 次，将 [Arg3] 张随机唤醒体附带<DepleteIconKeywords:消耗>的「打击」洗入对方抽牌堆。,<Damage:[Damage:Arg1]>ダメージを[AttackTimes:Arg2]回与える。相手の山札に<DepleteIconKeywords:除外>が付与されたランダムな覚醒体の「攻撃」を[Arg3]枚追加する。,,,,,,,,,,,,,,
Skill_128020_Name,bOIO,j技能表_Skill_A.csv,2968,Skill,Name,,暗影缠丝,影に絡む糸,,,,,,,,,,,,,,
Skill_128020_Desc,bOIN,j技能表_Skill_A.csv,2968,Skill,Desc,,施加 [Arg1] 层<WeaknessIconKeywords:虚弱>，为 [Arg2] 张卡牌附加 [Arg3] 层<SlowIconKeywords:迟缓>。,[Arg1]点の<WeaknessIconKeywords:虚弱>を付与する。カード[Arg2]枚に[Arg3]点の<SlowIconKeywords:遅延>を付与する。,,,,,,,,,,,,,,
Skill_128474_Name,bPgg,j技能表_Skill_A.csv,2970,Skill,Name,,狂热凿击,狂気の叩撃,,,,,,,,,,,,,,
Skill_128474_Desc,bPgf,j技能表_Skill_A.csv,2970,Skill,Desc,,和前列友方交换位置，造成 <Damage:[Damage:Arg1]> 点伤害 [AttackTimes:Arg2] 次。若本回合击破了「旧日余烬」，获得 [Arg3] 层临时<ReinforcePVEKeywords:加固>并转化为造成 <Damage:[Damage:Arg4]> 点伤害 [AttackTimes:Arg5] 次，获得 [Arg6] 层<Chapter5_Monster_Fervor1:临时狂热>的「凿击」。,前列の味方と位置を交換し、<Damage:[Damage:Arg1]>ダメージを[AttackTimes:Arg2] 回与える。このターンに「古の残り火」をすべて除去した場合、[Arg3]点の一時的な<ReinforcePVEKeywords:堅固>を獲得し、<Damage:[Damage:Arg4]>ダメージを[AttackTimes:Arg5]回与え、[Arg6]点の<Chapter5_Monster_Fervor1:一時的な狂熱>を獲得する「叩撃」に転換する。,,,,,,,,,,,,,,
Skill_128475_Name,bPgi,j技能表_Skill_A.csv,2971,Skill,Name,,凿击,叩撃,,,,,,,,,,,,,,
Skill_128475_Desc,bPgh,j技能表_Skill_A.csv,2971,Skill,Desc,,和前列友方交换位置，造成 <Damage:[Damage:Arg1]> 点伤害 [AttackTimes:Arg2] 次，获得 [Arg3] 层<Chapter5_Monster_Fervor1:临时狂热>。,前列の味方と位置を交換し、<Damage:[Damage:Arg1]>ダメージを[AttackTimes:Arg2] 回与える。[Arg3]点の<Chapter5_Monster_Fervor1:一時的な狂熱>を獲得する。,,,,,,,,,,,,,,
Skill_128049_Name,bOIU,j技能表_Skill_A.csv,2972,Skill,Name,,束缚之网,呪縛の網,,,,,,,,,,,,,,
Skill_128049_Desc,bOIT,j技能表_Skill_A.csv,2972,Skill,Desc,,施加 [Arg1] 层<WeaknessIconKeywords:虚弱>，封印 [Arg2] 张手中或抽牌堆顶的指令卡 [Arg3] 回合。,[Arg1]点の<WeaknessIconKeywords:虚弱>を付与する。手札または山札にある指令カード[Arg2]枚を[Arg3]ターンの間封印する。,,,,,,,,,,,,,,
Skill_128048_Name,bOIS,j技能表_Skill_A.csv,2973,Skill,Name,,衰朽,衰朽,,,,,,,,,,,,,,
Skill_128048_Desc,bOIR,j技能表_Skill_A.csv,2973,Skill,Desc,,造成 <Damage:[Damage:Arg1]> 点伤害 [AttackTimes:Arg2] 次，每造成 1 次未被格挡的伤害就使目标失去 [Arg3] <PowerIconKeywords:力量>。,<Damage:[Damage:Arg1]>ダメージを[AttackTimes:Arg2]回与える。ブロックされなかったダメージを1回与えるたび、対象から[Arg3]点の<PowerIconKeywords:力>を減少させる。,,,,,,,,,,,,,,
Skill_128052_Name,bOIY,j技能表_Skill_A.csv,2974,Skill,Name,,束缚之网,呪縛の網,,,,,,,,,,,,,,
Skill_128207_Name,bOJe,j技能表_Skill_A.csv,2975,Skill,Name,,织母的摇篮,織母の揺りかご,,,,,,,,,,,,,,
Skill_128207_Desc,bOJd,j技能表_Skill_A.csv,2975,Skill,Desc,,每次行动结束后都会获得 [Arg1] 层<ParcloseIconKeywords:屏障>和 [Arg2] 层<Chapter5_Monster_Fervor1:临时狂热>。,行動を終了するたび、[Arg1]点の<ParcloseIconKeywords:バリア>と[Arg2]点の<Chapter5_Monster_Fervor1:一時的な狂熱>を獲得する。,,,,,,,,,,,,,,
Skill_128053_Name,bOJa,j技能表_Skill_A.csv,2976,Skill,Name,,束缚之网,呪縛の網,,,,,,,,,,,,,,
Skill_128476_Name,bPgk,j技能表_Skill_A.csv,2981,Skill,Name,,狂热凿击,狂気の叩撃,,,,,,,,,,,,,,
Skill_128476_Desc,bPgj,j技能表_Skill_A.csv,2981,Skill,Desc,,和前列友方交换位置，造成 <Damage:[Damage:Arg1]> 点伤害 [AttackTimes:Arg2] 次。若本回合击破了「旧日余烬」，获得 [Arg3] 层临时<ReinforcePVEKeywords:加固>并转化为造成 <Damage:[Damage:Arg4]> 点伤害 [AttackTimes:Arg5] 次，获得 [Arg6] 层<Chapter5_Monster_Fervor2:临时狂热>的「凿击」。,前列の味方と位置を交換し、<Damage:[Damage:Arg1]>ダメージを[AttackTimes:Arg2]回与える。このターンに「古の残り火」をすべて除去した場合、[Arg3]点の一時的な<ReinforcePVEKeywords:堅固>を獲得し、<Damage:[Damage:Arg4]>ダメージを[AttackTimes:Arg5]回与え、[Arg6]点の<Chapter5_Monster_Fervor1:一時的な狂熱>を獲得する「叩撃」に転換する。,,,,,,,,,,,,,,
Skill_128477_Name,bPgm,j技能表_Skill_A.csv,2982,Skill,Name,,凿击,叩撃,,,,,,,,,,,,,,
Skill_128477_Desc,bPgl,j技能表_Skill_A.csv,2982,Skill,Desc,,和前列友方交换位置，造成 <Damage:[Damage:Arg1]> 点伤害 [AttackTimes:Arg2] 次，获得 [Arg3] 层<Chapter5_Monster_Fervor2:临时狂热>。,前列の味方と位置を交換し、<Damage:[Damage:Arg1]>ダメージを[AttackTimes:Arg2]回与える。[Arg3]点の<Chapter5_Monster_Fervor1:一時的な狂熱>を獲得する。,,,,,,,,,,,,,,
Skill_128233_Name,bPgc,j技能表_Skill_A.csv,2983,Skill,Name,,崩解之丝,崩壊の糸,,,,,,,,,,,,,,
Skill_128233_Desc,bPgb,j技能表_Skill_A.csv,2983,Skill,Desc,,施加 [Arg1] 层<FragileIconKeywords: 脆弱>，并为 [Arg2] 张手中或抽牌堆顶的指令卡附加 [Arg3] 层<BrokenCard:暗中破坏>。,[Arg1]点の<FragileIconKeywords:脆弱>を付与する。手札または山札にある指令カード[Arg2]枚に[Arg3]点の<BrokenCard:陰の妨害>を付与する。,,,,,,,,,,,,,,
Skill_128229_Name,bPfY,j技能表_Skill_A.csv,2984,Skill,Name,,崩解之丝,崩壊の糸,,,,,,,,,,,,,,
Skill_128230_Name,bPga,j技能表_Skill_A.csv,2985,Skill,Name,,崩解之丝,崩壊の糸,,,,,,,,,,,,,,
Skill_128227_Name,bPfW,j技能表_Skill_A.csv,2986,Skill,Name,,坏灭,壊滅,,,,,,,,,,,,,,
Skill_128227_Desc,bPfV,j技能表_Skill_A.csv,2986,Skill,Desc,,造成 <Damage:[Damage:Arg1]> 点伤害 [AttackTimes:Arg2] 次，每造成 1 次未被格挡的伤害就使目标弃置 [Arg3] 张指令卡。,<Damage:[Damage:Arg1]>ダメージを[AttackTimes:Arg2]回与える。ブロックされなかったダメージを1回与えるたび、対象の指令カードを[Arg3]枚捨てさせる。,,,,,,,,,,,,,,
Skill_128254_Name,bPge,j技能表_Skill_A.csv,2987,Skill,Name,,织母的低语,織母の囁き,,,,,,,,,,,,,,
Skill_128254_Desc,bPgd,j技能表_Skill_A.csv,2987,Skill,Desc,,每次行动结束后都会获得 [Arg1] 点<PowerIconKeywords:力量>和 [Arg2] 层<Chapter5_Monster_Fervor2:临时狂热>。,毎ターン終了時、[Arg1]点の<PowerIconKeywords:力>と[Arg2]点の<Chapter5_Monster_Fervor2:一時的な狂熱>を獲得。,,,,,,,,,,,,,,
Skill_128628_Name,bPgu,j技能表_Skill_A.csv,2992,Skill,Name,,哀悯之茧,哀憐の繭,,,,,,,,,,,,,,
Skill_128628_Desc,bPgt,j技能表_Skill_A.csv,2992,Skill,Desc,,切换至该意图时，将 [Arg1] 张随机症状洗入手中。造成<WeaknessIconKeywords:虚弱>、<VulnerabilityIconKeywords:易伤>、<FragileIconKeywords: 脆弱>、<HeavyInjuryKeywords:重创> [Arg2] 回合和 [Arg3] 的<BleedingIconKeywords:出血>，本回合每打出 [Arg4] 张症状，<BleedingIconKeywords:出血>效果增加 [Arg5]。,この行動予測に転換すると、ランダムな症状を[Arg1]枚手札に追加する。[Arg2]点の<WeaknessIconKeywords:虚弱>、<VulnerabilityIconKeywords:易傷>、<FragileIconKeywords:脆弱>、<HeavyInjuryKeywords:重傷>と[Arg3]点の<BleedingIconKeywords:出血>を付与し、このターンに症状を[Arg4]枚使用するたび<BleedingIconKeywords:出血>効果が[Arg5]増加する。,,,,,,,,,,,,,,
Skill_128624_Name,bPgo,j技能表_Skill_A.csv,2993,Skill,Name,,狂喜之茧,狂喜の繭,,,,,,,,,,,,,,
Skill_128624_Desc,bPgn,j技能表_Skill_A.csv,2993,Skill,Desc,,切换至该意图时，立刻获得 [Arg1] 层<Chapter5_Monster_Fervor3:狂热>。造成 <Damage:[Damage:Arg2]> 点伤害 [AttackTimes:Arg3] 次，每造成 [Arg4] 次未被格挡的伤害，获得 [Arg5] 层<Chapter5_Monster_Fervor3:狂热>。,この行動予測に転換すると、即座に[Arg1]点の<Chapter5_Monster_Fervor3:狂熱>を獲得する。<Damage:[Damage:Arg2]>ダメージを[AttackTimes:Arg3]回与える。ブロックされなかったダメージを[Arg4]回与えるたび、[Arg5]点の<Chapter5_Monster_Fervor3:狂熱>を獲得する。,,,,,,,,,,,,,,
Skill_128627_Name,bPgs,j技能表_Skill_A.csv,2994,Skill,Name,,暴怒之茧,暴怒の繭,,,,,,,,,,,,,,
Skill_128627_Desc,bPgr,j技能表_Skill_A.csv,2994,Skill,Desc,,切换至该意图时，直到下回合开始时，每打出 [Arg1] 张指令卡就获得 [Arg2] 的临时<PowerIconKeywords:力量>。 造成 <Damage:[Damage:Arg3]> 点伤害 [AttackTimes:Arg4] 次，对手生命越低伤害越高，最高为 <Damage:[Damage:Arg5]> 点伤害。,この行動予測に転換すると、次のターン開始まで、指令カードを[Arg1]枚使用するたび、[Arg2]点の一時的な<PowerIconKeywords:力>を獲得する。<Damage:[Damage:Arg3]>ダメージを[AttackTimes:Arg4]回与える。相手のライフが低いほどダメージが増加し、最大<Damage:[Damage:Arg5]>ダメージ。,,,,,,,,,,,,,,
Skill_128625_Name,bPgq,j技能表_Skill_A.csv,2995,Skill,Name,,惊惧之茧,恐惧の繭,,,,,,,,,,,,,,
Skill_128625_Desc,bPgp,j技能表_Skill_A.csv,2995,Skill,Desc,,切换至该意图时，立刻施加 [Arg1] 层<EmptinessKeywords: 空虚>并使所有唤醒体失去 [Arg2] 点狂气。造成 <Damage:[Damage:Arg3]> 点伤害 [AttackTimes:Arg4] 次，弃掉所有手牌。,この行動予測に転換すると、即座に[Arg1]点の<EmptinessKeywords:虚無>を付与し、すべての覚醒体が[Arg2]狂気を失う。[Damage:[Damage:Arg3]>ダメージを[AttackTimes:Arg4]回与え、すべての手札を捨てる。,,,,,,,,,,,,,,
Skill_129617_Name,bPgA,j技能表_Skill_A.csv,2998,Skill,Name,,哀悯之茧,哀憐の繭,,,,,,,,,,,,,,
Skill_129617_Desc,bPgz,j技能表_Skill_A.csv,2998,Skill,Desc,,切换至该意图时，将 [Arg1] 张随机症状洗入手中。造成<WeaknessIconKeywords:虚弱>、<VulnerabilityIconKeywords:易伤>、<FragileIconKeywords: 脆弱>、<HeavyInjuryKeywords:重创> [Arg2] 回合和 [Arg3] 的<BleedingIconKeywords:出血>，本回合每打出 [Arg4] 张症状，<BleedingIconKeywords:出血>效果增加 [Arg5]。,この行動予測に転換すると、ランダムな症状を[Arg1]枚手札に追加する。[Arg2]点の<WeaknessIconKeywords:虚弱>、<VulnerabilityIconKeywords:易傷>、<FragileIconKeywords:脆弱>、<HeavyInjuryKeywords:重傷>と[Arg3]点の<BleedingIconKeywords:出血>を付与し、このターンに症状を[Arg4]枚使用するたび、<BleedingIconKeywords:出血>効果が[Arg5]増加する。,,,,,,,,,,,,,,
Skill_129618_Name,bPgC,j技能表_Skill_A.csv,2999,Skill,Name,,狂喜之茧,狂喜の繭,,,,,,,,,,,,,,
Skill_129618_Desc,bPgB,j技能表_Skill_A.csv,2999,Skill,Desc,,切换至该意图时，立刻获得 [Arg1] 层<Chapter5_Monster_Fervor3:狂热>。造成 <Damage:[Damage:Arg2]> 点伤害 [AttackTimes:Arg3] 次，每造成 [Arg4] 次未被格挡的伤害，获得 [Arg5] 层<Chapter5_Monster_Fervor3:狂热>。,この行動予測に転換すると、即座に[Arg1]点の<Chapter5_Monster_Fervor3:狂熱>を獲得する。<Damage:[Damage:Arg2]>ダメージを[AttackTimes:Arg3]回与える。ブロックされなかったダメージを[Arg4]回与えるたび、[Arg5]点の<Chapter5_Monster_Fervor3:狂熱>を獲得する。,,,,,,,,,,,,,,
Skill_129616_Name,bPgy,j技能表_Skill_A.csv,3000,Skill,Name,,暴怒之茧,暴怒の繭,,,,,,,,,,,,,,
Skill_129616_Desc,bPgx,j技能表_Skill_A.csv,3000,Skill,Desc,,切换至该意图时，直到下回合开始时，每打出 [Arg1] 张指令卡就获得 [Arg2] 的临时<PowerIconKeywords:力量>。 造成 <Damage:[Damage:Arg3]> 点伤害 [AttackTimes:Arg4] 次，对手生命越低伤害越高，最高为 <Damage:[Damage:Arg5]> 点伤害。,この行動予測に転換すると、次のターン開始まで、指令カードを[Arg1]枚使用するたび、[Arg2]点の一時的な<PowerIconKeywords:力>を獲得する。<Damage:[Damage:Arg3]>ダメージを[AttackTimes:Arg4]回与える。相手のライフが低いほどダメージが増加し、最大<Damage:[Damage:Arg5]>ダメージ。,,,,,,,,,,,,,,
Skill_129615_Name,bPgw,j技能表_Skill_A.csv,3001,Skill,Name,,惊惧之茧,恐惧の繭,,,,,,,,,,,,,,
Skill_129615_Desc,bPgv,j技能表_Skill_A.csv,3001,Skill,Desc,,切换至该意图时，立刻施加 [Arg1] 层<EmptinessKeywords: 空虚>并使所有唤醒体失去 [Arg2] 点狂气。造成 <Damage:[Damage:Arg3]> 点伤害 [AttackTimes:Arg4] 次，弃掉所有手牌。,この行動予測に転換する地、即座に[Arg1]点の<EmptinessKeywords:虚無>を付与し、すべての覚醒体が[Arg2]狂気を失う。[Damage:[Damage:Arg3]>ダメージを[AttackTimes:Arg4]回与え、すべての手札を捨てる。,,,,,,,,,,,,,,
Skill_129622_Name,bPgE,j技能表_Skill_A.csv,3004,Skill,Name,,惊惧之茧,恐惧の繭,,,,,,,,,,,,,,
Skill_129622_Desc,bPgD,j技能表_Skill_A.csv,3004,Skill,Desc,,切换至该意图时，立刻施加 [Arg1] 层<EmptinessKeywords: 空虚>并使所有唤醒体失去 [Arg2] 点狂气。造成 <Damage:[Damage:Arg3]> 点伤害 [AttackTimes:Arg4] 次，弃掉所有手牌。,この行動予測に転換すると、即座に[Arg1]点の<EmptinessKeywords:虚無>を付与し、すべての覚醒体が[Arg2]狂気を失う。[Damage:[Damage:Arg3]>ダメージを[AttackTimes:Arg4]回与え、すべての手札を捨てる。,,,,,,,,,,,,,,
Skill_129638_Name,bPgG,j技能表_Skill_A.csv,3006,Skill,Name,,破茧狂宴,繭を破りし狂宴,,,,,,,,,,,,,,
Skill_129638_Desc,bPgF,j技能表_Skill_A.csv,3006,Skill,Desc,,"该意图无法被切换。切换至该意图时，立刻获得 [Arg1] 层临时<ReinforcePVEKeywords:加固>。
造成 <Damage:[Damage:Arg2]> 点伤害 [AttackTimes:Arg3] 次。洗入 [Arg4] 张随机症状、获得 [Arg5] 层<Chapter5_Monster_Fervor3:狂热>、所有唤醒体失去 [Arg6] 点狂气。",この行動予測は転換不可。この行動予測に転換すると、即座に[Arg1]点の一時的な<ReinforcePVEKeywords:堅固>を獲得する。\n<Damage:[Damage:Arg2]>ダメージを[AttackTimes:Arg3]回与える。ランダムな症状を[Arg4]枚追加する。[Arg5]点の<Chapter5_Monster_Fervor3:狂熱>を獲得。すべての覚醒体は[Arg6]狂気を失う。,,,,,,,,,,,,,,
Skill_129824_Desc,bPnC,j技能表_Skill_A.csv,3011,Skill,Desc,,造成 <Damage:[Damage:Arg1]> 点伤害 [AttackTimes:Arg2] 次。施加 [Arg3] 层<VulnerabilityIconKeywords:易伤>，「维度裂隙」中每有 1 张卡牌施加 1 层。,<Damage:[Damage:Arg1]>ダメージを[AttackTimes:Arg2]回与える。[Arg3]点の<VulnerabilityIconKeywords:易傷>を付与し、「次元の裂け目」のカード1枚につき、追加で1点付与する。,,,,,,,,,,,,,,
Skill_129822_Desc,bPny,j技能表_Skill_A.csv,3012,Skill,Desc,,造成 [Arg1] 层<EmptinessKeywords: 空虚>和 <WeaknessIconKeywords:虚弱>状态，回复 [Arg2]% 已损失生命。复制空间最左侧 [Arg3] 张卡牌置入抽牌堆顶部，复制 [Arg4] 张随机指令卡置入维度裂隙。,[Arg1]点の<EmptinessKeywords:虚無>と<WeaknessIconKeywords:虚弱>状態を付与し、失ったライフの[Arg2]%を回復する。超次元空間の左から[Arg3]枚のカードを山札の一番上追加し、ランダムな指令カード[Arg4]枚を「次元の裂け目」に入れる。,,,,,,,,,,,,,,
Skill_129828_Desc,bPnI,j技能表_Skill_A.csv,3013,Skill,Desc,,变更「断丝镇鸣」触发后的意图。将 [Arg1] 张随机指令卡的复制置入「维度裂隙」，每当 [Arg2] 张卡牌离开「维度裂隙」时为其赋予 [Arg3] 层<BrokenCard:暗中破坏>。,「断糸鎮鳴」発動後、行動予測を変更する。ランダムな指令カード[Arg1]枚のコピーを「次元の裂け目」に入れる。「次元の裂け目」からカードを[Arg2]枚出すたびに[Arg3]点の<BrokenCard:陰の妨害>を付与する。,,,,,,,,,,,,,,
Skill_129826_Desc,bPnE,j技能表_Skill_A.csv,3014,Skill,Desc,,获得 [Arg1] <PowerIconKeywords:力量>，将随机 [Arg2] 张指令卡的复制置入「维度裂隙」，将 [Arg3] 张<DerivativeCardKeywords_23:伤口>置入抽牌堆。,[Arg1]点の<PowerIconKeywords:力>を獲得する。ランダムな指令カード[Arg2]枚コピーを「次元の裂け目」に入れ、<DerivativeCardKeywords_23:傷口>を[Arg3]枚山札に追加する。,,,,,,,,,,,,,,
Skill_129827_Desc,bPnG,j技能表_Skill_A.csv,3015,Skill,Desc,,获得 [Arg1] <PowerIconKeywords:力量>，将随机 [Arg2] 张指令卡的复制置入「维度裂隙」，将 [Arg3] 张随机<AberrationKeywords:畸变>置入抽牌堆。,[Arg1]点の<PowerIconKeywords:力>を獲得し、ランダムな指令カード[Arg2]枚のコピーを「次元の裂け目」に入れる。ランダムな<AberrationKeywords:変異>を[Arg3]枚山札に追加する。,,,,,,,,,,,,,,
Skill_129823_Desc,bPnA,j技能表_Skill_A.csv,3016,Skill,Desc,,造成 <Damage:[Damage:Arg1]> 点伤害 [AttackTimes:Arg2] 次。「维度裂隙」中每有 1 张卡牌额外造成 1 次伤害。,<Damage:[Damage:Arg1]>ダメージを[AttackTimes:Arg2]回与える。「次元の裂け目」のカード1枚につき、追加でダメージを1回与える。,,,,,,,,,,,,,,
Skill_130473_Name,bPLq,j技能表_Skill_A.csv,3020,Skill,Name,,孵化眷属,眷属の羽化,,,,,,,,,,,,,,
Skill_130473_Desc,bPLp,j技能表_Skill_A.csv,3020,Skill,Desc,,其他友方获得 [Arg1] 点<PowerIconKeywords:力量>，自身获得 [Arg2] 点<PowerIconKeywords:力量>和 [Arg3]% 临时<Baojidikang:暴击抵抗>，召唤 2 名附加<Chapter5_Monster_Agitation:渊狱之门>的眷属。,他の味方が[Arg1]点の<PowerIconKeywords:力>を獲得し、自身は[Arg2]点の<PowerIconKeywords:力>と[Arg3]%の一時的な<Baojidikang:クリティカル耐性>を獲得し、<Chapter5_Monster_Agitation:淵獄の門>が付与された眷属を2体召喚する。,,,,,,,,,,,,,,
Skill_130474_Name,bPLs,j技能表_Skill_A.csv,3021,Skill,Name,,收割命运的红线,運命を断つ赤い糸,,,,,,,,,,,,,,
Skill_130474_Desc,bPLr,j技能表_Skill_A.csv,3021,Skill,Desc,,切换至该意图时，造成 [Arg1] 层<BleedingIconKeywords:出血>。施加 [Arg2] 层<WeaknessIconKeywords:虚弱>、<VulnerabilityIconKeywords:易伤>。,この行動予測に転換すると、[Arg1]点の<BleedingIconKeywords:出血>を付与する。[Arg2]点の<WeaknessIconKeywords:虚弱>と<VulnerabilityIconKeywords:易傷>を付与する。,,,,,,,,,,,,,,
Skill_130477_Name,bPLy,j技能表_Skill_A.csv,3022,Skill,Name,,绞缠暗夜的纺轮,暗夜を紡ぐ糸車,,,,,,,,,,,,,,
Skill_130477_Desc,bPLx,j技能表_Skill_A.csv,3022,Skill,Desc,,切换至该意图时，移除「缚誓契约」和<Chapter5_Monster_Fervor4:狂热>，清除其他友方。自身当前和最大生命提高 250%，「旧日余烬」总量翻倍，获得 50 层「融蚀雾盾」，打开「维度裂隙」。,この行動予測に転換すると、「運命の誓約」と<Chapter5_Monster_Fervor4:狂熱>を除去し、他の味方を消滅させる。自身の現在のライフと最大ライフが250%増加する。「古の残り火」の点数が2倍になる。50点の「融蝕の霧の盾」を獲得し、「次元の裂け目」を開く。,,,,,,,,,,,,,,
Skill_130471_Name,bPLm,j技能表_Skill_A.csv,3023,Skill,Name,,万丝穿心,貫く無数の糸,,,,,,,,,,,,,,
Skill_130471_Desc,bPLl,j技能表_Skill_A.csv,3023,Skill,Desc,,造成 <Damage:[Damage:Arg1]> 点伤害 [AttackTimes:Arg2] 次，维度裂隙中每有 1 张卡牌，伤害提高 [Arg3] 点。每造成 1 次未被格挡的伤害获得 1 层<ResentChainsKeywords:怨恨锁链>。,<Damage:[Damage:Arg1]>ダメージを[AttackTimes:Arg2]回与える。次元の裂け目にあるカード1枚につき、ダメージが[Arg3]増加する。ブロックされなかったダメージを1回与えるたび、1点の<ResentChainsKeywords:怨恨の鎖>を獲得する。,,,,,,,,,,,,,,
Skill_130479_Name,bPLC,j技能表_Skill_A.csv,3024,Skill,Name,,朽烂命运的红线,朽ちた運命の赤い糸,,,,,,,,,,,,,,
Skill_130479_Desc,bPLB,j技能表_Skill_A.csv,3024,Skill,Desc,,切换至该意图时，造成 [Arg1] 层<BleedingIconKeywords:出血>。施加 [Arg2] 层<WeaknessIconKeywords:虚弱>、<VulnerabilityIconKeywords:易伤>。若维度裂隙中卡牌数量大于  [Arg3]，额外施加 [Arg4] 层<FragileIconKeywords: 脆弱>、<BlindingKeywords: 致盲>、<Decay:腐朽>。,この行動予測に転換すると、[Arg1]点の<BleedingIconKeywords:出血>を付与する。[Arg2]点の<WeaknessIconKeywords:虚弱>と<VulnerabilityIconKeywords:易傷>を付与する。次元の裂け目にカードが[Arg3]枚以上ある場合、追加で[Arg4]点の<FragileIconKeywords:脆弱>、<BlindingKeywords:盲目>、<Decay:腐朽>を付与する。,,,,,,,,,,,,,,
Skill_130478_Name,bPLA,j技能表_Skill_A.csv,3025,Skill,Name,,「覆水难收」,「覆水盆に返らず」,,,,,,,,,,,,,,
Skill_130478_Desc,bPLz,j技能表_Skill_A.csv,3025,Skill,Desc,,「封印」当前所有具有「命运残碎」的指令卡 [Arg1] 回合，对其他指令卡造成 [Arg2] 层<SlowIconKeywords:迟缓>。,「運命の断片」を持つすべての指令カードを[Arg1]ターン「封印」し、他の指令カードに[Arg2]点の<SlowIconKeywords:遅延>を付与する。,,,,,,,,,,,,,,
Skill_130472_Name,bPLo,j技能表_Skill_A.csv,3026,Skill,Name,,「当局者迷」,「岡目八目」,,,,,,,,,,,,,,
Skill_130472_Desc,bPLn,j技能表_Skill_A.csv,3026,Skill,Desc,,造成 <Damage:[Damage:Arg1]> 点伤害 [AttackTimes:Arg2] 次并驱散自身负面状态，每造成 1 次未被格挡的伤害，自身最大生命提高 3%。,<Damage:[Damage:Arg1]>ダメージを[AttackTimes:Arg2]回与え、自身のデバフを解除する。ブロックされなかったダメージを1回与えるたび、自身の最大ライフが3%増加する。,,,,,,,,,,,,,,
Skill_130475_Name,bPLu,j技能表_Skill_A.csv,3027,Skill,Name,,「风雨如晦」,「暗夜行路」,,,,,,,,,,,,,,
Skill_130475_Desc,bPLt,j技能表_Skill_A.csv,3027,Skill,Desc,,造成 [Arg1] 点<IntoxicationIconKeywords:中毒>，所有唤醒体基础狂气 +[Arg2] 。,[Arg1]点の<IntoxicationIconKeywords:毒>を付与し、すべての覚醒体の基礎狂気+[Arg2]。,,,,,,,,,,,,,,
Skill_130476_Desc,bPLv,j技能表_Skill_A.csv,3028,Skill,Desc,,造成 <Damage:[Damage:Arg1]> 点伤害 [AttackTimes:Arg2] 次，获得 [Arg3] <PowerIconKeywords:力量>，移除维度裂隙。,<Damage:[Damage:Arg1]>ダメージを[AttackTimes:Arg2]回与え、[Arg3]点の<PowerIconKeywords:力>を獲得する。「次元の裂け目」を閉じる。,,,,,,,,,,,,,,
Skill_130351_Name,bPLg,j技能表_Skill_A.csv,3030,Skill,Name,,提线木偶,操り人形,,,,,,,,,,,,,,
Skill_130351_Desc,bPLf,j技能表_Skill_A.csv,3030,Skill,Desc,,"抽牌阶段后若在手中，「强制打出」 1 张随机指令卡并使其生效 2 次。
打出后，下张打出的指令卡额外生效 2 次。打出 [Arg1] 次后消耗（[Arg2]/[Arg1]）。",ドローフェイズ後手札にある場合、ランダムな指令カード1枚を「強制的に使用」し、効果を2回発動する。\n使用後、次に使用する指令カードは追加で効果を2回発動する。[Arg1]回使用後に、これを除外する。([Arg2]/[Arg1]),,,,,,,,,,,,,,
Skill_130386_Name,bPLk,j技能表_Skill_A.csv,3031,Skill,Name,,提线木偶,操り人形,,,,,,,,,,,,,,
Skill_130386_Desc,bPLj,j技能表_Skill_A.csv,3031,Skill,Desc,,"抽牌阶段后若在手中，从手牌中的随机 2 张指令中选择 1 张强制打出,并使其生效 2 次。
打出后，下张打出的指令卡额外生效 2 次。打出 [Arg1] 次后消耗（[Arg2]/[Arg1]）。",ドローフェイズ後手札にある場合、ランダムな指令カード2枚から1枚を選んで強制的に使用し、効果を2回発動する。\n使用後、次に使用する指令カードは追加で2回効果を発動する。[Arg1]回使用後に、これを除外する。([Arg2]/[Arg1]),,,,,,,,,,,,,,
Skill_130385_Name,bPLi,j技能表_Skill_A.csv,3032,Skill,Name,,提线木偶,操り人形,,,,,,,,,,,,,,
Skill_130385_Desc,bPLh,j技能表_Skill_A.csv,3032,Skill,Desc,,"抽牌阶段后若在手中，从手牌中的随机 2 张指令中选择 1 张强制打出,并使其生效 2 次。
打出后，下张指令卡算力消耗降低 2 点，打出的指令卡额外生效 2 次。打出 [Arg1] 次后消耗（[Arg2]/[Arg1]）。",ドローフェイズ後に手札にある場合、手札ランダムな指令カード2枚から1枚を選んで強制的に使用し、効果を2回発動させる。\n使用後、次に使用する指令カードは行動力消費が2減少し、効果を2回発動する。[Arg1]回使用後、これを除外する。([Arg2]/[Arg1]),,,,,,,,,,,,,,
Skill_131438_Name,bQVy,j技能表_Skill_A.csv,3033,Skill,Name,,提线木偶,操り人形,,,,,,,,,,,,,,
Skill_131438_Desc,bQVx,j技能表_Skill_A.csv,3033,Skill,Desc,,"抽牌阶段后若在手中，从手牌中的随机 2 张指令中选择 1 张强制打出,并使其生效 2 次。
打出后，下张指令卡算力消耗降低为 0，打出的指令卡额外生效 2 次。打出 [Arg1] 次后消耗（[Arg2]/[Arg1]）。",ドローフェイズ後に手札にある場合、手札のランダムな指令カード2枚から1枚を選んで強制的に使用し、効果を2回発動させる。\n使用後、次に使用する指令カードは行動力消費が0になり、効果を2回発動する。[Arg1]回後に、これを除外する。([Arg2]/[Arg1]),,,,,,,,,,,,,,
Skill_131102_Name,bPMY,j技能表_Skill_A.csv,3035,Skill,Name,,繁育之理,繁殖の理,,,,,,,,,,,,,,
Skill_131102_Desc,bPMX,j技能表_Skill_A.csv,3035,Skill,Desc,,为随机手中 2 张指令卡赋予「<Chapter5_Monster_Support1:繁育之理>」刻印。,手札のランダムな指令カード2枚に「<Chapter5_Monster_Support1:繁殖の理>」の刻印を付与する。,,,,,,,,,,,,,,
Skill_131115_Name,bPNc,j技能表_Skill_A.csv,3036,Skill,Name,,欢愉之理,歓喜の理,,,,,,,,,,,,,,
Skill_131115_Desc,bPNb,j技能表_Skill_A.csv,3036,Skill,Desc,,为随机手中 2 张指令卡赋予「<Chapter5_Monster_Support3:欢愉之理>」刻印。,手札のランダムな指令カード2枚に「<Chapter5_Monster_Support3:歓喜の理>」の刻印を付与する。,,,,,,,,,,,,,,
Skill_131114_Name,bPNa,j技能表_Skill_A.csv,3037,Skill,Name,,智识之理,知識の理,,,,,,,,,,,,,,
Skill_131114_Desc,bPMZ,j技能表_Skill_A.csv,3037,Skill,Desc,,为随机手中 2 张指令卡赋予「<Chapter5_Monster_Support2:智识之理>」刻印。,手札のランダムな指令カード2枚に「<Chapter5_Monster_Support2:知識の理>」の刻印を付与する。,,,,,,,,,,,,,,
Skill_131365_Name,bSNR,j技能表_Skill_A.csv,3038,Skill,Name,,命缕各安其位,糸よ、あるべき場所へ,,,,,,,,,,,,,,
Skill_131365_Desc,bSNQ,j技能表_Skill_A.csv,3038,Skill,Desc,,对敌人造成生命百分比伤害，并击碎其超维空间。,敵のライフに一定割合のダメージを与え、その超次元空間を破壊する。,,,,,,,,,,,,,,
Skill_138603_Name,bSVB,j技能表_Skill_A.csv,3040,Skill,Name,,命缕各安其位,糸よ、あるべき場所へ,,,,,,,,,,,,,,
Skill_138603_Desc,bSVA,j技能表_Skill_A.csv,3040,Skill,Desc,,对所有敌人造成 1% 最大生命伤害 3 次，击碎其超维空间，清空其中卡牌。,すべての敵に最大ライフの1%のダメージを3回与える。その超次元空間を破壊し、中のカードをすべて消去する。,,,,,,,,,,,,,,
StageGroup_56443_Name,aRxi,g关卡组_StageGroup_A.csv,144,StageGroup,Name,,艾尔沃斯的归人,雪山への帰還,,,,,,,,,,,,,,
StageGroup_56443_Desc,aRxh,g关卡组_StageGroup_A.csv,144,StageGroup,Desc,,大雪掩埋着群山静谧的呼吸，和归人们各自追寻的命运。\n终年苦寒的艾尔沃斯，战士举起了手中的剑。\n她将为之战斗的，是她生命中的第一个春天。,深雪は山々の静かな息吹を覆い尽くし、帰還者たちはそれぞれの運命を追い求める。\n厳しい寒さに閉ざされたアイズルワースで、戦士は剣を振りかざした。\n彼女は戦う。人生で初めての春のために。,,,,,,,,,,,,,,
StageGroup_56445_Name,aRxm,g关卡组_StageGroup_A.csv,145,StageGroup,Name,,艾尔沃斯的归人,雪山への帰還,,,,,,,,,,,,,,
StageGroup_56445_Desc,aRxl,g关卡组_StageGroup_A.csv,145,StageGroup,Desc,,大雪掩埋着群山静谧的呼吸，和归人们各自追寻的命运。\n终年苦寒的艾尔沃斯，战士举起了手中的剑。\n她将为之战斗的，是她生命中的第一个春天。,深雪は山々の静かな息吹を覆い尽くし、帰還者たちはそれぞれの運命を追い求める。\n厳しい寒さに閉ざされたアイズルワースで、戦士は剣を振りかざした。\n彼女は戦う。人生で初めての春のために。,,,,,,,,,,,,,,
StageGroup_56447_Name,aRxu,g关卡组_StageGroup_A.csv,146,StageGroup,Name,,艾尔沃斯的归人,雪山への帰還,,,,,,,,,,,,,,
StageGroup_56447_Desc,aRxt,g关卡组_StageGroup_A.csv,146,StageGroup,Desc,,大雪掩埋着群山静谧的呼吸，和归人们各自追寻的命运。\n终年苦寒的艾尔沃斯，战士举起了手中的剑。\n她将为之战斗的，是她生命中的第一个春天。,深雪は山々の静かな息吹を覆い尽くし、帰還者たちはそれぞれの運命を追い求める。\n厳しい寒さに閉ざされたアイズルワースで、戦士は剣を振りかざした。\n彼女は戦う。人生で初めての春のために。,,,,,,,,,,,,,,
Stage_121197_Name,bKDV,g关卡_Stage_A.csv,656,Stage,Name,,幻梦深潜Ⅰ,幻夢の深奥Ⅰ,,,,,,,,,,,,,,
Stage_121197_Desc,bKDU,g关卡_Stage_A.csv,656,Stage,Desc,,「不要温和地沉入深梦，幻梦之底应有不可直视的魂灵无声静候。」,「穏やかに深き夢へと沈むなかれ。幻夢の底では、直視を拒む魂が音もなく待ち受けている」,,,,,,,,,,,,,,
Stage_121202_Name,bKEf,g关卡_Stage_A.csv,657,Stage,Name,,幻梦深潜Ⅱ,幻夢の深奥Ⅱ,,,,,,,,,,,,,,
Stage_121202_Desc,bKEe,g关卡_Stage_A.csv,657,Stage,Desc,,「不要温和地沉入深梦，幻梦之底应有不可直视的魂灵无声静候。」,「穏やかに深き夢へと沈むなかれ。幻夢の底では、直視を拒む魂が音もなく待ち受けている」,,,,,,,,,,,,,,
Stage_121198_Name,bKDX,g关卡_Stage_A.csv,658,Stage,Name,,幻梦深潜Ⅲ,幻夢の深奥Ⅲ,,,,,,,,,,,,,,
Stage_121198_Desc,bKDW,g关卡_Stage_A.csv,658,Stage,Desc,,「不要温和地沉入深梦，幻梦之底应有不可直视的魂灵无声静候。」,「穏やかに深き夢へと沈むなかれ。幻夢の底では、直視を拒む魂が音もなく待ち受けている」,,,,,,,,,,,,,,
Stage_121201_Name,bKEd,g关卡_Stage_A.csv,659,Stage,Name,,幻梦深潜Ⅳ,幻夢の深奥Ⅳ,,,,,,,,,,,,,,
Stage_121201_Desc,bKEc,g关卡_Stage_A.csv,659,Stage,Desc,,「不要温和地沉入深梦，幻梦之底应有不可直视的魂灵无声静候。」,「穏やかに深き夢へと沈むなかれ。幻夢の底では、直視を拒む魂が音もなく待ち受けている」,,,,,,,,,,,,,,
Stage_121199_Name,bKDZ,g关卡_Stage_A.csv,660,Stage,Name,,幻梦深潜Ⅴ,幻夢の深奥Ⅴ,,,,,,,,,,,,,,
Stage_121199_Desc,bKDY,g关卡_Stage_A.csv,660,Stage,Desc,,「不要温和地沉入深梦，幻梦之底应有不可直视的魂灵无声静候。」,「穏やかに深き夢へと沈むなかれ。幻夢の底では、直視を拒む魂が音もなく待ち受けている」,,,,,,,,,,,,,,
Stage_121200_Name,bKEb,g关卡_Stage_A.csv,661,Stage,Name,,幻梦深潜Ⅵ,幻夢の深奥Ⅵ,,,,,,,,,,,,,,
Stage_121200_Desc,bKEa,g关卡_Stage_A.csv,661,Stage,Desc,,「不要温和地沉入深梦，幻梦之底应有不可直视的魂灵无声静候。」,「穏やかに深き夢へと沈むなかれ。幻夢の底では、直視を拒む魂が音もなく待ち受けている」,,,,,,,,,,,,,,
Stage_121203_Name,bKEh,g关卡_Stage_A.csv,662,Stage,Name,,幻梦深潜Ⅶ,幻夢の深奥Ⅶ,,,,,,,,,,,,,,
Stage_121203_Desc,bKEg,g关卡_Stage_A.csv,662,Stage,Desc,,「不要温和地沉入深梦，幻梦之底应有不可直视的魂灵无声静候。」,「穏やかに深き夢へと沈むなかれ。幻夢の底では、直視を拒む魂が音もなく待ち受けている」,,,,,,,,,,,,,,
Stage_121204_Name,bKEj,g关卡_Stage_A.csv,663,Stage,Name,,幻梦深潜·癫狂,幻夢の深奥・超難度,,,,,,,,,,,,,,
Stage_121204_Desc,bKEi,g关卡_Stage_A.csv,663,Stage,Desc,,「不要温和地沉入深梦，幻梦之底应有不可直视的魂灵无声静候。」,「穏やかに深き夢へと沈むなかれ。幻夢の底では、直視を拒む魂が音もなく待ち受けている」,,,,,,,,,,,,,,
Stage_58697_Desc,aTIZ,g关卡_Stage_A.csv,1938,Stage,Desc,,对于你们的礼貌造访，艾尔沃斯似乎并不那么欢迎。,礼儀正しい訪問にもかかわらず、アイズルワースはあなたたちを歓迎していないようだ。,,,,,,,,,,,,,,
Stage_58699_Name,aTJg,g关卡_Stage_A.csv,1939,Stage,Name,,同伴或敌人,敵か味方か,,,,,,,,,,,,,,
Stage_58699_Desc,aTJf,g关卡_Stage_A.csv,1939,Stage,Desc,,很难判断，究竟是哪个更危险。,どちらがより危険か、判断するのは難しい。,,,,,,,,,,,,,,
Stage_58698_Name,aTJd,g关卡_Stage_A.csv,1940,Stage,Name,,漫漫寒夜,果てなき寒夜,,,,,,,,,,,,,,
Stage_58698_Desc,aTJc,g关卡_Stage_A.csv,1940,Stage,Desc,,在月色与雪色之间，血是第三种色彩。,月光と雪の狭間に、血が第三の色を刻む。,,,,,,,,,,,,,,
Stage_58694_Name,aTIR,g关卡_Stage_A.csv,1941,Stage,Name,,黑影,黒い影,,,,,,,,,,,,,,
Stage_58694_Desc,aTIQ,g关卡_Stage_A.csv,1941,Stage,Desc,,你们没有找到敌人，但敌人找到了你们。,敵の姿はない。だが、敵はあなたたちの姿を捉えた。,,,,,,,,,,,,,,
Stage_58693_Desc,aTIN,g关卡_Stage_A.csv,1942,Stage,Desc,,她的衣衫随风舞动，她的迷茫轻声作响。她站在你的面前。,服を風にはためかせ、迷いの中で彼女は静かに現れた。,,,,,,,,,,,,,,
Stage_58696_Desc,aTIW,g关卡_Stage_A.csv,1943,Stage,Desc,,他们的故事无人知晓。他们的名字无人悼念。,彼らの物語を知る者はなく、その名を悼む者もいない。,,,,,,,,,,,,,,
Stage_58695_Desc,aTIT,g关卡_Stage_A.csv,1944,Stage,Desc,,回来吧，孩子。山呼唤道。\n回应母亲亲切的召唤，回归命运安宁的怀抱。,持っておいで、我が子よ。山が呼んでいる。\n母の優しき呼びかけに応え、運命の懐へ帰れ。,,,,,,,,,,,,,,
Stage_58691_Desc,aTIH,g关卡_Stage_A.csv,1946,Stage,Desc,,风销雪霁，万物生长。,風は凪ぎ、雪は解け、万物が芽吹く。,,,,,,,,,,,,,,
Stage_55564_Desc,aTlJ,g关卡_Stage_A.csv,2709,Stage,Desc,,风与雪之间，有旅人踽踽走向纯白的山巅。\n她是初次到访的来客，也是回到故乡的归人。,風と雪の狭間を、旅人がただひとり、純白の山頂へと歩みを進める。\n彼女は初めてこの地を訪れる旅人であり、故郷へ還る旅人でもある。,,,,,,,,,,,,,,
Stage_55562_Desc,aTlD,g关卡_Stage_A.csv,2710,Stage,Desc,,风与雪之间，有旅人踽踽走向纯白的山巅。\n她是初次到访的来客，也是回到故乡的归人。,風と雪の狭間を、旅人がただひとり、純白の山頂へと歩みを進める。\n彼女は初めてこの地を訪れる旅人であり、故郷へ還る旅人でもある。,,,,,,,,,,,,,,
Stage_55563_Desc,aTlG,g关卡_Stage_A.csv,2711,Stage,Desc,,风与雪之间，有旅人踽踽走向纯白的山巅。\n她是初次到访的来客，也是回到故乡的归人。,風と雪の狭間を、旅人がただひとり、純白の山頂へと歩みを進める。\n彼女は初めてこの地を訪れる旅人であり、故郷へ還る旅人でもある。,,,,,,,,,,,,,,
Stage_55567_Desc,aTlS,g关卡_Stage_A.csv,2712,Stage,Desc,,风与雪之间，有旅人踽踽走向纯白的山巅。\n她是初次到访的来客，也是回到故乡的归人。,風と雪の狭間を、旅人がただひとり、純白の山頂へと歩みを進める。\n彼女は初めてこの地を訪れる旅人であり、故郷へ還る旅人でもある。,,,,,,,,,,,,,,
Stage_55568_Desc,aTlV,g关卡_Stage_A.csv,2713,Stage,Desc,,风与雪之间，有旅人踽踽走向纯白的山巅。\n她是初次到访的来客，也是回到故乡的归人。,風と雪の狭間を、旅人がただひとり、純白の山頂へと歩みを進める。\n彼女は初めてこの地を訪れる旅人であり、故郷へ還る旅人でもある。,,,,,,,,,,,,,,
Stage_55565_Desc,aTlM,g关卡_Stage_A.csv,2714,Stage,Desc,,风与雪之间，有旅人踽踽走向纯白的山巅。\n她是初次到访的来客，也是回到故乡的归人。,風と雪の狭間を、旅人がただひとり、純白の山頂へと歩みを進める。\n彼女は初めてこの地を訪れる旅人であり、故郷へ還る旅人でもある。,,,,,,,,,,,,,,
Stage_55566_Desc,aTlP,g关卡_Stage_A.csv,2715,Stage,Desc,,风与雪之间，有旅人踽踽走向纯白的山巅。\n她是初次到访的来客，也是回到故乡的归人。,風と雪の狭間を、旅人がただひとり、純白の山頂へと歩みを進める。\n彼女は初めてこの地を訪れる旅人であり、故郷へ還る旅人でもある。,,,,,,,,,,,,,,
Stage_55573_Desc,aTmk,g关卡_Stage_A.csv,2716,Stage,Desc,,漫长的夜晚冰冷血腥，暗中的怪物饥肠辘辘。\n这个太肥，那个太瘦，下一个被选中的猎物是谁？,長い夜は冷たく、血の匂いがする。暗闇の怪物たちは腹を空かせている。\nこれは肥えすぎ、あれは痩せすぎ——次の獲物は、誰だ？,,,,,,,,,,,,,,
Stage_55575_Desc,aTmq,g关卡_Stage_A.csv,2717,Stage,Desc,,漫长的夜晚冰冷血腥，暗中的怪物饥肠辘辘。\n这个太肥，那个太瘦，下一个被选中的猎物是谁？,長い夜は冷たく、血の匂いがする。暗闇の怪物たちは腹を空かせている。\nこれは肥えすぎ、あれは痩せすぎ——次の獲物は、誰だ？,,,,,,,,,,,,,,
Stage_55574_Desc,aTmn,g关卡_Stage_A.csv,2718,Stage,Desc,,漫长的夜晚冰冷血腥，暗中的怪物饥肠辘辘。\n这个太肥，那个太瘦，下一个被选中的猎物是谁？,長い夜は冷たく、血の匂いがする。暗闇の怪物たちは腹を空かせている。\nこれは肥えすぎ、あれは痩せすぎ——次の獲物は、誰だ？,,,,,,,,,,,,,,
Stage_55570_Desc,aTmb,g关卡_Stage_A.csv,2719,Stage,Desc,,漫长的夜晚冰冷血腥，暗中的怪物饥肠辘辘。\n这个太肥，那个太瘦，下一个被选中的猎物是谁？,長い夜は冷たく、血の匂いがする。暗闇の怪物たちは腹を空かせている。\nこれは肥えすぎ、あれは痩せすぎ——次の獲物は、誰だ？,,,,,,,,,,,,,,
Stage_55569_Desc,aTlY,g关卡_Stage_A.csv,2720,Stage,Desc,,漫长的夜晚冰冷血腥，暗中的怪物饥肠辘辘。\n这个太肥，那个太瘦，下一个被选中的猎物是谁？,長い夜は冷たく、血の匂いがする。暗闇の怪物たちは腹を空かせている。\nこれは肥えすぎ、あれは痩せすぎ——次の獲物は、誰だ？,,,,,,,,,,,,,,
Stage_55572_Desc,aTmh,g关卡_Stage_A.csv,2721,Stage,Desc,,漫长的夜晚冰冷血腥，暗中的怪物饥肠辘辘。\n这个太肥，那个太瘦，下一个被选中的猎物是谁？,長い夜は冷たく、血の匂いがする。暗闇の怪物たちは腹を空かせている。\nこれは肥えすぎ、あれは痩せすぎ——次の獲物は、誰だ？,,,,,,,,,,,,,,
Stage_55571_Desc,aTme,g关卡_Stage_A.csv,2722,Stage,Desc,,漫长的夜晚冰冷血腥，暗中的怪物饥肠辘辘。\n这个太肥，那个太瘦，下一个被选中的猎物是谁？,長い夜は冷たく、血の匂いがする。暗闇の怪物たちは腹を空かせている。\nこれは肥えすぎ、あれは痩せすぎ——次の獲物は、誰だ？,,,,,,,,,,,,,,
Stage_55577_Desc,aTmw,g关卡_Stage_A.csv,2723,Stage,Desc,,镜中的两头野兽相遇，它们互相露出獠牙。\n它们额头相撞，谁都不肯认输。\n狂妄的你，软弱的我。\n双手交叠那一刻，镜子被打破。\n野兽发出低吼，露出猩红双眸。,鏡の中の二頭の獣が出会い、互いに牙を剥く。\n額と額ををぶつけ合い、互いに負けを認めない。\n傲慢なあなた、惨めな私。\n手が重なったその刹那、鏡が砕け散る。\n獣は低く唸り、深紅の双眸を剥き出しにする。,,,,,,,,,,,,,,
Stage_55578_Desc,aTmz,g关卡_Stage_A.csv,2724,Stage,Desc,,镜中的两头野兽相遇，它们互相露出獠牙。\n它们额头相撞，谁都不肯认输。\n狂妄的你，软弱的我。\n双手交叠那一刻，镜子被打破。\n野兽发出低吼，露出猩红双眸。,鏡の中の二頭の獣が出会い、互いに牙を剥く。\n額と額ををぶつけ合い、互いに負けを認めない。\n傲慢なあなた、惨めな私。\n手が重なったその刹那、鏡が砕け散る。\n獣は低く唸り、深紅の双眸を剥き出しにする。,,,,,,,,,,,,,,
Stage_55579_Desc,aTmC,g关卡_Stage_A.csv,2725,Stage,Desc,,镜中的两头野兽相遇，它们互相露出獠牙。\n它们额头相撞，谁都不肯认输。\n狂妄的你，软弱的我。\n双手交叠那一刻，镜子被打破。\n野兽发出低吼，露出猩红双眸。,鏡の中の二頭の獣が出会い、互いに牙を剥く。\n額と額ををぶつけ合い、互いに負けを認めない。\n傲慢なあなた、惨めな私。\n手が重なったその刹那、鏡が砕け散る。\n獣は低く唸り、深紅の双眸を剥き出しにする。,,,,,,,,,,,,,,
Stage_55559_Desc,aTlu,g关卡_Stage_A.csv,2726,Stage,Desc,,镜中的两头野兽相遇，它们互相露出獠牙。\n它们额头相撞，谁都不肯认输。\n狂妄的你，软弱的我。\n双手交叠那一刻，镜子被打破。\n野兽发出低吼，露出猩红双眸。,鏡の中の二頭の獣が出会い、互いに牙を剥く。\n額と額ををぶつけ合い、互いに負けを認めない。\n傲慢なあなた、惨めな私。\n手が重なったその刹那、鏡が砕け散る。\n獣は低く唸り、深紅の双眸を剥き出しにする。,,,,,,,,,,,,,,
Stage_55581_Desc,aTmI,g关卡_Stage_A.csv,2727,Stage,Desc,,镜中的两头野兽相遇，它们互相露出獠牙。\n它们额头相撞，谁都不肯认输。\n狂妄的你，软弱的我。\n双手交叠那一刻，镜子被打破。\n野兽发出低吼，露出猩红双眸。,鏡の中の二頭の獣が出会い、互いに牙を剥く。\n額と額ををぶつけ合い、互いに負けを認めない。\n傲慢なあなた、惨めな私。\n手が重なったその刹那、鏡が砕け散る。\n獣は低く唸り、深紅の双眸を剥き出しにする。,,,,,,,,,,,,,,
Stage_55582_Desc,aTmL,g关卡_Stage_A.csv,2728,Stage,Desc,,镜中的两头野兽相遇，它们互相露出獠牙。\n它们额头相撞，谁都不肯认输。\n狂妄的你，软弱的我。\n双手交叠那一刻，镜子被打破。\n野兽发出低吼，露出猩红双眸。,鏡の中の二頭の獣が出会い、互いに牙を剥く。\n額と額ををぶつけ合い、互いに負けを認めない。\n傲慢なあなた、惨めな私。\n手が重なったその刹那、鏡が砕け散る。\n獣は低く唸り、深紅の双眸を剥き出しにする。,,,,,,,,,,,,,,
Stage_55561_Desc,aTlA,g关卡_Stage_A.csv,2729,Stage,Desc,,镜中的两头野兽相遇，它们互相露出獠牙。\n它们额头相撞，谁都不肯认输。\n狂妄的你，软弱的我。\n双手交叠那一刻，镜子被打破。\n野兽发出低吼，露出猩红双眸。,鏡の中の二頭の獣が出会い、互いに牙を剥く。\n額と額ををぶつけ合い、互いに負けを認めない。\n傲慢なあなた、惨めな私。\n手が重なったその刹那、鏡が砕け散る。\n獣は低く唸り、深紅の双眸を剥き出しにする。,,,,,,,,,,,,,,
Stage_55553_Name,aTld,g关卡_Stage_A.csv,2730,Stage,Name,,见山·之一,望山・第一幕,,,,,,,,,,,,,,
Stage_55553_Desc,aTlc,g关卡_Stage_A.csv,2730,Stage,Desc,,这座雪山拥有生命，山间回荡着声声呼啸，那是它在呼唤它的女儿。\n快来吧，快来吧。\n是女儿走向母亲，还是母亲走向女儿？\n雪山峰顶，两幅空落落的胃袋终于相见。,この雪山は生きている。山々に轟く咆哮、雪山が娘を呼ぶ声だ。\nおいで、おいで。娘が母に向かうのか、母が娘に向かうのか。\n植えた二つの魂が、ついに頂で出会う。,,,,,,,,,,,,,,
Stage_55552_Name,aTla,g关卡_Stage_A.csv,2731,Stage,Name,,见山·之二,望山・第二幕,,,,,,,,,,,,,,
Stage_55552_Desc,aTkZ,g关卡_Stage_A.csv,2731,Stage,Desc,,这座雪山拥有生命，山间回荡着声声呼啸，那是它在呼唤它的女儿。\n快来吧，快来吧。\n是女儿走向母亲，还是母亲走向女儿？\n雪山峰顶，两幅空落落的胃袋终于相见。,この雪山は生きている。山々に轟く咆哮、雪山が娘を呼ぶ声だ。\nおいで、おいで。娘が母に向かうのか、母が娘に向かうのか。\n植えた二つの魂が、ついに頂で出会う。,,,,,,,,,,,,,,
Stage_55551_Name,aTkX,g关卡_Stage_A.csv,2732,Stage,Name,,见山·之三,望山・第三幕,,,,,,,,,,,,,,
Stage_55551_Desc,aTkW,g关卡_Stage_A.csv,2732,Stage,Desc,,这座雪山拥有生命，山间回荡着声声呼啸，那是它在呼唤它的女儿。\n快来吧，快来吧。\n是女儿走向母亲，还是母亲走向女儿？\n雪山峰顶，两幅空落落的胃袋终于相见。,この雪山は生きている。山々に轟く咆哮、雪山が娘を呼ぶ声だ。\nおいで、おいで。娘が母に向かうのか、母が娘に向かうのか。\n植えた二つの魂が、ついに頂で出会う。,,,,,,,,,,,,,,
Stage_55558_Name,aTls,g关卡_Stage_A.csv,2733,Stage,Name,,见山·之四,望山・第四幕,,,,,,,,,,,,,,
Stage_55558_Desc,aTlr,g关卡_Stage_A.csv,2733,Stage,Desc,,这座雪山拥有生命，山间回荡着声声呼啸，那是它在呼唤它的女儿。\n快来吧，快来吧。\n是女儿走向母亲，还是母亲走向女儿？\n雪山峰顶，两幅空落落的胃袋终于相见。,この雪山は生きている。山々に轟く咆哮、雪山が娘を呼ぶ声だ。\nおいで、おいで。娘が母に向かうのか、母が娘に向かうのか。\n植えた二つの魂が、ついに頂で出会う。,,,,,,,,,,,,,,
Stage_55557_Name,aTlp,g关卡_Stage_A.csv,2734,Stage,Name,,见山·之五,望山・第五幕,,,,,,,,,,,,,,
Stage_55557_Desc,aTlo,g关卡_Stage_A.csv,2734,Stage,Desc,,这座雪山拥有生命，山间回荡着声声呼啸，那是它在呼唤它的女儿。\n快来吧，快来吧。\n是女儿走向母亲，还是母亲走向女儿？\n雪山峰顶，两幅空落落的胃袋终于相见。,この雪山は生きている。山々に轟く咆哮、雪山が娘を呼ぶ声だ。\nおいで、おいで。娘が母に向かうのか、母が娘に向かうのか。\n植えた二つの魂が、ついに頂で出会う。,,,,,,,,,,,,,,
Stage_55556_Name,aTlm,g关卡_Stage_A.csv,2735,Stage,Name,,见山·之六,望山・第六幕,,,,,,,,,,,,,,
Stage_55556_Desc,aTll,g关卡_Stage_A.csv,2735,Stage,Desc,,这座雪山拥有生命，山间回荡着声声呼啸，那是它在呼唤它的女儿。\n快来吧，快来吧。\n是女儿走向母亲，还是母亲走向女儿？\n雪山峰顶，两幅空落落的胃袋终于相见。,この雪山は生きている。山々に轟く咆哮、雪山が娘を呼ぶ声だ。\nおいで、おいで。娘が母に向かうのか、母が娘に向かうのか。\n植えた二つの魂が、ついに頂で出会う。,,,,,,,,,,,,,,
Stage_55555_Name,aTlj,g关卡_Stage_A.csv,2736,Stage,Name,,见山·癫狂,望山・超難度,,,,,,,,,,,,,,
Stage_55555_Desc,aTli,g关卡_Stage_A.csv,2736,Stage,Desc,,这座雪山拥有生命，山间回荡着声声呼啸，那是它在呼唤它的女儿。\n快来吧，快来吧。\n是女儿走向母亲，还是母亲走向女儿？\n雪山峰顶，两幅空落落的胃袋终于相见。,この雪山は生きている。山々に轟く咆哮、雪山が娘を呼ぶ声だ。\nおいで、おいで。娘が母に向かうのか、母が娘に向かうのか。\n植えた二つの魂が、ついに頂で出会う。,,,,,,,,,,,,,,
Stage_55583_Desc,aTmO,g关卡_Stage_A.csv,2737,Stage,Desc,,雪山的冻土干枯暗淡，灭绝一切生机。\n但生命的意志永远顽强。\n只等雪山融化之时，冰凉的水滴落入土壤。\n一颗不屈的种子，立刻在山顶发芽。,昏く淀み、枯れ果てた雪山の凍土は、あらゆる生命を絶やす。\nしかし、生命の意志は強靭だ。\n雪解けの雫が落ちるとき、不屈の種子が山頂に芽吹く。,,,,,,,,,,,,,,
Stage_55580_Desc,aTmF,g关卡_Stage_A.csv,2738,Stage,Desc,,雪山的冻土干枯暗淡，灭绝一切生机。\n但生命的意志永远顽强。\n只等雪山融化之时，冰凉的水滴落入土壤。\n一颗不屈的种子，立刻在山顶发芽。,昏く淀み、枯れ果てた雪山の凍土は、あらゆる生命を絶やす。\nしかし、生命の意志は強靭だ。\n雪解けの雫が落ちるとき、不屈の種子が山頂に芽吹く。,,,,,,,,,,,,,,
Stage_55560_Desc,aTlx,g关卡_Stage_A.csv,2739,Stage,Desc,,雪山的冻土干枯暗淡，灭绝一切生机。\n但生命的意志永远顽强。\n只等雪山融化之时，冰凉的水滴落入土壤。\n一颗不屈的种子，立刻在山顶发芽。,昏く淀み、枯れ果てた雪山の凍土は、あらゆる生命を絶やす。\nしかし、生命の意志は強靭だ。\n雪解けの雫が落ちるとき、不屈の種子が山頂に芽吹く。,,,,,,,,,,,,,,
Stage_55585_Desc,aTmU,g关卡_Stage_A.csv,2740,Stage,Desc,,雪山的冻土干枯暗淡，灭绝一切生机。\n但生命的意志永远顽强。\n只等雪山融化之时，冰凉的水滴落入土壤。\n一颗不屈的种子，立刻在山顶发芽。,昏く淀み、枯れ果てた雪山の凍土は、あらゆる生命を絶やす。\nしかし、生命の意志は強靭だ。\n雪解けの雫が落ちるとき、不屈の種子が山頂に芽吹く。,,,,,,,,,,,,,,
Stage_55554_Desc,aTlf,g关卡_Stage_A.csv,2741,Stage,Desc,,雪山的冻土干枯暗淡，灭绝一切生机。\n但生命的意志永远顽强。\n只等雪山融化之时，冰凉的水滴落入土壤。\n一颗不屈的种子，立刻在山顶发芽。,昏く淀み、枯れ果てた雪山の凍土は、あらゆる生命を絶やす。\nしかし、生命の意志は強靭だ。\n雪解けの雫が落ちるとき、不屈の種子が山頂に芽吹く。,,,,,,,,,,,,,,
Stage_55576_Desc,aTmt,g关卡_Stage_A.csv,2742,Stage,Desc,,雪山的冻土干枯暗淡，灭绝一切生机。\n但生命的意志永远顽强。\n只等雪山融化之时，冰凉的水滴落入土壤。\n一颗不屈的种子，立刻在山顶发芽。,昏く淀み、枯れ果てた雪山の凍土は、あらゆる生命を絶やす。\nしかし、生命の意志は強靭だ。\n雪解けの雫が落ちるとき、不屈の種子が山頂に芽吹く。,,,,,,,,,,,,,,
Stage_55584_Desc,aTmR,g关卡_Stage_A.csv,2743,Stage,Desc,,雪山的冻土干枯暗淡，灭绝一切生机。\n但生命的意志永远顽强。\n只等雪山融化之时，冰凉的水滴落入土壤。\n一颗不屈的种子，立刻在山顶发芽。,昏く淀み、枯れ果てた雪山の凍土は、あらゆる生命を絶やす。\nしかし、生命の意志は強靭だ。\n雪解けの雫が落ちるとき、不屈の種子が山頂に芽吹く。,,,,,,,,,,,,,,
State_34671_Name,aXgh,z状态表_State_A.csv,36,State,Name,,<CardKeyWord:回手>,<CardKeyWord:手札に戻す>,,,,,,,,,,,,,,
State_3281_WeaponDesc,aWWd,z状态表_State_A.csv,38,State,WeaponDesc,,造成的伤害提高。,与えるダメージが増加。,,,,,,,,,,,,,,
State_2712_Desc,aWru,z状态表_State_A.csv,39,State,Desc,,提高造成的护盾。,獲得するシールドを増加させる。,,,,,,,,,,,,,,
State_2712_WeaponDesc,aWrw,z状态表_State_A.csv,39,State,WeaponDesc,,获得的护盾提高。,獲得するシールド増加。,,,,,,,,,,,,,,
State_2432_WeaponDesc,aVXv,z状态表_State_A.csv,43,State,WeaponDesc,,承受的所有伤害提高 50 %。,受けるすべてのダメージが50%増加。,,,,,,,,,,,,,,
State_3212_Desc,aWSx,z状态表_State_A.csv,44,State,Desc,,造成的所有伤害降低 25 %，回合结束时移除 1 层。,与えるすべてのダメージが25%減少する。ターン終了時に1点を除去。,,,,,,,,,,,,,,
State_2735_Desc,aWsC,z状态表_State_A.csv,56,State,Desc,,若此卡打出后触发「维度穿梭」或当前处于超维回合，触发后续效果。,このカードを使用した後に「次元転送」が発動した場合、または現在が超次元ターンの場合、後続の効果を発動できる。,,,,,,,,,,,,,,
State_80207_Desc,btbd,z状态表_State_A.csv,58,State,Desc,,若此卡打出后触发「维度穿梭」则触发后续效果，从超维空间取出时算力消耗 -1。,このカードを使用した後に「次元転送」が発動した場合、後続の効果を発動できる。超次元空間から取り出した時、そのカードの行動力消費–1。,,,,,,,,,,,,,,
State_2549_Name,aWiB,z状态表_State_A.csv,86,State,Name,,<ExhaustionIconKeywords: 力量降低>,<ExhaustionIconKeywords: 力減少>,,,,,,,,,,,,,,
State_78781_Name,bHui,z状态表_State_A.csv,87,State,Name,,<TouquKeywords: 偷取>,<TouquKeywords: 奪う>,,,,,,,,,,,,,,
State_78781_Desc,bHuh,z状态表_State_A.csv,87,State,Desc,,临时降低目标力量，获得等量临时力量。,対象の力を一時的に減少させ、同量の一時的な力を獲得。,,,,,,,,,,,,,,
State_120462_Name,bKst,z状态表_State_A.csv,94,State,Name,,<DestructionKeywords:销毁>,<DestructionKeywords:消滅>,,,,,,,,,,,,,,
State_120462_Desc,bKss,z状态表_State_A.csv,94,State,Desc,,打出后此卡牌本次探索从卡组中永久移除。,使用すると、この探索中は永久にデッキに現れない。,,,,,,,,,,,,,,
State_2639_Desc,aWnE,z状态表_State_A.csv,101,State,Desc,,在战斗中受到致命伤害时有概率保留 1 点生命。触发后在本次调查中概率减半，获得的死亡抵抗减半。,戦闘で致命的ダメージを受けた場合、1ライフを保持する可能性がある。発動後、この調査中の死亡抵抗率が半減し、獲得する死亡抵抗も半減する。,,,,,,,,,,,,,,
State_25165_Desc,aWfx,z状态表_State_A.csv,103,State,Desc,,环行·拉蒙娜指令卡独有的额外效果，拥有 3 层负熵时触发。回环会继承至下场战斗。,環行・ラモンナの指令カード独自の追加効果であり、3点のネゲントロピーを持つ時に発動する。「ループ」は次の戦闘に引き継がれる。,,,,,,,,,,,,,,
State_34689_Desc,aXgm,z状态表_State_A.csv,107,State,Desc,,每失去 1 点生命，获得 1 层<PainWord:忍耐>，上限为最大生命的 100%。忍耐会继承至下场战斗。,ライフを1失うたび、1点の<PainWord:忍耐>を獲得する。上限は最大ライフの100％。「忍耐」は次の戦闘に引き継がれる。,,,,,,,,,,,,,,
State_34964_Desc,aXik,z状态表_State_A.csv,108,State,Desc,,回合开始后，获得 10% 最大生命的<PainWord:忍耐>。,ターン開始後、最大ライフの10%の<PainWord:忍耐>を獲得。,,,,,,,,,,,,,,
State_128692_Name,bOSe,z状态表_State_A.csv,110,State,Name,,<AshesPastKeyWord:旧日余烬>,<AshesPastKeyWord:古の残り火>,,,,,,,,,,,,,,
State_128692_Desc,bOSd,z状态表_State_A.csv,110,State,Desc,,承受主动伤害或触腕伤害后，移除等量的「旧日余烬」并失去 300% 移除量的生命，承受其它伤害时移除一半。「旧日余烬」层数每回合重置。,アクティブダメージまたは触腕ダメージを受けた時、同量の「古の残り火」を除去し、除去した量の300%のライフを失う。その他のダメージを受けた場合は半分を除去する。「古の残り火」の点数は毎ターンリセットされる。,,,,,,,,,,,,,,
State_90294_Desc,bxYl,z状态表_State_A.csv,111,State,Desc,,本回合承受主动或触腕伤害时，移除等量侵蚀并失去移除量的 [DescArg1]％ 生命，承受其它伤害时移除 50% 伤害量的侵蚀。,このターンにアクティブダメージまたは触腕ダメージを受けた場合、同量の侵蝕を除去し、除去した量の300%のライフを失う。それ以外のダメージを受けた場合は、ダメージの50%の侵蝕を除去する。,,,,,,,,,,,,,,
State_100542_Name,bCCM,z状态表_State_A.csv,112,State,Name,,<Kuangxiang:狂想>,<Kuangxiang:狂想>,,,,,,,,,,,,,,
State_100542_Desc,bCCL,z状态表_State_A.csv,112,State,Desc,,皮克曼触发「发现」效果时额外增加「灵感迸发！」选项：消耗 1 层「狂想」，选择所有「发现」效果并获得 1 层「创意」。,ピックマンが「発現」効果を発動した場合、「ひらめきが湧き上がる！」の選択を追加：「狂想」を1点消費し、すべての効果を選択して1点の「創意」を獲得する。,,,,,,,,,,,,,,
State_100541_Name,bCCK,z状态表_State_A.csv,115,State,Name,,<Chuangyi:创意>,<Chuangyi:創意>,,,,,,,,,,,,,,
State_90696_Name,bzew,z状态表_State_A.csv,116,State,Name,,<harmonyKeyWord:调和>,<harmonyKeyWord:調合>,,,,,,,,,,,,,,
State_90696_Desc,bzev,z状态表_State_A.csv,116,State,Desc,,打出前发现 1 味「调料」置入其中并触发其效果，首领战中增加 1 次调和次数。,使用する前に「調味料」を1つ加え、その効果を発動する。ボス戦では「調合」の回数が1回増加する。,,,,,,,,,,,,,,
State_133999_Name,bSqU,z状态表_State_A.csv,122,State,Name,,<TempPowerKeywords:临时强化>,<TempPowerKeywords:一時的な強化>,,,,,,,,,,,,,,
State_133999_Desc,bSqT,z状态表_State_A.csv,122,State,Desc,,每拥有 1 层使该卡牌造成的伤害、力量和触腕伤害提高、固定中毒、固定反击最终效果提高 2%；护盾、生命回复、力量降低的最终效果提高 1%，回合结束或打出后移除。,1点ごとに、このカードが与えるダメージ、力と触腕ダメージが増加し、毒と反撃の最終効果が2%増加し、シールド、ライフ回復、力減少の最終効果が1%増加する。ターン終了時または使用後に除去される。,,,,,,,,,,,,,,
State_81058_Desc,btfP,z状态表_State_A.csv,123,State,Desc,,她的情感、认知乃至一切，都与巢群意志永恒链接。「共感」能够被克莱门汀的狂气爆发「生命重构治疗」转化为减益效果，至多堆叠 15 层。,彼女の感情、認識、あらゆるものが巣の意志と永遠に結びついている。クレメンタインの狂気解放「生命再構築治療」を発動した時、デバフ効果に変換される。最大15点まで累積可能。,,,,,,,,,,,,,,
State_81059_Desc,btfS,z状态表_State_A.csv,124,State,Desc,,她的情感、认知乃至一切，都与巢群意志永恒链接。「共感」能够被克莱门汀的狂气爆发「生命重构治疗」转化为减益效果，至多堆叠 10 层。,彼女の感情、認識、あらゆるものが巣の意志と永遠に結びついている。クレメンタインの狂気解放「生命再構築治療」を発動した時、デバフ効果に変換される。最大10点まで累積可能。,,,,,,,,,,,,,,
State_81054_Desc,btfD,z状态表_State_A.csv,125,State,Desc,,巢群侵蚀下，你的恐惧无所遁形。每拥有 1 层本回合造成的伤害降低 3％，至多堆叠 15 层。,巣に侵食され、あなたの恐怖が露わになる。1点ごとに、このターンに与えるダメージが3%減少する。最大15点まで累積可能。,,,,,,,,,,,,,,
State_81056_Desc,btfJ,z状态表_State_A.csv,126,State,Desc,,巢群侵蚀下，你的恐惧无所遁形。每拥有 1 层本回合承受的伤害提高 3％，至多堆叠 15 层。,巣に侵食され、あなたの恐怖が露わになる。1点ごとに、このターンに受けるダメージが3%増加する。最大15点まで累積可能。,,,,,,,,,,,,,,
State_81057_Desc,btfM,z状态表_State_A.csv,127,State,Desc,,巢群侵蚀下，你的恐惧无所遁形。每拥有 1 层本回合造成的伤害降低 3％，至多堆叠 10 层。,巣に侵食され、あなたの恐怖が露わになる。1点ごとに、このターンに与えるダメージが3%減少する。最大10点まで累積可能。,,,,,,,,,,,,,,
State_81055_Desc,btfG,z状态表_State_A.csv,128,State,Desc,,巢群侵蚀下，你的恐惧无所遁形。每拥有 1 层本回合承受的伤害提高 3％，至多堆叠 10 层。,巣に侵食され、あなたの恐怖が露わになる。1点ごとに、このターン中、受けるダメージが3%増加する。最大10点まで累積可能。,,,,,,,,,,,,,,
State_121231_Name,bKHc,z状态表_State_A.csv,131,State,Name,,<MingqiKeywords:命契>,<MingqiKeywords:命契>,,,,,,,,,,,,,,
State_121231_Desc,bKHb,z状态表_State_A.csv,131,State,Desc,,每层使下次「虚妄王女」施加的「降生仪式」提高 20%，最多叠加 5 层，叠满 5 层后下次「虚妄王女」伤害次数翻倍。,「虚妄の王女」が次に付与する「誕生の儀」の効果が、1点につき20%増加する。最大5点。5点に達すると、「虚妄の王女」が次に与えるダメージ回数が2倍になる。,,,,,,,,,,,,,,
State_39547_Desc,aXQv,z状态表_State_A.csv,132,State,Desc,,战斗结束后额外获得 5 黑印，该效果受黑印掉落加成。旺达打出卡牌后，获得 1 层梦引，该效果每回合至多触发2次。当前还剩 [DescArg1] 次。,戦闘終了後、追加で5黒章を獲得する。この効果は黒章ドロップ率ボーナスによって増加する。ワンダがカードを使用するたび、1点の「夢引き」を獲得し、毎ターンに最大2回まで発動。残り[DescArg1]回発動可能。,,,,,,,,,,,,,,
State_40484_Desc,aXQE,z状态表_State_A.csv,133,State,Desc,,旺达技能触发跃迁效果时，若存在 5 层，消耗 5 层并获得额外效果。梦引上限为 10 层，会继承到下场战斗。,ワンダのスキルが「跳躍」効果を発動した時に5点以上持つ場合、5点を消費して追加効果を獲得する。上限は10点。次の戦闘に引き継がれる。,,,,,,,,,,,,,,
State_52068_Name,aYxb,z状态表_State_A.csv,139,State,Name,,<CardKeyWord:祭仪>,<CardKeyWord:祭儀>,,,,,,,,,,,,,,
State_52068_Desc,aYxa,z状态表_State_A.csv,139,State,Desc,,将手中最多 3 张「圣礼」转化为「执妄」，根据转化的数量获得不同阶段的额外效果。,手札にある最大3枚の「聖礼」を「執妄」に変換し、変換した枚数に応じた追加効果を獲得。,,,,,,,,,,,,,,
State_53144_Name,aYyg,z状态表_State_A.csv,140,State,Name,,<CardKeyWord:坚守自我>,<CardKeyWord:自己の堅持>,,,,,,,,,,,,,,
State_53144_Desc,aYyf,z状态表_State_A.csv,140,State,Desc,,每个回合开始时获得 <Block:[Block:StateArg1]> 点护盾。,毎ターン開始時、<Block:[Block:StateArg1]>点のシールドを獲得。,,,,,,,,,,,,,,
State_53145_Name,aYyj,z状态表_State_A.csv,141,State,Name,,<CardKeyWord:投身启示>,<CardKeyWord:啓示への献身>,,,,,,,,,,,,,,
State_53145_Desc,aYyi,z状态表_State_A.csv,141,State,Desc,,每个回合开始时<PowerIconKeywords:力量>和<TentacleInjurieIconKeywords:触腕伤害> +[StateArg2]。,毎ターン開始時、[StateArg2]点の<PowerIconKeywords:力>と<TentacleInjurieIconKeywords:触腕ダメージ>を獲得。,,,,,,,,,,,,,,
State_58447_Name,aYMn,z状态表_State_A.csv,143,State,Name,,<CardKeyWord:混沌的遗赠>,<CardKeyWord:混沌の遺志>,,,,,,,,,,,,,,
State_58447_Desc,aYMm,z状态表_State_A.csv,143,State,Desc,,"包括了以下三个造物：
「幸运风衣」：所有唤醒体暴击率提高 10%。所有莱克和骰子的随机结果不会出现最小值。
<TentacleInjurieIconKeywords:升级>: 暴击率提高改为 15%，使随机结果最大值提高 1。
「偏方骰子」：每当释放钥令后，将 1 张「<C05_yansheng1:偏方骰子>」置入手中。
<TentacleInjurieIconKeywords:升级>: 改为将 1 张「<C05_yansheng2:闪耀偏方骰子>」置入手中。
「大嘴纽扣」：回合开始时以及莱克或骰子的随机效果触发时，获得 50 点银钥能量和 2% 暴击伤害，最多获得 30% 暴击伤害。
<TentacleInjurieIconKeywords:升级>: 改为获得 100 点银钥能量和 4% 暴击伤害，最多获得 50% 暴击伤害。",以下の3つの遺物を含む：\n「幸運のコート」：すべての覚醒体のクリティカル率が10%増加。ライカーとサイコロのランダム結果には最低値が出ない。\n<TentacleInjurieIconKeywords:アップグレード>: クリティカル率が15%に増加し、ランダム結果の最大値が1上がる。\n「イカサマダイス」：「キーオーダー」を発動するたび「<C05_yansheng1:イカサマダイス>」を1枚手札に追加。\n<TentacleInjurieIconKeywords:アップグレード>: 「<C05_yansheng2:輝くイカサマダイス>」を1枚手札に追加。\n「大口ボタン」：ターン開始時およびライカーやサイコロのランダム効果発動時に、50キーエネルギーと2%のクリティカルダメージを獲得し、最大で30%のクリティカルダメージを獲得。\n<TentacleInjurieIconKeywords:アップグレード>: 100キーエネルギーと4%のクリティカルダメージを獲得し、最大で50%のクリティカルダメージを獲得。,,,,,,,,,,,,,,
State_117154_Desc,bIgU,z状态表_State_A.csv,144,State,Desc,,该效果在队伍的所有唤醒体上仅会生效 1 次，无法重复触发。,この効果はチーム内のすべての覚醒体で1回のみ発動し、重複して発動することはできない。,,,,,,,,,,,,,,
State_60312_Desc,aYUb,z状态表_State_A.csv,149,State,Desc,,每回合累计受到 10% 生命的伤害时，获得 [Layer] 层临时「加固」。,毎ターンライフの10%のダメージを受けると、[Layer]点の一時的な「堅固」を獲得。,,,,,,,,,,,,,,
State_57316_Name,aYGR,z状态表_State_A.csv,154,State,Name,,永续圣骸的传承,聖骸の伝承,,,,,,,,,,,,,,
State_57316_Desc,aYGQ,z状态表_State_A.csv,154,State,Desc,,每回合开始时将 1 张「胚胎」转化为「圣洁之子」，若没有「胚胎」则将 1 张「胚胎」置入手中。持续 [Layer] 回合。,毎ターン開始時、「胚胎」を1枚「聖純の子」に変換する。「胚胎」がない場合、「胚胎」を1枚手札に追加。[Layer]ターン持続。,,,,,,,,,,,,,,
State_56208_Desc,aYEY,z状态表_State_A.csv,157,State,Desc,,"雨颂：回复 <Heal:[DescArg1]> 点生命。
风颂：获得 [DescArg2] 点<PowerIconKeywords:力量>。
花颂：所有唤醒体获得 10 点狂气。
月颂：临时暴击率提高 30%。",雨の賛歌：ライフを<Heal:[DescArg1]>回復。\n風の賛歌：[DescArg2]点の<PowerIconKeywords:力>を獲得。\n花の賛歌：すべての覚醒体が10狂気を獲得。\n月の賛歌：一時的なクリティカル率が30%増加。,,,,,,,,,,,,,,
State_47072_Desc,aYdi,z状态表_State_A.csv,173,State,Desc,,本回合打击卡暴击率 +[Layer]%。,このターン、「攻撃」のクリティカル率が[Layer]%増加。,,,,,,,,,,,,,,
State_45039_Desc,aXVt,z状态表_State_A.csv,174,State,Desc,,直到下个回合开始时，每当受到攻击伤害，下个回合开始时获得 [Layer]% 伤害的护盾。,次のターン開始までの間に攻撃を受けた場合、次のターン開始時に受けたダメージの[Layer]%シールドを獲得。,,,,,,,,,,,,,,
State_45040_Desc,aXVw,z状态表_State_A.csv,175,State,Desc,,直到下个回合开始时，每当受到攻击伤害，积攒 [Layer]% 伤害的回复量到猩红熔炉。,次のターン開始までの間、攻撃を受けるたびに受けたダメージの[Layer]%を猩紅炉に累積する。,,,,,,,,,,,,,,
State_22249_Desc,aVNo,z状态表_State_A.csv,179,State,Desc,,下个回合开始后，少抽 [Layer] 张牌。,次のターン開始時、ドロー枚数が[Layer]枚減る。,,,,,,,,,,,,,,
State_3866_Desc,aXKZ,z状态表_State_A.csv,186,State,Desc,,在本回合内，手牌上限 +[Layer]。,このターン中、手札の上限+[Layer]。,,,,,,,,,,,,,,
State_3145_Desc,aWOT,z状态表_State_A.csv,187,State,Desc,,在 [Layer] 回合内，不可使用卡牌。,[Layer]ターンの間、カード使用不可。,,,,,,,,,,,,,,
State_3580_Desc,aXqS,z状态表_State_A.csv,191,State,Desc,,[Layer] 回合内触腕造成的伤害为穿刺伤害。,[Layer]ターンの間、触腕ダメージが<PunctureDamagewords:刺突ダメージ>になる。,,,,,,,,,,,,,,
State_2577_Name,aWkh,z状态表_State_A.csv,200,State,Name,,临时伤害降低,一時的なダメージ減少,,,,,,,,,,,,,,
State_81340_Desc,bvOC,z状态表_State_A.csv,215,State,Desc,,此卡牌被封印无法打出， [Layer] 回合后封印解除。,このカードは封印されているため使用不可。[Layer]ターン後に解除される。,,,,,,,,,,,,,,
State_81341_Desc,bvOF,z状态表_State_A.csv,216,State,Desc,,此唤醒体狂气爆发被封印无法使用， [Layer] 回合后封印解除。,この覚醒体の狂気爆発は封印されているため使用不可。[Layer]ターン後に解除される。,,,,,,,,,,,,,,
State_3848_Desc,aXJX,z状态表_State_A.csv,217,State,Desc,,本场战斗内，随机一个唤醒体的狂气爆发被封印，不可使用。,この戦闘中、ランダムな覚醒体の狂気解放が封印され、使用不可。,,,,,,,,,,,,,,
State_3431_Name,aXem,z状态表_State_A.csv,223,State,Name,,免疫中毒,毒無効化,,,,,,,,,,,,,,
State_3004_Name,aWGZ,z状态表_State_A.csv,227,State,Name,,免疫中毒,毒無効化,,,,,,,,,,,,,,
State_3095_Name,aWMm,z状态表_State_A.csv,236,State,Name,,永久力量,永続の力,,,,,,,,,,,,,,
State_3095_WeaponDesc,aWMn,z状态表_State_A.csv,236,State,WeaponDesc,,本次关卡内造成的伤害提高 [Layer] 点。,このステージで与えるダメージが[Layer]増加。,,,,,,,,,,,,,,
State_2900_Desc,aWBt,z状态表_State_A.csv,238,State,Desc,,本场战斗内造成的伤害提高 [Layer] 点。,この戦闘で与えるダメージが[Layer]増加。,,,,,,,,,,,,,,
State_2900_WeaponDesc,aWBv,z状态表_State_A.csv,238,State,WeaponDesc,,本场战斗内造成的伤害提高 [Layer] 点。,この戦闘で与えるダメージが[Layer]増加。,,,,,,,,,,,,,,
State_3130_Desc,aWOd,z状态表_State_A.csv,239,State,Desc,,本回合内造成的伤害提高 [Layer] 点。,このターンに与えるダメージが[Layer]増加。,,,,,,,,,,,,,,
State_3130_WeaponDesc,aWOf,z状态表_State_A.csv,239,State,WeaponDesc,,本回合内造成的伤害提高 [Layer] 点。,このターンに与えるダメージが[Layer]増加。,,,,,,,,,,,,,,
State_2436_Desc,aVXF,z状态表_State_A.csv,241,State,Desc,,获得的力量和护盾降低 50%，持续 [Layer] 回合。,獲得する力とシールドが50%減少する。[Layer]ターン持続。,,,,,,,,,,,,,,
State_2436_WeaponDesc,aVXH,z状态表_State_A.csv,241,State,WeaponDesc,,回合结束前，免疫对自身施加正面状态。,ターン終了前に、自身に付与されるバフ効果を無効化する。,,,,,,,,,,,,,,
State_3293_Desc,aWWL,z状态表_State_A.csv,244,State,Desc,,本次关卡内造成的伤害降低 [Layer] 点。,このステージで与えるダメージが[Layer]減少する。,,,,,,,,,,,,,,
State_3293_WeaponDesc,aWWN,z状态表_State_A.csv,244,State,WeaponDesc,,本次关卡内造成的伤害和触腕伤害降低 [Layer] 点。,このステージで与えるダメージと触腕ダメージが[Layer]減少する。,,,,,,,,,,,,,,
State_2619_Desc,aWmz,z状态表_State_A.csv,246,State,Desc,,本场战斗内造成的主动伤害降低 [Layer] 点。,この戦闘で与えるアクティブダメージが[Layer]減少する。,,,,,,,,,,,,,,
State_2619_WeaponDesc,aWmB,z状态表_State_A.csv,246,State,WeaponDesc,,本场战斗内造成的伤害降低 [Layer] 点。,この戦闘で与えるダメージが[Layer]減少する。,,,,,,,,,,,,,,
State_3902_Desc,aXNm,z状态表_State_A.csv,247,State,Desc,,本回合内造成的主动伤害降低 [Layer] 点。,このターンに与えるアクティブダメージが[Layer]減少。,,,,,,,,,,,,,,
State_3902_WeaponDesc,aXNo,z状态表_State_A.csv,247,State,WeaponDesc,,本回合内造成的伤害降低 [Layer] 点。,このターンに与えるダメージが[Layer]減少。,,,,,,,,,,,,,,
State_2715_Name,aWrB,z状态表_State_A.csv,248,State,Name,,永久戒备,永続の警戒,,,,,,,,,,,,,,
State_2715_Desc,aWrA,z状态表_State_A.csv,248,State,Desc,,本次关卡内造成的护盾提高 [Layer] 点。,このステージで獲得するシールドが[Layer]点増加。,,,,,,,,,,,,,,
State_2715_WeaponDesc,aWrC,z状态表_State_A.csv,248,State,WeaponDesc,,本次关卡内造成的护盾提高 [Layer] 点。,このステージで獲得するシールドが[Layer]点増加。,,,,,,,,,,,,,,
State_3510_Desc,aXiR,z状态表_State_A.csv,249,State,Desc,,唤醒体造成的护盾提高 [Layer] 点。,覚醒体が獲得するシールドが[Layer]点増加。,,,,,,,,,,,,,,
State_2403_Desc,aVTS,z状态表_State_A.csv,250,State,Desc,,本场战斗内造成的护盾提高 [Layer] 点。,この戦闘で獲得するシールドが[Layer]点増加。,,,,,,,,,,,,,,
State_2403_WeaponDesc,aVTU,z状态表_State_A.csv,250,State,WeaponDesc,,本场战斗内造成的护盾提高 [Layer] 点。,この戦闘で獲得するシールドが[Layer]点増加。,,,,,,,,,,,,,,
State_3868_Desc,aXLf,z状态表_State_A.csv,251,State,Desc,,本回合内造成的护盾提高 [Layer] 点。,このターンに獲得するシールドが[Layer]点増加。,,,,,,,,,,,,,,
State_3868_WeaponDesc,aXLh,z状态表_State_A.csv,251,State,WeaponDesc,,本回合内造成的护盾提高 [Layer] 点。,このターンに獲得するシールドが[Layer]点増加。,,,,,,,,,,,,,,
State_2514_Desc,aWeW,z状态表_State_A.csv,252,State,Desc,,本场战斗内造成的护盾降低 [Layer] 点。,この戦闘で獲得するシールドが[Layer]点減少。,,,,,,,,,,,,,,
State_2514_WeaponDesc,aWeY,z状态表_State_A.csv,252,State,WeaponDesc,,本场战斗内造成的护盾降低 [Layer] 点。,この戦闘で獲得するシールドが[Layer]点減少。,,,,,,,,,,,,,,
State_3370_Name,aXaU,z状态表_State_A.csv,253,State,Name,,永久戒备降低,永続の警戒減少,,,,,,,,,,,,,,
State_3370_Desc,aXaT,z状态表_State_A.csv,253,State,Desc,,本次关卡内造成的护盾降低 [Layer] 点。,このステージで獲得するシールドが[Layer]点減少。,,,,,,,,,,,,,,
State_3370_WeaponDesc,aXaV,z状态表_State_A.csv,253,State,WeaponDesc,,本次关卡内造成的护盾降低 [Layer] 点。,このステージで獲得するシールドが[Layer]点減少。,,,,,,,,,,,,,,
State_3638_WeaponDesc,aXxp,z状态表_State_A.csv,254,State,WeaponDesc,,受到的伤害降低 99%，每受到 1 次伤害减少 1 层。,受けるダメージが99%減少し、ダメージを受けると1回減少する。,,,,,,,,,,,,,,
State_68829_WeaponDesc,aZyW,z状态表_State_A.csv,255,State,WeaponDesc,,受到的伤害降低 99%，每受到 1 次伤害减少 1 层。,受けるダメージが99%減少し、ダメージを受けると1回減少する。,,,,,,,,,,,,,,
State_3669_Desc,aXzo,z状态表_State_A.csv,259,State,Desc,,免疫虚弱、脆弱和易伤状态，持续[Layer] 回合。,虚弱、脆弱、易傷状態を無効化。この効果は[Layer]ターン持続する。,,,,,,,,,,,,,,
State_3669_WeaponDesc,aXzq,z状态表_State_A.csv,259,State,WeaponDesc,,[Layer] 回合内免疫被施加的负面状态。,[Layer]ターンの間、付与されるデバフを無効化する。,,,,,,,,,,,,,,
State_3330_WeaponDesc,aWYL,z状态表_State_A.csv,260,State,WeaponDesc,,卡牌算力消耗增加 [Layer]点。,カードの計算力消費が[Layer]増加。,,,,,,,,,,,,,,
State_3535_WeaponDesc,aXmx,z状态表_State_A.csv,261,State,WeaponDesc,,卡牌算力消耗增加 [Layer]点。,カードの計算力消費が[Layer]増加。,,,,,,,,,,,,,,
State_49149_WeaponDesc,aYmw,z状态表_State_A.csv,262,State,WeaponDesc,,打出后将其永久移除。,使用すると、永久にデッキに現れない。,,,,,,,,,,,,,,
State_3873_Desc,aXLJ,z状态表_State_A.csv,264,State,Desc,,本场战斗内界域精通提高 [Layer] 点。,この戦闘で界域知識が[Layer]点増加。,,,,,,,,,,,,,,
State_54013_Desc,aYyS,z状态表_State_A.csv,265,State,Desc,,本回合内界域精通提高 [Layer] 点。,このターンに界域知識が[Layer]点増加。,,,,,,,,,,,,,,
State_3078_Name,aWLw,z状态表_State_A.csv,269,State,Name,,临时必爆,一時的な必中,,,,,,,,,,,,,,
State_3078_Desc,aWLv,z状态表_State_A.csv,269,State,Desc,,本回合内造成伤害必定暴击。,このターンに与えるダメージは必ずクリティカルになる。,,,,,,,,,,,,,,
State_3078_WeaponDesc,aWLx,z状态表_State_A.csv,269,State,WeaponDesc,,本回合内暴击率提升100%,このターンのクリティカル率が100%増加する,,,,,,,,,,,,,,
State_124765_Name,bMIy,z状态表_State_A.csv,271,State,Name,,暴击率,クリティカル率,,,,,,,,,,,,,,
State_124765_Desc,bMIx,z状态表_State_A.csv,271,State,Desc,,暴击率提高 [Layer] % 。,クリティカル率が[Layer]%増加する 。,,,,,,,,,,,,,,
State_3883_Name,aXMo,z状态表_State_A.csv,273,State,Name,,永久暴击率,永続のクリティカル率,,,,,,,,,,,,,,
State_3883_Desc,aXMn,z状态表_State_A.csv,273,State,Desc,,本次关卡内暴击率提高 [Layer] % 。,このステージでクリティカル率が[Layer] %増加。,,,,,,,,,,,,,,
State_3883_WeaponDesc,aXMp,z状态表_State_A.csv,273,State,WeaponDesc,,本次关卡内暴击率提高 [Layer] % 。,このステージでクリティカル率が[Layer]%増加 。,,,,,,,,,,,,,,
State_124766_Name,bMIA,z状态表_State_A.csv,275,State,Name,,暴击率,クリティカル率,,,,,,,,,,,,,,
State_124766_Desc,bMIz,z状态表_State_A.csv,275,State,Desc,,本场战斗内暴击率提高 [Layer] %。,この戦闘でクリティカル率が[Layer]%増加。,,,,,,,,,,,,,,
State_124766_WeaponDesc,bMIB,z状态表_State_A.csv,275,State,WeaponDesc,,本场战斗内暴击率提高 [Layer] %。,この戦闘でクリティカル率が[Layer]%増加。,,,,,,,,,,,,,,
State_3793_Name,aXHb,z状态表_State_A.csv,281,State,Name,,永久暴击伤害,永続のクリティカルダメージ,,,,,,,,,,,,,,
State_3793_Desc,aXHa,z状态表_State_A.csv,281,State,Desc,,本次关卡内暴击伤害提高 [Layer] %。,このステージでクリティカルダメージが[Layer] %増加。,,,,,,,,,,,,,,
State_3793_WeaponDesc,aXHc,z状态表_State_A.csv,281,State,WeaponDesc,,本次关卡内暴击伤害提高 [Layer] %。,このステージでクリティカルダメージが[Layer] %増加。,,,,,,,,,,,,,,
State_124767_Name,bMID,z状态表_State_A.csv,283,State,Name,,暴击伤害,クリティカルダメージ,,,,,,,,,,,,,,
State_124767_Desc,bMIC,z状态表_State_A.csv,283,State,Desc,,暴击伤害提高 [Layer] %。,クリティカルダメージが[Layer]%増加。,,,,,,,,,,,,,,
State_3662_Name,aXyC,z状态表_State_A.csv,284,State,Name,,暴击伤害,,,,,,,,,,,,,,,
State_3662_Desc,aXyB,z状态表_State_A.csv,284,State,Desc,,本场战斗内暴击伤害提高 [Layer] %。,この戦闘内でクリティカルダメージが[Layer] %増加。,,,,,,,,,,,,,,
State_3662_WeaponDesc,aXyD,z状态表_State_A.csv,284,State,WeaponDesc,,本场战斗内暴击伤害提高 [Layer] %。,この戦闘内でクリティカルダメージが[Layer] %増加。,,,,,,,,,,,,,,
State_3835_Desc,aXJk,z状态表_State_A.csv,285,State,Desc,,本回合内暴击伤害提高 [Layer] %。,このターンのクリティカルダメージが[Layer]%増加。,,,,,,,,,,,,,,
State_3835_WeaponDesc,aXJm,z状态表_State_A.csv,285,State,WeaponDesc,,本回合内暴击伤害提高 [Layer] %。,このターンのクリティカルダメージが[Layer]%増加。,,,,,,,,,,,,,,
State_2597_WeaponDesc,aWln,z状态表_State_A.csv,290,State,WeaponDesc,,回合开始后，获得 [Layer] 点护盾。,ターン開始時、[Layer]点のシールドを獲得。,,,,,,,,,,,,,,
State_2564_Desc,aWjt,z状态表_State_A.csv,291,State,Desc,,获得的所有护盾降低 [DescArg1] %。,獲得するすべてのシールドが[DescArg1]%減少。,,,,,,,,,,,,,,
State_2564_WeaponDesc,aWjv,z状态表_State_A.csv,291,State,WeaponDesc,,获得的所有护盾降低 33 %。,獲得したすべてのシールドが33%減少。,,,,,,,,,,,,,,
State_70182_WeaponDesc,aZAw,z状态表_State_A.csv,292,State,WeaponDesc,,获得的所有护盾降低 33 %。,獲得したすべてのシールドが33%減少。,,,,,,,,,,,,,,
State_3934_Desc,aXPz,z状态表_State_A.csv,295,State,Desc,,获得的所有护盾降低 50 %。,獲得するすべてのシールドが50%減少。,,,,,,,,,,,,,,
State_3934_WeaponDesc,aXPB,z状态表_State_A.csv,295,State,WeaponDesc,,获得的所有护盾降低 50 %。,獲得するすべてのシールドが50％減少。,,,,,,,,,,,,,,
State_2934_Name,aWDp,z状态表_State_A.csv,297,State,Name,,<VulnerabilityColour: 易伤>,<VulnerabilityColour:易傷>,,,,,,,,,,,,,,
State_3149_Name,aWPg,z状态表_State_A.csv,298,State,Name,,延迟易伤,遅延易傷,,,,,,,,,,,,,,
State_3469_Desc,aXgN,z状态表_State_A.csv,300,State,Desc,,造成的所有伤害降低 [DescArg1] %。,与えるすべてのダメージが[DescArg1]%減少。,,,,,,,,,,,,,,
State_3469_WeaponDesc,aXgP,z状态表_State_A.csv,300,State,WeaponDesc,,造成的所有伤害降低 [DescArg1] %。,与えるすべてのダメージが[DescArg1]%減少。,,,,,,,,,,,,,,
State_62213_Desc,aZdI,z状态表_State_A.csv,302,State,Desc,,造成的虚弱效果变为降低 [Layer]% 造成伤害。,付与する虚弱効果が、与えるダメージが[Layer]%減少する効果に変わる。,,,,,,,,,,,,,,
State_2502_Desc,aWdC,z状态表_State_A.csv,304,State,Desc,,造成的所有伤害降低 50 %。,与えるすべてのダメージが50%減少。,,,,,,,,,,,,,,
State_2502_WeaponDesc,aWdE,z状态表_State_A.csv,304,State,WeaponDesc,,造成的所有伤害降低 50 %。,与えるすべてのダメージが50%減少。,,,,,,,,,,,,,,
State_60083_Desc,aYRe,z状态表_State_A.csv,305,State,Desc,,本回合受到的伤害降低 [Layer] %。,このターンに受けるダメージが[Layer]%減少。,,,,,,,,,,,,,,
State_60083_WeaponDesc,aYRg,z状态表_State_A.csv,305,State,WeaponDesc,,造成的所有伤害降低 [DescArg1] %。,与えるすべてのダメージが[DescArg1]%減少。,,,,,,,,,,,,,,
State_97744_Name,bBcl,z状态表_State_A.csv,306,State,Name,,<ReinforceColour:加固>,<ReinforceColour:堅固>,,,,,,,,,,,,,,
State_97744_Desc,bBck,z状态表_State_A.csv,306,State,Desc,,受到的伤害降低 [Layer] %。,受けるダメージが[Layer]%減少。,,,,,,,,,,,,,,
State_97744_WeaponDesc,bBcm,z状态表_State_A.csv,306,State,WeaponDesc,,造成的所有伤害降低 [DescArg1] %。,与えるすべてのダメージが[DescArg1]%減少。,,,,,,,,,,,,,,
State_60089_WeaponDesc,aYRv,z状态表_State_A.csv,307,State,WeaponDesc,,造成的所有伤害降低 [DescArg1] %。,与えるすべてのダメージが[DescArg1]%減少。,,,,,,,,,,,,,,
State_49623_Desc,aYpM,z状态表_State_A.csv,308,State,Desc,,受到的生命回复降低 [DescArg1]%。回合结束时移除 1 层。,受けるライフ回復が[DescArg1]%減少。ターン終了時に1点を除去。,,,,,,,,,,,,,,
State_49623_WeaponDesc,aYpO,z状态表_State_A.csv,308,State,WeaponDesc,,造成的所有伤害降低 [DescArg1] %。,与えるすべてのダメージが[DescArg1]%減少。,,,,,,,,,,,,,,
State_60087_Desc,aYRn,z状态表_State_A.csv,310,State,Desc,,造成的重创效果变为降低 [Layer]% 生命回复。,付与する重傷効果が、受けるライフ回復を[Layer]%減少させる効果に変わる。,,,,,,,,,,,,,,
State_60087_WeaponDesc,aYRp,z状态表_State_A.csv,310,State,WeaponDesc,,造成的所有伤害降低 [DescArg1] %。,与えるすべてのダメージが[DescArg1]%減少。,,,,,,,,,,,,,,
State_2429_Name,aVXl,z状态表_State_A.csv,311,State,Name,,临时伤害降低,一時的なダメージ減少,,,,,,,,,,,,,,
State_2429_Desc,aVXk,z状态表_State_A.csv,311,State,Desc,,造成的所有伤害降低 [Layer] %。,与えるすべてのダメージが[Layer]%減少。,,,,,,,,,,,,,,
State_2429_WeaponDesc,aVXm,z状态表_State_A.csv,311,State,WeaponDesc,,造成的所有伤害降低 [Layer] %。,与えるすべてのダメージが[Layer]%減少。,,,,,,,,,,,,,,
State_97742_Name,bBch,z状态表_State_A.csv,316,State,Name,,反击,反撃,,,,,,,,,,,,,,
State_97742_Desc,bBcg,z状态表_State_A.csv,316,State,Desc,,每次受到攻击时，对攻击者造成 [Layer] 点伤害。,攻撃を受けるたび、攻撃者に[Layer]ダメージを与える。,,,,,,,,,,,,,,
State_3905_Desc,aXNv,z状态表_State_A.csv,318,State,Desc,,每次受到攻击时，对攻击者造成 [Layer] 点伤害。,攻撃を受けるたび、攻撃者に[Layer]ダメージを与える。,,,,,,,,,,,,,,
State_3905_WeaponDesc,aXNx,z状态表_State_A.csv,318,State,WeaponDesc,,每次受到攻击时，对攻击者造成 [Layer] 点伤害。,攻撃を受けるたび、攻撃者に[Layer]ダメージを与える。,,,,,,,,,,,,,,
State_3023_Desc,aWHU,z状态表_State_A.csv,319,State,Desc,,本回合每次受到攻击时，对攻击者造成 [Layer] 点伤害。,このターンに攻撃を受けるたび、攻撃者に[Layer]ダメージを与える。,,,,,,,,,,,,,,
State_3023_WeaponDesc,aWHW,z状态表_State_A.csv,319,State,WeaponDesc,,本回合每次受到攻击时，对攻击者造成 [Layer] 点伤害。,このターンに攻撃を受けるたび、攻撃者に[Layer]ダメージを与える。,,,,,,,,,,,,,,
State_3068_Desc,aWKR,z状态表_State_A.csv,320,State,Desc,,回合结束后，对拥有者造成 [Layer] 点伤害。,ターン終了後、所有者に[Layer]ダメージを与える。,,,,,,,,,,,,,,
State_3068_WeaponDesc,aWKT,z状态表_State_A.csv,320,State,WeaponDesc,,回合结束后，对拥有者造成 [Layer] 点伤害,ターン終了後、所有者に[Layer]ダメージを与える。,,,,,,,,,,,,,,
State_3815_WeaponDesc,aXIk,z状态表_State_A.csv,321,State,WeaponDesc,,获取狂气降低 [Layer]%。,獲得する狂気が[Layer]%減少。,,,,,,,,,,,,,,
State_3865_WeaponDesc,aXKY,z状态表_State_A.csv,327,State,WeaponDesc,,临时改变卡牌算力,一時的にカードの行動力を変更,,,,,,,,,,,,,,
State_2711_WeaponDesc,aWrt,z状态表_State_A.csv,328,State,WeaponDesc,,临时改变卡牌算力,一時的にカードの行動力を変更,,,,,,,,,,,,,,
State_2405_WeaponDesc,aVUa,z状态表_State_A.csv,329,State,WeaponDesc,,临时改变卡牌算力,一時的にカードの行動力を変更,,,,,,,,,,,,,,
State_3651_WeaponDesc,aXxZ,z状态表_State_A.csv,330,State,WeaponDesc,,打出前改变卡牌算力,使用前にカードの行動力を変更,,,,,,,,,,,,,,
State_2948_WeaponDesc,aWEd,z状态表_State_A.csv,331,State,WeaponDesc,,打出前改变卡牌算力,使用前にカードの行動力を変更,,,,,,,,,,,,,,
State_3845_WeaponDesc,aXJQ,z状态表_State_A.csv,332,State,WeaponDesc,,卡牌算力降低,カードの行動力消費減少,,,,,,,,,,,,,,
State_3243_WeaponDesc,aWUf,z状态表_State_A.csv,333,State,WeaponDesc,,卡牌算力增加,カードの行動力消費減少,,,,,,,,,,,,,,
State_2464_WeaponDesc,aVZR,z状态表_State_A.csv,334,State,WeaponDesc,,卡牌算力增加,カードの行動力消費増加,,,,,,,,,,,,,,
State_3923_WeaponDesc,aXOt,z状态表_State_A.csv,335,State,WeaponDesc,,卡牌算力降低,カードの行動力消費減少,,,,,,,,,,,,,,
State_3226_Name,aWTi,z状态表_State_A.csv,341,State,Name,,消耗,除外,,,,,,,,,,,,,,
State_3226_WeaponDesc,aWTj,z状态表_State_A.csv,341,State,WeaponDesc,,打出后卡牌不会进入弃牌堆，在本场战斗中无法再次使用。,使用するとカードは捨て札に行かず、この戦闘では再び使用できない。,,,,,,,,,,,,,,
State_2454_WeaponDesc,aVYP,z状态表_State_A.csv,342,State,WeaponDesc,,打出后卡牌不会进入弃牌堆，在本场战斗中无法再次使用。,使用するとカードは捨て札に行かず、この戦闘では再び使用できない。,,,,,,,,,,,,,,
State_99007_Name,bCnY,z状态表_State_A.csv,343,State,Name,,<DepleteIconKeywords:消耗>,<DepleteIconKeywords:除外>,,,,,,,,,,,,,,
State_99007_Desc,bCnX,z状态表_State_A.csv,343,State,Desc,,打出后不会进入弃牌堆，而是从牌库中移除。,使用すると捨て札に行かず、デッキから除去する。,,,,,,,,,,,,,,
State_99007_WeaponDesc,bCnZ,z状态表_State_A.csv,343,State,WeaponDesc,,打出后卡牌不会进入弃牌堆，在本场战斗中无法再次使用。,使用するとカードは捨て札に行かず、この戦闘では再び使用できない。,,,,,,,,,,,,,,
State_3742_Name,aXEn,z状态表_State_A.csv,378,State,Name,,<Rune_1:易伤>,<Rune_1:易傷>,,,,,,,,,,,,,,
State_3742_Desc,aXEm,z状态表_State_A.csv,378,State,Desc,,打出后易伤所有敌人 [StateArg1] 回合。,使用後、すべての敵に[StateArg1]点の易傷を付与する。,,,,,,,,,,,,,,
State_119928_Name,bKlo,z状态表_State_A.csv,394,State,Name,,<Rune_20:渊海回声>,<Rune_20:深海の反響>,,,,,,,,,,,,,,
State_119928_Desc,bKln,z状态表_State_A.csv,394,State,Desc,,打出后额外生效 [StateArg1] 次，<DepleteIconKeywords:消耗>。<RippleKeywords:余波>：抽 2 张牌。,使用後、追加で効果が[StateArg1]回発動する。<DepleteIconKeywords:除外>。<RippleKeywords:余波>：カードを2枚引く。,,,,,,,,,,,,,,
State_2723_Name,aWrZ,z状态表_State_A.csv,398,State,Name,,<Rune_1_High:高级易伤>,<Rune_1_High:上位易傷>,,,,,,,,,,,,,,
State_2723_Desc,aWrY,z状态表_State_A.csv,398,State,Desc,,打出后易伤所有敌人 [StateArg1] 回合。,使用後、すべての敵に[StateArg1]点の易傷を付与する。,,,,,,,,,,,,,,
State_49109_Name,aYmm,z状态表_State_A.csv,414,State,Name,,<Rune_20_High:孕育>,<Rune_20_High:出生>,,,,,,,,,,,,,,
State_129865_Name,bPnk,z状态表_State_A.csv,465,State,Name,,尚未觉醒,未覚醒,,,,,,,,,,,,,,
State_129865_Desc,bPnj,z状态表_State_A.csv,465,State,Desc,,这位唤醒体还未觉醒…即将被击倒时会觉醒，回复生命并以真正的形态开始战斗。,この覚醒体はまだ未覚醒だ…撃破される直前に覚醒し、ライフを回復し、真の姿で戦闘を始める。,,,,,,,,,,,,,,
State_133994_Name,bSqP,z状态表_State_A.csv,544,State,Name,,奇点棱镜,特異点プリズム,,,,,,,,,,,,,,
State_133994_Desc,bSqO,z状态表_State_A.csv,544,State,Desc,,所有唤醒体指令卡造成的伤害、力量、触腕伤害、固定中毒、固定反击的最终效果提高 [DescArg1]%，造成的护盾、生命回复、力量降低效果提高 [DescArg2]％。,すべての覚醒体の指令カードが与えるダメージ、力、触腕ダメージ、毒、反撃の最終効果が[DescArg1]%増加し、シールド、ライフ回復、力減少効果が[DescArg2]%増加する。,,,,,,,,,,,,,,
State_126895_Name,bNYy,z状态表_State_A.csv,554,State,Name,,<SingularityKeywords:奇点信标 [DescArg2]>,<SingularityKeywords:特異点ビーコン[DescArg2]>,,,,,,,,,,,,,,
State_126895_Desc,bNYx,z状态表_State_A.csv,554,State,Desc,,此卡牌造成的伤害、力量、触腕伤害、固定中毒、固定反击的最终效果提高 [DescArg1]%，造成的护盾、生命回复、力量降低效果提高 [DescArg2]％。拥有「奇点信标」的卡牌无法再复制进「超维空间」。,このカードが与えるダメージ、力、触腕ダメージ、毒、反撃の最終効果が[DescArg1]%増加し、獲得するシールド、ライフ回復、力減少の効果が[DescArg2]%増加する。「特異点ビーコン」を持つカードは「超次元空間」へコピーすることができない。,,,,,,,,,,,,,,
State_134389_Name,bSPQ,z状态表_State_A.csv,555,State,Name,,<SingularityKeywords:奇点信标 [DescArg2]>,<SingularityKeywords:特異点ビーコン[DescArg2]>,,,,,,,,,,,,,,
State_134389_Desc,bSPP,z状态表_State_A.csv,555,State,Desc,,此卡牌造成的伤害、力量、触腕伤害、固定中毒、固定反击的最终效果提高 [DescArg1]%，造成的护盾、生命回复、力量降低效果提高 [DescArg2]％。拥有「奇点信标」的卡牌无法再复制进「超维空间」。,このカードが与えるダメージ、力、触腕ダメージ、毒、反撃の最終効果が[DescArg1]%増加し、獲得するシールド、ライフ回復、力減少の効果が[DescArg2]%増加する。「特異点ビーコン」を持つカードは「超次元空間」へコピーすることができない。,,,,,,,,,,,,,,
State_54045_Name,aYzf,z状态表_State_A.csv,582,State,Name,,轮回之庭,輪廻の庭,,,,,,,,,,,,,,
State_24562_Name,brcR,z状态表_State_A.csv,590,State,Name,,彭罗斯行者,ペンローズの流人,,,,,,,,,,,,,,
State_24562_Desc,brcQ,z状态表_State_A.csv,590,State,Desc,,回合结束后，获得 1 层负熵。,ターン終了後、1点のネゲントロピーを獲得。,,,,,,,,,,,,,,
State_24560_Name,brcO,z状态表_State_A.csv,591,State,Name,,克莱因旅人,クラインの旅人,,,,,,,,,,,,,,
State_24560_Desc,brcN,z状态表_State_A.csv,591,State,Desc,,每当使用钥令后，环行·拉蒙娜临时暴击率和临时暴击伤害 +25%。,キーオーダーを発動するたび、環行・ラモンナの一時的なクリティカル率と一時的なクリティカルダメージ+25%。,,,,,,,,,,,,,,
State_54071_Name,aYzr,z状态表_State_A.csv,602,State,Name,,七艺，八美德,七つの技、継承した美徳,,,,,,,,,,,,,,
State_2690_Desc,aWqp,z状态表_State_A.csv,609,State,Desc,,美德骑士打出卡牌时，获得 [StateArg1] 点力量。,「美德の騎士」がカードを使用した後、[StateArg1]点の力を獲得。,,,,,,,,,,,,,,
State_36196_Name,aXvk,z状态表_State_A.csv,610,State,Name,,不羁的剑风,自由の剣風,,,,,,,,,,,,,,
State_36196_Desc,aXvj,z状态表_State_A.csv,610,State,Desc,,萝坦的「打击」伤害提高 30%。,ロータンの「攻撃」のダメージが30%増加。,,,,,,,,,,,,,,
State_49063_Name,aYlX,z状态表_State_A.csv,611,State,Name,,昂扬的战意,高揚した戦意,,,,,,,,,,,,,,
State_49063_Desc,aYlW,z状态表_State_A.csv,611,State,Desc,,萝坦的「打击」伤害提高 30%。,ロータンの「攻撃」のダメージが30%増加。,,,,,,,,,,,,,,
State_54046_Desc,aYzh,z状态表_State_A.csv,621,State,Desc,,回合开始时，回复 [StateArg1] 点生命，持续 [Layer] 回合。,ターン開始時、ライフを[StateArg1]回復する。[Layer]ターン持続。,,,,,,,,,,,,,,
State_2902_Desc,aWBz,z状态表_State_A.csv,622,State,Desc,,缸中之脑回复生命翻倍。,「缶の中の脳」のライフ回復稜が2倍になる。,,,,,,,,,,,,,,
State_2902_WeaponDesc,aWBB,z状态表_State_A.csv,622,State,WeaponDesc,,缸中之脑回复生命翻倍。,「缶の中の脳」のライフ回復稜が2倍になる。,,,,,,,,,,,,,,
State_24640_Name,aVZK,z状态表_State_A.csv,707,State,Name,,明珠,明珠,,,,,,,,,,,,,,
State_24640_Desc,aVZJ,z状态表_State_A.csv,707,State,Desc,,战斗开始后，胚胎融合 +25%，每次触发死亡抵抗，胚胎融合 +25%。索蕾尔每次造成伤害，使本回合内自身造成伤害提高等同于攻击力 3% 点。,戦闘開始後、胚胎融合+25%。「死亡抵抗」が発動するたびに胚胎融合+25%。ソレールがダメージを与えるたび、このターンに自身が与えるダメージが攻撃力の3%増加する。,,,,,,,,,,,,,,
State_24968_Name,aWcZ,z状态表_State_A.csv,708,State,Name,,明珠,明珠,,,,,,,,,,,,,,
State_24968_Desc,aWcY,z状态表_State_A.csv,708,State,Desc,,战斗开始后，胚胎融合 +25%，每次触发死亡抵抗，胚胎融合 +25%。索蕾尔每次造成伤害，使本回合内自身造成伤害提高 [DescArg1] 点。,戦闘開始後、胚胎融合+25%。「死亡抵抗」が発動するたびに胚胎融合+25%。ソレールがダメージを与えるたび、このターンに自身が与えるダメージが[DescArg1]増加する。,,,,,,,,,,,,,,
State_49226_Name,aYnr,z状态表_State_A.csv,756,State,Name,,微弱烛光,小さな灯火,,,,,,,,,,,,,,
State_49226_Desc,aYnq,z状态表_State_A.csv,756,State,Desc,,回合结束时，每有 1 张手牌，触发所有敌人 3% 的中毒，并获得 3 点狂气。,ターン終了後、手札1枚につき、すべての敵に2%の毒を付与し、2狂気を獲得。,,,,,,,,,,,,,,
State_57413_Name,aYHK,z状态表_State_A.csv,758,State,Name,,每点护盾使此卡伤害提高 [DescArg1] 点,シールド1点につき、このカードのダメージが[DescArg1]増加する,,,,,,,,,,,,,,
State_54704_Desc,aYBu,z状态表_State_A.csv,857,State,Desc,,「24」的下一张指令卡生效 3 次。,「24」 の次の指令カードは、効果が3回発動する。,,,,,,,,,,,,,,
State_47212_Name,aYec,z状态表_State_A.csv,858,State,Name,,使「24」在抑郁与躁狂人格之间切换，并根据当前界域与人格，触发额外的效果,抑鬱と躁狂の人格を切り替え、現在の界域と人格に応じて追加効果を発動する。,,,,,,,,,,,,,,
State_47204_Name,aYdK,z状态表_State_A.csv,859,State,Name,,切换为躁狂人格。混沌·抑郁：获得 <Posse:[StateArg1]> 点银钥能量，下次钥令生效 2 次,躁狂人格に切り替える。混沌・抑鬱：<Posse:[StateArg1]>キーエネルギーを獲得し、次のキーオーダーの効果は2回発動する。,,,,,,,,,,,,,,
State_47217_Name,aYeo,z状态表_State_A.csv,860,State,Name,,切换为抑郁人格。混沌·躁狂：造成 3 次伤害，使「24」造成的所有伤害提高 [StateArg2] 点,抑鬱人格に切り替える。混沌・躁狂：ダメージを3回与える。「24」が与えるすべてのダメージが[StateArg2]増加する。,,,,,,,,,,,,,,
State_47206_Name,aYdQ,z状态表_State_A.csv,861,State,Name,,"切换为躁狂人格。深海·抑郁：<WeaknessIconKeywords:虚弱>和<VulnerabilityIconKeywords:易伤>目标 2 回合，生成 1 条触腕, <TentacleInjurieIconKeywords:触腕伤害>+ [TentaclePower:StateArg3]",躁狂人格に切り替える。深海・抑鬱：対象に2点の<WeaknessIconKeywords:虚弱>と<VulnerabilityIconKeywords:易傷>を付与する。触腕を1本獲得し、<TentacleInjurieIconKeywords:触腕ダメージ>+[StateArg3]。,,,,,,,,,,,,,,
State_47216_Name,aYel,z状态表_State_A.csv,862,State,Name,,切换为抑郁人格。深海·躁狂：该伤害享受 [StateArg4]% <TentacleInjurieIconKeywords:触腕伤害>加成，并对所有敌人造成 30% 伤害的<IntoxicationIconKeywords:中毒>,抑鬱人格に切り替える。深海・躁狂：このダメージは[StateArg4]%の<TentacleInjurieIconKeywords:触腕ダメージ>ボーナスを獲得し、すべての敵に30%の<IntoxicationIconKeywords:毒>を付与する。,,,,,,,,,,,,,,
State_47189_Name,aYdv,z状态表_State_A.csv,863,State,Name,,切换为躁狂人格。血肉·抑郁：<EmbryoFusionIconKeywords:胚胎融合> +[StateArg5]%，积攒 [StateArg6] 点猩红熔炉回复量,躁狂人格に切り替える。血肉・抑鬱：<EmbryoFusionIconKeywords:胚胎融合>+[StateArg5]%。[StateArg6]点の猩紅炉を蓄積する。,,,,,,,,,,,,,,
State_47199_Name,aYdE,z状态表_State_A.csv,864,State,Name,,切换为抑郁人格。血肉·躁狂：伤害享受 5 倍<PowerIconKeywords:力量>加成并对目标施加 200% 伤害的<BleedingIconKeywords:出血>，获得 [StateArg7] 点<PowerIconKeywords:力量>,抑鬱人格に切り替える。血肉・躁狂：このダメージは5倍の<PowerIconKeywords:力>ボーナスを獲得し、対象に200%の<BleedingIconKeywords:出血>を付与する。[StateArg7]点の<PowerIconKeywords:力>を獲得。,,,,,,,,,,,,,,
State_47218_Name,aYer,z状态表_State_A.csv,865,State,Name,,切换为躁狂人格。超维·抑郁：将 2 张「灵感」加入手中，使目标临时降低 [Power:StateArg8] 点<PowerIconKeywords:力量>,躁狂人格に切り替える。超次元・抑鬱：「啓示」を2枚手札に追加。対象から<PowerIconKeywords:力>を一時的に[Power:StateArg8]減少させる。,,,,,,,,,,,,,,
State_47209_Name,aYdT,z状态表_State_A.csv,866,State,Name,,切换为抑郁人格。超维·躁狂：获得 15% 造成伤害的<RetaliateIconKeywords:反击>，然后对其他敌人造成等量<RealDamage:固定伤害>。本回合每打出 1 张「灵感」，使该伤害在本回合内提高 [StateArg9] 点，最多提高 [StateArg10] 点,抑鬱人格に切り替える。超次元・躁狂：ダメージの15%の<RetaliateIconKeywords:反撃>を獲得し、他の敵に同量の<RealDamage:固定ダメージ>を与える。このターンに「啓示」を1枚使用するたび、このダメージが[StateArg9]増加し、最大[StateArg10]まで増加する。,,,,,,,,,,,,,,
State_48140_Desc,aYkb,z状态表_State_A.csv,867,State,Desc,,"探索开始时，「24」进入抑郁人格状态。
<School_1:混沌·抑郁>：获得 <Posse:[StateArg1]> 点银钥能量，下次钥令生效 2 次。
<School_1:混沌·躁狂>：造成 3 次伤害，使「24」造成的所有伤害提高 [StateArg2] 点。
<School_2:深海·抑郁>：<WeaknessIconKeywords:虚弱>和<VulnerabilityIconKeywords:易伤>目标 2 回合，生成 1 条触腕，<TentacleInjurieIconKeywords:触腕伤害>+ [StateArg3]。
<School_2:深海·躁狂>：该伤害享受 [StateArg4]% <TentacleInjurieIconKeywords:触腕伤害>加成，并对所有敌人造成 30% 造成伤害的<IntoxicationIconKeywords:中毒>。
<School_3:血肉·抑郁>：<EmbryoFusionIconKeywords:胚胎融合> +[StateArg5]%，积攒 [StateArg6] 点猩红熔炉回复量。
<School_3:血肉·躁狂>：伤害享受 5 倍<PowerIconKeywords:力量>加成并对目标施加 200% 造成伤害的<BleedingIconKeywords:出血>，获得 [StateArg7] 点<PowerIconKeywords:力量>。
<School_4:超维·抑郁>：将 2 张「灵感」加入手中，使目标<PowerIconKeywords:力量>临时降低 [StateArg8] 点。
<School_4:超维·躁狂>：获得 15% 造成伤害的<RetaliateIconKeywords:反击>，然后对其他敌人造成等量<RealDamage:固定伤害>。本回合每打出 1 张「灵感」，使该伤害在本回合内提高 [StateArg9] 点，最多提高 [StateArg10] 点。",探検開始時、「24」は抑鬱人格状態になる。\n<School_1:混沌・抑鬱>：<Posse:[StateArg1]>キーエネルギーを獲得し、次のキーオーダーは2回発動する。\n<School_1:混沌・躁狂>：ダメージを3回与え、「24」の与えるすべてのダメージが[StateArg2]増加する。\n<School_2:深海・抑鬱>：対象に2点の<WeaknessIconKeywords:虚弱>と<VulnerabilityIconKeywords:易傷>を付与する。触腕を1本獲得し、<TentacleInjurieIconKeywords:触腕ダメージ>+[StateArg3]。\n<School_2:深海・躁狂>：[StateArg4]%の<TentacleInjurieIconKeywords:触腕ダメージ>ボーナスを獲得し、すべての敵にダメージの30%の<IntoxicationIconKeywords:毒>を付与する。\n<School_3:血肉・抑鬱>：<EmbryoFusionIconKeywords:胚胎融合>+[StateArg5]%、[StateArg6]点の猩紅炉を蓄積する。\n<School_3:血肉・躁狂>：5倍の<PowerIconKeywords:力>ボーナスを獲得し、対象にダメージの200%の<BleedingIconKeywords:出血>を付与する。[StateArg7]点の<PowerIconKeywords:力>を獲得。\n<School_4:超次元・抑鬱>：「啓示」を2枚手札に追加。対象から[StateArg8]点の<PowerIconKeywords:力>を一時的に減少させる。\n<School_4:超次元・躁狂>：ダメージの15%の<RetaliateIconKeywords:反撃>を獲得し、他の敵に同量の<RealDamage:固定ダメージ>を与える。このターンに「啓示」を使用するたび、ダメージが[StateArg9]増加し、最大[StateArg10]点まで増加する。,,,,,,,,,,,,,,
State_47192_Name,aYdB,z状态表_State_A.csv,868,State,Name,,抑郁人格：也会使其他唤醒体获得 [DescArg1] 倍的狂气。躁狂人格：额外获得 [DescArg2] 倍狂气,抑鬱人格：他の覚醒体に[DescArg1]狂気を獲得させる。躁狂人格：追加で[DescArg2]倍の狂気を獲得。,,,,,,,,,,,,,,
State_47224_Name,aYeD,z状态表_State_A.csv,869,State,Name,,抑郁人格：也会使其他唤醒体获得 [DescArg1] 倍的狂气。<AwakerCard_24Lost:躁狂人格：额外获得 [DescArg2] 倍狂气>,抑鬱人格：他の覚醒体に[DescArg1] 倍の狂気を獲得させる。<AwakerCard_24Lost:躁狂人格：追加で[DescArg2]倍の狂気を獲得。>,,,,,,,,,,,,,,
State_47228_Name,aYeM,z状态表_State_A.csv,870,State,Name,,<AwakerCard_24Lost:抑郁人格：也会使其他唤醒体获得 [DescArg1] 倍的狂气。>躁狂人格：额外获得 [DescArg2] 倍狂气,<AwakerCard_24Lost:抑鬱人格：他の覚醒体に[DescArg1]倍の狂気を獲得させる。>躁狂人格：追加で[DescArg2]倍の狂気を獲得。,,,,,,,,,,,,,,
State_47494_Name,aYfC,z状态表_State_A.csv,871,State,Name,,抑郁人格：也会使其他唤醒体获得 [DescArg1] 倍的狂气，<WeaknessIconKeywords:虚弱>所有敌人 [DescArg3] 回合。躁狂人格：额外获得 [DescArg2] 倍狂气，<VulnerabilityIconKeywords:易伤>所有敌人 [DescArg3] 回合,抑鬱人格：他の覚醒体に[DescArg1]倍の狂気を獲得させる。すべての敵に[DescArg3]点の<WeaknessIconKeywords:虚弱>を付与する。躁狂人格：追加で[DescArg2] 倍の狂気を獲得。すべての敵に[DescArg3]点の<VulnerabilityIconKeywords:易傷>を付与する。,,,,,,,,,,,,,,
State_47495_Name,aYfF,z状态表_State_A.csv,872,State,Name,,抑郁人格：也会使其他唤醒体获得 [DescArg1] 倍的狂气，<WeaknessIconKeywords:虚弱>所有敌人 [DescArg3] 回合。<AwakerCard_24Lost:躁狂人格：额外获得 [DescArg2] 倍狂气，易伤所有敌人 [DescArg3] 回合>,抑鬱人格：他の覚醒体に[DescArg1]倍の狂気を獲得させる。すべての敵に[DescArg3]点の<WeaknessIconKeywords:虚弱>を付与する。<AwakerCard_24Lost:躁狂人格：追加で[DescArg2]倍の狂気を獲得。すべての敵に[DescArg3]点の易傷を付与する。>,,,,,,,,,,,,,,
State_47496_Name,aYfI,z状态表_State_A.csv,873,State,Name,,<AwakerCard_24Lost:抑郁人格：也会使其他唤醒体获得 [DescArg1] 倍的狂气，虚弱所有敌人 [DescArg3] 回合。>躁狂人格：额外获得 [DescArg2] 倍狂气，<VulnerabilityIconKeywords:易伤>所有敌人 [DescArg3] 回合,<AwakerCard_24Lost:抑鬱人格：他の覚醒体に[DescArg1]倍の狂気を獲得させる。すべての敵に[DescArg3]点の虚弱を付与する。>躁狂人格：追加で[DescArg2]倍の狂気を獲得。すべての敵に[DescArg3]点の<VulnerabilityIconKeywords:易傷>を付与する。,,,,,,,,,,,,,,
State_47211_Name,aYdZ,z状态表_State_A.csv,874,State,Name,,抑郁人格：使手牌中 [DescArg1] 张算力最高的卡牌算力消耗降低 1 点，并获得临时<RetainIconKeywords:保留>。躁狂人格：额外造成 [DescArg2] 次伤害,抑鬱人格：手札にある行動力が最も高いカード[DescArg1]枚の行動力消費を1減少させ、一時的な<RetainIconKeywords:保持>を獲得する。躁狂人格：追加でダメージを[DescArg2]回与える。,,,,,,,,,,,,,,
State_47222_Name,aYeA,z状态表_State_A.csv,875,State,Name,,抑郁人格：使手牌中 [DescArg1] 张算力最高的卡牌算力消耗降低 1 点，并获得临时<RetainIconKeywords:保留>。<AwakerCard_24Lost:躁狂人格：额外造成 [DescArg2] 次伤害>,抑鬱人格：手札にある行動力が最も高いカード[DescArg1]枚の行動力消費を1減少させ、一時的な<RetainIconKeywords:保持>を獲得する。<AwakerCard_24Lost:躁狂人格：追加でダメージを[DescArg2]回与える。>,,,,,,,,,,,,,,
State_47229_Name,aYeP,z状态表_State_A.csv,876,State,Name,,<AwakerCard_24Lost:抑郁人格：使手牌中 [DescArg1] 张算力最高的卡牌算力消耗降低 1 点，并获得临时<RetainIconKeywords:保留>。>躁狂人格：额外造成 [DescArg2] 次伤害,<AwakerCard_24Lost:抑鬱人格：手札にある行動力が最も高いカード[DescArg1]枚の行動力消費を1減少させ、一時的な<RetainIconKeywords:保持>を獲得する。>躁狂人格：追加でダメージを[DescArg2]回与える。,,,,,,,,,,,,,,
State_47485_Name,aYfk,z状态表_State_A.csv,877,State,Name,,抑郁人格：使手牌中 [DescArg1] 张算力最高的卡牌算力消耗降低 2 点，并获得临时<RetainIconKeywords:保留>。躁狂人格：额外造成 [DescArg2] 次伤害,抑鬱人格：手札にある行動力が最も高いカード[DescArg1]枚の行動力消費を2減少させ、一時的な<RetainIconKeywords:保持>を獲得する。躁狂人格：追加でダメージを[DescArg2]回与える。,,,,,,,,,,,,,,
State_47486_Name,aYfn,z状态表_State_A.csv,878,State,Name,,抑郁人格：使手牌中 [DescArg1] 张算力最高的卡牌算力消耗降低 2 点，并获得临时<RetainIconKeywords:保留>。<AwakerCard_24Lost:躁狂人格：额外造成 [DescArg2] 次伤害>,抑鬱人格：手札にある行動力が最も高いカード[DescArg1]枚の行動力消費を2減少させ、一時的な<RetainIconKeywords:保持>を獲得する。<AwakerCard_24Lost:躁狂人格：追加でダメージを[DescArg2]回与える。>,,,,,,,,,,,,,,
State_47489_Name,aYft,z状态表_State_A.csv,879,State,Name,,<AwakerCard_24Lost:抑郁人格：使手牌中 [DescArg1] 张算力最高的卡牌算力消耗降低 2 点，并获得临时<RetainIconKeywords:保留>。>躁狂人格：额外造成 [DescArg2] 次伤害,<AwakerCard_24Lost:抑鬱人格：手札にある行動力が最も高いカード[DescArg1]枚の行動力消費を2減少させ、一時的な<RetainIconKeywords:保持>を獲得する。>躁狂人格：追加でダメージを[DescArg2]回与える。,,,,,,,,,,,,,,
State_47493_Name,aYfz,z状态表_State_A.csv,889,State,Name,,抑郁人格：额外获得 <Energy: [DescArg1]> 点狂气。躁狂人格：额外造成 [DescArg2] 次伤害,抑鬱人格：追加で<Energy: [DescArg1]>狂気を獲得。躁狂人格：追加でダメージを[DescArg2]回与える。,,,,,,,,,,,,,,
State_47488_Name,aYfq,z状态表_State_A.csv,890,State,Name,,抑郁人格：额外获得 <Energy: [DescArg1]> 点狂气。躁狂人格：额外获得 [DescArg2] 次护盾,抑鬱人格：追加で<Energy: [DescArg1]>狂気を獲得。躁狂人格：追加でシールドを[DescArg2]回獲得。,,,,,,,,,,,,,,
State_47492_Name,aYfw,z状态表_State_A.csv,891,State,Name,,抑郁人格：额外获得 <Energy: [DescArg1]> 点狂气。<AwakerCard_24Lost:躁狂人格：额外造成 [DescArg2] 次伤害>,抑鬱人格：追加で<Energy: [DescArg1]>狂気を獲得。<AwakerCard_24Lost:躁狂人格：追加でダメージを[DescArg2]回与える。>,,,,,,,,,,,,,,
State_47498_Name,aYfL,z状态表_State_A.csv,892,State,Name,,<AwakerCard_24Lost:抑郁人格：额外获得 [DescArg1] 点狂气。>躁狂人格：额外造成 [DescArg2] 次伤害,<AwakerCard_24Lost:抑鬱人格：追加で[DescArg1]狂気を獲得。>躁狂人格：追加でダメージを[DescArg2]回与える。,,,,,,,,,,,,,,
State_47500_Name,aYfR,z状态表_State_A.csv,893,State,Name,,抑郁人格：额外获得 <Energy: [DescArg1] > 点狂气。<AwakerCard_24Lost:躁狂人格：额外获得 [DescArg2] 次护盾>,抑鬱人格：追加で<Energy: [DescArg1] >狂気を獲得。<AwakerCard_24Lost:躁狂人格：追加でシールドを[DescArg2]回獲得。>,,,,,,,,,,,,,,
State_47499_Name,aYfO,z状态表_State_A.csv,894,State,Name,,<AwakerCard_24Lost:抑郁人格：额外获得 [DescArg1] 点狂气。>躁狂人格：额外获得 [DescArg2] 次护盾,<AwakerCard_24Lost:抑鬱人格：追加で[DescArg1]狂気を獲得。>躁狂人格：追加でシールドを[DescArg2]回獲得。,,,,,,,,,,,,,,
State_47887_Name,aYib,z状态表_State_A.csv,898,State,Name,,根据当前队伍界域获得不同的效果,現在のチームの界域に応じた効果を獲得。,,,,,,,,,,,,,,
State_48141_Desc,aYke,z状态表_State_A.csv,899,State,Desc,,"<School_1:混沌>：「24」的暴击率和暴击伤害 +[StateArg4]%。每次使用钥令后，使「24」狂气爆发伤害提高 [StateArg1] 点。
<School_2:深海>：「24」造成的伤害享受 [StateArg2]% <TentacleInjurieIconKeywords:触腕伤害>加成，并造成 10% 伤害的<IntoxicationIconKeywords:中毒>。「24」的狂气爆发能触发敌人 50% 的<IntoxicationIconKeywords:中毒>。
<School_3:血肉>：「24」每消耗 1 点算力<EmbryoFusionIconKeywords:胚胎融合> +5%，获得 [StateArg3] 点<PowerIconKeywords:力量>。
<School_4:超维>：「24」造成的伤害享受 [StateArg5]% <RetaliateIconKeywords:反击>伤害加成，回合结束时往弃牌堆洗入 1 张「灵感」，手牌上限 +2。",<School_1:混沌>：「24」のクリティカル率とクリティカルダメージ+[StateArg4]%。キーオーダーを発動するたび、「24」の狂気解放のダメージが[StateArg1]増加する。\n<School_2:深海>：「24」が与えるダメージは[StateArg2]%の<TentacleInjurieIconKeywords:触腕ダメージ>ボーナスを獲得し、ダメージの10%の<IntoxicationIconKeywords:毒>を付与する。「24」の狂気解放は50%の<IntoxicationIconKeywords:毒>を発動する。\n<School_3:血肉>：「24」が行動力を1点消費するたび、<EmbryoFusionIconKeywords:胚胎融合>+5%。[StateArg3]点の<PowerIconKeywords:力>を獲得。\n<School_4:超次元>：「24」が与えるダメージは[StateArg5]%の<RetaliateIconKeywords:反撃>ダメージボーナスを獲得する。ターン終了時、捨て札に「啓示」を1枚追加する。手札の上限+2。,,,,,,,,,,,,,,
State_47892_Name,aYiq,z状态表_State_A.csv,900,State,Name,,混沌：「24」的暴击率和暴击伤害 +[StateArg4]%。每次使用钥令后，使「24」狂气爆发伤害提高 [StateArg1] 点,混沌：「24」のクリティカル率とクリティカルダメージ+[StateArg4]%。キーオーダーを発動するたび、「24」の狂気解放のダメージが[StateArg1]増加する。,,,,,,,,,,,,,,
State_47889_Name,aYih,z状态表_State_A.csv,901,State,Name,,深海：「24」造成的伤害享受 [StateArg2]% <TentacleInjurieIconKeywords:触腕伤害>加成，并造成 10% 伤害的<IntoxicationIconKeywords:中毒>。「24」的狂气爆发能触发敌人 [StateArg6]％ 的<IntoxicationIconKeywords:中毒>,深海：「24」が与えるダメージは[StateArg2]%の<TentacleInjurieIconKeywords:触腕ダメージ>ボーナスを獲得する。10%の<IntoxicationIconKeywords:毒>を付与する。「24」の狂気解放は50%の<IntoxicationIconKeywords:毒>を付与する。,,,,,,,,,,,,,,
State_47888_Name,aYie,z状态表_State_A.csv,902,State,Name,,血肉：「24」每消耗 1 点算力<EmbryoFusionIconKeywords:胚胎融合> +5%，获得 [StateArg3] 点<PowerIconKeywords:力量>,血肉：「24」が行動力を1点消費するたび、<EmbryoFusionIconKeywords:胚胎融合>+5%。 [StateArg3]点の<PowerIconKeywords:力>を獲得。,,,,,,,,,,,,,,
State_47894_Name,aYit,z状态表_State_A.csv,903,State,Name,,超维：「24」造成的伤害享受 [StateArg5]% <RetaliateIconKeywords:反击>伤害加成，回合结束时往弃牌堆洗入 1 张「灵感」，手牌上限 +2,超次元：「24」のダメージは[StateArg5]%の<RetaliateIconKeywords:反撃>ダメージボーナスを獲得する。ターン終了時、「啓示」を1枚捨て札に追加する。手札の上限+2。,,,,,,,,,,,,,,
State_132840_Name,bRYF,z状态表_State_A.csv,904,State,Name,,「24」的指令卡人格效果加成翻倍。释放狂气爆发后，人格加成翻倍效果本回合失效,「24」の指令カードの人格効果ボーナスが2倍になる。「24」が狂気解放を発動した後、このターンの人格効果の2倍ボーナスは無効になる。,,,,,,,,,,,,,,
State_58297_Desc,aYLX,z状态表_State_A.csv,962,State,Desc,,"莱克击杀敌人时获得 [DescArg3] 黑印，每场探索最多生效 5 次。（[DescArg1]/5）
通过战斗获取 75/150/300 黑印后，造物上限提高 1，战斗结束时选择一个「混沌的遗赠」加入造物列表。（已获取 [DescArg2] 点黑印）",ライカーが敵を撃破するたび、[DescArg3]黒章を獲得する。探索ごとに最大5回まで。（[DescArg1]/5）\n戦闘で75/150/300黒章を獲得するごとに、遺物の上限が1増加し、戦闘終了時に「混沌の遺志」を1つ選択して獲得可能。（[DescArg2]黒章を獲得済）,,,,,,,,,,,,,,
State_59423_Desc,aYOk,z状态表_State_A.csv,963,State,Desc,,"莱克击杀敌人时获得 5 黑印，莱克每有 1% 黑印掉落就使获得量提高 1%，每场探索最多生效 5 次。
通过战斗获取 75/150/300 黑印后，造物上限提高 1，战斗结束时选择一个「混沌的遗赠」加入造物列表。",ライカーが敵を撃破するたび、5黒章を獲得する。黒章ドロップ率1%ごとに、獲得量が1%増加する。探索ごとに最大5回まで。\n戦闘で75/150/300の黒章を獲得するごとに、遺物の上限が1増加し、戦闘終了後に「混沌の遺贈」を1つ選択して遺獲得可能。,,,,,,,,,,,,,,
State_58052_Name,aYLi,z状态表_State_A.csv,980,State,Name,,稳赚不赔,確実な儲け話,,,,,,,,,,,,,,
State_58052_Desc,aYLh,z状态表_State_A.csv,980,State,Desc,,探索中每消耗 1 点黑印，就使「肆意豪赌」的基础伤害提高 0.5%。（已提高 [DescArg1]%）,探索中に1黒章を消費するたび、「オールイン」の基礎ダメージが0.5%増加。(現在[DescArg1]%),,,,,,,,,,,,,,
State_59424_Name,aYOo,z状态表_State_A.csv,981,State,Name,,稳赚不赔,確実な儲け話,,,,,,,,,,,,,,
State_59424_Desc,aYOn,z状态表_State_A.csv,981,State,Desc,,探索中每消耗 1 点黑印，就使「肆意豪赌」的基础伤害提高 0.5%。,探索中に黒章を1消費するたび、「オールイン」の基礎ダメージが0.5%増加。,,,,,,,,,,,,,,
State_2633_Desc,aWnm,z状态表_State_A.csv,998,State,Desc,,每次被攻击就将一张消耗【绿炎】加入手牌，持续 [Layer] 回合。,攻撃を受けるたび、「除外」が付与された「緑炎」を1枚手札に追加する。[Layer] ターン持続。,,,,,,,,,,,,,,
State_2633_WeaponDesc,aWno,z状态表_State_A.csv,998,State,WeaponDesc,,下回合前每次被攻击就将一张消耗【绿炎】加入手牌。,次のターン開始までの間、攻撃を受けるたびに「緑炎」を1枚手札に追加する。,,,,,,,,,,,,,,
State_3489_Name,aXhQ,z状态表_State_A.csv,999,State,Name,,回合结束时若在手牌或<DimensionalSpaceIconKeywords:超维空间>，升级为「腐化绿炎」,ターン終了時に手札または<DimensionalSpaceIconKeywords:超次元空間>にある場合、「腐敗の緑炎」にアップグレードする,,,,,,,,,,,,,,
State_3489_WeaponDesc,aXhR,z状态表_State_A.csv,999,State,WeaponDesc,,回合结束时若在手牌或超维空间会得到强化,ターン終了時に手札または超次元空間にある場合、効果が強化される,,,,,,,,,,,,,,
State_3496_Name,aXio,z状态表_State_A.csv,1001,State,Name,,回合结束时若在手牌或<DimensionalSpaceIconKeywords:超维空间>，升级为「死灭绿炎」,ターン終了時に手札または<DimensionalSpaceIconKeywords:超次元空間>にある場合、「死滅の緑炎」にアップグレードする,,,,,,,,,,,,,,
State_3496_WeaponDesc,aXip,z状态表_State_A.csv,1001,State,WeaponDesc,,回合结束时若在手牌或超维空间会得到强化,ターン終了時に手札または超次元空間にある場合、効果が強化される,,,,,,,,,,,,,,
State_55108_Desc,aYBJ,z状态表_State_A.csv,1002,State,Desc,,回合开始时将手中的「绿炎」或「腐化绿炎」升级为「死灭绿炎」，持续 [Layer] 回合。,ターン開始時、手札にある「緑炎」または「腐食の緑炎」を「死滅の緑炎」にアップグレードする。[Layer] ターン持続。,,,,,,,,,,,,,,
State_55108_WeaponDesc,aYBL,z状态表_State_A.csv,1002,State,WeaponDesc,,回合开始时若在手牌或超维空间会得到强化,ターン終了時に手札または超次元空間にある場合、効果が強化される,,,,,,,,,,,,,,
State_55992_Desc,aYDy,z状态表_State_A.csv,1003,State,Desc,,算力不足时会给卡牌施加消耗和标记。,行動力が不足している場合、カードに「除外」と印を付与する。,,,,,,,,,,,,,,
State_41360_Name,aXRa,z状态表_State_A.csv,1014,State,Name,,深眠反击,深き眠りの反撃,,,,,,,,,,,,,,
State_41360_Desc,aXQZ,z状态表_State_A.csv,1014,State,Desc,,消耗 5 层<DreamGuide:梦引>，旺达获得 <Energy:[StateArg1]> 点狂气，获得等同于 [StateArg2]% 永久<RetaliateIconKeywords:反击>的临时<RetaliateIconKeywords:反击>。,5点の<DreamGuide:夢引き>を消費し、ワンダは<Energy:[StateArg1]>狂気を獲得し、永続的な<RetaliateIconKeywords:反撃>の[StateArg2]%の一時的な<RetaliateIconKeywords:反撃>を獲得。,,,,,,,,,,,,,,
State_41361_Desc,aXRc,z状态表_State_A.csv,1015,State,Desc,,消耗 10 层<DreamGuide:梦引>，使所有敌人进入 1 回合「呓语」状态：伤害减少 [StateArg3]% ，但攻击次数翻倍。,10点の<DreamGuide:夢引き>を消費し、すべての敵に1点の「夢の呟き」を付与：与えるダメージを[StateArg3]%減少させるが、その攻撃回数は2倍になる。,,,,,,,,,,,,,,
State_38735_Desc,aXLu,z状态表_State_A.csv,1016,State,Desc,,造成的伤害减少 [StateArg1]% ，攻击次数翻倍，持续 [Layer] 回合。,与えるダメージを[StateArg1]%減少させるが、その攻撃回数は2倍になる。[Layer]ターン持続。,,,,,,,,,,,,,,
State_38738_Desc,aXLD,z状态表_State_A.csv,1017,State,Desc,,上限为 10 层，可继承到下场战斗。,上限は10点、次の戦闘に引き継がれる。,,,,,,,,,,,,,,
State_2442_Name,aVYe,z状态表_State_A.csv,1032,State,Name,,对所有敌人施加 1 层<VulnerabilityIconKeywords:易伤>,すべての敵に1点の<VulnerabilityIconKeywords:易傷>を付与,,,,,,,,,,,,,,
State_2443_Name,aVYh,z状态表_State_A.csv,1033,State,Name,,对所有敌人施加 1 层<WeaknessIconKeywords:虚弱>,すべての敵に1点の<WeaknessIconKeywords:虚弱>を付与,,,,,,,,,,,,,,
State_2444_Name,aVYk,z状态表_State_A.csv,1034,State,Name,,获得 <Energy:[DescArg1]> 点狂气,<Energy:[DescArg1]>狂気を獲得,,,,,,,,,,,,,,
State_2445_Name,aVYn,z状态表_State_A.csv,1035,State,Name,,其他唤醒体获得 <Energy:[DescArg1]> 点狂气,他の覚醒体は<Energy:[DescArg1]>狂気を獲得,,,,,,,,,,,,,,
State_2446_Name,aVYq,z状态表_State_A.csv,1036,State,Name,,将 1 张<DerivativeCardKeywords_4:「灵感」>加入抽牌堆,<DerivativeCardKeywords_4:「啓示」>を1枚山札に追加,,,,,,,,,,,,,,
State_3629_Name,aXvX,z状态表_State_A.csv,1037,State,Name,,抽 2 张牌,カードを2枚引く,,,,,,,,,,,,,,
State_3631_Name,aXwm,z状态表_State_A.csv,1038,State,Name,,获得 2 点算力,2点の行動力を獲得,,,,,,,,,,,,,,
State_3630_Name,aXwa,z状态表_State_A.csv,1039,State,Name,,对所有敌人施加 2 层<VulnerabilityIconKeywords:易伤>,すべての敵に2層点の<VulnerabilityIconKeywords:易傷>を付与,,,,,,,,,,,,,,
State_3633_Name,aXwE,z状态表_State_A.csv,1040,State,Name,,对所有敌人施加 2 层<WeaknessIconKeywords:虚弱>,すべての敵に2点の<WeaknessIconKeywords:虚弱>を付与,,,,,,,,,,,,,,
State_3632_Name,aXwp,z状态表_State_A.csv,1041,State,Name,,获得 <Energy:[DescArg1]> 点狂气,<Energy:[DescArg1]>狂気を獲得,,,,,,,,,,,,,,
State_3635_Name,aXxc,z状态表_State_A.csv,1042,State,Name,,其他唤醒体获得 <Energy:[DescArg1]> 点狂气,他の覚醒体は<Energy:[DescArg1]>狂気を獲得,,,,,,,,,,,,,,
State_3634_Name,aXwZ,z状态表_State_A.csv,1043,State,Name,,将 2 张<DerivativeCardKeywords_4:「灵感」>加入抽牌堆,<DerivativeCardKeywords_4:「啓示」>を2枚山札に追加,,,,,,,,,,,,,,
State_3748_Name,aXEF,z状态表_State_A.csv,1044,State,Name,,造成的伤害暴击率提高 [DescArg1]%，暴击伤害提高 [DescArg2]%,クリティカル率が[DescArg1]%増加し、クリティカルダメージが[DescArg2]%増加する,,,,,,,,,,,,,,
State_2884_Name,aWAB,z状态表_State_A.csv,1045,State,Name,,造成的伤害为<PunctureDamagewords:穿刺伤害>。使手中算力最高的 1 张牌算力消耗降低 1,与えるダメージが<PunctureDamagewords:刺突ダメージ>になる。手札にある行動力が最も高いカード1枚の行動力消費を1減少させる,,,,,,,,,,,,,,
State_3747_Name,aXEC,z状态表_State_A.csv,1046,State,Name,,选择 1 张抽牌堆的卡牌置入手牌,山札からカードを1枚選択して手札に追加する,,,,,,,,,,,,,,
State_3751_Name,aXEO,z状态表_State_A.csv,1047,State,Name,,获得 [StateArg1] 点<PowerIconKeywords:力量>,[StateArg1]点の<PowerIconKeywords:力>を獲得,,,,,,,,,,,,,,
State_3752_Name,aXER,z状态表_State_A.csv,1048,State,Name,,获得  <Posse:[DescArg1]>  点银钥能量。获得 <Block:[Block:StateArg1]> 点护盾,<Posse:[DescArg1]>キーエネルギーを獲得。<Block:[Block:StateArg1]>点のシールドを獲得,,,,,,,,,,,,,,
State_2889_Name,aWAQ,z状态表_State_A.csv,1049,State,Name,,选择一名唤醒体获得 <Energy:[DescArg1]> 点狂气,覚醒体を1体選択し、<Energy:[DescArg1]>狂気を獲得させる,,,,,,,,,,,,,,
State_3750_Name,aXEL,z状态表_State_A.csv,1050,State,Name,,临时暴击率 +[DescArg1]%。在本场战斗中「断颈一击」和「千面幻象」的基础伤害提高 5%,一時的なクリティカル率+[DescArg1]%。この戦闘中「首切りの一撃」と「千変万化」の基礎ダメージが5%増加,,,,,,,,,,,,,,
State_3407_Name,aXcS,z状态表_State_A.csv,1051,State,Name,,选择 1 张抽牌堆的卡牌置入手牌并使其算力消耗 -1,山札からカードを1枚選択して手札に追加し、そのカードの行動力消費-1,,,,,,,,,,,,,,
State_3406_Name,aXcP,z状态表_State_A.csv,1052,State,Name,,获得 [StateArg1] 点<PowerIconKeywords:力量>,[StateArg1]点の<PowerIconKeywords:力>を獲得,,,,,,,,,,,,,,
State_3405_Name,aXcM,z状态表_State_A.csv,1053,State,Name,,所有敌人临时降低 [Power:StateArg1] 点<PowerIconKeywords:力量>， 1 回合内获得的护盾和<PowerIconKeywords:力量>降低 50%,すべての敵から[Power:StateArg1]点の<PowerIconKeywords:力>を一時的に減少させ、1ターンの間、獲得するシールドと<PowerIconKeywords:力>を50%減少させる,,,,,,,,,,,,,,
State_3411_Name,aXde,z状态表_State_A.csv,1054,State,Name,,自身免疫<FragileIconKeywords:脆弱>、<WeaknessIconKeywords:虚弱>、<VulnerabilityIconKeywords:易伤> 1 回合。获得 <Block:[Block:StateArg1]> 点护盾,1ターンの間、<FragileIconKeywords:脆弱>、<WeaknessIconKeywords:虚弱>、<VulnerabilityIconKeywords:易傷>を無効化する。<Block:[Block:StateArg1]>点のシールドを獲得,,,,,,,,,,,,,,
State_3410_Name,aXdb,z状态表_State_A.csv,1055,State,Name,,此卡牌暴击率和暴击伤害提高 50%，造成穿刺伤害,このカードのクリティカル率とクリティカルダメージが50%増加し、刺突ダメージを与える,,,,,,,,,,,,,,
State_3409_Name,aXcY,z状态表_State_A.csv,1056,State,Name,,选择一名唤醒体获得 <Energy:[DescArg1]> 点狂气,覚醒体を1体選択し、<Energy:[DescArg1]>狂気を獲得させる,,,,,,,,,,,,,,
State_3408_Name,aXcV,z状态表_State_A.csv,1057,State,Name,,获得  <Posse:[DescArg1]>  点银钥能量。在本场战斗中「断颈一击」和「千面幻象」的基础伤害提高 10%,<Posse:[DescArg1]>キーエネルギーを獲得。この戦闘中「首切りの一撃」と「千変万化」の基礎ダメージが10%増加する,,,,,,,,,,,,,,
State_47096_Desc,aYdo,z状态表_State_A.csv,1063,State,Desc,,每打出 1 张「灵感」就使达芙黛尔获得 [StateArg1] 点狂气，获得 [StateArg2] 点力量，每回合最多触发 5 次。（当前还剩 [DescArg1] 次）,「啓示」を1枚使用するたび、ダフォダイルは[StateArg1]狂気を獲得し、[StateArg2]点の力を獲得する。毎ターン最大5回まで発動。（残り[DescArg1]回）,,,,,,,,,,,,,,
State_24654_Desc,aVZV,z状态表_State_A.csv,1064,State,Desc,,达芙黛尔以任何方式击杀敌人后使队伍在本次关卡中暴击率永久提高 5%，最多堆叠 5 次。（当前堆叠 [DescArg1] 次）,ダフォダイルが敵を撃破した場合、チームのクリティカル率がこのステージ中、永続的に5%増加する。最大5回まで。(現在DescArg1]回),,,,,,,,,,,,,,
State_56034_Desc,aYEo,z状态表_State_A.csv,1084,State,Desc,,"每种「隐喻」最多 3 层。不同「隐喻」会增幅诗篇的不同效果：
<D06CardKeyWordnu:狂想诗篇>：消耗所有隐喻「怒」，每层隐喻额外造成 2 次伤害。
<D06CardKeyWordai:哀恸诗篇>：消耗所有隐喻「哀」，每层隐喻额外回复生命。
<D06CardKeyWordxi:幻梦诗篇>：消耗所有隐喻「喜」，每层隐喻额外获得 10 点狂气。
<D06CardKeyWordju:诡谲诗篇>：消耗所有隐喻「惧」，每层隐喻额外获得<PowerIconKeywords:力量>。",各「隠喩」の上限は3点。「隠喩」ごとに異なる詩篇の効果を強化：\n<D06CardKeyWordnu:狂想の詩篇>：すべての「怒」を消費し、1点につき追加でダメージを2回与える。\n<D06CardKeyWordai:哀悼の詩篇>：すべての「哀」を消費し、1点につきライフを回復。\n<D06CardKeyWordxi:幻夢の詩篇>：すべての「喜」を消費し、1点につき10狂気を獲得。\n<D06CardKeyWordju:神秘の詩篇>：すべての「惧」を消費し、1点につき<PowerIconKeywords:力>を獲得。,,,,,,,,,,,,,,
State_54798_Desc,aYBx,z状态表_State_A.csv,1086,State,Desc,,所有唤醒体造成护盾、生命回复、力量降低效果提高 [StateArg1]%，纷华篇章回复效果提高。,すべての覚醒体が獲得するシールドとライフ回復、<PowerIconKeywords:力>の減少効果が[StateArg1]%増加し、「華やかな章」のライフ回復効果が増加。,,,,,,,,,,,,,,
State_99295_Name,bCoJ,z状态表_State_A.csv,1087,State,Name,,「喜」,「喜」,,,,,,,,,,,,,,
State_99295_Desc,bCoI,z状态表_State_A.csv,1087,State,Desc,,所有唤醒体造成的狂气提高 [StateArg1]%，回合结束时的算力和指令卡可保留至下回合。纷华篇章的狂气提高。,すべての覚醒体が獲得する狂気が[StateArg1]%増加し、ターン終了時の行動力と指令カードは次のターンに持ち越すことができる。「華やかな章」で獲得する狂気が増加。,,,,,,,,,,,,,,
State_99294_Name,bCoH,z状态表_State_A.csv,1088,State,Name,,「喜」,「喜」,,,,,,,,,,,,,,
State_99294_Desc,bCoG,z状态表_State_A.csv,1088,State,Desc,,所有唤醒体造成的狂气提高 [DescArg1]%，回合结束时的算力和指令卡可保留至下回合。纷华篇章的狂气提高。,すべての覚醒体が獲得する狂気が[StateArg1]%増加し、ターン終了時の行動力と指令カードは次のターンに持ち越すことができる。「華やかな章」で獲得する狂気が増加。,,,,,,,,,,,,,,
State_54799_Name,aYBB,z状态表_State_A.csv,1089,State,Name,,「惧」,「惧」,,,,,,,,,,,,,,
State_54799_Desc,aYBA,z状态表_State_A.csv,1089,State,Desc,,所有唤醒体造成反击、中毒、力量获取效果提高 [StateArg1]%。纷华篇章的力量提高。,すべての覚醒体が付与する<PowerIconKeywords:力>、<RetaliateIconKeywords:反撃>、<IntoxicationIconKeywords:毒>が[StateArg1]%増加し、「華やかな章」で獲得する<PowerIconKeywords:力>が増加。,,,,,,,,,,,,,,
State_53758_Name,aYyK,z状态表_State_A.csv,1091,State,Name,,狂想诗篇·怒,狂想の詩篇・怒,,,,,,,,,,,,,,
State_53758_Desc,aYyJ,z状态表_State_A.csv,1091,State,Desc,,所有唤醒体造成的最终伤害提高 [DescArg1]%，「纷华篇章」增加的暴击率和暴击伤害提高。,すべての覚醒体が与える最終ダメージが[DescArg1]%増加し、「華やかな章」で獲得するクリティカル率とクリティカルダメージが増加。,,,,,,,,,,,,,,
State_53759_Desc,aYyM,z状态表_State_A.csv,1093,State,Desc,,所有唤醒体造成护盾与回复生命、施加的<PowerIconKeywords:力量>降低效果提高 [DescArg1]%，「纷华篇章」造成回复提高。,すべての覚醒体が与えるシールドとライフ回復、<PowerIconKeywords:力>の減少効果が[DescArg1]%増加。「華やかな章」のライフ回復効果が増加。,,,,,,,,,,,,,,
State_53756_Desc,aYyG,z状态表_State_A.csv,1095,State,Desc,,所有唤醒体造成的狂气提高 [DescArg1]%，回合结束时的算力和指令卡可保留至下回合。「纷华篇章」造成的狂气提高 。,すべての覚醒体が獲得する狂気が[DescArg1]%増加。ターン終了時に行動力と指令カードを次のターンに持ち越すことができる。「華やかな章」で獲得する狂気が増加。,,,,,,,,,,,,,,
State_53755_Name,aYyE,z状态表_State_A.csv,1098,State,Name,,诡谲诗篇·惧,神秘の詩篇・惧,,,,,,,,,,,,,,
State_53755_Desc,aYyD,z状态表_State_A.csv,1098,State,Desc,,所有唤醒体施加的<PowerIconKeywords:力量>、<RetaliateIconKeywords:反击>、<IntoxicationIconKeywords:中毒>提高 [DescArg1]%。「纷华篇章」施加的<PowerIconKeywords:力量>提高。,すべての覚醒体が与える<PowerIconKeywords:力>、<RetaliateIconKeywords:反撃>、<IntoxicationIconKeywords:毒>が[DescArg1]%増加。「華やかな章」で獲得する<PowerIconKeywords:力>が増加。,,,,,,,,,,,,,,
State_56402_Desc,aYGB,z状态表_State_A.csv,1106,State,Desc,,"拥有隐喻<D06CardKeyWordnu:「怒」> [DescArg2] 层：「狂想诗篇」触发跃迁时将额外造成伤害。
拥有隐喻<D06CardKeyWordai:「哀」> [DescArg3] 层：「哀恸诗篇」触发跃迁时将额外回复生命。
拥有隐喻<D06CardKeyWordxi:「喜」> [DescArg1] 层：「幻梦诗篇」触发跃迁时将额外使唤醒体获得狂气。
拥有隐喻<D06CardKeyWordju:「惧」> [DescArg4] 层：「诡谲诗篇」触发跃迁时将额外获得力量。",隠喩<D06CardKeyWordnu:「怒」>[DescArg2]点：「狂想の詩篇」の「跳躍」効果発動時に、追加でダメージを与える。\n隠喩<D06CardKeyWordai:「哀」>[DescArg3] 回：「哀悼の詩篇」の「跳躍」効果発動時に、追加でライフを回復。\n隠喩<D06CardKeyWordxi:「喜」>[DescArg1] 回：「幻夢の詩篇」の「跳躍」効果発動時に、追加で覚醒体に狂気を獲得させる。\n隠喩<D06CardKeyWordju:「惧」>[DescArg4] 回：「神秘の詩篇」の「跳躍」効果発動時に、追加で力を獲得。,,,,,,,,,,,,,,
State_55469_Name,aYCi,z状态表_State_A.csv,1111,State,Name,,消耗 [Layer] 层隐喻「喜」，额外获得 <Energy:[Energy:DescArg1]> 点狂气,[Layer]点の隠喩「喜」を消費し、追加で<Energy:[Energy:DescArg1]>狂気を獲得,,,,,,,,,,,,,,
State_55465_Name,aYBZ,z状态表_State_A.csv,1112,State,Name,,消耗 [Layer] 层隐喻「怒」，额外造成 [DescArg1] 次伤害,[Layer]点の隠喩「怒」を消費し、追加でダメージを[DescArg1]回を与える,,,,,,,,,,,,,,
State_55466_Name,aYCc,z状态表_State_A.csv,1113,State,Name,,消耗 [Layer] 层隐喻「哀」，回复 <Heal:[Heal:DescArg1]> 点生命,[Layer]点の隠喩「哀」を消費し、ライフを<Heal:[Heal:DescArg1]>回復,,,,,,,,,,,,,,
State_55467_Name,aYCf,z状态表_State_A.csv,1114,State,Name,,消耗 [Layer] 层隐喻「惧」，额外获得 [Power:DescArg1] 点<PowerIconKeywords:力量>,[Layer]点の隠喩「惧」を消費し、追加で[Power:DescArg1]点の<PowerIconKeywords:力>を獲得,,,,,,,,,,,,,,
State_55113_Desc,aYBP,z状态表_State_A.csv,1115,State,Desc,,奥尔拉每回合打出第一张诗篇后，获得 10 点狂气。,毎ターン初めてオルラの詩篇を使用した後、10狂気を獲得。,,,,,,,,,,,,,,
State_55836_Desc,aYDg,z状态表_State_A.csv,1117,State,Desc,,回合结束时，手中奥尔拉的指令卡算力消耗 -1。,ターン終了後、手札にあるオルラの指令カードの行動力消費が1減少する。,,,,,,,,,,,,,,
State_126715_WeaponDesc,bNKc,z状态表_State_A.csv,1151,State,WeaponDesc,,鲸跃的所有伤害次数+1。,「飛び立つ鯨」のダメージ回数+1．,,,,,,,,,,,,,,
State_126714_Name,bNKa,z状态表_State_A.csv,1152,State,Name,,凝刻的眼泪,刻み込まれた涙,,,,,,,,,,,,,,
State_126714_Desc,bNJZ,z状态表_State_A.csv,1152,State,Desc,,艾继丝的下 [Layer] 张「防御」生效 3 次。,アイギスの次の[Layer]枚の「防御」は3回発動する。,,,,,,,,,,,,,,
State_126714_WeaponDesc,bNKb,z状态表_State_A.csv,1152,State,WeaponDesc,,鲸跃的所有伤害次数+1。,「飛び立つ鯨」のダメージ回数+1．,,,,,,,,,,,,,,
State_133998_Name,bSqS,z状态表_State_A.csv,1191,State,Name,,<TempPowerKeywords1:临时强化 [DescArg1]>,<TempPowerKeywords1:一時的な強化 [DescArg1]>,,,,,,,,,,,,,,
State_133998_Desc,bSqR,z状态表_State_A.csv,1191,State,Desc,,此卡牌造成的伤害、护盾、力量变化提高 [DescArg2]％，触腕伤害、生命回复、固定中毒、固定反击的最终效果提高 [DescArg1]%，回合结束或打出后移除。,このカードが与えるダメージ、シールド、力の増減が[DescArg2]%増加し、触腕ダメージ、ライフ回復、毒、反撃の最終効果が [DescArg1]%増加する。ターン終了時または使用後に解除される。,,,,,,,,,,,,,,
State_65585_Desc,aZhs,z状态表_State_A.csv,1192,State,Desc,,此卡牌打出后回到手牌中，直到回合结束前刻印失效。,使用後、手札に戻る。ターン終了まで刻印無効。,,,,,,,,,,,,,,
State_131779_Desc,bRpN,z状态表_State_A.csv,1193,State,Desc,,使用 [Layer] 次后才会进入弃牌堆并重置次数，但「刻印」仅在首次使用时生效。,[Layer]回使用した後に捨て札に行き、回数をリセットする。「刻印」は初めて使用した時のみ有効。,,,,,,,,,,,,,,
State_3852_Desc,aXKj,z状态表_State_A.csv,1206,State,Desc,,撕咬伤害次数提高[Layer]。,「噛みつく」のダメージ回数が[Layer]回増加する。,,,,,,,,,,,,,,
State_3852_WeaponDesc,aXKl,z状态表_State_A.csv,1206,State,WeaponDesc,,撕咬伤害次数提高[Layer]。,「噛みつく」のダメージ回数が[Layer]回増加する。,,,,,,,,,,,,,,
State_3768_Name,aXFH,z状态表_State_A.csv,1349,State,Name,,破绽,破綻,,,,,,,,,,,,,,
State_24215_Desc,aVVH,z状态表_State_A.csv,2264,State,Desc,,·回合结束后，对前排敌人造成 [DescArg2] 点伤害，若击杀敌人，该伤害提高 [DescArg3] 点，最多提高 5 次(当前 [DescArg4] 次)。,・ターン終了後、前列の敵に[DescArg2]ダメージを与える。敵を撃破した場合、ダメージが[DescArg3]増加する（最大5回まで、現在[DescArg4]回）。,,,,,,,,,,,,,,
State_24224_Desc,aVWl,z状态表_State_A.csv,2266,State,Desc,,·回合结束后，对前排敌人造成 [DescArg4] 次 [DescArg2] 点伤害，若击杀敌人，该伤害提高 [DescArg3] 点，最多提高 5 次(当前 [DescArg5] 次)。\n·每当唤醒体使用狂气爆发，本回合额外发动 1 次攻击。,・ターン終了後、前列の敵に[DescArg4]回[DescArg2]ダメージを与える。敵を撃破した場合、ダメージが[DescArg3]増加する（最大5回まで、現在[DescArg5]回）。\n・覚醒体が「狂気解放」を使用するたび、このターン追加で1回攻撃する。,,,,,,,,,,,,,,
State_24223_Desc,aVWi,z状态表_State_A.csv,2268,State,Desc,,·回合结束后，对前排敌人造成 [DescArg2] 点伤害，若击杀敌人，该伤害提高 [DescArg3] 点，最多提高 5 次(当前 [DescArg4] 次)。\n·每当守密人使用钥令，使本回合发动的攻击目标变为全体敌人。,・ターン終了後、前列の敵に[DescArg2]ダメージを与える。敵を撃破した場合、ダメージが[DescArg3]増加する（最大5回まで、現在[DescArg4]回）。\n・「キーオーダー」を使用するたび、このターンはすべての敵に攻撃する。,,,,,,,,,,,,,,
State_24222_Desc,aVWf,z状态表_State_A.csv,2270,State,Desc,,·回合结束后，对前排敌人造成 [DescArg4] 次 [DescArg2] 点伤害，若击杀敌人，该伤害提高 [DescArg3] 点，最多提高 5 次(当前 [DescArg5] 次)。\n·每当唤醒体使用狂气爆发，本回合额外发动 1 次攻击。\n·每当守密人使用钥令，使本回合发动的攻击目标变为全体敌人。,・ターン終了後、前列の敵に[DescArg2]ダメージを[DescArg4]回与える。敵を撃破した場合、ダメージが[DescArg3]増加する(最大5回まで、現在[DescArg5]回）。\n・「狂気解放」を発動するたび、このターンに追加で1回攻撃する。\n・「キーオーダー」を発動するたび、このターンはすべての敵に攻撃する。,,,,,,,,,,,,,,
State_24226_Desc,aVWr,z状态表_State_A.csv,2272,State,Desc,,·回合结束后，对前排敌人造成 [DescArg4] 次 [DescArg2] 点伤害，若击杀敌人，该伤害提高 [DescArg3] 点，最多提高 5 次(当前 [DescArg6] 次)。\n·每当唤醒体使用狂气爆发，本回合额外发动 1 次攻击。\n·在首领战中，每当守密人使用钥令，「神国腕肢」伤害提高 [DescArg5] 点。,・ターン終了後、前列の敵に[DescArg2]ダメージを[DescArg4]回与える。敵を撃破した場合、ダメージが[DescArg3]増加する(最大5回まで、現在[DescArg6]回）。\n・「狂気解放」を発動するたび、このターン追加で1回攻撃する。\n・ボス戦では「キーオーダー」を発動するたび、「神国の腕肢」のダメージが[DescArg5]増加する。,,,,,,,,,,,,,,
State_24227_Desc,aVWu,z状态表_State_A.csv,2275,State,Desc,,·回合结束后，对前排敌人造成 [DescArg2] 点，若击杀敌人，该伤害提高 [DescArg3] 点，最多提高 5 次(当前 [DescArg5] 次)。\n·守密人使用钥令后，使本回合发动的攻击目标变为全体敌人，若在首领战中，「神国腕肢」造成的伤害还会提高 [DescArg4] 点。,・ターン終了後、前列の敵に[DescArg2]ダメージを与える。敵を撃破した場合、ダメージが[DescArg3]増加する(最大5回まで、現在[DescArg5]回）。\n・「キーオーダー」を発動後、このターンはすべての敵に攻撃する。ボス戦では「神国の腕肢」が与えるダメージが[DescArg4]増加する。,,,,,,,,,,,,,,
State_24211_Desc,aVVv,z状态表_State_A.csv,2276,State,Desc,,·回合结束后，对前排敌人造成 [DescArg4] 次 [DescArg2] 点伤害，若击杀敌人，该伤害提高 [DescArg3] 点，最多提高 5 次(当前 [DescArg6] 次)。\n·每当唤醒体使用狂气爆发，本回合额外发动 1 次攻击。\n·守密人使用钥令后，使本回合发动的攻击目标变为全体敌人，若在首领战中，「神国腕肢」造成的伤害还会提高 [DescArg5] 点。,・ターン終了後、前列の敵に[DescArg2]ダメージを[DescArg4]回与える。敵を撃破した場合、ダメージが[DescArg3]増加する(最大5回まで、現在[DescArg6]回）。\n・「狂気解放」を発動するたび、このターンに追加で1回攻撃する。\n・「キーオーダー」を発動後、このターンはすべての敵に攻撃する。ボス戦では、「神国の腕肢」が与えるダメージが[DescArg5]増加する。,,,,,,,,,,,,,,
State_24217_Name,aVVO,z状态表_State_A.csv,2278,State,Name,,清除自身<VulnerabilityIconKeywords:易伤>、<WeaknessIconKeywords:虚弱>和<FragileIconKeywords:脆弱>状态,自身の<VulnerabilityIconKeywords:易傷>、<WeaknessIconKeywords:虚弱>、<FragileIconKeywords:脆弱>を解除。,,,,,,,,,,,,,,
State_118659_Desc,bJEv,z状态表_State_A.csv,2637,State,Desc,,打出卡牌时受到 [StateArg1] 点伤害并移除 1 层。层数为 0 时孵化一个较弱的「海中之物」。若回合结束时仍存在被寄生状态，孵化一个生命随层数提高的「海中之物」。,カード使用時に[StateArg1]ダメージを受け、1点を除去する。点数が0になった時、弱体化した「海中のもの」を1体孵化させる。ターン終了時に寄生状態が残っている場合、点数に応じてライフが増加した「海中のもの」を1体孵化させる。,,,,,,,,,,,,,,
State_118657_Name,bJEu,z状态表_State_A.csv,2638,State,Name,,被再次寄生,再寄生,,,,,,,,,,,,,,
State_118657_Desc,bJEt,z状态表_State_A.csv,2638,State,Desc,,打出卡牌时受到 [StateArg1] 点伤害并移除 1 层。层数为 0 时孵化一个较弱的「海中之物」。若回合结束时仍存在被寄生状态，孵化一个生命随层数提高的「海中之物」。,カード使用時に[StateArg1]ダメージを受け、1点を除去する。点数が0になった時、弱体化した「海中のもの」を1体孵化させる。ターン終了時に寄生状態が残っている場合、点数に応じてライフが増加した「海中のもの」を1体孵化させる。,,,,,,,,,,,,,,
State_118656_Name,bJEs,z状态表_State_A.csv,2639,State,Name,,被多次寄生,多重寄生,,,,,,,,,,,,,,
State_118656_Desc,bJEr,z状态表_State_A.csv,2639,State,Desc,,打出卡牌时受到 [StateArg1] 点伤害并移除 1 层。层数为 0 时孵化一个较弱的「海中之物」。若回合结束时仍存在被寄生状态，孵化一个生命随层数提高的「海中之物」。,カード使用時に[StateArg1]ダメージを受け、1点を除去する。点数が0になった時、弱体化した「海中のもの」を1体孵化させる。ターン終了時に寄生状態が残っている場合、点数に応じてライフが増加した「海中のもの」を1体孵化させる。,,,,,,,,,,,,,,
State_3872_Name,aXLp,z状态表_State_A.csv,2701,State,Name,,破绽,破綻,,,,,,,,,,,,,,
State_3872_Desc,aXLo,z状态表_State_A.csv,2701,State,Desc,,受到伤害会取消临时力量。,ダメージを受けると一時的な力を解除する。,,,,,,,,,,,,,,
State_98492_Name,bCbD,z状态表_State_A.csv,3217,State,Name,,灵塑适性,霊塑適性,,,,,,,,,,,,,,
State_98492_Desc,bCbC,z状态表_State_A.csv,3217,State,Desc,,探索开始后，体质、攻击、防御提升 [StateArg1] %,探索開始後、体力、攻撃力、防御力が[StateArg1]%増加する,,,,,,,,,,,,,,
State_98495_Name,bCbF,z状态表_State_A.csv,3220,State,Name,,灵塑适性,霊塑適性,,,,,,,,,,,,,,
State_98495_Desc,bCbE,z状态表_State_A.csv,3220,State,Desc,,探索开始后，体质、攻击、防御提升 [StateArg1] %,探索開始後、体力、攻撃、防御が[StateArg1]%増加する,,,,,,,,,,,,,,
State_98507_Name,bCch,z状态表_State_A.csv,3225,State,Name,,灵塑适性,霊塑適性,,,,,,,,,,,,,,
State_98507_Desc,bCcg,z状态表_State_A.csv,3225,State,Desc,,探索开始后，体质、攻击、防御提升 [StateArg1] %,探索開始後、体力、攻撃、防御が[StateArg1]%増加する,,,,,,,,,,,,,,
State_57968_Desc,aYKo,z状态表_State_A.csv,3514,State,Desc,,受到了于丽埃特的影响，每个回合结束后双子融合度提高 10%，并将 1 张「畸变」洗入抽牌堆。,ジュリエットの影響で、毎ターン終了時に双子の融合度が10%増加し、1枚の「変異」を山札に追加する。,,,,,,,,,,,,,,
State_60571_Name,aYXY,z状态表_State_A.csv,3577,State,Name,,<HuihuanaKeywords:回环乐音>,<HuihuanaKeywords:循環楽音>,,,,,,,,,,,,,,
State_60558_Name,aYXA,z状态表_State_A.csv,3578,State,Name,,<HuihuanbKeywords:回环乐音>,<HuihuanbKeywords:循環楽音>,,,,,,,,,,,,,,
State_60554_Name,aYXr,z状态表_State_A.csv,3579,State,Name,,<HuihuanbKeywords:回环乐音>,<HuihuanbKeywords:循環楽音>,,,,,,,,,,,,,,
State_60562_Name,aYXG,z状态表_State_A.csv,3580,State,Name,,<HuihuanaKeywords:回环乐音>,<HuihuanaKeywords:循環楽音>,,,,,,,,,,,,,,
State_60562_Desc,aYXF,z状态表_State_A.csv,3580,State,Desc,,打出后生效 2 次，改为「蓄势乐音」,使用後、効果が2回発動し、「高揚楽音」に変化する,,,,,,,,,,,,,,
State_61085_Name,aZaA,z状态表_State_A.csv,3581,State,Name,,<HuihuanbKeywords:回环乐音>,<HuihuanbKeywords:循環楽音>,,,,,,,,,,,,,,
State_61085_Desc,aZaz,z状态表_State_A.csv,3581,State,Desc,,算力消耗- 2，打出后生效 2 次，改为「蓄势乐音」,行動力消費-2。使用後、効果が2回発動し、「高揚楽音」に変化する,,,,,,,,,,,,,,
State_60568_Name,aYXP,z状态表_State_A.csv,3583,State,Name,,<XushiAKeywords:蓄势乐音>,<XushiAKeywords:高揚楽音>,,,,,,,,,,,,,,
State_60569_Name,aYXS,z状态表_State_A.csv,3584,State,Name,,<XushiBKeywords:蓄势乐音>,<XushiBKeywords:高揚楽音>,,,,,,,,,,,,,,
State_60567_Name,aYXM,z状态表_State_A.csv,3585,State,Name,,<XushiAKeywords:蓄势乐音>,<XushiAKeywords:高揚楽音>,,,,,,,,,,,,,,
State_60567_Desc,aYXL,z状态表_State_A.csv,3585,State,Desc,,打出后哈姆林获得 3 点狂气。,使用後、ハムリンは3狂気を獲得。,,,,,,,,,,,,,,
State_60570_Name,aYXV,z状态表_State_A.csv,3586,State,Name,,<XushiBKeywords:蓄势乐音>,<XushiBKeywords:高揚楽音>,,,,,,,,,,,,,,
State_60570_Desc,aYXU,z状态表_State_A.csv,3586,State,Desc,,打出后哈姆林获得 3 点狂气。,使用後、ハムリンは3狂気を獲得。,,,,,,,,,,,,,,
State_128082_Name,bODv,z状态表_State_A.csv,3587,State,Name,,<XushiBKeywords:蓄势乐音>,<XushiBKeywords:高揚楽音>,,,,,,,,,,,,,,
State_128082_Desc,bODu,z状态表_State_A.csv,3587,State,Desc,,打出后哈姆林获得 3 点狂气。,使用後、ハムリンは3狂気を獲得。,,,,,,,,,,,,,,
State_61050_Name,aZaf,z状态表_State_A.csv,3593,State,Name,,月下狂想,月下の狂想曲,,,,,,,,,,,,,,
State_61050_Desc,aZae,z状态表_State_A.csv,3593,State,Desc,,触发「乐音」效果或打出 「协乐的交响」后，哈姆林获得 1% 暴击率和暴击伤害(当前已获得 [DescArg1]% ) 。该效果每触发 10 次，本场战斗「灵魂序曲」和「原初的乐音」伤害次数提高 1，最多提高 3 次。,「楽音」効果が発動または「調和する響き」を使用した後、ハムリンのクリティカル率とクリティカルダメージが1%増加する(現在[DescArg1]%増加）。この効果が10回発動すると、この戦闘における「魂の序曲」と「元初の奏響」のダメージ回数が1回増加する。最大2回まで。,,,,,,,,,,,,,,
State_61051_Name,aZai,z状态表_State_A.csv,3594,State,Name,,月下狂想,月下の狂想曲,,,,,,,,,,,,,,
State_61051_Desc,aZah,z状态表_State_A.csv,3594,State,Desc,,触发「乐音」效果或打出 「协乐的交响」后，哈姆林获得 1% 暴击率和暴击伤害。该效果每触发 10 次，本场战斗「灵魂序曲」和「原初的乐音」伤害次数提高 1，最多提高 3 次。,「楽音」効果が発動または「調和する響き」を使用した後、ハムリンのクリティカル率とクリティカルダメージが1%増加。10回発動するたび、この戦闘における「魂の序曲」と「元初の奏響」のダメージ回数が1回増加する。最大で2回まで。,,,,,,,,,,,,,,
State_67419_Desc,aZqm,z状态表_State_A.csv,3604,State,Desc,,打出后获得 3 张附加<RetainIconKeywords:保留>和<DepleteIconKeywords:消耗>的原始复制并使它们算力消耗-1，每场战斗仅生效 1 次。,使用後、<RetainIconKeywords:保持>と<DepleteIconKeywords:除外>が付与された未強化コピーを3枚獲得し、それらの行動力消費-1。各戦闘で1回のみ発動可能。,,,,,,,,,,,,,,
State_59526_Desc,aYPa,z状态表_State_A.csv,3605,State,Desc,,打出后获得 3 张附加<RetainIconKeywords:保留>和<DepleteIconKeywords:消耗>的原始复制，每场战斗仅生效 1 次。,使用後、<RetainIconKeywords:保持>と<DepleteIconKeywords:除外>が付与された未強化コピーを3枚獲得する。各戦闘で1回のみ発動可能。,,,,,,,,,,,,,,
State_67418_Desc,aZqj,z状态表_State_A.csv,3607,State,Desc,,打出后弃掉所有该唤醒体以外的卡牌，获得 5 张随机非唤醒体卡牌，每场战斗仅生效 1 次。,使用後、この覚醒体以外の手札をすべて捨て、ランダムな非覚醒体カードを5枚獲得する。各戦闘で1回のみ発動可能。,,,,,,,,,,,,,,
State_59522_Desc,aYOO,z状态表_State_A.csv,3608,State,Desc,,打出后弃掉所有该唤醒体以外的卡牌，获得 5 张随机非唤醒体卡牌，每场战斗仅生效 1 次。,使用後、この覚醒体以外の手札をすべて捨て、ランダムな非覚醒体カードを5枚獲得する。各戦闘で1回のみ発動可能。,,,,,,,,,,,,,,
State_67420_Desc,aZqp,z状态表_State_A.csv,3612,State,Desc,,打出后抽 4 张牌，使它们算力消耗降低刻印卡牌的实际算力消耗，每场战斗仅生效 1 次。,使用後、カードを4枚引き、それらの行動力消費を刻印カードの行動力と同じだけ減少させる。各戦闘で1回のみ発動可能。,,,,,,,,,,,,,,
State_59520_Desc,aYOI,z状态表_State_A.csv,3613,State,Desc,,打出后抽 2 张牌，使它们算力消耗降低刻印卡牌的实际算力消耗，每场战斗仅生效 1 次。,使用後、カードを2枚引き、それらの行動力消費を刻印カードの行動力と同じだけ減少させる。各戦闘で1回のみ発動可能。,,,,,,,,,,,,,,
State_59525_Name,aYOY,z状态表_State_A.csv,3618,State,Name,,指令卡对应的唤醒体获得 50 点狂气,指令カードに対応する覚醒体が50狂気を獲得,,,,,,,,,,,,,,
State_59560_Name,aYPt,z状态表_State_A.csv,3622,State,Name,,选择一张获得过三大质体刻印的卡牌加入手中,三大神子の刻印を受けたカードを1枚手札に追加,,,,,,,,,,,,,,
State_60044_Name,aYQH,z状态表_State_A.csv,3630,State,Name,,使用 [Layer] 次后消耗,[Layer]回使用後に除外,,,,,,,,,,,,,,
State_60279_Name,aYTH,z状态表_State_A.csv,3632,State,Name,,回合结束时此卡将被消耗,ターン終了後、このカードは除外される,,,,,,,,,,,,,,
State_60339_Name,aYUA,z状态表_State_A.csv,3636,State,Name,,本回合打出后获得 1 点算力和抽 1 张牌，但此卡牌将被消耗,このターンに使用後、1点の行動力を獲得し、カードを1枚引く。このカードは除外される。,,,,,,,,,,,,,,
State_60493_Desc,aYWJ,z状态表_State_A.csv,3641,State,Desc,,生命每累计降低 [Layer] 点后，召唤一个拟态唤醒体。若场上拟态唤醒体数量已达 2 个，则使所有拟态唤醒体最大生命提高 50%。,ライフが累計[Layer]減少するごとに、擬態覚醒体を1体召喚する。戦場に2体いる場合、すべての擬態覚醒体の最大ライフが50%増加する。,,,,,,,,,,,,,,
State_61185_Name,aZbt,z状态表_State_A.csv,3682,State,Name,,血誓,血の誓い,,,,,,,,,,,,,,
State_61185_Desc,aZbs,z状态表_State_A.csv,3682,State,Desc,,会使敌人的技能得到增幅。每当受到伤害时失去一层。,敵のスキル効果を強化する。ダメージを受けると1点失う。,,,,,,,,,,,,,,
State_62338_Desc,aZea,z状态表_State_A.csv,3687,State,Desc,,此卡不可打出，回合结束时不会丢弃，并使所属唤醒体获得 5 点狂气，所属唤醒体释放狂气爆发后，解除冻结。,このカードは発動できず、ターン終了時に破棄されない。持ち主の覚醒体は5狂気を獲得。狂気解放を発動後、凍結を解除する。,,,,,,,,,,,,,,
State_65342_Name,aZeX,z状态表_State_A.csv,3691,State,Name,,沉寂,静寂,,,,,,,,,,,,,,
State_65342_Desc,aZeW,z状态表_State_A.csv,3691,State,Desc,,被击败后将会复活，额外增加 100% 最大生命并释放「霜寒彻骨」。,撃破されると復活し、最大ライフが追加で100%増加、「凍てつく冷気」を発動する。,,,,,,,,,,,,,,
State_65490_Desc,aZgq,z状态表_State_A.csv,3692,State,Desc,,回合结束时获得 [StateArg1] 层霜盾和  [StateArg2]  点力量。,ターン終了時、[StateArg1]点のフロストシールドと[StateArg2]点の力を獲得。,,,,,,,,,,,,,,
State_65346_Desc,aZeZ,z状态表_State_A.csv,3710,State,Desc,,死亡后，冻结手牌堆的 2 张指令卡。,死亡後、手札にある指令カード2枚を凍結する。,,,,,,,,,,,,,,
State_65362_Desc,aZfo,z状态表_State_A.csv,3711,State,Desc,,每累计受到 [StateArg1] 次主动伤害后（还剩 [Layer]）次，随机冻结手牌中 1 张指令卡。,アクティブダメージを[StateArg1]回受けるたび(残り[Layer]回）、ランダムな指令カードを1枚凍結する。,,,,,,,,,,,,,,
State_65553_Desc,aZgz,z状态表_State_A.csv,3712,State,Desc,,回合结束时，根据剩余手牌数获得力量，每张获得 [Layer] 点。,ターン終了時、残りの手札の数に応じて力を獲得。1枚につき[Layer]点。,,,,,,,,,,,,,,
State_65564_Name,aZgM,z状态表_State_A.csv,3733,State,Name,,\n<D05EX_Relic:科考团成员们对希洛的怀疑不断加深，你必须在敌人逼近前做出选择，安抚混乱的团队>,\n<D05EX_Relic:調査隊員たちのヘロットへの疑念は深まる一方だ。敵が迫る前に、混乱した隊員に対処する必要がある>,,,,,,,,,,,,,,
State_65567_Name,aZgV,z状态表_State_A.csv,3734,State,Name,,\n<D05EX_Relic:约束希洛来进一步保护团员>,\n<D05EX_Relic:ヘロットを拘束し、調査隊員を保護する。>,,,,,,,,,,,,,,
State_65566_Name,aZgS,z状态表_State_A.csv,3735,State,Name,,\n<D05EX_Relic:和科考团员解释情况>,\n<D05EX_Relic:調査団員に状況を説明する。>,,,,,,,,,,,,,,
State_65565_Name,aZgP,z状态表_State_A.csv,3736,State,Name,,\n<D05EX_Relic:无视团员的猜疑，继续前进>,\n<D05EX_Relic:調査隊員の疑念を無視して進む。>,,,,,,,,,,,,,,
State_65568_Name,aZgY,z状态表_State_A.csv,3737,State,Name,,\n<D05EX_Relic:约束希洛，并使用唤醒体的力量全力保护团员>,\n<D05EX_Relic:ヘロットを拘束し、覚醒体の力で調査隊員を守り抜く。>,,,,,,,,,,,,,,
State_68632_Desc,aZxu,z状态表_State_A.csv,3978,State,Desc,,所有指令卡算力消耗提高 1。每 3 个回合，回合结束时将 1 张「渐渐石化」置入手中。,すべての指令カードの行動力消費が1増加。3ターンごとに、ターン終了時「石ころ変化」を1枚手札に追加する。,,,,,,,,,,,,,,
State_68626_Desc,aZxf,z状态表_State_A.csv,3980,State,Desc,,所有唤醒体的基础狂气提高 50%。每回合结束时，扣除所有唤醒体 10 点狂气，恢复自身 3％最大生命。,すべての覚醒体の狂気上限が50%増加。毎ターン終了時、すべての覚醒体は10狂気を失い、自身の最大ライフを3%回復。,,,,,,,,,,,,,,
State_68627_Name,aZxj,z状态表_State_A.csv,3982,State,Name,,刺骨之奔流,刺骨の奔流,,,,,,,,,,,,,,
State_68627_Desc,aZxi,z状态表_State_A.csv,3982,State,Desc,,战斗开始时，获得 15 层「临时屏障」。回合结束时，获得 15 层「临时屏障」，对随机 10 张卡牌附加「临时溶解」。,戦闘開始時に15点の「一時的なバリア」を獲得。ターン終了時に15点の「一時的なバリア」を獲得し、ランダムなカード10枚「一時的な溶解」を付与する。,,,,,,,,,,,,,,
State_68646_Name,aZyl,z状态表_State_A.csv,3983,State,Name,,<RedQuality1:临时溶解>,<RedQuality1:一時的な溶解>,,,,,,,,,,,,,,
State_68646_Desc,aZyk,z状态表_State_A.csv,3983,State,Desc,,基础伤害和护盾值提高 200％，但打出后会被消耗。,基礎ダメージとシールドが200%増加する。使用後にこれを除外する。,,,,,,,,,,,,,,
State_68621_Desc,aZwQ,z状态表_State_A.csv,3984,State,Desc,,战斗开始及每回合结束时，获得 2 层「临时怨恨锁链」。,戦闘開始時および毎ターン終了時、2点の「一時的な怨恨の鎖」を獲得。,,,,,,,,,,,,,,
State_68623_Desc,aZwW,z状态表_State_A.csv,3988,State,Desc,,每打出 1 张指令卡，弃掉 1 张该唤醒体算力消耗最低的卡牌。,指令カードを1枚使用するたびに、対応する覚醒体の最も行動力消費が少ないカードを1枚捨てる。,,,,,,,,,,,,,,
State_68624_Desc,aZwZ,z状态表_State_A.csv,3989,State,Desc,,回合结束时，恢复 10% 已损生命值，解除自身负面状态和玩家的正面状态。,ターン終了時、失ったライフの10%を回復し、自身のデバフとプレイヤーのバフを解除する。,,,,,,,,,,,,,,
State_73518_Desc,aZUE,z状态表_State_A.csv,4437,State,Desc,,造成的伤害提高 100％，失去生命后解除该状态，但获得 50％ 最大生命的护盾。,与えるダメージが100%増加する。ライフを失った後にこの状態を解除し、最大ライフの50%のシールドを獲得。,,,,,,,,,,,,,,
State_73567_Desc,aZVo,z状态表_State_A.csv,4438,State,Desc,,每打出 1 张非指令卡，获得 [Power:StateArg1] 点<PowerIconKeywords:力量> 和 <Block:[Block:StateArg2]> 点护盾。,非指令カードを1枚使用するたび、[Power:StateArg1]点の<PowerIconKeywords:力>と<Block:[Block:StateArg2]>点のシールドを獲得。,,,,,,,,,,,,,,
State_73566_Desc,aZVl,z状态表_State_A.csv,4439,State,Desc,,每打出 1 张非指令卡，获得 [Power:StateArg1] 点<PowerIconKeywords:力量> 和 <Block:[Block:StateArg2]> 点护盾。,非指令カードを1枚使用するたび、[Power:StateArg1]点の<PowerIconKeywords:力>と<Block:[Block:StateArg2]>点のシールドを獲得。,,,,,,,,,,,,,,
State_73570_Desc,aZVx,z状态表_State_A.csv,4440,State,Desc,,每打出 1 张非指令卡，获得 [Power:StateArg1] 点<PowerIconKeywords:力量> 和 <Block:[Block:StateArg2]> 点护盾。,非指令カードを1枚使用するたび、[Power:StateArg1]点の<PowerIconKeywords:力>と<Block:[Block:StateArg2]>点のシールドを獲得。,,,,,,,,,,,,,,
State_73573_Desc,aZVG,z状态表_State_A.csv,4441,State,Desc,,每打出 1 张非指令卡，获得 [Power:StateArg1] 点<PowerIconKeywords:力量> 和 <Block:[Block:StateArg2]> 点护盾。,非指令カードを1枚使用するたび、[Power:StateArg1]点の<PowerIconKeywords:力>と<Block:[Block:StateArg2]>点のシールドを獲得。,,,,,,,,,,,,,,
State_81274_Desc,btgh,z状态表_State_A.csv,4456,State,Desc,,每回合开始时，都会随机对 2 张没有「融蚀彩墨」的指令卡施加「融蚀彩墨」。,ターン開始時、ランダムな指令カード2枚に「融蝕彩墨」を付与する。,,,,,,,,,,,,,,
State_74932_Desc,baaj,z状态表_State_A.csv,4484,State,Desc,,打出「打击」卡、「防御」卡、「技能」卡时会升级「禁忌的交易」中的对应效果。,「攻撃」「防御」「スキル」を使用すると、「禁忌の取引」の対応する効果が強化される。,,,,,,,,,,,,,,
State_74826_Name,aZYE,z状态表_State_A.csv,4491,State,Name,,随机造成 [DescArg1] 点固定伤害 [DescArg2] 次（该伤害受到1倍力量加成）,ランダムに[DescArg1]固定ダメージを[DescArg2]回与える(このダメージは1倍の力のボーナスを獲得する),,,,,,,,,,,,,,
State_74829_Name,aZYN,z状态表_State_A.csv,4495,State,Name,,对全体敌方造成已损失生命 [DescArg1]% 的固定伤害,すべての敵に、失ったライフの[DescArg1]%の固定ダメージを与える,,,,,,,,,,,,,,
State_74891_Name,aZZV,z状态表_State_A.csv,4498,State,Name,,随机造成 [DescArg1] 点固定伤害 [DescArg2] 次（该伤害受到1倍力量加成）,ランダムに[DescArg1]固定ダメージを[DescArg2]回与える(このダメージは1倍の力のボーナスを獲得する),,,,,,,,,,,,,,
State_74881_Name,aZZr,z状态表_State_A.csv,4508,State,Name,,选择一名唤醒体获得 [DescArg1] 点狂气,覚醒体を1体選択し、[DescArg1]狂気を獲得させる,,,,,,,,,,,,,,
State_74219_Name,aZXt,z状态表_State_A.csv,4563,State,Name,,打出后将其返还手中,使用後、手札に戻る,,,,,,,,,,,,,,
State_74771_Desc,aZXW,z状态表_State_A.csv,4567,State,Desc,,释放 1 次狂气爆发所需要的狂气值。,「狂気解放」を1回発動させるのに必要な狂気の療。,,,,,,,,,,,,,,
State_77688_Desc,badQ,z状态表_State_A.csv,4568,State,Desc,,第五回合开始或即将死亡时，免疫死亡并将意图调整为「机械飞升」。,第5ターン開始時または撃破されそうな時、死亡を無効化し、行動予測を「機械昇華」に転換する。,,,,,,,,,,,,,,
State_77692_Desc,badZ,z状态表_State_A.csv,4569,State,Desc,,回合结束时，召唤 2 个融蚀怪物，至多同时存在 2 个。召唤的融蚀怪物死亡后，「熔毁·朵尔」失去 5% 最大生命。,ターン終了時、融蝕の怪物を2体召喚する。最大2体まで同時に存在可能。召喚された融蝕の怪物が撃破されると、「溶融・ドール」は最大ライフの5%を失う。,,,,,,,,,,,,,,
State_77693_Desc,baec,z状态表_State_A.csv,4570,State,Desc,,死亡后「熔毁·朵尔」失去 5% 最大生命。,撃破されると「溶融・ドール」は最大ライフの5%を失う。,,,,,,,,,,,,,,
State_78102_Name,baey,z状态表_State_A.csv,4580,State,Name,,超频瘫痪,システムダウン,,,,,,,,,,,,,,
State_78102_Desc,baex,z状态表_State_A.csv,4580,State,Desc,,造成的伤害降低 15％，承受伤害提高 30％，持续至战斗结束。,与えるダメージが15%減少し、受けるダメージが30%増加する。戦闘終了まで持続。,,,,,,,,,,,,,,
State_80332_Desc,btbv,z状态表_State_A.csv,4620,State,Desc,,她的情感、认知乃至一切，都与巢群意志永恒链接，至多堆叠 10 层。「共感」能够被克莱门汀的狂气爆发「生命重构治疗」转化为减益效果。,彼女の感情、認識、あらゆるものが巣の意志と永遠に結びついている。最大10点まで累積可能。クレメンタインの狂気解放「生命再構築治療」によってデバフ効果に変換される。,,,,,,,,,,,,,,
State_80328_Desc,btbj,z状态表_State_A.csv,4621,State,Desc,,她的情感、认知乃至一切，都与巢群意志永恒链接。至多堆叠 15 层。「共感」能够被克莱门汀的狂气爆发「生命重构治疗」转化为减益效果。,彼女の感情、認識、あらゆるものが巣の意志と永遠に結びついている。最大15点まで累積可能。クレメンタインの狂気解放「生命再構築治療」によってデバフ効果に変換される。,,,,,,,,,,,,,,
State_80338_Name,btbO,z状态表_State_A.csv,4633,State,Name,,<D13Colour:恐惧固着>,<D13Colour:恐怖の固着>,,,,,,,,,,,,,,
State_80338_Desc,btbN,z状态表_State_A.csv,4633,State,Desc,,巢群侵蚀下，你的恐惧无所遁形。本回合造成的伤害降低 [DescArg1]％。,巣に侵食され、あなたの恐怖が露わになる。このターンに与えるダメージが[DescArg1]%減少する。,,,,,,,,,,,,,,
State_80331_Name,btbt,z状态表_State_A.csv,4634,State,Name,,<D13Colour:精神创伤>,<D13Colour:心的外傷>,,,,,,,,,,,,,,
State_80331_Desc,btbs,z状态表_State_A.csv,4634,State,Desc,,巢群侵蚀下，你的弱点展露无遗。本回合承受的伤害提高 [DescArg1]％。,巣に侵食され、あなたの弱点が露わになる。このターンに受けるダメージが[DescArg1]%増加する。,,,,,,,,,,,,,,
State_80336_Name,btbI,z状态表_State_A.csv,4635,State,Name,,<D13Colour:恐惧固着>,<D13Colour:恐怖の固着>,,,,,,,,,,,,,,
State_80336_Desc,btbH,z状态表_State_A.csv,4635,State,Desc,,巢群侵蚀下，你的恐惧无所遁形。本回合造成的伤害降低 [DescArg1]％。,巣に侵食され、あなたの恐怖が露わになる。このターンに与えるダメージが[DescArg1]%減少する。,,,,,,,,,,,,,,
State_80335_Name,btbF,z状态表_State_A.csv,4636,State,Name,,<D13Colour:精神创伤>,<D13Colour:心的外傷>,,,,,,,,,,,,,,
State_80335_Desc,btbE,z状态表_State_A.csv,4636,State,Desc,,巢群侵蚀下，你的弱点展露无遗。本回合承受的伤害提高 [DescArg1]％。,巣に侵食され、あなたの弱点が露わになる。このターンに受けるダメージが[DescArg1]%増加する。,,,,,,,,,,,,,,
State_81027_Name,bteU,z状态表_State_A.csv,4658,State,Name,,生命仪式,命の儀式,,,,,,,,,,,,,,
State_81027_Desc,bteT,z状态表_State_A.csv,4658,State,Desc,,此卡牌的所属者为「虫族」，算力消耗-1，打出后会被「消耗」。,このカードの所持者は「虫族」となる。行動力消費-1。使用後に「除外」される。,,,,,,,,,,,,,,
State_80774_Name,btcW,z状态表_State_A.csv,4717,State,Name,,旧日余烬,古の残り火,,,,,,,,,,,,,,
State_80774_Desc,btcV,z状态表_State_A.csv,4717,State,Desc,,承受主动伤害或触腕伤害后，移除等量的「旧日余烬」并失去 300％ 移除量的生命，承受其它伤害时移除一半。「旧日余烬」层数每回合重置。「旧日余烬」被全部移除后，获得 50 层「加固」。,アクティブダメージまたは触腕ダメージを受けた時、同量の「古の残り火」を除去し、除去した量の300%のライフを失う。その他のダメージを受けた場合は、半分を除去する。「古の残り火」の点数は毎ターンリセットされる。「古の残り火」がすべて除去された後、50点の「堅固」を獲得する。,,,,,,,,,,,,,,
State_80807_Name,bteb,z状态表_State_A.csv,4719,State,Name,,蜕变之刻,変異の瞬間,,,,,,,,,,,,,,
State_80807_Desc,btea,z状态表_State_A.csv,4719,State,Desc,,第五回合开始或即将死亡时，移除所有其他敌人，将意图切换为「蜕变之刻」。,5ターン目が開始または撃破されそうになった場合、他の敵をすべて排除し、行動予測を「変異の瞬間」に転換する。,,,,,,,,,,,,,,
State_81312_Name,btgY,z状态表_State_A.csv,4720,State,Name,,宇宙轮回,宇宙の輪廻,,,,,,,,,,,,,,
State_81312_Desc,btgX,z状态表_State_A.csv,4720,State,Desc,,受到致命伤害后，回复所有生命并获得 50 层临时加固。还能够触发 [Layer] 次。,致命的ダメージを受けた後、すべてのライフを回復し、50点の一時的な堅固を獲得する。[Layer]回触発可能。,,,,,,,,,,,,,,
State_80810_Name,bteh,z状态表_State_A.csv,4721,State,Name,,旧日余烬,古の残り火,,,,,,,,,,,,,,
State_80810_Desc,bteg,z状态表_State_A.csv,4721,State,Desc,,承受主动伤害或触腕伤害后，移除等量的「旧日余烬」并失去 300％ 移除量的生命，承受其它伤害时移除一半。「旧日余烬」层数每回合重置。,アクティブダメージまたは触手ダメージを受けた後、同量の「古の残り火」を除去し、除去した量の300%のライフを失う。その他のダメージを受けた場合、半分を除去する。「古の残り火」の点数は毎ターンリセットされる。,,,,,,,,,,,,,,
State_80575_Name,btcB,z状态表_State_A.csv,4722,State,Name,,旧日余烬,古の残り火,,,,,,,,,,,,,,
State_80575_Desc,btcA,z状态表_State_A.csv,4722,State,Desc,,承受主动伤害或触腕伤害后，移除等量的「旧日余烬」并失去 300％ 移除量的生命，承受其它伤害时移除一半。「旧日余烬」层数每回合重置。,アクティブダメージまたは触手ダメージを受けた後、同量の「古の残り火」を除去し、除去した量の300%のライフを失う。その他のダメージを受けた場合、半分を除去する。「古の残り火」の点数は毎ターンリセットされる。,,,,,,,,,,,,,,
State_80782_Name,btdo,z状态表_State_A.csv,4727,State,Name,,暴击率降低,クリティカル率減少,,,,,,,,,,,,,,
State_80782_Desc,btdn,z状态表_State_A.csv,4727,State,Desc,,本场战斗中，所有唤醒体暴击率降低 [Layer]％。,この戦闘中、すべての覚醒体のクリティカル率が[Layer]%減少。,,,,,,,,,,,,,,
State_80794_Name,btdV,z状态表_State_A.csv,4729,State,Name,,<Boundkeywords:缚身>,<Boundkeywords:呪縛>,,,,,,,,,,,,,,
State_80794_Desc,btdU,z状态表_State_A.csv,4729,State,Desc,,卡牌无法打出，且回合结束时依然保留在手中。,カード使用不可、ターン終了後も手札に残る。,,,,,,,,,,,,,,
State_80789_Desc,btdF,z状态表_State_A.csv,4734,State,Desc,,承受主动伤害提高 100％，持续 1 回合。,受けるアクティブダメージが100%増加する。1ターン持続。,,,,,,,,,,,,,,
State_80778_Name,btdf,z状态表_State_A.csv,4735,State,Name,,巢群共感-融合,巣の共感・融合,,,,,,,,,,,,,,
State_80778_Desc,btde,z状态表_State_A.csv,4735,State,Desc,,死亡后，其他友方获得 1 层「临时疯狂」。,死亡後、他の味方が1点の「一時的な発狂」を獲得,,,,,,,,,,,,,,
State_80777_Name,btdc,z状态表_State_A.csv,4736,State,Name,,巢群共感-传承,巣の共感・伝承,,,,,,,,,,,,,,
State_80777_Desc,btdb,z状态表_State_A.csv,4736,State,Desc,,战斗开始时，降低所有唤醒体暴击率 10％。死亡后，其它友方获得 [DescArg1] 点力量和 [DescArg2] 层「旧日余烬」。,戦闘開始時、すべての覚醒体のクリティカル率が10%減少する。死亡後、他の味方が[DescArg1]点の力と[DescArg2]点の「古の残り火」を獲得。,,,,,,,,,,,,,,
State_80792_Name,btdP,z状态表_State_A.csv,4737,State,Name,,巢群共感-异维,巣の共感・異次元,,,,,,,,,,,,,,
State_80792_Desc,btdO,z状态表_State_A.csv,4737,State,Desc,,每当玩家释放狂气爆发，获得 1 层「临时疯狂」。,プレイヤーが「狂気解放」を発動するたび、1点の「一時的な発狂」を獲得する。,,,,,,,,,,,,,,
State_80785_Name,btdx,z状态表_State_A.csv,4738,State,Name,,巢群共感-异维,巣の共感・異次元,,,,,,,,,,,,,,
State_80785_Desc,btdw,z状态表_State_A.csv,4738,State,Desc,,力量被降低时，仅会降低 50% 的力量层数。每当玩家释放狂气爆发，获得 1 层「临时疯狂」。,力の減少を受けた場合、現在の点数の50%が減少する。プレイヤーが「狂気解放」を発動するたび、1点の「一時的な発狂」を獲得する。,,,,,,,,,,,,,,
State_80788_Name,btdD,z状态表_State_A.csv,4739,State,Name,,巢群共感-异维,巣の共感・異次元,,,,,,,,,,,,,,
State_80788_Desc,btdC,z状态表_State_A.csv,4739,State,Desc,,力量被降低时，仅会降低 25% 的力量层数。每当玩家释放狂气爆发，获得 1 层「临时疯狂」。,力の減少を受けた場合、現在の点数の25%が減少する。プレイヤーが「狂気解放」を発動するたび、1点の「一時的な発狂」を獲得する。,,,,,,,,,,,,,,
State_81073_Name,btgf,z状态表_State_A.csv,4740,State,Name,,巢群共感-裂变,巣の共感・分裂,,,,,,,,,,,,,,
State_81073_Desc,btge,z状态表_State_A.csv,4740,State,Desc,,受到致命伤害后立刻回复所有生命并获得 80％ 临时加固，召唤一名「初变者」在后方，可触发 2 次。,致命的ダメージを受けた場合、即座にすべてのライフを回復し、80%の一時的な堅固を獲得し、後列に「最初の変異体」を1体召喚する。2回まで発動可能。,,,,,,,,,,,,,,
State_80784_Name,btdu,z状态表_State_A.csv,4741,State,Name,,巢群共感-裂变,巣の共感・分裂,,,,,,,,,,,,,,
State_80784_Desc,btdt,z状态表_State_A.csv,4741,State,Desc,,生命低于 50％ 后，召唤一名「初变者」在后方，每场战斗仅触发 1 次。,ライフが50%未満になると、後列に「最初の変異体」を召喚する。戦闘ごとに1回のみ発動する。,,,,,,,,,,,,,,
State_80790_Name,btdJ,z状态表_State_A.csv,4742,State,Name,,宇宙幽能,宇宙のエーテル,,,,,,,,,,,,,,
State_80790_Desc,btdI,z状态表_State_A.csv,4742,State,Desc,,在蜕变后，每层宇宙幽能会使其变得完美……,点数が多いほど、変異を遂げた後の姿は完全体へと近づく……,,,,,,,,,,,,,,
State_80773_Desc,btcS,z状态表_State_A.csv,4743,State,Desc,,力量被降低时，仅会降低 50% 的力量层数。自身回合内，承受的被动伤害提高 100％。,力の減少を受けた場合、現在の点数の50%が減少する。自身のターンに受けるアクティブダメージが100%増加する。,,,,,,,,,,,,,,
State_80783_Desc,btdq,z状态表_State_A.csv,4744,State,Desc,,回合结束时，获得 1 层「疯狂」。,ターン終了時に、1点の「発狂」を獲得。,,,,,,,,,,,,,,
State_80827_Name,bten,z状态表_State_A.csv,4748,State,Name,,愤怒的惩罚,怒りの懲罰,,,,,,,,,,,,,,
State_80827_Desc,btem,z状态表_State_A.csv,4748,State,Desc,,每累计打出 15 张卡牌，将当前的意图替换为「创伤猛击」（当前还剩 [Layer] 张)。,合計15枚のカードを使用するたび、現在の行動予測を「外傷猛撃」に転換する。（残り[Layer]枚),,,,,,,,,,,,,,
State_83596_Name,btht,z状态表_State_A.csv,4762,State,Name,,伊拉斯莫的指引-「扬帆」,エラスムスの導き -「出航」,,,,,,,,,,,,,,
State_83596_Desc,bths,z状态表_State_A.csv,4762,State,Desc,,手牌上限+1。回合开始时若牌库没有「引航员的抉择」，将其置入手中。每当首领失去 10% 最大生命，获得 1 层「扬帆」；每当自身失去 10% 最大生命，获得 1 层「泊锚」。,手札の上限+1。ターン開始時、デッキに「航海士の選択」がない場合、これを手札に追加する。ボスが最大ライフの10%を失うたび、1点の「出航」を獲得する。自身が最大ライフの10%を失うたび、1点の「停泊」を獲得する。,,,,,,,,,,,,,,
State_83587_Name,bthk,z状态表_State_A.csv,4767,State,Name,,「扬帆」,「出航」,,,,,,,,,,,,,,
State_83587_Desc,bthj,z状态表_State_A.csv,4767,State,Desc,,能够提升选择「破浪启航」时的效果，上限10层。,「荒波の出航」の効果を強化する。上限は10点。,,,,,,,,,,,,,,
State_83593_Desc,bthp,z状态表_State_A.csv,4768,State,Desc,,本回合所有唤醒体造成的最终伤害提高,このターンにすべての覚醒体が与える最終ダメージが増加する,,,,,,,,,,,,,,
State_83589_Name,bthn,z状态表_State_A.csv,4769,State,Name,,「泊锚」,「停泊」,,,,,,,,,,,,,,
State_83589_Desc,bthm,z状态表_State_A.csv,4769,State,Desc,,能够提升选择「拢岸暂息」时的效果，上限10层。,「休息の寄港」の効果を強化する。上限は10点。,,,,,,,,,,,,,,
State_83616_Name,bthI,z状态表_State_A.csv,4772,State,Name,,「泊锚」进度,「停泊」獲得数,,,,,,,,,,,,,,
State_83616_Desc,bthH,z状态表_State_A.csv,4772,State,Desc,,失去 [Layer] 点生命后，获得 1 层「泊锚」。,ライフを[Layer]失うと、1点の「停泊」を獲得。,,,,,,,,,,,,,,
State_83615_Name,bthF,z状态表_State_A.csv,4777,State,Name,,「扬帆」进度,「出航」獲得数,,,,,,,,,,,,,,
State_83615_Desc,bthE,z状态表_State_A.csv,4777,State,Desc,,失去 [Layer] 点生命后，获得 1 层「扬帆」。,ライフを[Layer]失うと、1点の「出航」を獲得。,,,,,,,,,,,,,,
State_83627_Name,btid,z状态表_State_A.csv,4781,State,Name,,「扬帆」进度,「出航」獲得数,,,,,,,,,,,,,,
State_83627_Desc,btic,z状态表_State_A.csv,4781,State,Desc,,失去[DescArg1]点生命后，获得1层「扬帆」,ライフを[Layer]失うと、1点の「出航」を獲得。,,,,,,,,,,,,,,
State_84368_Name,bvRr,z状态表_State_A.csv,4802,State,Name,,沉没于远海,遠き海に沈む,,,,,,,,,,,,,,
State_84368_Desc,bvRq,z状态表_State_A.csv,4802,State,Desc,,剩余 [Layer] 回合冷却。,クールダウン残り[Layer]ターン。,,,,,,,,,,,,,,
State_84184_Name,bvQs,z状态表_State_A.csv,4807,State,Name,,该技能额外享受 [Layer]％ 力量加成,このスキルは追加で[Layer]%の力ボーナスを獲得,,,,,,,,,,,,,,
State_81331_Desc,bvOz,z状态表_State_A.csv,4810,State,Desc,,回合开始时，选择 1 名唤醒体，封印其所有卡牌和狂气爆发 3 回合。,ターン開始時に、覚醒体を1体選択し、そのすべてのカードと狂気解放を3ターン封印する。,,,,,,,,,,,,,,
State_89572_Desc,bxrT,z状态表_State_A.csv,4819,State,Desc,,回合开始时，对手牌堆随机 [DescArg1] 张牌附加<BurningKeywords:燃烧>，并获得 [DescArg2] 点临时力量。每过 2 个回合，附加燃烧的卡牌数提高 1，获得的临时力量提高 [DescArg3] 点。,ターン開始時、相手のデッキにあるランダムなカード[DescArg1]枚に<BurningKeywords:燃焼>を付与し、[DescArg2]点の一時的な力を獲得する。2ターンごとに、「燃焼」を付与するカードが1枚増加し、獲得する一時的な力が[DescArg3]点増加する。,,,,,,,,,,,,,,
State_81354_Desc,bvOL,z状态表_State_A.csv,4821,State,Desc,,打出后受到 [DescArg1] 点伤害，若回合结束时未打出会被消耗。,使用後、[DescArg1]ダメージを受ける。ターン終了時に手札に残っている場合、これを除外する。,,,,,,,,,,,,,,
State_84364_Desc,bvRe,z状态表_State_A.csv,4841,State,Desc,,暴击伤害 +[Layer]%。,クリティカルダメージ+[Layer]%。,,,,,,,,,,,,,,
State_84400_Desc,bvRO,z状态表_State_A.csv,4851,State,Desc,,下回合开始时每层屏障转化为 1 层<ReinforcePVEKeywords:加固>。,ターン開始時、バリアが<ReinforcePVEKeywords:堅固>に変化する。,,,,,,,,,,,,,,
State_84402_Name,bvRV,z状态表_State_A.csv,4853,State,Name,,透支力量,力の消耗,,,,,,,,,,,,,,
State_84402_Desc,bvRU,z状态表_State_A.csv,4853,State,Desc,,承受伤害提高 [Layer]%。,受けるダメージが[Layer]%増加する。,,,,,,,,,,,,,,
State_89422_Desc,bxnF,z状态表_State_A.csv,4860,State,Desc,,所有唤醒体产生的狂气提高 100%，每回合能够释放 2 次狂气爆发。,すべての覚醒体が獲得する狂気が100%増加し、毎ターン「狂気解放」を2回発動可能。。,,,,,,,,,,,,,,
State_89759_Desc,bxAp,z状态表_State_A.csv,4861,State,Desc,,释放钥令后，拉蒙娜获得 50％ 临时暴击率。,「キーオーダー」を発動後、ラモンナは50%の一時的なクリティカル率を獲得する。,,,,,,,,,,,,,,
State_89640_Desc,bxva,z状态表_State_A.csv,4864,State,Desc,,界域精通提高 200 点。消耗猩红熔炉时，提高消耗量 15% 的触腕伤害。每次触腕攻击时，积累 [Arg3] 点猩红熔炉。,界域知識が200点増加。猩紅炉を消費した場合、消費量の15%の触腕ダメージを獲得する。触腕が攻撃するたび、[Arg3]点の猩紅炉を蓄積する。,,,,,,,,,,,,,,
State_89637_Desc,bxuR,z状态表_State_A.csv,4869,State,Desc,,每回合第 1 张指令卡额外生效 1 次。湮灭时生成 1 条触腕。切换触腕为「怒涛」姿态后，本回合下 2 张指令卡跃迁效果必定发动并进入超维空间，3 回合冷却。,毎ターン初めて使用する指令カードは、追加で1回効果を発動する。「湮滅」使用時、触腕を1本獲得。触腕姿勢を「怒涛」に切り替えた後、このターンに使用する2枚の指令カードは「跳躍」効果が必ず発動し、超次元空間に置かれる。クールダウン3ターン。,,,,,,,,,,,,,,
State_89631_Desc,bxuz,z状态表_State_A.csv,4875,State,Desc,,额外 [Layer] 次跃迁,追加「跳躍」[Layer]回,,,,,,,,,,,,,,
State_89642_Desc,bxvg,z状态表_State_A.csv,4877,State,Desc,,手牌上限 +2 ，释放狂气爆发后临时最终伤害提高 10% 。卡牌进入超维空间后，手中 1 个「胚胎」转化为「圣洁之子」。每生成 1 个「胚胎」，超维空间一张随机卡牌算力消耗降低 1。,手札の上限+2。「狂気解放」を発動後、一時的な最終ダメージが10%増加する。カードが超次元空間に置かれた後、手札にある「胎児」1枚を「聖純の子」に変換する。「胎児」を1枚獲得するたび、超次元空間にあるランダムなカードの行動力消費が1減少する。,,,,,,,,,,,,,,
State_89626_Desc,bxuk,z状态表_State_A.csv,4883,State,Desc,,使用银钥觉醒后，将 1 张「银钥微光」置入手中。所有唤醒体觉醒完成后，每回合开始时发现随机 1 张唤醒体的支援。,シルバーキー覚醒後、「シルバーキーの微光」を1枚手札に追加する。すべての覚醒体が霊知覚醒した後、毎ターン開始時にランダムな覚醒体1体の支援を発現する。,,,,,,,,,,,,,,
State_95938_Desc,bzZu,z状态表_State_A.csv,4920,State,Desc,,每移除一张牌，餍足层数+1，上限10层,カードを1枚除外するごとに1点増加。上限10点。,,,,,,,,,,,,,,
State_91106_Desc,byot,z状态表_State_A.csv,4932,State,Desc,,每层狂热使造成的主动伤害和触腕伤害附带 10% 伤害等量的<BleedingIconKeywords:出血>。,1点ごとに、与えるアクティブダメージと触腕ダメージに、ダメージの10%の<BleedingIconKeywords:出血>を付与する。,,,,,,,,,,,,,,
State_94623_Desc,byGd,z状态表_State_A.csv,4933,State,Desc,,每层狂热使造成的主动伤害和触腕伤害附带 10% 伤害等量的<BleedingIconKeywords:出血>。,1点ごとに、与えるアクティブダメージと触腕ダメージに、ダメージの10%の<BleedingIconKeywords:出血>を付与する。,,,,,,,,,,,,,,
State_90601_Name,bzes,z状态表_State_A.csv,4957,State,Name,,(剩余 [DescArg1] 次<harmonyKeyWord:「调和」>),(残りの<harmonyKeyWord:「ブレンド」回数　[DescArg1]回>),,,,,,,,,,,,,,
State_90599_Name,bzeq,z状态表_State_A.csv,4959,State,Name,,使所有唤醒体获得 [Layer] 点狂气,すべての覚醒体は[Layer]狂気を獲得,,,,,,,,,,,,,,
State_90600_Name,bzer,z状态表_State_A.csv,4960,State,Name,,获得 [Layer] 点银钥能量,[Layer]キーエネルギーを獲得,,,,,,,,,,,,,,
State_90604_Name,bzeu,z状态表_State_A.csv,4961,State,Name,,回复 [Layer] 点生命，随已损生命提高,ライフを[Layer]回復。失ったライフに応じて増加する。,,,,,,,,,,,,,,
State_90591_Name,bzeo,z状态表_State_A.csv,4962,State,Name,,将 [Layer] 张「灵感」置入手中,「啓示」を[Layer]枚手札に追加,,,,,,,,,,,,,,
State_90603_Name,bzet,z状态表_State_A.csv,4963,State,Name,,获得 [Layer] 点临时力量,[Layer] 点の一時的な力を獲得,,,,,,,,,,,,,,
State_90594_Name,bzep,z状态表_State_A.csv,4964,State,Name,,和 [Layer] 点临时戒备,と[Layer]点点の一時的な警戒,,,,,,,,,,,,,,
State_96603_Name,bAPT,z状态表_State_A.csv,4965,State,Name,,若本回合未打出，下回合开始时触发 1 次「调和」效果,このターンに使用しなかった場合、次のターンの開始時に「ブレンド」効果を1回発動,,,,,,,,,,,,,,
State_95953_Name,bzZE,z状态表_State_A.csv,5012,State,Name,,溟梦之帷,冥夢の帷,,,,,,,,,,,,,,
State_95943_Name,bzZx,z状态表_State_A.csv,5015,State,Name,,正面干扰,干渉,,,,,,,,,,,,,,
State_95949_Name,bzZC,z状态表_State_A.csv,5016,State,Name,,偷袭储备,奇襲,,,,,,,,,,,,,,
State_95949_Desc,bzZB,z状态表_State_A.csv,5016,State,Desc,,打出后使杜勒赛因失去一半<Guaiwucanhai:残骸>。,使用後、ドゥルセインは<Guaiwucanhai:残骸>を半分失う。,,,,,,,,,,,,,,
State_94693_Name,bzeV,z状态表_State_A.csv,5018,State,Name,,腐尸的分食,グールの分食,,,,,,,,,,,,,,
State_94995_Name,bztX,z状态表_State_A.csv,5024,State,Name,,深海祭礼,深海の儀礼,,,,,,,,,,,,,,
State_94995_Desc,bztW,z状态表_State_A.csv,5024,State,Desc,,每次受到暴击伤害，获得 3% 的<Baojidikang:临时暴击抵抗>。每次造成伤害都会对一张随机卡牌附加「污染：深潜印记」。,クリティカルダメージを受けるたび、3%の<Baojidikang:一時的なクリティカル耐性>を獲得する。ダメージを与えるたび、ランダムなカード1枚に「汚染：水底の印」を付与する。,,,,,,,,,,,,,,
State_94997_Name,bzub,z状态表_State_A.csv,5025,State,Name,,深海祭礼,深海の儀礼,,,,,,,,,,,,,,
State_94997_Desc,bzua,z状态表_State_A.csv,5025,State,Desc,,每次受到暴击伤害，获得 5% 的<Baojidikang:临时暴击抵抗>。每次造成伤害都会对一张随机卡牌附加「污染：深潜印记」。,クリティカルダメージを受けるたび、5%の<Baojidikang:一時的なクリティカル耐性>を獲得します。ダメージを与えるたび、ランダムなカード1枚に「汚染：水底の印」を付与する。,,,,,,,,,,,,,,
State_96416_Desc,bAoP,z状态表_State_A.csv,5026,State,Desc,,受到暴击概率降低 [Layer]%。,クリティカルヒットを受ける確率が[Layer]%減少する。,,,,,,,,,,,,,,
State_95002_Desc,bzuk,z状态表_State_A.csv,5027,State,Desc,,本回合内受到暴击概率降低 [Layer]%。,このターンにクリティカルヒットを受ける確率が[Layer]%減少する。,,,,,,,,,,,,,,
State_95002_WeaponDesc,bAoA,z状态表_State_A.csv,5027,State,WeaponDesc,,本回合内受到暴击概率降低 [Layer]%。,このターンにクリティカルヒットを受ける確率が[Layer]%減少する。,,,,,,,,,,,,,,
State_96355_Desc,bAoF,z状态表_State_A.csv,5028,State,Desc,,受到暴击概率降低 [Layer]%。,クリティカルヒットを受ける確率が[Layer]%減少する。,,,,,,,,,,,,,,
State_96358_Name,bAoN,z状态表_State_A.csv,5031,State,Name,,<Baojidikang:暴击抵抗>,<Baojidikang:クリティカル耐性>,,,,,,,,,,,,,,
State_96358_Desc,bAoM,z状态表_State_A.csv,5031,State,Desc,,受到暴击概率降低 [Layer] %。,クリティカルヒットを受ける確率が [Layer] % 減少する。,,,,,,,,,,,,,,
State_96355_WeaponDesc,bAoH,z状态表_State_A.csv,5028,State,WeaponDesc,,本场战斗内受到暴击概率降低 [Layer]%。,この戦闘でクリティカルヒットを受ける確率が[Layer]%減少する。,,,,,,,,,,,,,,
State_94996_Desc,bztY,z状态表_State_A.csv,5032,State,Desc,,受到攻击时，获得等量层数的临时力量。,攻撃を受けた時、同量の一時的な力を獲得する。,,,,,,,,,,,,,,
State_95038_Desc,bzus,z状态表_State_A.csv,5033,State,Desc,,受到攻击时，获得等量层数的临时力量。,攻撃を受けた時、同量の一時的な力を獲得する。,,,,,,,,,,,,,,
State_95000_Name,bzuh,z状态表_State_A.csv,5036,State,Name,,负面状态免疫,デバフ無効,,,,,,,,,,,,,,
State_95000_Desc,bzug,z状态表_State_A.csv,5036,State,Desc,,免疫负面状态。,デバフ無効,,,,,,,,,,,,,,
State_96784_Desc,bACM,z状态表_State_A.csv,5066,State,Desc,,能够降低腐潮之傀的攻势，最大为 5 层。,「腐潮の傀儡」から受ける攻撃を軽減できる。最大5点。,,,,,,,,,,,,,,
State_96783_Name,bACL,z状态表_State_A.csv,5067,State,Name,,蹈海者祭仪,海踊人の祭儀,,,,,,,,,,,,,,
State_96783_Desc,bACK,z状态表_State_A.csv,5067,State,Desc,,每回合为 2 张卡牌附加「<Kuangluan:污染：蹈海者狂乱>」。,毎ターンカード2枚に「<Kuangluan:汚染：海踊人の狂乱>」を付与する。,,,,,,,,,,,,,,
State_96780_Name,bACJ,z状态表_State_A.csv,5068,State,Name,,<Kuangluan:蹈海者狂乱>,<Kuangluan:汚染：海踊人の狂乱>,,,,,,,,,,,,,,
State_96780_Desc,bACI,z状态表_State_A.csv,5068,State,Desc,,卡牌获得保留，但打出或弃掉后会移除污染并召唤 1 个「深海分殖体」，最多 2 个。若无位置召唤会立刻使腐潮之傀获得 [DescArg1] 点力量和 [DescArg2] 点生命。,カードは保持を獲得。使用するもしくは捨てた場合に汚染を除去し、「深海の増殖体」を1体召喚する。最大2体。召喚する場所がない場合、即座に「腐潮の傀儡」が[DescArg1]点の力と[DescArg2]点のライフを獲得する。,,,,,,,,,,,,,,
State_97119_Name,bAKd,z状态表_State_A.csv,5069,State,Name,,<Kuangluan:蹈海者狂乱>,<Kuangluan:汚染：海踊人の狂乱>,,,,,,,,,,,,,,
State_97119_Desc,bAKc,z状态表_State_A.csv,5069,State,Desc,,卡牌获得保留，但打出或弃掉后会移除污染并召唤 1 个「深海分殖体」，最多 2 个。若无位置召唤会立刻使腐潮之傀获得 [DescArg1] 点力量和 [DescArg2] 点生命。,カードは保持を獲得。使用するもしくは捨てた場合に汚染が除去し、「深海の増殖体」を1体召喚する。最大2体。召喚する場所がない場合、即座に「腐潮の傀儡」が[DescArg1]点の力と[DescArg2]点のライフを獲得する。,,,,,,,,,,,,,,
State_96774_Desc,bACE,z状态表_State_A.csv,5073,State,Desc,,每次受到暴击伤害，获得 3% 的临时暴击抵抗。,クリティカルダメージを受けるたび、3%の一時的なクリティカル耐性獲得する。,,,,,,,,,,,,,,
State_96808_Desc,bACW,z状态表_State_A.csv,5074,State,Desc,,每失去 [DescArg1] 生命就获得 15 层「<ReinforcePVEKeywords:加固>」，上限为 75 层，被击破后清空并获得 1 层「<Chaos:混乱>」。 若未释放过「骨血重组」，受到致命伤害后将意图切换为「骨血重组」并免疫一切伤害。,ライフを[DescArg1]失うごとに、15点の「<ReinforcePVEKeywords:堅固>」を獲得する。最大75点。撃破されそうになると点数をリセットし、1点の「<Chaos:混乱>」を獲得する。「骨血の再構成」を発動していない場合、致命的なダメージを受けた後、行動予測を「骨血の再構成」に転換し、すべてのダメージを無効化する。,,,,,,,,,,,,,,
State_97120_Name,bAKf,z状态表_State_A.csv,5081,State,Name,,溟梦之帷,冥夢の帷,,,,,,,,,,,,,,
State_97120_Desc,bAKe,z状态表_State_A.csv,5081,State,Desc,,受到法阵保护，所有敌人造成的伤害降低 25%。,魔法陣の守りによって、すべての敵が与えるダメージが25%減少する。,,,,,,,,,,,,,,
State_96810_Name,bACZ,z状态表_State_A.csv,5082,State,Name,,溟梦之帷,冥夢の帷,,,,,,,,,,,,,,
State_96810_Desc,bAKa,z状态表_State_A.csv,5082,State,Desc,,造成的伤害降低 25%。,,,,,,,,,,,,,,,
State_97219_Desc,bRYG,z状态表_State_A.csv,5103,State,Desc,,旺达打出的下 [Layer] 张牌额外生效 1 次。,ワンダが次に使用する[Layer]枚のカードは追加で1回効果を発動する。,,,,,,,,,,,,,,
State_97939_Name,bBrx,z状态表_State_A.csv,5110,State,Name,,弥萨格夺冠金杯,ミサゴ大学優勝杯,,,,,,,,,,,,,,
State_97939_Desc,bBrw,z状态表_State_A.csv,5110,State,Desc,,造成的最终伤害提高 50%。,与える最終ダメージが50%増加。,,,,,,,,,,,,,,
State_97942_Name,bBrB,z状态表_State_A.csv,5111,State,Name,,弥萨格夺冠金杯,ミサゴ大学優勝杯,,,,,,,,,,,,,,
State_97942_Desc,bBrA,z状态表_State_A.csv,5111,State,Desc,,释放狂气爆发时获得 35 点狂气。,「狂気解放」を発動後、35狂気を獲得。,,,,,,,,,,,,,,
State_97938_Name,bBrv,z状态表_State_A.csv,5114,State,Name,,弥萨格夺冠金杯,ミサゴ大学優勝杯,,,,,,,,,,,,,,
State_97938_Desc,bBru,z状态表_State_A.csv,5114,State,Desc,,最终伤害提高 [DescArg1]%。,最終ダメージが[DescArg1]%増加。,,,,,,,,,,,,,,
State_97941_Name,bBrz,z状态表_State_A.csv,5117,State,Name,,弥萨格夺冠金杯,ミサゴ大学優勝杯,,,,,,,,,,,,,,
State_97941_Desc,bBry,z状态表_State_A.csv,5117,State,Desc,,基础伤害提高 100%。,基礎ダメージが100%増加。,,,,,,,,,,,,,,
State_98055_Name,bByd,z状态表_State_A.csv,5124,State,Name,,沉眠,熟睡,,,,,,,,,,,,,,
State_98055_Desc,bByc,z状态表_State_A.csv,5124,State,Desc,,回合结束时，生成 1 条触腕。觉醒后移除该状态。,ターン終了時、触腕を1本獲得。覚醒後、この状態を解除する。,,,,,,,,,,,,,,
State_98060_Name,bByf,z状态表_State_A.csv,5126,State,Name,,尚未觉醒,未覚醒,,,,,,,,,,,,,,
State_98060_Desc,bBye,z状态表_State_A.csv,5126,State,Desc,,这位唤醒体还未觉醒…即将被击倒时会觉醒，回复生命并以真正的形态开始战斗。,この覚醒体はまだ未覚醒だ…撃破される直前に覚醒し、ライフを回復し、真の姿で戦闘を始める。,,,,,,,,,,,,,,
State_98140_Name,bBNf,z状态表_State_A.csv,5129,State,Name,,<BurningColor:爆炎>,<BurningColor:爆炎>,,,,,,,,,,,,,,
State_98140_Desc,bBNe,z状态表_State_A.csv,5129,State,Desc,,积攒 10 层<MonsterExFlameKeywords:爆炎>后将意图切换为极高伤害的「亿兆耀斑」！,<MonsterExFlameKeywords:爆炎>が10点に達すると、行動予測は高ダメージの「テラフレア」に転換する！,,,,,,,,,,,,,,
State_98148_Name,bBNm,z状态表_State_A.csv,5134,State,Name,,尚未觉醒,未覚醒,,,,,,,,,,,,,,
State_98068_Name,bCbi,z状态表_State_A.csv,5152,State,Name,,<BaoyanKeywords:爆炎>,<BaoyanKeywords:爆炎>,,,,,,,,,,,,,,
State_98068_Desc,bCbh,z状态表_State_A.csv,5152,State,Desc,,拥有 10 层「爆炎」时，获得 2 点算力并将所有「千兆耀斑」升级为「亿兆耀斑」。,「爆炎」が10点ある場合、1点の行動力を獲得し、すべての「ギガフレア」を「テラフレア」にアップグレードする。,,,,,,,,,,,,,,
State_98488_Desc,bCbA,z状态表_State_A.csv,5160,State,Desc,,每层「活焰」使卡牌造成的最终伤害、护盾、狂气、力量提高 30%，至多叠加 3 层。拥有「活焰」的卡牌获得「保留」，打出后消耗所有「活焰」并将 1 层「活焰」传导到手中其它 1 张凯蒂古拉的指令卡上。,「火焔」1点ごとに、カードが与える最終ダメージ、シールド、狂気、力が30%増加する。最大3点まで累積可能。「火焔」が付与されたカードは「保持」を獲得し、使用後、すべての「火焔」を消費して、手札にある他のキャティグラの指令カードに1枚に、1点の「火焔」を付与する。,,,,,,,,,,,,,,
State_98341_Name,bBYg,z状态表_State_A.csv,5174,State,Name,,<Yellow:原色·黄>,<Yellow:原色・黄>,,,,,,,,,,,,,,
State_98474_Name,bCaV,z状态表_State_A.csv,5185,State,Name,,原色,原色,,,,,,,,,,,,,,
State_98743_Name,bCfX,z状态表_State_A.csv,5199,State,Name,,僭越者,僭越者,,,,,,,,,,,,,,
State_98743_Desc,bCfW,z状态表_State_A.csv,5199,State,Desc,,在回合内受到 [DescArg1] 点伤害后，获得 75 层临时加固，将意图转换为「不耐的施舍」并会解除石化效果，获得 1 层「蜘蛛女之吻」。,このターンに[DescArg1]ダメージを受けた場合、75点の一時的な堅固を獲得し、行動予測を「耐え難い施し」に転換し、石化効果を解除し、1点の「蜘蛛女のキス」を獲得する。,,,,,,,,,,,,,,
State_98742_Name,bCfV,z状态表_State_A.csv,5200,State,Name,,迷途之旅,迷途の旅,,,,,,,,,,,,,,
State_98742_Desc,bCfU,z状态表_State_A.csv,5200,State,Desc,,施加的中毒提高100%，每个回合结束后获得 <Block:[Block:DescArg1]> 护盾。,付与する毒が100%増加し、毎ターン終了後に<Block:[Block:DescArg1]>点のシールドを獲得する。,,,,,,,,,,,,,,
State_98739_Name,bCfT,z状态表_State_A.csv,5202,State,Name,,蜘蛛女之吻,蜘蛛女のキス,,,,,,,,,,,,,,
State_98739_Desc,bCfS,z状态表_State_A.csv,5202,State,Desc,,当意图转换为苍白回旋时，根据状态层数增加等量伤害次数，并在回合结束后清空状态。达到 3 层后，立刻将意图转换为苍白回旋。,行動予測を「蒼白の旋回」に転換した場合、点数に応じてダメージ回数が増加する。ターン終了後に解除する。3点に達すると、即座に行動予測を「蒼白の旋回」に転換する。,,,,,,,,,,,,,,
State_98889_Name,bCmx,z状态表_State_A.csv,5206,State,Name,,救世圣灯,救いの灯,,,,,,,,,,,,,,
State_98889_Desc,bCmw,z状态表_State_A.csv,5206,State,Desc,,每回合首次打出带有<DepleteIconKeywords:消耗>的指令卡时将其置入弃牌堆。,毎ターン初めて<DepleteIconKeywords:除外>を持つ指令カードを使用した後、それを捨て札に置く。,,,,,,,,,,,,,,
State_98913_Name,bCmB,z状态表_State_A.csv,5208,State,Name,,迷失,迷宮,,,,,,,,,,,,,,
State_98913_Desc,bCmA,z状态表_State_A.csv,5208,State,Desc,,每层使所有唤醒体造成的护盾和生命回复降低 10%。,1点ごとに、すべての覚醒体が獲得するシールドとライフ回復が10$減少する。,,,,,,,,,,,,,,
State_98912_Name,bCmz,z状态表_State_A.csv,5209,State,Name,,<LostWay:迷失>,<LostWay:迷宮>,,,,,,,,,,,,,,
State_98912_Desc,bCmy,z状态表_State_A.csv,5209,State,Desc,,每层使所有唤醒体造成的护盾和生命回复降低 10%。,1点ごとに、すべての覚醒体が獲得するシールドとライフ回復が10$減少する。,,,,,,,,,,,,,,
State_98366_Desc,bCiJ,z状态表_State_A.csv,5240,State,Desc,,回合开始时，若银钥能量大于 [Arg1] ，则消耗 [Arg1] 点银钥能量将 1 张<DerivativeCardKeywords_115:「高级灵感」>置入手中。,ターン開始時、キーエネルギーが[Arg1]以上ある場合、[Arg1]キーエネルギーを消費し、<DerivativeCardKeywords_115:「上位啓示」>を1枚手札に追加する。,,,,,,,,,,,,,,
State_98588_Desc,bCjk,z状态表_State_A.csv,5242,State,Desc,,回合结束前，手中每张指令卡的所属唤醒体获得 [Arg1] 狂气。,ターン終了時、手札にある指令カードに対応する覚醒体は[Arg1]狂気を獲得。,,,,,,,,,,,,,,
State_98567_Desc,bCiW,z状态表_State_A.csv,5243,State,Desc,,回合结束前，手中每张指令卡的所属唤醒体获得 [Arg1] 狂气。,ターン終了時、手札にある指令カードに対応する覚醒体は[Arg1]狂気を獲得。,,,,,,,,,,,,,,
State_98556_Desc,bCiN,z状态表_State_A.csv,5245,State,Desc,,所有唤醒体造成生命回复和护盾的基础效果提高 [Arg1]%。,すべての覚醒体のライフ回復とシールドの基礎効果が[Arg1]%増加する。,,,,,,,,,,,,,,
State_98616_Desc,bCjE,z状态表_State_A.csv,5246,State,Desc,,所有唤醒体造成生命回复和护盾的基础效果提高 [Arg1]%。,すべての覚醒体のライフ回復とシールドの基礎効果が[Arg1]%増加する。,,,,,,,,,,,,,,
State_98571_Desc,bCiZ,z状态表_State_A.csv,5249,State,Desc,,使用银钥觉醒后回复 [Arg1] 生命，获得 [Arg2] 点银钥能量。,シルバーキー覚醒後、ライフを[Arg1]回復し、[Arg2]キーエネルギーを獲得。,,,,,,,,,,,,,,
State_98597_Desc,bCjp,z状态表_State_A.csv,5250,State,Desc,,使用银钥觉醒后回复 [Arg1] 生命，获得 [Arg2] 点银钥能量。,シルバーキー覚醒後、ライフを[Arg1]回復し、[Arg2]キーエネルギーを獲得。,,,,,,,,,,,,,,
State_98630_Desc,bCjP,z状态表_State_A.csv,5252,State,Desc,,战斗开始时和触发死亡抵抗后，获得 [Arg1] 点银钥能量。,戦闘開始時と死亡抵抗を発動した後、[Arg1]キーエネルギーを獲得。,,,,,,,,,,,,,,
State_98624_Desc,bCjJ,z状态表_State_A.csv,5253,State,Desc,,战斗开始时和触发死亡抵抗后，获得 [Arg1] 点银钥能量。,戦闘開始時と死亡抵抗を発動した後、[Arg1]キーエネルギーを獲得。,,,,,,,,,,,,,,
State_98555_Desc,bCiM,z状态表_State_A.csv,5255,State,Desc,,战斗开始时获得 [Arg1]% 强效。每回合首次施加中毒后，抽 [Arg2] 张牌。,戦闘開始時、[Arg1]%のダメージ強化を獲得。毎ターンで初めて毒を付与した後、カードを[Arg2]枚引く。,,,,,,,,,,,,,,
State_98590_Desc,bCjm,z状态表_State_A.csv,5256,State,Desc,,战斗开始时获得 [Arg1]% 强效。每回合首次施加中毒后，抽 [Arg2] 张牌。,戦闘開始時、[Arg1]%のダメージ強化を獲得。毎ターンで初めて毒を付与した後、カードを[Arg2]枚引く。,,,,,,,,,,,,,,
State_98559_Desc,bCiP,z状态表_State_A.csv,5260,State,Desc,,每抽一张牌或弃一张牌获得 [Arg1] 临时力量 ，最多获得 [Arg2] 临时力量。,カードを1枚引くか捨てるたびに、[Arg1]点の一時的な力を獲得する。最大[Arg2]点。,,,,,,,,,,,,,,
State_98587_Desc,bCjj,z状态表_State_A.csv,5261,State,Desc,,每抽一张牌或弃一张牌获得 [Arg1] 临时力量 ，最多获得 [Arg2] 临时力量。,カードを1枚引くか捨てるたびに、[Arg1]点の一時的な力を獲得する。最大[Arg2]点。,,,,,,,,,,,,,,
State_98602_Desc,bCjs,z状态表_State_A.csv,5264,State,Desc,,战斗开始时获得 [Arg1]% 伤害强效。每回合首次获得反击后，获得 1/2 算力。,戦闘開始時、[Arg1]%のダメージ強化を獲得する。毎ターン初めて反撃を獲得した後、1/2の行動力を獲得する。,,,,,,,,,,,,,,
State_98632_Desc,bCjQ,z状态表_State_A.csv,5265,State,Desc,,战斗开始时获得 [Arg1]% 伤害强效。每回合首次获得反击后，获得 1/2 算力。,戦闘開始時、[Arg1]%のダメージ強化を獲得する。毎ターン初めて反撃を獲得した後、1/2の行動力を獲得する。,,,,,,,,,,,,,,
State_98613_Desc,bCjB,z状态表_State_A.csv,5269,State,Desc,,战斗开始时获得 [Arg1]% 伤害强效，每打出一张不同唤醒体的指令卡额外获得 15/30% 临时伤害强效。,戦闘開始時、[Arg1]%のダメージ強化を獲得する。異なる覚醒体の指令カードを1枚使用するたび、追加で15/30%の一時的なダメージ強化を獲得する。,,,,,,,,,,,,,,
State_98608_Desc,bCjx,z状态表_State_A.csv,5270,State,Desc,,战斗开始时获得 [Arg1]% 伤害强效，每打出一张不同唤醒体的指令卡额外获得 15/30% 临时伤害强效。,戦闘開始時、[Arg1]%のダメージ強化を獲得する。異なる覚醒体の指令カードを1枚使用するたび、追加で15/30%の一時的なダメージ強化を獲得する。,,,,,,,,,,,,,,
State_98611_Desc,bCjz,z状态表_State_A.csv,5275,State,Desc,,战斗开始时界域精通 +[Arg1]。奇数回合开始时抽 1 张牌，偶数回合开始时获得 1 点算力。,戦闘開始時、界域知識+[Arg1]。奇数ターン開始時にカードを1枚引き、偶数ターン開始時に1点の行動力を獲得する。,,,,,,,,,,,,,,
State_98551_Desc,bCiK,z状态表_State_A.csv,5276,State,Desc,,战斗开始时界域精通 +[Arg1]。奇数回合开始时抽 1 张牌，偶数回合开始时获得 1 点算力。,戦闘開始時、界域知識+[Arg1]。奇数ターン開始時にカードを1枚引き、偶数ターン開始時に1点の行動力を獲得する。,,,,,,,,,,,,,,
State_98607_Desc,bCjw,z状态表_State_A.csv,5279,State,Desc,,每回合首次「钥令」激发所有触腕攻击 [Arg1] 次敌方，造成 50% 伤害。,毎ターン初めて「キーオーダー」を発動した後、すべての触腕に敵を[Arg1]回攻撃させ、50%のダメージを与える。,,,,,,,,,,,,,,
State_98628_Desc,bCjN,z状态表_State_A.csv,5280,State,Desc,,每回合首次「钥令」激发所有触腕攻击 [Arg1] 次敌方，造成 50% 伤害。,毎ターン初めて「キーオーダー」を発動した後、すべての触腕に敵を[Arg1]回攻撃させ、50%のダメージを与える。,,,,,,,,,,,,,,
State_98589_Desc,bCjl,z状态表_State_A.csv,5283,State,Desc,,战斗开始时使所有敌人临时失去 [Arg1] 力量。使用「猩红熔炉」也会触发这个效果，但具有 3 回合冷却。,戦闘開始時、すべての敵から[Arg1]点の力を一時的に減少させる。「猩紅炉」を使用した時もこの效果が発動し、クールダウン3ターン。,,,,,,,,,,,,,,
State_98600_Desc,bCjr,z状态表_State_A.csv,5284,State,Desc,,战斗开始时使所有敌人临时失去 [Arg1] 力量。使用「猩红熔炉」也会触发这个效果，但具有 3 回合冷却。,戦闘開始時、すべての敵から[Arg1]点の力を一時的に減少させる。「猩紅炉」を使用した時もこの效果が発動し、クールダウン3ターン。,,,,,,,,,,,,,,
State_98576_Desc,bCjc,z状态表_State_A.csv,5287,State,Desc,,战斗开始对所有敌人造成 [Arg1] 层虚弱和易伤。「湮灭」后也会触发这个效果，但具有 3 回合冷却。,戦闘開始時、すべての敵に[Arg1]点の虚弱と易傷を与える。「湮滅」を発動した後もこの効果が発動し、クールダウン3ターン。,,,,,,,,,,,,,,
State_98625_Desc,bCjK,z状态表_State_A.csv,5288,State,Desc,,战斗开始对所有敌人造成 [Arg1] 层虚弱和易伤。「湮灭」后也会触发这个效果，但具有 3 回合冷却。,戦闘開始時、すべての敵に[Arg1]点の虚弱と易傷を与える。「湮滅」を発動した後もこの効果が発動し、クールダウン3ターン。,,,,,,,,,,,,,,
State_98586_Desc,bCji,z状态表_State_A.csv,5291,State,Desc,,回合开始时，所有狂气不足以释放狂气爆发的唤醒体获得 [Arg1] 点狂气。,ターン開始時、「狂気解放」の発動に必要な狂気を持たないすべての覚醒体が[Arg1]狂気を獲得する。,,,,,,,,,,,,,,
State_98623_Desc,bCjI,z状态表_State_A.csv,5292,State,Desc,,回合开始时，所有狂气不足以释放狂气爆发的唤醒体获得 [Arg1] 点狂气。,ターン開始時、「狂気解放」の発動に必要な狂気を持たないすべての覚醒体が[Arg1]狂気を獲得する。,,,,,,,,,,,,,,
State_98582_Desc,bCjg,z状态表_State_A.csv,5294,State,Desc,,每释放 5 次「狂气爆发」后，下 [Arg1] 张非衍生指令卡额外生效 1 次。,「狂気解放」を5回発動するたびに、次に使用する[Arg1]枚の非派生指令カードは追加で1回効果を発動する。,,,,,,,,,,,,,,
State_98614_Desc,bCjC,z状态表_State_A.csv,5295,State,Desc,,每释放 5 次「狂气爆发」后，下 [Arg1] 张非衍生指令卡额外生效 1 次。,「狂気解放」を5回発動するたびに、次に使用する[Arg1]枚の非派生指令カードは追加で1回効果を発動する。,,,,,,,,,,,,,,
State_98686_Desc,bCjR,z状态表_State_A.csv,5297,State,Desc,,下 [Layer] 张非衍生指令卡额外生效 1 次。,次に使用する[Layer]枚の非派生指令カードは追加で1回効果を発動する。,,,,,,,,,,,,,,
State_98564_Desc,bCiU,z状态表_State_A.csv,5301,State,Desc,,「狂气爆发」获得 [Arg1] 银钥能量，每回合最多触发 3 次。,「狂気解放」を発動した後、 [Arg1]キーエネルギーを獲得する。毎ターン最大3回まで発動可能。,,,,,,,,,,,,,,
State_98627_Desc,bCjM,z状态表_State_A.csv,5302,State,Desc,,「狂气爆发」获得 [Arg1] 银钥能量，每回合最多触发 3 次。,「狂気解放」を発動した後、 [Arg1]キーエネルギーを獲得する。毎ターン最大3回まで発動可能。,,,,,,,,,,,,,,
State_98610_Desc,bCjy,z状态表_State_A.csv,5305,State,Desc,,使用银钥觉醒后使手中算力最高的 2/4 张卡牌在下次打出前获得保留和预备，获得 100/200 点银钥能量。,シルバーキー覚醒後、手札の中で行動力が最も高いカード2/4枚に次回使用するまで「保持」と「準備」を付与し、100/200キーエネルギーを獲得する。,,,,,,,,,,,,,,
State_98575_Desc,bCjb,z状态表_State_A.csv,5309,State,Desc,,战斗开始时获得伤害强效 +[Arg1]%。造成主动伤害后对所有敌人造成 [Arg2] 中毒，每回合最多额外触发 5 次。,戦闘開始時、[Arg1]%のダメージ強化を獲得。アクティブダメージを与えた後、すべての敵に[Arg2]点の毒を付与し、毎ターン最大5回まで発動可能。,,,,,,,,,,,,,,
State_98568_Desc,bCiX,z状态表_State_A.csv,5310,State,Desc,,战斗开始时获得伤害强效 +[Arg1]%。造成主动伤害后对所有敌人造成 [Arg2] 中毒，每回合最多额外触发 5 次。,戦闘開始時、[Arg1]%のダメージ強化を獲得。アクティブダメージを与えた後、すべての敵に[Arg2]点の毒を付与し、毎ターン最大5回まで発動可能。,,,,,,,,,,,,,,
State_98598_Desc,bCjq,z状态表_State_A.csv,5314,State,Desc,,战斗开始时获得 [Arg1] 力量。每打出一张 「消耗」 的牌就获得 [Arg2] 临时力量，最多触发 [Arg3] 次。,戦闘開始時、[Arg1]点の力を獲得。「除外」の付与されたカードを1枚使用するたびに、[Arg2]点の一時的な力を獲得し、最大[Arg3]回まで発動可能。,,,,,,,,,,,,,,
State_98563_Desc,bCiT,z状态表_State_A.csv,5315,State,Desc,,战斗开始时获得 [Arg1] 力量。每打出一张 「消耗」 的牌就获得 [Arg2] 临时力量，最多触发 [Arg3] 次。,戦闘開始時、[Arg1]点の力を獲得。「除外」の付与されたカードを1枚使用するたびに、[Arg2]点の一時的な力を獲得し、最大[Arg3]回まで発動可能。,,,,,,,,,,,,,,
State_98603_Desc,bCjt,z状态表_State_A.csv,5318,State,Desc,,战斗开始时获得伤害强效 +[Arg1]%。受到伤害后获得 [Arg2] 反击，每回合最多触发 3 次。,戦闘開始時、[Arg1]%のダメージ強化を獲得。ダメージを受けた後、[Arg2]点の<RetaliateIconKeywords:反撃>を獲得し、毎ターン最大3回まで発動可能。,,,,,,,,,,,,,,
State_98604_Desc,bCju,z状态表_State_A.csv,5319,State,Desc,,战斗开始时获得伤害强效 +[Arg1]%。受到伤害后获得 [Arg2] 反击，每回合最多触发 3 次。,戦闘開始時、[Arg1]%のダメージ強化を獲得。ダメージを受けた後、[Arg2]点の<RetaliateIconKeywords:反撃>を獲得し、毎ターン最大3回まで発動可能。,,,,,,,,,,,,,,
State_98560_Desc,bCiQ,z状态表_State_A.csv,5323,State,Desc,,所有唤醒体造成的基础伤害提高 [Arg1]%。释放狂气爆发前，使释放狂气爆发的唤醒体造成的基础伤害临时提高 [Arg2]%。,すべての覚醒体が与える基礎ダメージが[Arg1]%増加する。「狂気解放」を発動する前に、対応する覚醒体の基礎ダメージが一時的に [Arg2]% 増加する。,,,,,,,,,,,,,,
State_98577_Desc,bCjd,z状态表_State_A.csv,5324,State,Desc,,所有唤醒体造成的基础伤害提高 [Arg1]%。释放狂气爆发前，使释放狂气爆发的唤醒体造成的基础伤害临时提高 [Arg2]%。,すべての覚醒体が与える基礎ダメージが[Arg1]%増加する。「狂気解放」を発動する前に、対応する覚醒体の基礎ダメージが一時的に [Arg2]% 増加する。,,,,,,,,,,,,,,
State_98561_Desc,bCiR,z状态表_State_A.csv,5328,State,Desc,,回合开始时，若生命低于 50% 临时伤害强效 +[Arg1]%。若生命低于 25%，额外抽 [Arg2] 张牌并获得 [Arg2] 算力。,ターン開始時にライフが50%未満の場合、一時的なダメージ強化+[Arg1]%。ライフが25%未満の場合、追加でカードを[Arg2]枚引き、[Arg2]点の行動力を獲得する。,,,,,,,,,,,,,,
State_98579_Desc,bCje,z状态表_State_A.csv,5329,State,Desc,,回合开始时，若生命低于 50% 临时伤害强效 +[Arg1]%。若生命低于 25%，额外抽 [Arg2] 张牌并获得 [Arg2] 算力。,ターン開始時にライフが50%未満の場合、一時的なダメージ強化+[Arg1]%。ライフが25%未満の場合、追加でカードを[Arg2]枚引き、[Arg2]点の行動力を獲得する。,,,,,,,,,,,,,,
State_98617_Desc,bCjF,z状态表_State_A.csv,5332,State,Desc,,造成主动或触腕伤害后，使目标当回合受到的触腕伤害提高 [Arg1]%，每回合最多触发 20 次。,アクティブダメージまたは触腕ダメージを与えた後、そのターンに対象が受ける触腕ダメージが[Arg1]%増加する。毎ターン最大20回まで発動可能。,,,,,,,,,,,,,,
State_98562_Desc,bCiS,z状态表_State_A.csv,5333,State,Desc,,造成主动或触腕伤害后，使目标当回合受到的触腕伤害提高 [Arg1]%，每回合最多触发 20 次。,アクティブダメージまたは触腕ダメージを与えた後、そのターンに対象が受ける触腕ダメージが[Arg1]%増加する。毎ターン最大20回まで発動可能。,,,,,,,,,,,,,,
State_98553_Desc,bCiL,z状态表_State_A.csv,5336,State,Desc,,每当生成 1 个「胚胎」，获得 [Arg1] 点猩红熔炉，每回合最多触发 3 次。,「胚胎」を1枚獲得するたびに、[Arg1]点の猩紅炉を蓄積する。毎ターンで最大3回まで発動可能。,,,,,,,,,,,,,,
State_98557_Desc,bCiO,z状态表_State_A.csv,5337,State,Desc,,每当生成 1 个「胚胎」，获得 [Arg1] 点猩红熔炉，每回合最多触发 3 次。,「胚胎」を1枚獲得するたびに、[Arg1]点の猩紅炉を蓄積する。毎ターンで最大3回まで発動可能。,,,,,,,,,,,,,,
State_98606_Desc,bCjv,z状态表_State_A.csv,5340,State,Desc,,每当一张卡进入超维空间时，从抽牌堆抽 [Arg1] 张此卡归属者的指令卡，若无法抽取改为获得等量算力。每回合最多生效 2 次。,カードが超次元空間に置かれるたびに、山札から対応する覚醒体の指令カードを[Arg1]枚引く。ドローできない場合は、代わりに同量の行動力を獲得する。毎ターン最大2回まで発動可能。,,,,,,,,,,,,,,
State_98565_Desc,bCiV,z状态表_State_A.csv,5341,State,Desc,,每当一张卡进入超维空间时，从抽牌堆抽 [Arg1] 张此卡归属者的指令卡，若无法抽取改为获得等量算力。每回合最多生效 2 次。,カードが超次元空間に置かれるたびに、山札から対応する覚醒体の指令カードを[Arg1]枚引く。ドローできない場合は、代わりに同量の行動力を獲得する。毎ターン最大2回まで発動可能。,,,,,,,,,,,,,,
State_98612_Desc,bCjA,z状态表_State_A.csv,5344,State,Desc,,每回合首次「钥令」使临时伤害强效 +[Arg1]%，生命越低则效果越强。,毎ターン初めて「キーオーダー」を発動した後、一時的なダメージ強化+[Arg1]%。ライフが低いほど効果が高くなる。,,,,,,,,,,,,,,
State_98626_Desc,bCjL,z状态表_State_A.csv,5345,State,Desc,,每回合首次「钥令」使临时伤害强效 +[Arg1]%，生命越低则效果越强。,毎ターン初めて「キーオーダー」を発動した後、一時的なダメージ強化+[Arg1]%。ライフが低いほど効果が高くなる。,,,,,,,,,,,,,,
State_98615_Desc,bCjD,z状态表_State_A.csv,5349,State,Desc,,每回合首次「钥令」返还消耗 [Arg1]% 消耗的银钥能量。,毎ターン初めて「キーオーダー」を発動した後、消費したキーエネルギーの[Arg1]%を返還する。,,,,,,,,,,,,,,
State_98596_Desc,bCjo,z状态表_State_A.csv,5350,State,Desc,,每回合首次「钥令」返还消耗 [Arg1]% 消耗的银钥能量。,毎ターン初めて「キーオーダー」を発動した後、消費したキーエネルギーの[Arg1]%を返還する。,,,,,,,,,,,,,,
State_98583_Desc,bCjh,z状态表_State_A.csv,5353,State,Desc,,所有唤醒体每回合首次「指令卡」获得 [Arg1] 点银钥能量。,すべての覚醒体が毎ターン初めて使用する「指令カード」は[Arg1]キーエネルギーを獲得する。,,,,,,,,,,,,,,
State_98581_Desc,bCjf,z状态表_State_A.csv,5354,State,Desc,,所有唤醒体每回合首次「指令卡」获得 [Arg1] 点银钥能量。,すべての覚醒体が毎ターン初めて使用する「指令カード」は[Arg1]キーエネルギーを獲得する。,,,,,,,,,,,,,,
State_98619_Desc,bCjG,z状态表_State_A.csv,5357,State,Desc,,回合结束时若银钥能量已满，消耗 [Arg1] 点银钥能量将一张「银钥微光」置入手牌。,ターン終了後、キーエネルギーが上限に達している場合、[Arg1]キーエネルギーを消費し、「シルバーキーの微光」を1枚手札に追加する。,,,,,,,,,,,,,,
State_98621_Desc,bCjH,z状态表_State_A.csv,5358,State,Desc,,回合结束时若银钥能量已满，消耗 [Arg1] 点银钥能量将一张「银钥曦光」置入手牌。,ターン終了後、キーエネルギーが上限に達している場合、[Arg1]キーエネルギーを消費し、「シルバーキーの微光」を1枚手札に追加する。,,,,,,,,,,,,,,
State_98591_Desc,bCjn,z状态表_State_A.csv,5360,State,Desc,,每回合首次「钥令」后对所有敌人施加 [Arg1] 层中毒，并获得 [Arg2] 层反击。,毎ターン初めて「キーオーダー」を使用した後、すべての敵に[Arg1]点の毒を付与し、[Arg2]点の反撃を獲得する。,,,,,,,,,,,,,,
State_98569_Desc,bCiY,z状态表_State_A.csv,5361,State,Desc,,每回合首次「钥令」后对所有敌人施加 [Arg1] 层中毒，并获得 [Arg2] 层反击。,毎ターン初めて「キーオーダー」を使用した後、すべての敵に[Arg1]点の毒を付与し、[Arg2]点の反撃を獲得する。,,,,,,,,,,,,,,
State_98572_Desc,bCja,z状态表_State_A.csv,5364,State,Desc,,每回合释放第二次「钥令」后获得 [Arg1] 点银钥能量，所有唤醒体获得 [Arg2] 点狂气。,毎ターン2回目の「キーオーダー」を発動した後、[Arg1]キーエネルギーを獲得し、すべての覚醒体が[Arg2]狂気を獲得する。,,,,,,,,,,,,,,
State_98629_Desc,bCjO,z状态表_State_A.csv,5365,State,Desc,,每回合释放第二次「钥令」后获得 [Arg1] 点银钥能量，所有唤醒体获得 [Arg2] 点狂气。,毎ターン2回目の「キーオーダー」を発動した後、[Arg1]キーエネルギーを獲得し、すべての覚醒体が[Arg2]狂気を獲得する。,,,,,,,,,,,,,,
State_116342_Desc,bHuQ,z状态表_State_A.csv,5367,State,Desc,,打出<ErosionColorInkKeywords:融蚀彩墨>卡牌后使「绘者」获得 1 层<DecayDye:幻世染料>。,<ErosionColorInkKeywords:融蝕彩墨>カードを使用すると、「画家」は1点の<DecayDye:幻の染料>を獲得する。,,,,,,,,,,,,,,
State_100621_Name,bCEr,z状态表_State_A.csv,5475,State,Name,,微弱烛光,小さな灯火,,,,,,,,,,,,,,
State_100621_Desc,bCEc,z状态表_State_A.csv,5475,State,Desc,,每有 1 层使玩家造成的基础伤害降低 15%，能在之后指引航行的方向。,1点ごとにプレイヤーの基礎ダメージが15%減少し、その後の航路を示す。,,,,,,,,,,,,,,
State_100623_Name,bCEs,z状态表_State_A.csv,5476,State,Name,,迷航之光,迷航の光,,,,,,,,,,,,,,
State_100623_Desc,bCEd,z状态表_State_A.csv,5476,State,Desc,,每有 1 层使玩家造成的基础伤害降低 30%，造成主动或触腕伤害后，减少自身 [DescArg1] 中毒。,1点ごとにプレイヤーが与える基礎ダメージが30%減少する。アクティブダメージまたは触腕ダメージを与えた後に、自身の毒を[DescArg1]点除去する。,,,,,,,,,,,,,,
State_100694_Name,bCEB,z状态表_State_A.csv,5477,State,Name,,迷航之光,迷航の光,,,,,,,,,,,,,,
State_100694_Desc,bCEA,z状态表_State_A.csv,5477,State,Desc,,每有 1 层使玩家造成的基础伤害降低 30%，造成主动或触腕伤害后，减少自身中毒。,1点ごとにプレイヤーが与える基礎ダメージが30%減少する。アクティブダメージまたは触腕ダメージを与えた後、自身の毒を除去する。,,,,,,,,,,,,,,
State_100619_Name,bCEb,z状态表_State_A.csv,5478,State,Name,,衰竭抵抗,衰弱耐性,,,,,,,,,,,,,,
State_100619_Desc,bCEa,z状态表_State_A.csv,5478,State,Desc,,力量被降低时，仅会降低 50% 的力量层数。,力の減少を受けた場合、現在の点数の50%が減少する。,,,,,,,,,,,,,,
State_100639_Name,bCEv,z状态表_State_A.csv,5481,State,Name,,遗失的久远之城,失われた古都,,,,,,,,,,,,,,
State_100639_Desc,bCEu,z状态表_State_A.csv,5481,State,Desc,,造成的触腕伤害临时降低 50%。,触腕ダメージが一時的に50%減少する。,,,,,,,,,,,,,,
State_117346_Name,bImw,z状态表_State_A.csv,5504,State,Name,,罪印,罪印,,,,,,,,,,,,,,
State_117346_Desc,bImv,z状态表_State_A.csv,5504,State,Desc,,波吕克斯造成的伤害附加 [Layer]％ 出血。,ポリュクスが与えるダメージは[Layer]%の出血を付与する。,,,,,,,,,,,,,,
State_117358_Name,bImB,z状态表_State_A.csv,5505,State,Name,,<ZuiyinKeywords:罪印>,<ZuiyinKeywords:罪印>,,,,,,,,,,,,,,
State_117889_Name,bJDP,z状态表_State_A.csv,5528,State,Name,,群序之力,群れの力,,,,,,,,,,,,,,
State_117889_Desc,bJDO,z状态表_State_A.csv,5528,State,Desc,,登场时自身最大生命提高 10% 并为其他友方增加 [DescArg1] 的<PowerIconKeywords:力量>，使本场战斗中<FishLeapWords:群序之力>的生命提高和获取力量效果额外触发 1 次。,自身の最大ライフが10%増加し、他の味方に[DescArg1]点の<PowerIconKeywords:力>を与える。この戦闘中に<FishLeapWords:群れの力>によるライフ増加と力獲得の効果が追加で1回発動する。,,,,,,,,,,,,,,
State_117880_Desc,bJDG,z状态表_State_A.csv,5530,State,Desc,,本场战斗中之后的「鱼群飞跃」额外触发 1 次。,この戦闘中、次の「群れの力」は追加で1回発動する。,,,,,,,,,,,,,,
State_120312_Name,bKpp,z状态表_State_A.csv,5531,State,Name,,鱼潮洄游,回遊する魚,,,,,,,,,,,,,,
State_120312_Desc,bKpo,z状态表_State_A.csv,5531,State,Desc,,死亡后立刻召唤一名随机的「鱼王」 ，使其「鱼潮洄游」降低 1 层。,死亡後、即座にランダムな「魚王」を1体召喚し、1点減少する。,,,,,,,,,,,,,,
State_119958_Name,bKlA,z状态表_State_A.csv,5532,State,Name,,鱼潮洄游,回遊する魚,,,,,,,,,,,,,,
State_119958_Desc,bKlz,z状态表_State_A.csv,5532,State,Desc,,死亡后立刻召唤一名随机的「鱼群」 ，使其「鱼潮洄游」降低 1 层。,死亡後、即座にランダムな「魚群」を1体召喚し、1点減少する。,,,,,,,,,,,,,,
State_119959_Name,bKlC,z状态表_State_A.csv,5533,State,Name,,生生不息,命尽きることなく,,,,,,,,,,,,,,
State_119959_Desc,bKlB,z状态表_State_A.csv,5533,State,Desc,,死亡后立刻召唤一名随机的「胎群」 ，使其「生生不息」降低 1 层。,死亡後、即座にランダムな「仔群」を1体召喚し、1点減少する。,,,,,,,,,,,,,,
State_118118_Name,bJEd,z状态表_State_A.csv,5534,State,Name,,触腕集结,触腕集結,,,,,,,,,,,,,,
State_118118_Desc,bJEc,z状态表_State_A.csv,5534,State,Desc,,获得 1 条<TentacleInjurieIconKeywords:触腕伤害>为 [TentaclePower:DescArg1] 的触腕和 5 条触腕上限。回合结束后获得 1 条触腕。受到的力量降低效果缩减 50%。,[TentaclePower:DescArg1]<TentacleInjurieIconKeywords:触腕ダメージ>の触腕1本と触腕の上限を5本獲得する。ターン終了後、触腕を1本獲得する。受ける力減少効果が50%減少する。,,,,,,,,,,,,,,
State_118113_Name,bJDT,z状态表_State_A.csv,5535,State,Name,,软体特性I,軟体体質Ⅰ,,,,,,,,,,,,,,
State_118113_Desc,bJDS,z状态表_State_A.csv,5535,State,Desc,,受到主动伤害并失去生命后，获得等同于失去生命 15% 的护盾和失去生命 5% 的<AlertIconKeywords: 临时戒备>。,アクティブダメージを受けてライフを失った場合、失ったライフの15%のシールドと失ったライフの5%の<AlertIconKeywords: 一時的な警戒>を獲得する。,,,,,,,,,,,,,,
State_118119_Name,bJEf,z状态表_State_A.csv,5536,State,Name,,软体特性II,軟体体質Ⅱ,,,,,,,,,,,,,,
State_118119_Desc,bJEe,z状态表_State_A.csv,5536,State,Desc,,受到主动伤害并失去生命后，获得等同于失去生命 25% 的护盾和失去生命 5% 的<AlertIconKeywords: 临时戒备>。,アクティブダメージを受けてライフを失った場合、失ったライフの25%のシールドと失ったライフの5%の<AlertIconKeywords: 一時的な警戒>を獲得する。,,,,,,,,,,,,,,
State_118114_Name,bJDV,z状态表_State_A.csv,5537,State,Name,,软体特性III,軟体体質Ⅲ,,,,,,,,,,,,,,
State_118114_Desc,bJDU,z状态表_State_A.csv,5537,State,Desc,,受到主动伤害并失去生命后，获得等同于失去生命 35% 的护盾和失去生命 10% 的<AlertIconKeywords: 临时戒备>。,アクティブダメージを受けてライフを失った場合、失ったライフの35%のシールドと失ったライフの5%の<AlertIconKeywords: 一時的な警戒>を獲得する。,,,,,,,,,,,,,,
State_119960_Name,bKmU,z状态表_State_A.csv,5538,State,Name,,<PurpleKeyWord:腐朽>,<PurpleKeyWord:腐朽>,,,,,,,,,,,,,,
State_119960_Desc,bKmT,z状态表_State_A.csv,5538,State,Desc,,造成的所有伤害降低 35%，玩家当前生命高于 50%时清除。,与えるすべてのダメージが35%減少する。プレイヤーの現在のライフが50%以上の場合、これを解除する。,,,,,,,,,,,,,,
State_120907_Name,bKws,z状态表_State_A.csv,5544,State,Name,,暗流,暗流,,,,,,,,,,,,,,
State_120907_Desc,bKwr,z状态表_State_A.csv,5544,State,Desc,,触腕攻击时若被格挡，则造成 [DescArg1] 层<IntoxicationIconKeywords:中毒>。,触腕の攻撃がブロックされた場合、[DescArg1]点の<IntoxicationIconKeywords:毒>を付与する。,,,,,,,,,,,,,,
State_120908_Name,bKwu,z状态表_State_A.csv,5545,State,Name,,暗流,暗流,,,,,,,,,,,,,,
State_120908_Desc,bKwt,z状态表_State_A.csv,5545,State,Desc,,触腕攻击时若被格挡，则造成等量层数的<IntoxicationIconKeywords:中毒>。,触腕の攻撃がブロックされた場合、同量の点数の<IntoxicationIconKeywords:毒>を付与する。,,,,,,,,,,,,,,
State_119960_Name,bKmU,z状态表_State_A.csv,5538,State,Name,,<PurpleKeyWord:腐朽>,<PurpleKeyWord:腐朽>,,,,,,,,,,,,,,
State_119960_Desc,bKmT,z状态表_State_A.csv,5538,State,Desc,,造成的所有伤害降低 35%，玩家当前生命高于 50%时清除。,与えるすべてのダメージが35%減少する。プレイヤーの現在のライフが50%以上の場合、これを解除する。,,,,,,,,,,,,,,
State_117875_Name,bJDB,z状态表_State_A.csv,5554,State,Name,,互助契约：鱼群,相互契約：魚群,,,,,,,,,,,,,,
State_117875_Desc,bJDA,z状态表_State_A.csv,5554,State,Desc,,若后方有空余位置，则在行动后失去 1 层，召唤 1 个附加「美味鱼生」的「幼鱼」。,後列に空きがある場合、行動後に1点消費し、「美味しい刺身」が付与された「仔群」を1体召喚すうｒ。,,,,,,,,,,,,,,
State_118115_Name,bJDX,z状态表_State_A.csv,5555,State,Name,,互助契约：深海分殖体,相互契約：深海の増殖体,,,,,,,,,,,,,,
State_118115_Desc,bJDW,z状态表_State_A.csv,5555,State,Desc,,若前排有空余位置，则在行动后失去 1 层，召唤 1 个「深海分殖体」。,前列に空きがある場合、行動後に1点消費して「深海の増殖体」を1体召喚する。,,,,,,,,,,,,,,
State_117870_Name,bJDx,z状态表_State_A.csv,5558,State,Name,,美味鱼生,美味しい刺身,,,,,,,,,,,,,,
State_117870_Desc,bJDw,z状态表_State_A.csv,5558,State,Desc,,死亡后，击杀者回复 20% 已损失生命。,死亡後、撃破者は失ったライフの10%を回復する。,,,,,,,,,,,,,,
State_118112_Desc,bJDQ,z状态表_State_A.csv,5559,State,Desc,,受到的单次伤害上限为 [DescArg1] 点，生命低于 50% 后移除。,受ける単発ダメージの上限は[DescArg1]点。ライフが50%未満になると除去される。,,,,,,,,,,,,,,
State_118319_Desc,bJEg,z状态表_State_A.csv,5560,State,Desc,,受到的单次伤害上限为 [DescArg1] 点，生命低于 50% 后移除。,受ける単発ダメージの上限は[DescArg1]点。ライフが50%未満になると除去される。,,,,,,,,,,,,,,
State_118116_Desc,bJDY,z状态表_State_A.csv,5561,State,Desc,,受到的单次伤害上限为 [DescArg1] 点，生命低于 50% 后移除。,受ける単発ダメージの上限は[DescArg1]点。ライフが50%未満になると除去される。,,,,,,,,,,,,,,
State_118117_Desc,bJEa,z状态表_State_A.csv,5562,State,Desc,,受到的单次伤害上限为 [DescArg1] 点，生命低于 50% 后移除。,受ける単発ダメージの上限は[DescArg1]点。ライフが50%未満になると除去される。,,,,,,,,,,,,,,
State_117885_Name,bJDN,z状态表_State_A.csv,5565,State,Name,,以牙还牙,目には目を,,,,,,,,,,,,,,
State_117885_Desc,bJDM,z状态表_State_A.csv,5565,State,Desc,,受到力量降低效果时也会对施加者产生等量力量降低效果。,力の減少効果を受けた場合、相手にも同量の力の減少効果を付与する。,,,,,,,,,,,,,,
State_118943_Name,bJET,z状态表_State_A.csv,5569,State,Name,,神母的牺牲,神母の犠牲,,,,,,,,,,,,,,
State_118943_Desc,bJES,z状态表_State_A.csv,5569,State,Desc,,自身回合受到的伤害翻倍。自身失去生命时，失去等量层数。层数为 0 时使触腕条数永久降低 1 条并重置层数，最低为 1 条。,自身のターンに受けるダメージが2倍になる。自身がライフを失った場合、失ったライフと同量の点数を失う。点数が0になると、触腕が永久的に1本減少し、点数をリセットする。最低1本。,,,,,,,,,,,,,,
State_118938_Desc,bJEQ,z状态表_State_A.csv,5573,State,Desc,,「深海淑女」已经觉醒，造成的护盾量大大提高！,「深海の淑女」が覚醒し、獲得するシールドが大幅に増加する！,,,,,,,,,,,,,,
State_121015_Name,bKBp,z状态表_State_A.csv,5574,State,Name,,圣胎的回护,聖胎の加護,,,,,,,,,,,,,,
State_121015_Desc,bKBo,z状态表_State_A.csv,5574,State,Desc,,回合开始时护盾不会清除。拥有护盾时拥有 50 层<ReinforcePVEKeywords:加固>，护盾被破除时移除<ReinforcePVEKeywords:加固>。,ターン開始時にシールドが除去されない。シールドがある場合は50点の<ReinforcePVEKeywords:堅固>を保持し、シールドが破壊された場合は<ReinforcePVEKeywords:堅固>を除去する。,,,,,,,,,,,,,,
State_119109_Desc,bJFm,z状态表_State_A.csv,5579,State,Desc,,受到来自<SacrificeKeyWord:献祭>以外的伤害时，失去等量「神国秩序」，并获得伤害 50% 的<SacrificeKeyWord:献祭>。层数为 0 时获得 1 层「命契」并重置层数。,<SacrificeKeyWord:献上>以外のダメージを受けると、同量の「神国の秩序」を失い、ダメージの50％の<SacrificeKeyWord:献上>を獲得する。点数が0の場合、1点の「命契」を獲得し、点数数をリセットする。,,,,,,,,,,,,,,
State_119105_Desc,bJFg,z状态表_State_A.csv,5581,State,Desc,,死亡后失去所有「命契」。每层回复 1% 最大生命并使触腕伤害提高 1%。,死亡後、すべての「契約」を失う。1点につき最大ライフの1%を回復し、触腕ダメージが1%増加する。,,,,,,,,,,,,,,
State_120363_Name,bKqp,z状态表_State_A.csv,5589,State,Name,,<BlueKeyWord:献祭>,<BlueKeyWord:献上>,,,,,,,,,,,,,,
State_117876_Desc,bJDC,z状态表_State_A.csv,5591,State,Desc,,造成的 <WeaknessIconKeywords:虚弱>、<FragileIconKeywords:脆弱>、<HeavyInjuryKeywords:重创>效果提高为 50%。,付与する<WeaknessIconKeywords:虚弱>、<FragileIconKeywords:脆弱>、<HeavyInjuryKeywords:重傷>が50%増加する。,,,,,,,,,,,,,,
State_119757_Name,bKcF,z状态表_State_A.csv,5592,State,Name,,梦境桎梏,夢の束縛,,,,,,,,,,,,,,
State_119757_Desc,bKcE,z状态表_State_A.csv,5592,State,Desc,,在守密人回合开始时对其等同于「<Abyssallock:梦境桎梏>」层数的手牌施加 1 层<SlowIconKeywords:迟缓>。每次「乐园帷幕」被主动伤害击破都会降低 1 层，并使击破的唤醒体「完全封印」 1 回合。,プレイヤーのターン開始時、点数と同数の手札に1点の<SlowIconKeywords:遅延>を付与する。「楽園の帷」がアクティブダメージによって破壊されるたびに1点減少し、破壊した覚醒体を1ターン「完全封印」する。,,,,,,,,,,,,,,
State_120215_Name,bKmW,z状态表_State_A.csv,5593,State,Name,,深渊之锁,深淵の鎖,,,,,,,,,,,,,,
State_120215_Desc,bKmV,z状态表_State_A.csv,5593,State,Desc,,在守密人回合开始时对其等同于「<Abyssallock:梦境桎梏>」层数的手牌施加 1 层<SlowIconKeywords:迟缓>。每次「乐园帷幕」被主动伤害击破都会降低 1 层，并使击破的唤醒体「完全封印」 1 回合。,プレイヤーのターン開始時、「<Abyssallock:夢の束縛>」の点数と同数の手札に1点の<SlowIconKeywords:遅延>を付与する。「楽園の帷」がアクティブダメージで破壊されるたびに1点減少し、破壊した覚醒体を1ターン「完全封印」する。,,,,,,,,,,,,,,
State_119749_Name,bKcw,z状态表_State_A.csv,5594,State,Name,,梦境桎梏,夢の束縛,,,,,,,,,,,,,,
State_119749_Desc,bKcv,z状态表_State_A.csv,5594,State,Desc,,在守密人回合开始时对其等同于「<Abyssallock:梦境桎梏>」层数的手牌施加 1 层<SlowIconKeywords:迟缓>。,プレイヤーのターン開始時、点数と同数の手札に1点の<SlowIconKeywords:遅延>を付与する。,,,,,,,,,,,,,,
State_120216_Name,bKmY,z状态表_State_A.csv,5595,State,Name,,深渊之锁,深淵の鎖,,,,,,,,,,,,,,
State_120216_Desc,bKmX,z状态表_State_A.csv,5595,State,Desc,,在守密人回合开始时对其等同于「<Abyssallock:深渊之锁>」层数的手牌施加 1 层<SlowIconKeywords:迟缓>。,プレイヤーのターン開始時、「<Abyssallock:深淵の鎖>」の点数と同数の手札に1点の<SlowIconKeywords:遅延>を付与する。,,,,,,,,,,,,,,
State_119742_Name,bKco,z状态表_State_A.csv,5599,State,Name,,圣像赐福：永恒之梦,聖像の祝福：永遠の夢,,,,,,,,,,,,,,
State_119742_Desc,bKcn,z状态表_State_A.csv,5599,State,Desc,,每回合开始时回复已损失生命的 15%。,毎ターン開始時、失ったライフの15%を回復する。,,,,,,,,,,,,,,
State_119752_Name,bKcy,z状态表_State_A.csv,5600,State,Name,,圣像赐福：威能之梦,聖像の祝福：神威の夢,,,,,,,,,,,,,,
State_119752_Desc,bKcx,z状态表_State_A.csv,5600,State,Desc,,每回合开始时获得最大生命的 5% 的<PowerIconKeywords:力量>，临时暴击率 +25%。,毎ターン開始時、最大ライフの5%の<PowerIconKeywords:力>を獲得し、一時的なクリティカル率+25%。,,,,,,,,,,,,,,
State_119758_Name,bKcH,z状态表_State_A.csv,5601,State,Name,,圣像赐福：智识之梦,聖像の祝福：知恵の夢,,,,,,,,,,,,,,
State_119758_Desc,bKcG,z状态表_State_A.csv,5601,State,Desc,,每回合开始时所有唤醒体获得 10 点狂气。,毎ターン開始時、すべての覚醒体が10狂気を獲得する。,,,,,,,,,,,,,,
State_119743_Name,bKcq,z状态表_State_A.csv,5602,State,Name,,圣像诅咒：破灭之恨,聖像の呪い：破滅の恨み,,,,,,,,,,,,,,
State_119743_Desc,bKcp,z状态表_State_A.csv,5602,State,Desc,,所有唤醒体生命回复降低 50%。,すべての覚醒体のライフ回復効果が50%減少。,,,,,,,,,,,,,,
State_119741_Name,bKcm,z状态表_State_A.csv,5603,State,Name,,圣像诅咒：衰亡之哀,聖像の呪い：衰亡の哀しみ,,,,,,,,,,,,,,
State_119741_Desc,bKcl,z状态表_State_A.csv,5603,State,Desc,,所有唤醒体获得力量效果降低 50%。,すべての覚醒体の力獲得効果が50%減少。,,,,,,,,,,,,,,
State_119754_Name,bKcB,z状态表_State_A.csv,5604,State,Name,,圣像诅咒：痴愚之叹,聖像の呪い：愚者の嘆き,,,,,,,,,,,,,,
State_119754_Desc,bKcA,z状态表_State_A.csv,5604,State,Desc,,所有唤醒体造成的狂气降低 50%。,すべての覚醒体が獲得する狂気が50%減少。,,,,,,,,,,,,,,
State_119744_Name,bKcr,z状态表_State_A.csv,5607,State,Name,,免疫圣像诅咒：破灭之恨,聖像の呪い無効化：破滅の憎しみ,,,,,,,,,,,,,,
State_119744_Desc,bKmO,z状态表_State_A.csv,5607,State,Desc,,「圣像诅咒：破灭之恨」失效 1 回合。,「聖像の呪い：破滅の恨み」を 1ターン無効化する。,,,,,,,,,,,,,,
State_119748_Name,bKcu,z状态表_State_A.csv,5608,State,Name,,免疫圣像诅咒：衰亡之哀,聖像の呪い無効化：衰亡の哀しみ,,,,,,,,,,,,,,
State_119748_Desc,bKmP,z状态表_State_A.csv,5608,State,Desc,,「圣像诅咒：衰亡之哀」失效 1 回合。,「聖像の呪い：衰亡の哀しみ」を1ターン無効化する。,,,,,,,,,,,,,,
State_119756_Name,bKcD,z状态表_State_A.csv,5609,State,Name,,免疫圣像诅咒：痴愚之叹,聖像の呪い無効化：愚者の嘆き,,,,,,,,,,,,,,
State_119756_Desc,bKmS,z状态表_State_A.csv,5609,State,Desc,,「圣像诅咒：痴愚之叹」失效 1 回合。,「聖像の呪い：愚者の嘆き」を1ターン無効化する。,,,,,,,,,,,,,,
State_119747_Name,bKct,z状态表_State_A.csv,5610,State,Name,,银钥，指引前路,銀の鍵が道を照らさんことを,,,,,,,,,,,,,,
State_119747_Desc,bKEk,z状态表_State_A.csv,5610,State,Desc,,不会受到伤害，持续 1 回合。,ダメージを受けない。1ターン持続。,,,,,,,,,,,,,,
State_121850_Name,bKUB,z状态表_State_A.csv,5625,State,Name,,戈利亚·支援,ゴリアテ・支援,,,,,,,,,,,,,,
State_119063_Name,bJEW,z状态表_State_A.csv,5629,State,Name,,呼唤,呼び声,,,,,,,,,,,,,,
State_119063_Desc,bJEV,z状态表_State_A.csv,5629,State,Desc,,达到 5 层后，将意图更换为：「利莫里亚的荣光！」。,5点に達すると、行動予測は「リモリアの栄光！」に転換する。,,,,,,,,,,,,,,
State_117869_Name,bJDv,z状态表_State_A.csv,5630,State,Name,,深海主祭,深海の祭司,,,,,,,,,,,,,,
State_117869_Desc,bJDu,z状态表_State_A.csv,5630,State,Desc,,每次释放狂气爆发增加 1 层「呼唤」，每有 1 层「呼唤」获得 [DescArg1] 点力量，上限为 5 层。,狂気解放を発動するたびに、「呼び声」が1点増え、1点につき[DescArg1]点の力を獲得する。最大5点まで。,,,,,,,,,,,,,,
State_117883_Name,bJDL,z状态表_State_A.csv,5632,State,Name,,呼唤,呼び声,,,,,,,,,,,,,,
State_117883_Desc,bJDK,z状态表_State_A.csv,5632,State,Desc,,达到 5 层后，立即封印全体唤醒体，将意图更换为：「利莫里亚的荣光！+」。,5点に達すると、すべての覚醒体を即座に封印し、行動予測は「リモリアの栄光!+」に転換する。,,,,,,,,,,,,,,
State_119076_Name,bJFa,z状态表_State_A.csv,5636,State,Name,,互助契约：利莫里亚,相互契約：リモリア,,,,,,,,,,,,,,
State_119076_Desc,bJEZ,z状态表_State_A.csv,5636,State,Desc,,若前排有空余位置，则在行动后失去 1 层，随机召唤 1 个「利莫里亚唤醒体」。,前列に空きがある場合、行動後に1点を消費し、ランダムな「リモリアの覚醒体」を1体召喚する。,,,,,,,,,,,,,,
State_119075_Desc,bJEX,z状态表_State_A.csv,5637,State,Desc,,这位唤醒体还未觉醒…即将被击倒时会觉醒，回复生命并以真正的形态开始战斗。,この覚醒体はまだ未覚醒だ…撃破される直前に覚醒し、ライフを回復し、真の姿で戦闘を始める。,,,,,,,,,,,,,,
State_119077_Desc,bJFb,z状态表_State_A.csv,5638,State,Desc,,「呼唤」达到 5 层后，立即封印所有唤醒体。,「呼び声」が5点に達すると、即座にすべての覚醒体を封印する。,,,,,,,,,,,,,,
State_119362_Name,bJMv,z状态表_State_A.csv,5643,State,Name,,进行仪式,儀式を行う,,,,,,,,,,,,,,
State_119567_Name,bJNu,z状态表_State_A.csv,5644,State,Name,,完成仪式,儀式完了,,,,,,,,,,,,,,
State_121378_Name,bKLD,z状态表_State_A.csv,5648,State,Name,,<RetainIconKeywords:保留>：所有唤醒体造成的生命回复和护盾提高40%,<RetainIconKeywords:保持>：すべての覚醒体のライフ回復効果と獲得するシールドが40%増加,,,,,,,,,,,,,,
State_121377_Name,bKLC,z状态表_State_A.csv,5649,State,Name,,<RetainIconKeywords:保留>：每回合开始时获得 500点银钥能量,<RetainIconKeywords:保持>：ターン開始時に500キーエネルギーを獲得,,,,,,,,,,,,,,
State_121380_Name,bKLE,z状态表_State_A.csv,5650,State,Name,,<RetainIconKeywords:保留>：所有唤醒体造成狂气提高 50%,<RetainIconKeywords:保持>：すべての覚醒体が獲得する狂気が50%増加,,,,,,,,,,,,,,
State_119365_Name,bJMz,z状态表_State_A.csv,5651,State,Name,,镇定自若,冷静沈着,,,,,,,,,,,,,,
State_119365_Desc,bJMy,z状态表_State_A.csv,5651,State,Desc,,所有唤醒体造成的生命回复和护盾提高 40%。,すべての覚醒体のライフ回復と獲得するシールドが40%増加。,,,,,,,,,,,,,,
State_119368_Name,bJME,z状态表_State_A.csv,5652,State,Name,,洞若观火,一目瞭然,,,,,,,,,,,,,,
State_119368_Desc,bJMD,z状态表_State_A.csv,5652,State,Desc,,每回合开始时获得 500 点银钥能量。,毎ターン開始時、500キーエネルギーを獲得。,,,,,,,,,,,,,,
State_119369_Name,bJMG,z状态表_State_A.csv,5653,State,Name,,威重令行,威令徹行,,,,,,,,,,,,,,
State_119369_Desc,bJMF,z状态表_State_A.csv,5653,State,Desc,,所有唤醒体造成狂气提高 50%。,すべての覚醒体が獲得する狂気が50%増加。,,,,,,,,,,,,,,
State_120324_Name,bKpA,z状态表_State_A.csv,5664,State,Name,,降生仪式,誕生の儀,,,,,,,,,,,,,,
State_120324_Desc,bKpz,z状态表_State_A.csv,5664,State,Desc,,承受攻击时附加 [Layer]% 伤害的献祭，回合结束时移除，至多叠加 75 层。,攻撃を受けると、ダメージの[Layer]%の「献上」を付与する。ターン終了時に除去され、最大75点まで累積可能。,,,,,,,,,,,,,,
State_120320_Name,bKpv,z状态表_State_A.csv,5665,State,Name,,命契,命契,,,,,,,,,,,,,,
State_120320_Desc,bKpu,z状态表_State_A.csv,5665,State,Desc,,每层使下次「虚妄王女」施加的「降生仪式」提高 20％，最多叠加 5 层，叠加满 5 层后下次「虚妄王女」伤害次数翻倍。,1点ごとに、「虚妄の王女」が次に付与する「誕生の儀」を20％増加する。最大5点。5点に達すると、「虚妄の王女」が次に与えるダメージの回数が2倍になる。,,,,,,,,,,,,,,
State_120364_Name,bKqr,z状态表_State_A.csv,5675,State,Name,,信念长存,信念は永遠に,,,,,,,,,,,,,,
State_120364_Desc,bKqq,z状态表_State_A.csv,5675,State,Desc,,自身死亡后召唤「蹈海者近卫」。,自身が死亡後、「海踊人近衛」を召喚する。,,,,,,,,,,,,,,
State_120929_Name,bKwA,z状态表_State_A.csv,5677,State,Name,,<SeastriderCurse:蹈海者咒怨>,<SeastriderCurse:海踊人の呪い>,,,,,,,,,,,,,,
State_120929_Desc,bKwz,z状态表_State_A.csv,5677,State,Desc,,卡牌获得保留，但打出后会移除污染并召唤 1 个「深海分殖体」。若无位置召唤则会获得 1 层「预备召唤：深海分殖体」。,カードは保留を獲得。使用後に汚染を除去し、「深海の増殖体」を1体召喚する。召喚できる場所がない場合、1点の「準備召喚：深海の増殖体」を獲得。,,,,,,,,,,,,,,
State_121151_Name,bKDt,z状态表_State_A.csv,5678,State,Name,,<SeastriderCurse:蹈海者咒怨>,<SeastriderCurse:海踊人の呪い>,,,,,,,,,,,,,,
State_121151_Desc,bKDs,z状态表_State_A.csv,5678,State,Desc,,卡牌获得保留，但打出后会移除污染并召唤 1 个「深海分殖体」。若无位置召唤则会获得 1 层「预备召唤：深海分殖体」。,カードは保時を獲得。使用後に汚染を除去し、「深海の増殖体」を1体召喚する。召喚できる場所がない場合、1点の「準備召喚：深海の増殖体」を獲得。,,,,,,,,,,,,,,
State_120930_Name,bKwC,z状态表_State_A.csv,5679,State,Name,,互助契约：深海分殖体,相互契約：深海の増殖体,,,,,,,,,,,,,,
State_120930_Desc,bKwB,z状态表_State_A.csv,5679,State,Desc,,若有空余位置，则在行动后失去 1 层，召唤 1 个「深海分殖体」。,空きがある場合、行動後に1点消費して「深海の増殖体」を1体召喚する。,,,,,,,,,,,,,,
State_120934_Name,bKwE,z状态表_State_A.csv,5680,State,Name,,深海祭礼,深海の儀礼,,,,,,,,,,,,,,
State_120934_Desc,bKwD,z状态表_State_A.csv,5680,State,Desc,,每次受到暴击伤害，获得 3% 的<Baojidikang:临时暴击抵抗>。每回合开始时为 2 张卡牌附加「<SeastriderCurse:污染：蹈海者咒怨>」。,クリティカルダメージを受けるたび、3%の<Baojidikang:一時的なクリティカル耐性>を獲得する。毎ターン開始時、カード2枚に「<SeastriderCurse:汚染:海踊人の呪い>」を付与する。,,,,,,,,,,,,,,
State_120941_Name,bKAa,z状态表_State_A.csv,5682,State,Name,,血誓,血の誓い,,,,,,,,,,,,,,
State_120941_Desc,bKzZ,z状态表_State_A.csv,5682,State,Desc,,会使敌人的技能得到增幅。每当受到伤害时失去一层。,敵のスキル効果を強化する。ダメージを受けると1点失う。,,,,,,,,,,,,,,
State_121719_Name,bKPt,z状态表_State_A.csv,5696,State,Name,,<RippleKeywords:余波>：抽 1 张牌，获得 [DescArg1] 点临时<PowerIconKeywords:力量>,<RippleKeywords:余波>：カードを1枚引き、[DescArg1]点の一時的な<PowerIconKeywords:力>を獲得,,,,,,,,,,,,,,
State_121735_Name,bKPx,z状态表_State_A.csv,5699,State,Name,,悲泣之奔流,悲泣の奔流,,,,,,,,,,,,,,
State_121735_Desc,bKPw,z状态表_State_A.csv,5699,State,Desc,,所有指令卡算力消耗提高 1。每 3 个回合，回合结束时将 1 张「渐渐石化」置入手中。,すべての指令カードの行動力消費が1増加。3ターンごとに、ターン終了時「石ころ変化」を1枚手札に追加する。,,,,,,,,,,,,,,
State_121739_Name,bKPF,z状态表_State_A.csv,5700,State,Name,,恐惧之奔流,恐怖の奔流,,,,,,,,,,,,,,
State_121739_Desc,bKPE,z状态表_State_A.csv,5700,State,Desc,,所有唤醒体的狂气上限提高 50%。每回合结束时，扣除所有唤醒体 10 点狂气，恢复自身 3％最大生命。,すべての覚醒体の狂気上限が50%増加。毎ターン終了時、すべての覚醒体は10狂気を失い、自身の最大ライフを3%回復。,,,,,,,,,,,,,,
State_121737_Name,bKPB,z状态表_State_A.csv,5701,State,Name,,刺骨之奔流,刺骨の奔流,,,,,,,,,,,,,,
State_121737_Desc,bKPA,z状态表_State_A.csv,5701,State,Desc,,战斗开始时，获得 15 层「临时屏障」。回合结束时，获得 15 层「临时屏障」，对随机 10 张卡牌附加「临时溶解」。,戦闘開始時に15点の「一時的なバリア」を獲得。ターン終了時に15点の「一時的なバリア」を獲得し、ランダムなカード10枚「一時的な溶解」を付与する。,,,,,,,,,,,,,,
State_121740_Name,bKPH,z状态表_State_A.csv,5702,State,Name,,诡谲之奔流,怪奇の奔流,,,,,,,,,,,,,,
State_121740_Desc,bKPG,z状态表_State_A.csv,5702,State,Desc,,战斗开始及每回合结束时，获得 2 层「临时怨恨锁链」。,戦闘開始時および毎ターン終了時、2点の「一時的な怨恨の鎖」を獲得。,,,,,,,,,,,,,,
State_121738_Name,bKPD,z状态表_State_A.csv,5703,State,Name,,邪信之奔流,邪信の奔流,,,,,,,,,,,,,,
State_121738_Desc,bKPC,z状态表_State_A.csv,5703,State,Desc,,唤醒体施加的力量效果降低 75%。每当失去生命，获得 [DescArg1] 点护盾和 1 层临时加固。,覚醒体が付与する力の効果が75%減少する。ライフを失うたび、[DescArg1]点のシールドと1点の一時的な堅固を獲得する。,,,,,,,,,,,,,,
State_121734_Name,bKPv,z状态表_State_A.csv,5704,State,Name,,疯狂之奔流,狂気の奔流,,,,,,,,,,,,,,
State_121734_Desc,bKPu,z状态表_State_A.csv,5704,State,Desc,,每打出 1 张指令卡，弃掉 1 张该唤醒体算力消耗最低的卡牌。,指令カードを1枚使用するたびに、対応する覚醒体の最も行動力消費が少ないカードを1枚捨てる。,,,,,,,,,,,,,,
State_121736_Name,bKPz,z状态表_State_A.csv,5705,State,Name,,诞临之奔流,降臨の奔流,,,,,,,,,,,,,,
State_121736_Desc,bKPy,z状态表_State_A.csv,5705,State,Desc,,回合结束时，恢复 10% 已损生命值，解除自身负面状态和玩家的正面状态。,ターン終了時、失ったライフの10%を回復し、自身のデバフとプレイヤーのバフを解除する。,,,,,,,,,,,,,,
State_122596_Desc,bLfN,z状态表_State_A.csv,5707,State,Desc,,无法打出卡牌，无法释放狂气爆发。,カード使用不可。狂気解放を発動できない。,,,,,,,,,,,,,,
State_123177_Desc,bLIX,z状态表_State_A.csv,5724,State,Desc,,回合开始时清除。达到 10 层后，下次打出卡牌后，茉夏立刻行动，移除「临时狂热」并追加意图「人间爆破」。,ターン開始時に解除する。10点に達した後にカードを使用すると即座に行動し、「一時的な熱狂」を除去し、行動予測を「人間爆破」に転換する。,,,,,,,,,,,,,,
State_123178_Desc,bLIZ,z状态表_State_A.csv,5726,State,Desc,,<Guaiwusiwangdikang: 死亡抵抗>的回复生命效果提高为 5 倍。敌方每使用 1 张卡牌，使自身获得 1 层<Monster_Fervor:临时狂热>。,<Guaiwusiwangdikang: 死亡抵抗>発動時のライフ回復効果が5倍になる。敵がカードを1枚使用するたびに、自身は1点<Monster_Fervor:一時的な熱狂>を獲得する。,,,,,,,,,,,,,,
State_124024_Name,bMey,z状态表_State_A.csv,5731,State,Name,,戏剧性邂逅,ドラマチックな出会い,,,,,,,,,,,,,,
State_124024_Desc,bMex,z状态表_State_A.csv,5731,State,Desc,,本回合已打出 [Layer] 张打击，触发过 [DescArg1] 次「戏剧性邂逅」。,このターンに「攻撃」を[Layer]枚使用すると、「ドラマティックな出会い」を[DescArg1]回発動する。,,,,,,,,,,,,,,
State_124034_Desc,bMez,z状态表_State_A.csv,5744,State,Desc,,所有唤醒体「打击」伤害提高 [StateArg1]，持续 [Layer] 回合。,すべての覚醒体の「攻撃」のダメージが[StateArg1]増加する。[Layer]ターン持続。,,,,,,,,,,,,,,
State_124037_Desc,bMeB,z状态表_State_A.csv,5745,State,Desc,,茉夏伤害次数 +1，所有唤醒体「打击」伤害提高 [StateArg1]，持续 [Layer] 回合。,ムシェットのダメージ回数+1。すべての覚醒体の「攻撃」のダメージが[StateArg1]増加し、[Layer]ターン持続。,,,,,,,,,,,,,,
State_131055_Desc,bPQe,z状态表_State_A.csv,5760,State,Desc,,每回合抽牌数 -1。所有唤醒体造成护盾和回复生命提高 20%。,ドロー枚数-1。すべての覚醒体が獲得するシールドとライフ回復効果が20%増加。,,,,,,,,,,,,,,
State_131069_Desc,bPQr,z状态表_State_A.csv,5761,State,Desc,,所有唤醒体造成护盾和回复生命提高 20%。,すべての覚醒体が獲得するシールドとライフ回復効果が20%増加。,,,,,,,,,,,,,,
State_131061_Name,bPQo,z状态表_State_A.csv,5762,State,Name,,投喂零食,おやつを与える,,,,,,,,,,,,,,
State_131061_Desc,bPQn,z状态表_State_A.csv,5762,State,Desc,,银钥能量上限及钥令消耗银钥能量 +350。每回合首次钥令生效 2 次。,キーエネルギー上限と「キーオーダー」発動時に消費するキーエネルギー+350。毎ターン初めて発動する「キーオーダー」は効果が2回発動する。,,,,,,,,,,,,,,
State_131078_Desc,bPQx,z状态表_State_A.csv,5763,State,Desc,,每回合首次钥令生效 2 次。,毎ターン初めて発動する「キーオーダー」は効果が2回発動する。,,,,,,,,,,,,,,
State_131058_Desc,bPQk,z状态表_State_A.csv,5765,State,Desc,,所有唤醒体基础狂气提高 10 点。释放狂气爆发后获得 1 算力，每个唤醒体 1 回合只能触发 1 次。,すべての覚醒体の基礎狂気が10増加する。「狂気解放」を発動後、1点の行動力を獲得する。覚醒体ごとに毎ターン1回のみ発動可能。,,,,,,,,,,,,,,
State_131064_Desc,bPQp,z状态表_State_A.csv,5766,State,Desc,,释放狂气爆发后获得 1 算力，每个唤醒体 1 回合只能触发 1 次。,「狂気解放」を発動後、1点の行動力を獲得する。覚醒体ごとに毎ターン1回のみ発動可能。,,,,,,,,,,,,,,
State_124113_Name,bMsh,z状态表_State_A.csv,5773,State,Name,,界外之音,界外の音,,,,,,,,,,,,,,
State_124113_Desc,bMsg,z状态表_State_A.csv,5773,State,Desc,,对方回合结束不会丢弃手牌。 回合结束时依次施加 2 层<FragileIconKeywords: 脆弱>、 <WeaknessIconKeywords:虚弱>、<HeavyInjuryKeywords:重创>、<VulnerabilityIconKeywords:易伤>状态。,相手のターン終了時に手札を捨てない。ターン終了時に2点の<FragileIconKeywords:脆弱>、<WeaknessIconKeywords:虚弱>、<HeavyInjuryKeywords:重傷>、<VulnerabilityIconKeywords:易傷>を順に付与する。,,,,,,,,,,,,,,
State_124107_Name,bMrY,z状态表_State_A.csv,5775,State,Name,,尚未觉醒,未覚醒,,,,,,,,,,,,,,
State_124107_Desc,bMrX,z状态表_State_A.csv,5775,State,Desc,,「星之芽」死亡后，免疫所有伤害并觉醒，最大生命翻倍并获得等同于剩余生命的最大生命。觉醒后驱散所有负面状态。,「星の芽」が死亡すると、すべてのダメージを無効化し、覚醒する。最大ライフが2倍になり、残りのライフと同量の最大ライフを獲得。覚醒後、すべてのデバフを解除する。,,,,,,,,,,,,,,
State_124115_Name,bMsj,z状态表_State_A.csv,5776,State,Name,,行星旅者,星の旅人,,,,,,,,,,,,,,
State_124115_Desc,bMsi,z状态表_State_A.csv,5776,State,Desc,,造成的<FragileIconKeywords: 脆弱>和 <WeaknessIconKeywords:虚弱>加深为 50%。 再打出 [DescArg1] 张<SlowIconKeywords:迟缓>卡牌后，和「星之芽」交换位置。,付与する<FragileIconKeywords:脆弱>と<WeaknessIconKeywords:虚弱>が50%増加する。<SlowIconKeywords:遅延>が付与されたカードを[DescArg1]枚の使用した後、「星の芽」と位置を交換する。,,,,,,,,,,,,,,
State_124198_Name,bMsq,z状态表_State_A.csv,5777,State,Name,,行星旅者,星の旅人,,,,,,,,,,,,,,
State_124198_Desc,bMsp,z状态表_State_A.csv,5777,State,Desc,,造成的<FragileIconKeywords: 脆弱>和 <WeaknessIconKeywords:虚弱>加深为 50%。,付与する<FragileIconKeywords:脆弱>と<WeaknessIconKeywords:虚弱>が50%増加する。,,,,,,,,,,,,,,
State_124111_Name,bMsd,z状态表_State_A.csv,5785,State,Name,,无边星彩,星のゆりかご,,,,,,,,,,,,,,
State_124111_Desc,bMsc,z状态表_State_A.csv,5785,State,Desc,,死亡抵抗回复生命提高为 25%。 敌方每打出 1 张指令卡，临时<TouquKeywords:偷取> [DescArg1] 点<PowerIconKeywords:力量> 。,死亡抵抗のライフ回復効果が25%増加する。相手が指令カードを1枚使用するたび、[DescArg1]点の<PowerIconKeywords:力>を<TouquKeywords:奪う>。,,,,,,,,,,,,,,
State_124112_Name,bMsf,z状态表_State_A.csv,5786,State,Name,,尚未觉醒,未覚醒,,,,,,,,,,,,,,
State_124112_Desc,bMse,z状态表_State_A.csv,5786,State,Desc,,「歌者」死亡后，免疫所有伤害并觉醒，最大生命翻倍并获得等同于剩余生命的最大生命。,「歌姫」が死亡すると、すべてのダメージを無効化し、覚醒する。最大ライフが2倍になり、残りのライフと同量の最大ライフを獲得する。,,,,,,,,,,,,,,
State_124109_Name,bMsb,z状态表_State_A.csv,5788,State,Name,,次生襁褓,第二のゆりかご,,,,,,,,,,,,,,
State_124109_Desc,bMsa,z状态表_State_A.csv,5788,State,Desc,,自身获得的<RetaliateIconKeywords:反击>额外享受 5% <PowerIconKeywords:力量> 加成。 在单回合内失去 [DescArg1] 点生命后，和「歌者」交换位置,自身が獲得する<RetaliateIconKeywords:反撃>は、追加で5%の<PowerIconKeywords:力>ボーナスを獲得する。1ターン内にライフを[DescArg1]失った場合、「歌姫」と位置を交換する。,,,,,,,,,,,,,,
State_124190_Name,bMsn,z状态表_State_A.csv,5789,State,Name,,次生襁褓,第二のゆりかご,,,,,,,,,,,,,,
State_124190_Desc,bMsm,z状态表_State_A.csv,5789,State,Desc,,自身获得的<RetaliateIconKeywords:反击>额外享受 5% <PowerIconKeywords:力量> 加成。,自身が獲得する<RetaliateIconKeywords:反撃>は、追加で5%の<PowerIconKeywords:力>ボーナスを獲得する。,,,,,,,,,,,,,,
State_124193_Name,bMso,z状态表_State_A.csv,5794,State,Name,,死亡抵抗回复生命提高为 25%。,死亡抵抗のライフ回復効果が25%増加。,,,,,,,,,,,,,,
State_126540_Name,bOvx,z状态表_State_A.csv,5800,State,Name,,夜雾下的情誓,夜霧の下の誓い,,,,,,,,,,,,,,
State_125935_Name,bNqT,z状态表_State_A.csv,5901,State,Name,,沉默,沈黙,,,,,,,,,,,,,,
State_125935_WeaponDesc,bNqU,z状态表_State_A.csv,5901,State,WeaponDesc,,抽到时使自身虚弱 1 回合。使用后虚弱所有敌人 1 回合。无法出售。,引いた時、自身に1点の「虚弱」を付与する。使用後、すべての敵に1点の「虚弱」を付与する。売却不可。,,,,,,,,,,,,,,
State_125928_Name,bNqM,z状态表_State_A.csv,5902,State,Name,,纵贯时序之翼,時を貫く翼,,,,,,,,,,,,,,
State_125928_Desc,bNqL,z状态表_State_A.csv,5902,State,Desc,,打出指令卡后，封印对应唤醒体的狂气爆发和所有指令卡 2 回合。,指令カードを使用した後、対応する覚醒体の狂気解放とすべての指令カードを2ターン封印する。,,,,,,,,,,,,,,
State_125937_Name,bNqW,z状态表_State_A.csv,5903,State,Name,,纵贯时序之翼,時を貫く翼,,,,,,,,,,,,,,
State_125937_Desc,bNqV,z状态表_State_A.csv,5903,State,Desc,,打出指令卡后，封印对应唤醒体的狂气爆发和所有指令卡 2 回合。,指令カードを使用した後、対応する覚醒体の狂気解放とすべての指令カードを2ターン封印する。,,,,,,,,,,,,,,
State_125964_Name,bNqY,z状态表_State_A.csv,5904,State,Name,,穿越银钥之门,銀の鍵の門を超えて,,,,,,,,,,,,,,
State_125964_Desc,bNqX,z状态表_State_A.csv,5904,State,Desc,,消耗算力时，获得的银钥能量降低 50%。 塔薇造成未被格挡的伤害后，将 1 张「<DerivativeCardKeywords_131:真·轮回悖论>」置入手中。,行動力を消費した後、獲得するキーエネルギーが50%減少する。タヴィがブロックされなかったダメージを与えた後、「<DerivativeCardKeywords_131:真・輪廻パラドックス>」を1枚手札に追加する。,,,,,,,,,,,,,,
State_125934_Name,bNqS,z状态表_State_A.csv,5905,State,Name,,穿越银钥之门,銀の鍵の門を超えて,,,,,,,,,,,,,,
State_125934_Desc,bNqR,z状态表_State_A.csv,5905,State,Desc,,消耗算力时，获得的银钥能量降低 50%。 塔微造成未被格挡的伤害后，将 1 张「<DerivativeCardKeywords_131:真·轮回悖论>」置入手中。,行動力を消費した後、獲得するキーエネルギーが50%減少する。タヴィがブロックされなかったダメージを与えた後、「<DerivativeCardKeywords_131:真・輪廻パラドックス>」を1枚手札に追加する。,,,,,,,,,,,,,,
State_125929_Name,bNqO,z状态表_State_A.csv,5906,State,Name,,不存在的存在,存在しない存在,,,,,,,,,,,,,,
State_125929_Desc,bNqN,z状态表_State_A.csv,5906,State,Desc,,单回合内受到 [DescArg1] 点伤害后，获得 70 层临时<ReinforceColour:加固>和 1 层<ResentChainsKeywords: 怨恨锁链>。,1ターン内に[DescArg1]ダメージを受けた場合、70点の一時的な<ReinforceColour:堅固>と1点の<ResentChainsKeywords:怨恨の鎖>を獲得する。,,,,,,,,,,,,,,
State_126464_Name,bNBV,z状态表_State_A.csv,5917,State,Name,,<GreenWord:翠绿火种>,<GreenWord:翠緑の火種>,,,,,,,,,,,,,,
State_126464_Desc,bNBU,z状态表_State_A.csv,5917,State,Desc,,上限 10 层，每层使莉兹造成的伤害提高 [DescArg1] 点。,リッツが与えるダメージが[DescArg1]増加する。最大10点。,,,,,,,,,,,,,,
State_126479_Name,bNCg,z状态表_State_A.csv,5918,State,Name,,<GreenWord:翠绿火种>,<GreenWord:翠緑の火種>,,,,,,,,,,,,,,
State_126479_Desc,bNCf,z状态表_State_A.csv,5918,State,Desc,,上限 10 层，使莉兹造成的伤害提高。,リッツが与えるダメージが増加する。最大10点。,,,,,,,,,,,,,,
State_127264_Name,bOBg,z状态表_State_A.csv,5956,State,Name,,<MonsterSightUnbound:超越之目>,<MonsterSightUnbound:超越の眼>,,,,,,,,,,,,,,
State_127264_Desc,bOBf,z状态表_State_A.csv,5956,State,Desc,,打出此卡牌时，「觉者」获得 1 层 <MonsterTimeBeacon:回环>。若弃置此卡牌，「觉者」失去 1 层 <MonsterTimeBeacon:回环>。,このカードを使用した場合、「覚者」は1点の<MonsterTimeBeacon:ループ>を獲得する。このカードを捨てた場合、「覚者」は<MonsterTimeBeacon:ループ>を1点失う。,,,,,,,,,,,,,,
State_127705_Name,bOJu,z状态表_State_A.csv,5979,State,Name,,<CardKeyWord:暗中破坏>,<CardKeyWord:陰の妨害>,,,,,,,,,,,,,,
State_127705_Desc,bOJt,z状态表_State_A.csv,5979,State,Desc,,卡牌被做了手脚！打出后受到 [Layer] 点伤害。,カードが細工された！使用すると[Layer]ダメージを受ける。,,,,,,,,,,,,,,
State_127705_WeaponDesc,bOJv,z状态表_State_A.csv,5979,State,WeaponDesc,,卡牌打出后受到 [StateArg1] 点伤害。,カードを使用すると[StateArg1]ダメージを受ける。,,,,,,,,,,,,,,
State_128028_Name,bOJE,z状态表_State_A.csv,5980,State,Name,,<CardKeyWord:暗中破坏>,<CardKeyWord:陰の妨害>,,,,,,,,,,,,,,
State_128028_Desc,bOJD,z状态表_State_A.csv,5980,State,Desc,,卡牌被做了手脚！打出后受到伤害。,カードが細工された！使用するとダメージを受ける。,,,,,,,,,,,,,,
State_128028_WeaponDesc,bOJF,z状态表_State_A.csv,5980,State,WeaponDesc,,卡牌打出后受到 [StateArg1] 点伤害。,カードを使用すると[StateArg1]ダメージを受ける。,,,,,,,,,,,,,,
State_131123_Name,bPQC,z状态表_State_A.csv,6096,State,Name,,临时狂热,一時的な狂熱,,,,,,,,,,,,,,
State_131123_Desc,bPQB,z状态表_State_A.csv,6096,State,Desc,,回合开始时清除。达到 10 层后，下次打出卡牌后立刻行动并切换至下一个意图，移除<Chapter5_Monster_Fervor4:狂热>。,ターン開始時に解除する。10点に達した後にカードを使用すると即座に行動し、次の行動予測に転換し、<Chapter5_Monster_Fervor4:狂熱>を除去する。,,,,,,,,,,,,,,
State_131134_Name,bPQG,z状态表_State_A.csv,6100,State,Name,,渊狱之门,淵獄の門,,,,,,,,,,,,,,
State_131134_Desc,bPQF,z状态表_State_A.csv,6100,State,Desc,,死亡后，涅芙蕾雅获得 [DescArg1] 层临时狂热，但失去 3% 最大生命。,死亡後、アラクネが[DescArg1]点の一時的な狂熱を獲得し、最大ライフの3%を失う。,,,,,,,,,,,,,,
State_131186_Name,bQSy,z状态表_State_A.csv,6110,State,Name,,<ExclamationPointColour:命运残碎>,<ExclamationPointColour:運命の断片>,,,,,,,,,,,,,,
State_131186_Desc,bQSx,z状态表_State_A.csv,6110,State,Desc,,打出后额外生效 1 次，但受到 [DescArg1] 点伤害。,使用後、追加で1回効果を発動するが、[DescArg1]ダメージを受ける。,,,,,,,,,,,,,,
State_125933_Name,bNqQ,z状态表_State_A.csv,5911,State,Name,,双翼初张,双翼の羽ばたき,,,,,,,,,,,,,,
State_125933_Desc,bNqP,z状态表_State_A.csv,5911,State,Desc,,再打出 [DescArg1] 张指令卡后，将意图切换为「四翼渐生」。,指令カードを[DescArg1]枚使用した後、行動予測は「四翼の芽生え」に転換する。,,,,,,,,,,,,,,
State_125927_Name,bNqK,z状态表_State_A.csv,5912,State,Name,,四翼渐生,四翼の芽生え,,,,,,,,,,,,,,
State_125927_Desc,bNqJ,z状态表_State_A.csv,5912,State,Desc,,再打出 [DescArg1] 张指令卡后，将意图切换为「六翼满开」。,指令カードを[DescArg1]枚の指令カードを使用した後、行動予測は「六翼の解放」に転換する。,,,,,,,,,,,,,,
State_125925_Name,bNqH,z状态表_State_A.csv,5914,State,Name,,尚未觉醒,未覚醒,,,,,,,,,,,,,,
State_125925_Desc,bNqG,z状态表_State_A.csv,5914,State,Desc,,这位唤醒体还未觉醒…即将被击倒时会觉醒，回复生命并以真正的形态开始战斗。,この覚醒体はまだ未覚醒だ…撃破される直前に覚醒し、ライフを回復し、真の姿で戦闘を始める。,,,,,,,,,,,,,,
State_126464_Name,bNBV,z状态表_State_A.csv,5917,State,Name,,<GreenWord:翠绿火种>,<GreenWord:翠緑の火種>,,,,,,,,,,,,,,
State_126464_Desc,bNBU,z状态表_State_A.csv,5917,State,Desc,,上限 10 层，每层使莉兹造成的伤害提高 [DescArg1] 点。,リッツが与えるダメージが[DescArg1]増加する。最大10点。,,,,,,,,,,,,,,
State_126479_Name,bNCg,z状态表_State_A.csv,5918,State,Name,,<GreenWord:翠绿火种>,<GreenWord:翠緑の火種>,,,,,,,,,,,,,,
State_126479_Desc,bNCf,z状态表_State_A.csv,5918,State,Desc,,上限 10 层，使莉兹造成的伤害提高。,リッツが与えるダメージが増加する。最大10点。,,,,,,,,,,,,,,
State_126467_Name,bNCa,z状态表_State_A.csv,5919,State,Name,,尚未觉醒,未覚醒,,,,,,,,,,,,,,
State_126467_Desc,bNBZ,z状态表_State_A.csv,5919,State,Desc,,这位唤醒体还未觉醒…即将被击倒时会觉醒，回复生命并以真正的形态开始战斗，并为「告死之舞」赋予解除负面状态的能力。,この覚醒体はまだ未覚醒だ…撃破される直前に覚醒し、ライフを回復し、真の姿で戦闘を始める。「死告の舞い」はデバフを解除する能力を獲得する。,,,,,,,,,,,,,,
State_126466_Name,bNBY,z状态表_State_A.csv,5920,State,Name,,不朽绿炎,不滅の緑炎,,,,,,,,,,,,,,
State_126466_Desc,bNBX,z状态表_State_A.csv,5920,State,Desc,,对方回合结束不会丢弃手牌。当意图切换为绿炎时，若拥有至少 6 层<MonsterLizVerdantSpark:翠绿火种>，消耗 6 层，将意图升级为造成 <Damage:[Damage:DescArg1]> 伤害 [AttackTimes:DescArg2] 次的「死灭绿炎」；若拥有至少 3 层，消耗 3 层，将意图升级为造成 <Damage:[Damage:DescArg3]> 伤害 [AttackTimes:DescArg4] 次的「腐化绿炎」。,相手のターン終了時に手札を捨てない。行動予測が「緑炎」に転換すると、<MonsterLizVerdantSpark:翠緑の火種>が6点以上ある場合、6点を消費して、行動予測を<Damage:[Damage:DescArg1]>ダメージを[AttackTimes:DescArg2]回与える「死滅の緑炎」にアップグレードする。3点以上ある場合、3点を消費して、行動予測を<Damage:[Damage:DescArg3]>ダメージを[AttackTimes:DescArg4]回与える「腐敗の緑炎」にアップグレードする。,,,,,,,,,,,,,,
State_126469_Name,bNCd,z状态表_State_A.csv,5922,State,Name,,翡翠映像,翡翠の映像,,,,,,,,,,,,,,
State_126469_Desc,bNCc,z状态表_State_A.csv,5922,State,Desc,,每失去 [DescArg1] 点生命获得 [DescArg2] 层<MonsterLizVerdantSpark:翠绿火种>。,ライフを[DescArg1]失うごとに、[DescArg2]点の<MonsterLizVerdantSpark:翠緑の火種>を獲得する。,,,,,,,,,,,,,,
State_127272_Name,bOBo,z状态表_State_A.csv,5953,State,Name,,<WhiteWord:回环>,<WhiteWord:ループ>,,,,,,,,,,,,,,
State_127272_Desc,bOBn,z状态表_State_A.csv,5953,State,Desc,,上限 3 层。「觉者」释放意图时若拥有 3 层 <MonsterTimeBeacon:回环>，触发 <MonsterTimeBeacon:回环>效果，清空 <MonsterTimeBeacon:回环>并清除负面状态。,最大3点。「覚者」が行動する際に<MonsterTimeBeacon:ループ>を3点持つ場合、<MonsterTimeBeacon:ループ>の効果を発動し、<MonsterTimeBeacon:ループ>をリセットし、デバフを解除する。,,,,,,,,,,,,,,
State_127271_Name,bOBm,z状态表_State_A.csv,5954,State,Name,,莫比乌斯囚徒,メビウスの囚人,,,,,,,,,,,,,,
State_127271_Desc,bOBl,z状态表_State_A.csv,5954,State,Desc,,释放钥令后，自身获得 1 层 <MonsterTimeBeacon:回环>。,「キーオーダー」を発動後、1点の<MonsterTimeBeacon:ループ>を獲得する。,,,,,,,,,,,,,,
State_127267_Name,bOBk,z状态表_State_A.csv,5955,State,Name,,熵增逆转,エントロピー逆行,,,,,,,,,,,,,,
State_127267_Desc,bOBj,z状态表_State_A.csv,5955,State,Desc,,回合结束后，获得 1 层 <MonsterTimeBeacon:回环>。,ターン終了後、1点の<MonsterTimeBeacon:ループ>を獲得する。,,,,,,,,,,,,,,
State_127264_Name,bOBg,z状态表_State_A.csv,5956,State,Name,,<MonsterSightUnbound:超越之目>,<MonsterSightUnbound:超越の眼>,,,,,,,,,,,,,,
State_127264_Desc,bOBf,z状态表_State_A.csv,5956,State,Desc,,打出此卡牌时，「觉者」获得 1 层 <MonsterTimeBeacon:回环>。若弃置此卡牌，「觉者」失去 1 层 <MonsterTimeBeacon:回环>。,このカードを使用した場合、「覚者」は1点の<MonsterTimeBeacon:ループ>を獲得する。このカードを捨てた場合、「覚者」は<MonsterTimeBeacon:ループ>を1点失う。,,,,,,,,,,,,,,
State_127266_Name,bOBi,z状态表_State_A.csv,5961,State,Name,,尚未觉醒,未覚醒,,,,,,,,,,,,,,
State_127266_Desc,bOBh,z状态表_State_A.csv,5961,State,Desc,,这位唤醒体还未觉醒…即将被击倒时会觉醒，回复生命并以真正的形态开始战斗。,この覚醒体はまだ未覚醒だ…撃破される直前に覚醒し、ライフを回復し、真の姿で戦闘を始める。,,,,,,,,,,,,,,
State_127276_Name,bOBq,z状态表_State_A.csv,5963,State,Name,,<MonsterSightUnbound:超越之目>,<MonsterSightUnbound:超越の眼>,,,,,,,,,,,,,,
State_127276_Desc,bOBp,z状态表_State_A.csv,5963,State,Desc,,打出此卡牌时，「觉者」获得 1 层 <MonsterTimeBeacon:回环>。若弃置此卡牌，「觉者」失去 1 层 <MonsterTimeBeacon:回环>。,このカードを使用した場合、「覚者」は1点の<MonsterTimeBeacon:ループ>を獲得する。このカードを捨てた場合、「覚者」は<MonsterTimeBeacon:ループ>を1点失う。,,,,,,,,,,,,,,
State_129297_Name,bPkE,z状态表_State_A.csv,5973,State,Name,,小「N」的协助,小さな「N」の協力,,,,,,,,,,,,,,
State_129297_Desc,bPkD,z状态表_State_A.csv,5973,State,Desc,,下 [Layer] 场战斗开始时使所有敌人生命为 1。,次の[Layer]回の戦闘開始時、すべての敵のライフを1にする。,,,,,,,,,,,,,,
State_127705_Name,bOJu,z状态表_State_A.csv,5979,State,Name,,<CardKeyWord:暗中破坏>,<CardKeyWord:陰の妨害>,,,,,,,,,,,,,,
State_127705_Desc,bOJt,z状态表_State_A.csv,5979,State,Desc,,卡牌被做了手脚！打出后受到 [Layer] 点伤害。,カードが細工された！使用すると[Layer]ダメージを受ける。,,,,,,,,,,,,,,
State_127705_WeaponDesc,bOJv,z状态表_State_A.csv,5979,State,WeaponDesc,,卡牌打出后受到 [StateArg1] 点伤害。,カードを使用すると[StateArg1]ダメージを受ける。,,,,,,,,,,,,,,
State_128028_Name,bOJE,z状态表_State_A.csv,5980,State,Name,,<CardKeyWord:暗中破坏>,<CardKeyWord:陰の妨害>,,,,,,,,,,,,,,
State_128028_Desc,bOJD,z状态表_State_A.csv,5980,State,Desc,,卡牌被做了手脚！打出后受到伤害。,カードが細工された！使用するとダメージを受ける。,,,,,,,,,,,,,,
State_128028_WeaponDesc,bOJF,z状态表_State_A.csv,5980,State,WeaponDesc,,卡牌打出后受到 [StateArg1] 点伤害。,カードを使用すると[StateArg1]ダメージを受ける。,,,,,,,,,,,,,,
State_127708_Name,bOJx,z状态表_State_A.csv,5981,State,Name,,乱之丝,混沌の糸,,,,,,,,,,,,,,
State_127708_Desc,bOJw,z状态表_State_A.csv,5981,State,Desc,,敌方打出非指令卡后，所有友方获得 [DescArg1] 层<PowerIconKeywords:力量>。旧日余烬被击破后失效。,相手が非指令カードを使用した後、すべての味方は[DescArg1]点の一時的な<PowerIconKeywords:力>を獲得する。「古の残り火」がすべて除去された場合は無効になる。,,,,,,,,,,,,,,
State_128027_Name,bOJC,z状态表_State_A.csv,5984,State,Name,,律之丝,秩序の糸,,,,,,,,,,,,,,
State_128027_Desc,bOJB,z状态表_State_A.csv,5984,State,Desc,,敌方打出指令卡后，所有友方获得 [DescArg1] 层临时<ReinforcePVEKeywords:加固>。旧日余烬被击破后失效。,相手が指令カードを使用した後、すべての味方は[DescArg1]点の一時的な<ReinforcePVEKeywords:堅固>を獲得する。「古の残り火」がすべて除去された場合は無効になる。,,,,,,,,,,,,,,
State_128248_Name,bPgN,z状态表_State_A.csv,5991,State,Name,,临时狂热,一時的な狂熱,,,,,,,,,,,,,,
State_128248_Desc,bPgM,z状态表_State_A.csv,5991,State,Desc,,回合开始后清除，达到 10 层后，下次打出卡牌后立刻行动，移除<Chapter5_Monster_Fervor1:狂热>并将意图切换为施加<WeaknessIconKeywords:虚弱>并随机封印指令卡的「束缚之网」。,ターン開始時に解除する。10点に達した後にカードを使用すると即座に行動し、<Chapter5_Monster_Fervor1:狂熱>を除去し、行動予測は<WeaknessIconKeywords:虚弱>を付与し、ランダムな指令カードを封印する「呪縛の網」に転換する。,,,,,,,,,,,,,,
State_128253_Name,bPgS,z状态表_State_A.csv,5996,State,Name,,破茧新生,破繭新生,,,,,,,,,,,,,,
State_128253_Desc,bPgR,z状态表_State_A.csv,5996,State,Desc,,死亡后复活，免疫伤害并拥有 100% 生命。将意图切换为「命定的狂热」：每次行动结束后都会获得 [DescArg1] 层<ParcloseIconKeywords:屏障>和 [DescArg2] 层<Chapter5_Monster_Fervor1:狂热>。,死亡後復活し、ダメージを無効化しライフが100%になる。行動予測は「運命の狂熱」に転換する。「運命の狂熱」：行動を終了するたび、[DescArg1]点の<ParcloseIconKeywords:バリア>と[DescArg2]点の<Chapter5_Monster_Fervor1:狂熱>を獲得。,,,,,,,,,,,,,,
State_128073_Name,bOJP,z状态表_State_A.csv,5997,State,Name,,织母的摇篮,織母の揺りかご,,,,,,,,,,,,,,
State_128073_Desc,bOJO,z状态表_State_A.csv,5997,State,Desc,,每次行动结束后都会获得 [DescArg1] 层<ParcloseIconKeywords:屏障>和 [DescArg2] 层<Chapter5_Monster_Fervor1:狂热>。,行動を終了するたび、[DescArg1]点の<ParcloseIconKeywords:バリア>と[DescArg2]点の<Chapter5_Monster_Fervor1:狂熱>を獲得する。,,,,,,,,,,,,,,
State_128086_Name,bOJR,z状态表_State_A.csv,5999,State,Name,,宿命轮转,運命の輪,,,,,,,,,,,,,,
State_128086_Desc,bOJQ,z状态表_State_A.csv,5999,State,Desc,,敌方打出指令卡后，自身获得 [DescArg1] 层<Chapter5_Monster_Fervor1:狂热>，击破「旧日余烬」后与后列友方交换位置。,相手が指令カードを使用した後、[DescArg1]点の<Chapter5_Monster_Fervor1:狂熱>を獲得する。「古の残り火」をすべて除去した場合、後列の味方と位置を交換する。,,,,,,,,,,,,,,
State_128257_Name,bPgU,z状态表_State_A.csv,6019,State,Name,,织母的低语,織母の囁き,,,,,,,,,,,,,,
State_128257_Desc,bPgT,z状态表_State_A.csv,6019,State,Desc,,每次行动结束后都会获得 [DescArg1] 点<PowerIconKeywords:力量>和 [DescArg2] 层<Chapter5_Monster_Fervor2:狂热>。,行動を終了するたび、[DescArg1]点の<PowerIconKeywords:力>と[DescArg2]点の<Chapter5_Monster_Fervor2:狂熱>を獲得する。,,,,,,,,,,,,,,
State_128251_Name,bPgQ,z状态表_State_A.csv,6020,State,Name,,渊狱轮转,淵獄の輪,,,,,,,,,,,,,,
State_128251_Desc,bPgP,z状态表_State_A.csv,6020,State,Desc,,敌方打出非指令卡后，自身获得 [DescArg1] 层<Chapter5_Monster_Fervor2:狂热>，击破「旧日余烬」后与后列友方交换位置。,相手が非指令カードを使用した後、自身は[DescArg1]点の<Chapter5_Monster_Fervor2:狂熱>を受ける。「古の残り火」をすべて除去した場合、後列の味方と位置を交換する。,,,,,,,,,,,,,,
State_128645_Name,bPgZ,z状态表_State_A.csv,6025,State,Name,,万面同调,万象同調,,,,,,,,,,,,,,
State_128645_Desc,bPgY,z状态表_State_A.csv,6025,State,Desc,,意图会从四种意图中随机，但不会重复。释放狂气爆发后立刻切换意图。打出指令卡后获得 1 层<Chapter5_Monster_Fervor3:狂热>。,行動予測は4種類からランダムに選ばれ、重複しない。「狂気解放」を発動すると、即座に行動予測を転換する。指令カードを使用した後、1点の<Chapter5_Monster_Fervor3:狂熱>を獲得する。,,,,,,,,,,,,,,
State_128644_Name,bPgX,z状态表_State_A.csv,6032,State,Name,,临时狂热,一時的な狂熱,,,,,,,,,,,,,,
State_128644_Desc,bPgW,z状态表_State_A.csv,6032,State,Desc,,回合开始时清除。达到 10 层后，下次打出卡牌后立刻行动，移除<Chapter5_Monster_Fervor3:狂热>并随机切换意图。,ターン開始時に解除する。10点に達した後にカードを使用すると即座に行動し、<Chapter5_Monster_Fervor3:狂熱>を除去し、行動予測をランダムに転換する。,,,,,,,,,,,,,,
State_128648_Name,bPhc,z状态表_State_A.csv,6037,State,Name,,暴怒之茧,暴怒の繭,,,,,,,,,,,,,,
State_128648_Desc,bPhb,z状态表_State_A.csv,6037,State,Desc,,直到下回合开始时，每打出 1 张指令卡就获得 [DescArg1] 的临时<PowerIconKeywords:力量>。,次のターン開始まで、指令カードを1枚使用するたびに[DescArg1]点の一時的な<PowerIconKeywords:力>を獲得する。,,,,,,,,,,,,,,
State_129612_Name,bPhi,z状态表_State_A.csv,6043,State,Name,,万面同调,万象同調,,,,,,,,,,,,,,
State_129612_Desc,bPhh,z状态表_State_A.csv,6043,State,Desc,,意图会从四种意图中随机，但不会重复。释放狂气爆发后立刻切换意图。打出指令卡后获得 1 层<Chapter5_Monster_Fervor3:狂热>。,行動予測は4種類からランダムに選ばれ、重複しない。「狂気解放」を発動すると、即座に行動予測を転換する。指令カードを使用した後、1点の<Chapter5_Monster_Fervor3:狂熱>を獲得する。,,,,,,,,,,,,,,
State_129625_Name,bPhk,z状态表_State_A.csv,6047,State,Name,,万面同调,万象同調,,,,,,,,,,,,,,
State_129625_Desc,bPhj,z状态表_State_A.csv,6047,State,Desc,,意图会从四种意图中随机，但不会重复。释放狂气爆发后立刻切换意图。打出指令卡后获得 1 层<Chapter5_Monster_Fervor3:狂热>。每次切换意图获得 1 层「错乱命途」。,行動予測は4種類からランダムに選ばれ、重複しない。「狂気解放」を発動すると、即座に行動予測を転換する。指令カードを1枚使用するたびに、1点の<Chapter5_Monster_Fervor3:狂熱>を獲得する。行動予測を転換するたびに、1点の「錯乱する運命」を獲得する。,,,,,,,,,,,,,,
State_129643_Name,bPhm,z状态表_State_A.csv,6050,State,Name,,错乱命途,錯乱する運命,,,,,,,,,,,,,,
State_129643_Desc,bPhl,z状态表_State_A.csv,6050,State,Desc,,每次切换意图时获得 1 层，当拥有 10 层「错乱命途」时，意图调整为无法切换并造成大量伤害与削弱的「破茧狂宴」。,行動予測を転換するたびに1点獲得する。10点に達すると、行動予測は転換不可かつ高ダメージとデバフを与える「繭を破りし狂宴」に転換する。,,,,,,,,,,,,,,
State_129849_Name,bPnQ,z状态表_State_A.csv,6056,State,Name,,拨弄命运之丝,運命の糸を弄ぶ,,,,,,,,,,,,,,
State_129849_Desc,bPnP,z状态表_State_A.csv,6056,State,Desc,,生成每回合敌方打出的首张指令卡的复制置入维度裂隙。当卡牌进入维度裂隙时，为其赋予<DepleteIconKeywords:消耗>。 每回合首次释放钥令会将最左侧的卡牌取出并置入抽牌堆顶部。,相手が毎ターン初めて使用した指令カードのコピーを「次元の裂け目」に入れ、<DepleteIconKeywords:除外>を付与する。毎ターン初めて「キーオーダー」を発動した後、一番左のカードを取り出し山札の一番上に置く。,,,,,,,,,,,,,,
State_129854_Name,bPnU,z状态表_State_A.csv,6059,State,Name,,断丝震鸣,断糸震鳴,,,,,,,,,,,,,,
State_129854_Desc,bPnT,z状态表_State_A.csv,6059,State,Desc,,维度裂隙中每有一张指令卡，玩家手牌上限减少 1。 若其中已满，下次打出卡牌时，「永恒之网」立刻行动，行动后清空维度裂隙，将意图调整为「命途，依此谕示」。,「次元の裂け目」の指令カード1枚につき、プレイヤーの手札の上限が1減少する。「次元の裂け目」が上限に達したあとにカードを使用すると、「永劫の網」は即座に行動し、「次元の裂け目」をリセットして行動予測を「運命よ、我が意のままに」に転換する。,,,,,,,,,,,,,,
State_129850_Name,bPnS,z状态表_State_A.csv,6060,State,Name,,断丝震鸣,断糸震鳴,,,,,,,,,,,,,,
State_129850_Desc,bPnR,z状态表_State_A.csv,6060,State,Desc,,维度裂隙中每有一张指令卡，玩家手牌上限减少 1。 若其中已满，下次打出卡牌时，「永恒之网」立刻行动，行动后清空维度裂隙，将意图调整为「凌驾命运的悲歌」。,「次元の裂け目」の指令カード1枚につき、プレイヤーの手札の上限が1減少する。「次元の裂け目」が上限に達したあとにカードを使用すると、「永劫の網」は即座に行動し、「次元の裂け目」をリセットして行動予測を「運命を超えし哀歌」に転換する。,,,,,,,,,,,,,,
State_129848_Desc,bPnN,z状态表_State_A.csv,6061,State,Desc,,每当 [DescArg1] 张卡牌离开维度裂隙时为其赋予 [DescArg2] 层<BrokenCard:暗中破坏>。,「次元の裂け目」からカードを[DescArg1]枚出すたびに、[DescArg2]点の<BrokenCard:陰の妨害>を付与する。,,,,,,,,,,,,,,
State_129845_Name,bPnL,z状态表_State_A.csv,6062,State,Name,,尚未觉醒,未覚醒,,,,,,,,,,,,,,
State_129845_Desc,bPnK,z状态表_State_A.csv,6062,State,Desc,,这位唤醒体还未觉醒…即将被击倒时会觉醒，回复生命并以真正的形态开始战斗。,この覚醒体はまだ未覚醒だ…撃破される直前に覚醒し、ライフを回復し、真の姿で戦闘を始める。,,,,,,,,,,,,,,
State_130358_Name,bPPE,z状态表_State_A.csv,6072,State,Name,,提线木偶,操り人形,,,,,,,,,,,,,,
State_130358_Desc,bPPD,z状态表_State_A.csv,6072,State,Desc,,下张打出的指令卡额外生效 2 次。,次に使用する指令カードは2回効果を発動する。,,,,,,,,,,,,,,
State_130512_Name,bPPX,z状态表_State_A.csv,6073,State,Name,,提线木偶,操り人形,,,,,,,,,,,,,,
State_130512_Desc,bPPW,z状态表_State_A.csv,6073,State,Desc,,下张打出的指令卡额外生效 2 次且算力消耗降低 2 点。,次に使用する指令カードは2回効果を発動し、行動力消費が2減少する。,,,,,,,,,,,,,,
State_131439_Name,bQVA,z状态表_State_A.csv,6074,State,Name,,提线木偶,操り人形,,,,,,,,,,,,,,
State_131439_Desc,bQVz,z状态表_State_A.csv,6074,State,Desc,,下张打出的指令卡额外生效 2 次且算力消耗降低为 0。,次に使用する指令カードは2回効果を発動し、行動力消費が0になる。,,,,,,,,,,,,,,
State_130388_Name,bPPH,z状态表_State_A.csv,6079,State,Name,,<RetainIconKeywords:保留>：获得 [DescArg1] 银钥能量,<RetainIconKeywords:保持>：[DescArg1]キーエネルギーを獲得,,,,,,,,,,,,,,
State_130389_Name,bPPJ,z状态表_State_A.csv,6080,State,Name,,打出后使所有唤醒体获得 [DescArg1] 点狂气,使用後、すべての覚醒体は[DescArg1]狂気を獲得,,,,,,,,,,,,,,
State_130389_Desc,bPPI,z状态表_State_A.csv,6080,State,Desc,,打出后使所有唤醒体获得 [DescArg1] 点狂气,使用後、すべての覚醒体は[DescArg1]狂気を獲得,,,,,,,,,,,,,,
State_130390_Name,bPPL,z状态表_State_A.csv,6081,State,Name,,冗余的侧写,過剰な描写,,,,,,,,,,,,,,
State_130390_Desc,bPPK,z状态表_State_A.csv,6081,State,Desc,,算力上限和手牌上限提高 1。,行動力上限と手札の上限が1増加する。,,,,,,,,,,,,,,
State_130391_Name,bPPN,z状态表_State_A.csv,6082,State,Name,,污秽的余响,穢れの余韻,,,,,,,,,,,,,,
State_130391_Desc,bPPM,z状态表_State_A.csv,6082,State,Desc,,每打出 1 张「症状卡」，「提线木偶」算力消耗降低 1。,「症状カード」を1枚使用するたび、「操り人形」の行動力消費が1減少する。,,,,,,,,,,,,,,
State_130500_Name,bPPT,z状态表_State_A.csv,6083,State,Name,,殉难者的回眸,殉教者の回顧,,,,,,,,,,,,,,
State_130500_Desc,bPPS,z状态表_State_A.csv,6083,State,Desc,,首领战中死亡抵抗 +100%。触发「死亡抵抗」后下回合「提线木偶」不再强制打出指令卡，改为选择一张手中指令卡。,ボス戦中、死亡抵抗+100%。「死亡抵抗」が発動した後、次のターンに「操り人形」は指令カードを強制的に使用せず、手札にある指令カードを1枚選んで使用する。,,,,,,,,,,,,,,
State_130387_Name,bPPG,z状态表_State_A.csv,6086,State,Name,,命运的葬礼,運命の葬儀,,,,,,,,,,,,,,
State_130387_Desc,bPPF,z状态表_State_A.csv,6086,State,Desc,,「提线木偶」被消耗后，之后每回合打出的第一张指令卡额外生效 2 次。若为首领战，所有唤醒体获得 50 点狂气，获得 1000 点银钥能量。,「操り人形」が除外された後、以降のターンで最初に使用する指令カードは追加で2回効果を発動する。ボス戦では、すべての覚醒体が50狂気を獲得し、1000キーエネルギーを獲得する。,,,,,,,,,,,,,,
State_130498_Name,bPPR,z状态表_State_A.csv,6088,State,Name,,命运的葬礼,運命の葬儀,,,,,,,,,,,,,,
State_130498_Desc,bPPQ,z状态表_State_A.csv,6088,State,Desc,,下张打出的指令卡额外生效 2 次。,次に使用する指令カードは追加で2回効果を発動する。,,,,,,,,,,,,,,
State_131118_Name,bPQA,z状态表_State_A.csv,6092,State,Name,,千丝之茧,千糸の繭,,,,,,,,,,,,,,
State_131118_Desc,bPQz,z状态表_State_A.csv,6092,State,Desc,,每次受到伤害或失去生命时，无法超过最大生命的 3%。,ダメージやライフ減少の値は、最大ライフの3%を超えることはない。,,,,,,,,,,,,,,
State_131127_Name,bPQE,z状态表_State_A.csv,6093,State,Name,,缚誓契约,運命の誓約,,,,,,,,,,,,,,
State_131127_Desc,bPQD,z状态表_State_A.csv,6093,State,Desc,,受到命运束缚的姿态。对手每打出 1 张「指令卡」，自身获得 1 层「临时狂热」。,運命の拘束された姿。相手が「指令カード」を1枚使用するたび、1点の「一時的な狂熱」を獲得する。,,,,,,,,,,,,,,
State_131123_Name,bPQC,z状态表_State_A.csv,6096,State,Name,,临时狂热,一時的な狂熱,,,,,,,,,,,,,,
State_131123_Desc,bPQB,z状态表_State_A.csv,6096,State,Desc,,回合开始时清除。达到 10 层后，下次打出卡牌后立刻行动并切换至下一个意图，移除<Chapter5_Monster_Fervor4:狂热>。,ターン開始時に解除する。10点に達した後にカードを使用すると即座に行動し、次の行動予測に転換し、<Chapter5_Monster_Fervor4:狂熱>を除去する。,,,,,,,,,,,,,,
State_131134_Name,bPQG,z状态表_State_A.csv,6100,State,Name,,渊狱之门,淵獄の門,,,,,,,,,,,,,,
State_131134_Desc,bPQF,z状态表_State_A.csv,6100,State,Desc,,死亡后，涅芙蕾雅获得 [DescArg1] 层临时狂热，但失去 3% 最大生命。,死亡後、アラクネが[DescArg1]点の一時的な狂熱を獲得し、最大ライフの3%を失う。,,,,,,,,,,,,,,
State_131188_Name,bRsB,z状态表_State_A.csv,6108,State,Name,,维度裂隙,次元の裂け目,,,,,,,,,,,,,,
State_131188_Desc,bRsA,z状态表_State_A.csv,6108,State,Desc,,打出的「技能」进入「维度裂隙」并为所有同名的技能附加「命运残碎」，离开维度裂隙后清除。维度裂隙满时，「背弃之网」涅芙蕾雅行动后清空维度裂隙，将下个意图转变为强力的狂气爆发。,使用した「スキル」は「次元の裂け目」に入り、同名のスキルに「運命の破片」を付与する。「次元の裂け目」から出すと除去する。「次元の裂け目」が上限に達すると、「背信の網」ネフレアが行動した後に「次元の裂け目」をリセットし、次の行動予測は強力な「狂気解放」に転換する。,,,,,,,,,,,,,,
State_131186_Name,bQSy,z状态表_State_A.csv,6110,State,Name,,<ExclamationPointColour:命运残碎>,<ExclamationPointColour:運命の断片>,,,,,,,,,,,,,,
State_131186_Desc,bQSx,z状态表_State_A.csv,6110,State,Desc,,打出后额外生效 1 次，但受到 [DescArg1] 点伤害。,使用後、追加で1回効果を発動し、[DescArg1]ダメージを受ける。,,,,,,,,,,,,,,
State_131261_Name,bQSK,z状态表_State_A.csv,6120,State,Name,,破灭戏场,破滅の劇場,,,,,,,,,,,,,,
State_131258_Name,bQSI,z状态表_State_A.csv,6121,State,Name,,命网扰动,乱れた運命の網,,,,,,,,,,,,,,
State_131258_Desc,bQSH,z状态表_State_A.csv,6121,State,Desc,,转动纺轮的丝线，扰动错误的命运。释放钥令或打出「命运残碎」卡牌后移除 1 层，全部移除后阿拉克涅释放「命缕各安其位」追击，造成高额伤害。释放 3 次后将使敌方的「千丝之茧」彻底破碎！,紡ぎ車を回し、誤った運命を乱す。「キーオーダー」を発動するか「運命の断片」が付与されたカードを使用した後、1点除去する。すべて除去した場合、アラクネが「糸よ、あるべき場所へ」を発動して追撃し、高ダメージを与える。3回発動すると敵の「千糸の繭」を完全に破壊する！,,,,,,,,,,,,,,
State_131191_Name,bRdI,z状态表_State_A.csv,6128,State,Name,,认知障碍,認知障害,,,,,,,,,,,,,,
State_134285_Name,bSNV,z状态表_State_A.csv,6203,State,Name,,命运裁断,運命の裁き,,,,,,,,,,,,,,
State_134285_Desc,bSNU,z状态表_State_A.csv,6203,State,Desc,,若该状态层数大于等于目标生命，移除所有命运裁断并直接击杀目标。施加的固定命运裁断受伤害强效加成。,点数が対象のライフを上回った場合、すべての「運命の裁き」を除去し、即座に対象を撃破する。付与する「運命の裁き」はダメージ強化ボーナスを獲得する。,,,,,,,,,,,,,,
State_134237_Desc,bSFI,z状态表_State_A.csv,6205,State,Desc,,阿拉克涅编织命运引出的线缕，最大 [DescArg1] 层，能被狂气爆发消耗释放「无尽线缕」追击。「织命」会继承至下场战斗。,アラクネが運命を紡ぎ出した糸。最大[DescArg1]点。「狂気解放」で消費し、「無限の糸」で追撃を発動可能。「織命」は次の戦闘に引き継がれる。,,,,,,,,,,,,,,
State_133395_Name,bSfD,z状态表_State_A.csv,6206,State,Name,,维度穿梭,次元転移,,,,,,,,,,,,,,
State_133395_Desc,bSfC,z状态表_State_A.csv,6206,State,Desc,,接下来打出的下 [Layer] 张指令卡触发「维度穿梭」。,次に使用する指令カード[Layer]枚は「次元転移」を発動する。,,,,,,,,,,,,,,
State_134384_Name,bSPO,z状态表_State_A.csv,6207,State,Name,,维度穿梭,次元転移,,,,,,,,,,,,,,
State_134384_Desc,bSPN,z状态表_State_A.csv,6207,State,Desc,,接下来打出的下 [Layer] 张指令卡触发「维度穿梭」。,次に使用する指令カード[Layer]枚は「次元転移」を発動する。,,,,,,,,,,,,,,
State_135232_Name,bSUi,z状态表_State_A.csv,6223,State,Name,,<AwakerCard_24Lost:<SingularityKeywords:奇点折跃>：本回合剩余时间内其他唤醒体打出指令卡后，消耗 1 层<SilkKeywords:织命>释放「无尽线缕」追击>,<AwakerCard_24Lost:<SingularityKeywords:特異点跳躍>：このターンに他の覚醒体が指令カードを使用した後、<SilkKeywords:織命>を1点消費して「無限の糸」を発動し、追撃する。>,,,,,,,,,,,,,,
State_135233_Name,bSUj,z状态表_State_A.csv,6224,State,Name,,<SingularityKeywords:奇点折跃>：本回合剩余时间内其他唤醒体打出指令卡后，消耗 1 层<SilkKeywords:织命>释放「无尽线缕」追击,<SingularityKeywords:特異点跳躍>：このターンに他の覚醒体が指令カードを使用した後、<SilkKeywords:織命>を1点消費して「無限の糸」を発動し、追撃する。,,,,,,,,,,,,,,
State_135919_Name,bSUo,z状态表_State_A.csv,6225,State,Name,,<AwakerCard_24Lost:<SingularityKeywords:奇点折跃>：本回合剩余时间内其他唤醒体打出指令卡后，消耗 1 层<SilkKeywords:织命>释放「无尽线缕」追击>,<AwakerCard_24Lost:<SingularityKeywords:特異点跳躍>：このターンに他の覚醒体が指令カードを使用した後、<SilkKeywords:織命>を1点消費して「無限の糸」を発動し、追撃する。>,,,,,,,,,,,,,,
State_135920_Name,bSUp,z状态表_State_A.csv,6226,State,Name,,<SingularityKeywords:奇点折跃>：本回合剩余时间内其他唤醒体打出指令卡后，消耗 1 层<SilkKeywords:织命>释放「无尽线缕」追击,<SingularityKeywords:特異点跳躍>：このターンに他の覚醒体が指令カードを使用した後、<SilkKeywords:織命>を1点消費して「無限の糸」を発動し、追撃する。,,,,,,,,,,,,,,
TipsType_PVETeamShareCodeSaveTips_Desc,bKqu,t提示信息_TipsType_C.csv,1156,TipsType,Desc,,是否确认保存该编队码对应的队伍配置？\n未持有该配置的部分将会被空置。,この編成コードに対応するチーム配置を適用しますか？\n未所持の部分は空欄になります。,,,,,,,,,,,,,,
Task_58524_Desc,bfRH,r任务_Task_A.csv,2275,Task,Desc,,通关「幕落」任意难度,「幕切れ」任意の難易度をクリア,,,,,,,,,,,,,,
Task_58509_Desc,bfPV,r任务_Task_A.csv,2276,Task,Desc,,通关「余音」任意难度,「余韻」任意の難易度をクリア,,,,,,,,,,,,,,
Task_58508_Desc,bfPP,r任务_Task_A.csv,2291,Task,Desc,,通关「小步舞曲」癫狂难度,「メヌエット」超難度をクリア,,,,,,,,,,,,,,
Task_58514_Desc,bfQz,r任务_Task_A.csv,2294,Task,Desc,,通关「余音」癫狂难度,「余韻」超難度をクリア,,,,,,,,,,,,,,
Task_58533_Desc,bfSJ,r任务_Task_A.csv,2296,Task,Desc,,通关「管弦编制」任意难度,「管弦楽団」任意の難易度をクリア,,,,,,,,,,,,,,
Task_58532_Desc,bfSD,r任务_Task_A.csv,2302,Task,Desc,,通关「幕落」任意难度,「幕切れ」任意の難易度をクリア,,,,,,,,,,,,,,
Task_58504_Desc,bfPr,r任务_Task_A.csv,2303,Task,Desc,,通关「余音」任意难度,「余韻」任意の難易度をクリア,,,,,,,,,,,,,,
Task_62018_Desc,bhpx,r任务_Task_A.csv,2366,Task,Desc,,野兽雄心·通关,獣の本能・突破,,,,,,,,,,,,,,
Task_62014_Desc,bhoZ,r任务_Task_A.csv,2367,Task,Desc,,山峦巨口,山嶺の大穴,,,,,,,,,,,,,,
Task_62004_Desc,bhnR,r任务_Task_A.csv,2368,Task,Desc,,野兽雄心·界域,獣の本能・界域,,,,,,,,,,,,,,
Task_62016_Desc,bhpl,r任务_Task_A.csv,2369,Task,Desc,,野兽雄心·癫狂,獣の本能・超難度,,,,,,,,,,,,,,
Task_62010_Desc,bhoB,r任务_Task_A.csv,2373,Task,Desc,,通关「见山」任意难度,「望山」任意の難易度をクリア,,,,,,,,,,,,,,
Task_62092_Desc,bhrd,r任务_Task_A.csv,2375,Task,Desc,,通关特遣纪录「艾尔沃斯的归人」,特務記録「雪山へのの帰還」をクリア,,,,,,,,,,,,,,
Task_62023_Desc,bhqb,r任务_Task_A.csv,2376,Task,Desc,,完成「野兽雄心·通关」所有任务,「獣の本能・突破」と「山嶺の大穴」全任務を完了する,,,,,,,,,,,,,,
Task_62007_Desc,bhoj,r任务_Task_A.csv,2377,Task,Desc,,在「吞食的野心」交换花苞获得100次回馈,「貪食の野心」で蕾を交換して100回報酬を獲得する,,,,,,,,,,,,,,
Task_62006_Desc,bhod,r任务_Task_A.csv,2378,Task,Desc,,在「吞食的野心」交换花苞获得200次回馈,「貪食の野心」で蕾を交換して200回報酬を獲得する,,,,,,,,,,,,,,
Task_62022_Desc,bhpV,r任务_Task_A.csv,2379,Task,Desc,,在「复仇的战意」交换花苞获得100次回馈,「復讐の戦意」で蕾を交換して100回報酬を獲得する,,,,,,,,,,,,,,
Task_62021_Desc,bhpP,r任务_Task_A.csv,2380,Task,Desc,,在「复仇的战意」交换花苞获得200次回馈,「復讐の戦意」で蕾を交換して200回報酬を獲得する,,,,,,,,,,,,,,
Task_62020_Desc,bhpJ,r任务_Task_A.csv,2381,Task,Desc,,在「重生的希冀」交换花苞获得100次回馈,「再生の希望」で蕾を交換して100回報酬を獲得する,,,,,,,,,,,,,,
Task_62025_Desc,bhqn,r任务_Task_A.csv,2382,Task,Desc,,在「重生的希冀」交换花苞获得200次回馈,「再生の希望」で蕾を交換して200回報酬を獲得する,,,,,,,,,,,,,,
Task_62024_Desc,bhqh,r任务_Task_A.csv,2383,Task,Desc,,使用混沌界域唤醒体在「野兽雄心」中获胜1次,混沌界域の覚醒体を使用し「獣の本能」で1回勝利,,,,,,,,,,,,,,
Task_62019_Desc,bhpD,r任务_Task_A.csv,2384,Task,Desc,,使用深海界域唤醒体在「野兽雄心」中获胜1次,深海界域の覚醒体を使用し「獣の本能」で1回勝利,,,,,,,,,,,,,,
Task_62027_Desc,bhqz,r任务_Task_A.csv,2385,Task,Desc,,使用血肉界域唤醒体在「野兽雄心」中获胜1次,血肉界域の覚醒体を使用し「獣の本能」で1回勝利,,,,,,,,,,,,,,
Task_62013_Desc,bhoT,r任务_Task_A.csv,2386,Task,Desc,,使用超维界域唤醒体在「野兽雄心」中获胜1次,超次元界域の覚醒体を使用し「獣の本能」で1回勝利,,,,,,,,,,,,,,
Task_62029_Desc,bhqL,r任务_Task_A.csv,2389,Task,Desc,,通关「斗兽」癫狂难度,「闘獣」超難度をクリア,,,,,,,,,,,,,,
Task_62002_Desc,bhnF,r任务_Task_A.csv,2390,Task,Desc,,通关「见山」癫狂难度,「望山」超難度をクリア,,,,,,,,,,,,,,
Task_62015_Desc,bhpf,r任务_Task_A.csv,2391,Task,Desc,,通关「破土」癫狂难度,「破土」超難度をクリア,,,,,,,,,,,,,,
Task_62012_Desc,bhoN,r任务_Task_A.csv,2395,Task,Desc,,通关「见山」任意难度,「望山」任意の難易度をクリア,,,,,,,,,,,,,,
Task_121897_Desc,bLeb,r任务_Task_A.csv,5953,Task,Desc,,每剩余 1 回合额外获得 20 分。（当前剩余回合：{s1}）,残り1ターンごとに20点獲得。(現在の残りターン：{s1}),,,,,,,,,,,,,,
Task_122411_Name,bLdy,r任务_Task_A.csv,5954,Task,Name,,深渊呼唤<size=20><color=#747474>使用 1/2 名本周强化唤醒体时出战时，获得250/500分 </color></size>,深淵の呼び声<size=20><color=#747474>今週の強化覚醒体を1/2体編成して出撃時、250/500点獲得。</color></size>,,,,,,,,,,,,,,
Task_122411_Desc,bLdx,r任务_Task_A.csv,5954,Task,Desc,,使用 1/2 名本周强化唤醒体时出战时，获得 250 / 500 分。（当前出战：{s1}）,今週の強化覚醒体を1/2名編成して出撃時、250/500点を獲得。(現在出撃中：{s1}),,,,,,,,,,,,,,
Task_122110_Name,bKVm,r任务_Task_A.csv,5955,Task,Name,,拓梦先驱<size=20><color=#747474>每日首次游玩 获得 500 分 </color></size>,夢の先駆者<size=20><color=#747474>毎日初回プレイで500点獲得。</color></size>,,,,,,,,,,,,,,
Task_122110_Desc,bKVl,r任务_Task_A.csv,5955,Task,Desc,,每日首次游玩 获得 500 分。,毎日初回プレイで500点獲得。,,,,,,,,,,,,,,
