AvgDialog_23852_Content_1,aiKS,avg章5新_AvgDialog_C_M.csv,8,AvgDialog,Content,,风暴眼,폭풍의 눈
AvgDialog_23852_Content_2,aiLW,avg章5新_AvgDialog_C_M.csv,9,AvgDialog,Content,？？？,守密人！别松开我的手！,수호자! 내 손을 놓지 마!
AvgDialog_23852_Content_3,aiMh,avg章5新_AvgDialog_C_M.csv,10,AvgDialog,Content,,鼻尖充斥着煤炭燃尽后的苦臭，手套在须臾的相接后，一方被重力狠狠拉向深渊。,코끝이 다 타버린 석탄의 악취로 가득 찬다. 그 순간 장갑 한 쪽이 미끄러지더니 중력을 따라 심연으로 빨려 들어갔다.
AvgDialog_23852_Content_4,aiMs,avg章5新_AvgDialog_C_M.csv,11,AvgDialog,Content,,熟悉的嗓音和那人身上的温度都在快速远去，与之相对，潮湿与寒冷逐渐侵蚀上了脊背。,"익숙한 목소리와 그 사람의 온기는 빠르게 멀어져가고, 그 대신 음산한 한기가 등줄기를 타고 서서히 스며든다."
AvgDialog_23852_Content_5,aiMD,avg章5新_AvgDialog_C_M.csv,12,AvgDialog,Content,？？？,守密人！,수호자!
AvgDialog_23852_Content_6,aiMO,avg章5新_AvgDialog_C_M.csv,13,AvgDialog,Content,玩家,刚刚那是…梦境吗？,방금 그건… 꿈이었나?
AvgDialog_23852_Content_7,aiMZ,avg章5新_AvgDialog_C_M.csv,14,AvgDialog,Content,玩家,天亮了吗……,날이 밝아오고 있어…
AvgDialog_23852_Content_8,aiNk,avg章5新_AvgDialog_C_M.csv,15,AvgDialog,Content,,"每一块骨骼都像被打碎重组，浑身泛着不合时宜的疲惫。
太阳穴刺痛，眼睛也干涩得如有针扎。","모든 뼈가 한 번 부서진 뒤 다시 조립된 듯했고, 온몸은 불시에 찾아온 피로감에 휩싸인다. 관자놀이가 욱신거리고, 눈이 바늘로 찌르는 듯이 뻑뻑했다."
AvgDialog_23852_Content_9,aiNv,avg章5新_AvgDialog_C_M.csv,16,AvgDialog,Content,,嗓子感觉像刚吞了一大口伍斯特酱汁，每次呼吸都带着令人窒息的阻塞与疼痛。,"목구멍은 우스터 소스를 한입 가득 삼킨 듯했고, 호흡할 때마다 질식할 것 같은 목멤과 고통이 느껴졌다."
AvgDialog_23852_Content_10,aiKT,avg章5新_AvgDialog_C_M.csv,17,AvgDialog,Content,玩家,睁眼，头痛，陌生的地点。,두통과 함께 눈을 뜬 곳은 낯선 장소였다.
AvgDialog_23852_Content_11,aiLe,avg章5新_AvgDialog_C_M.csv,18,AvgDialog,Content,玩家,这是第几次了？难道就没有更有新意些的开场了吗？,이런 시작만 도대체 몇 번째야? 좀 색다른 패턴은 없는 거야?
AvgDialog_23852_Content_12,aiLp,avg章5新_AvgDialog_C_M.csv,19,AvgDialog,Content,,你强撑着站了起来，未曾预料的景象猝然映入眼中。,"억지로 몸을 일으키자, 예상치 못한 광경이 눈앞에 펼쳐진다."
AvgDialog_23852_Content_13,aiLA,avg章5新_AvgDialog_C_M.csv,20,AvgDialog,Content,,巨大满月高悬夜空，缥缈雾霭笼罩海面，硝烟与海水的盐腥充斥鼻腔。,"거대한 보름달이 밤하늘에 높이 떠 있었고, 희미한 안개가 해수면을 뒤덮고 있었다. 화약 냄새와 바닷물의 짠 내음이 코를 찌른다."
AvgDialog_23852_Content_14,aiLL,avg章5新_AvgDialog_C_M.csv,21,AvgDialog,Content,,浪花相互推搡的声音轻柔而规律，托着船体舒缓飘荡，驶向未知的目的地。,부드럽고 규칙적인 파도 소리가 배를 흔들며 미지의 목적지로 향하고 있었다.
AvgDialog_23852_Content_15,aiLR,avg章5新_AvgDialog_C_M.csv,22,AvgDialog,Content,玩家,船上？！,배 위라고?!
AvgDialog_23852_Content_16,aiLS,avg章5新_AvgDialog_C_M.csv,23,AvgDialog,Content,,毫无疑问，你在一艘行至大海中央的轮船上。拉蒙娜不在你的身边，目之所及处也没有任何人存在的迹象。,"의심할 여지도 없이 당신은 망망대해를 가로지르는 여객선의 위에 있었다. 라모나는 곁에 없었고, 주변 그 어디에도 사람의 흔적은 찾아볼 수 없었다."
AvgDialog_23852_Content_17,aiLT,avg章5新_AvgDialog_C_M.csv,24,AvgDialog,Content,玩家,"冷静，冷静。
从头开始想想，为什么我会在这艘船上……","침착하자, 침착해. 처음부터 다시 생각해 보자. 왜 내가 이 배에 있는 거지……"
AvgDialog_23852_Content_18,aiLU,avg章5新_AvgDialog_C_M.csv,25,AvgDialog,Content,拉蒙娜,赫伯特有关…纹样…弗朗西斯的日记……港口…,허버트에 대한… 문양… 프랜시스의 일기…… 항구…
AvgDialog_23852_Content_19,aiLV,avg章5新_AvgDialog_C_M.csv,26,AvgDialog,Content,拉蒙娜,准备好了就出发吧，我会一如既往担任你的搭档。,준비가 끝났다면 출발하자. 언제나처럼 내가 든든한 파트너가 되어줄게.
AvgDialog_23852_Content_20,aiLX,avg章5新_AvgDialog_C_M.csv,27,AvgDialog,Content,朵尔,这次的…教会……秘密……你要——,이번… 교회…… 비밀…… 넌——
AvgDialog_23852_Content_21,aiLY,avg章5新_AvgDialog_C_M.csv,28,AvgDialog,Content,玩家,……唔！,……윽!
AvgDialog_23852_Content_22,aiLZ,avg章5新_AvgDialog_C_M.csv,29,AvgDialog,Content,,"刚回忆起一些零星的画面，剧烈的疼痛就切碎了你的记忆。
胃液反流，灼烧着你的咽喉，新鲜空气在此刻也成为了奢侈品。","짧은 장면들을 떠올리자, 극심한 통증이 그 기억을 가른다. 위액이 역류해 목구멍을 태웠으며, 이 순간 신선한 공기는 사치일 뿐이다."
AvgDialog_23852_Content_23,aiMa,avg章5新_AvgDialog_C_M.csv,30,AvgDialog,Content,玩家,"呼——我和拉蒙娜一起离开了学校……对，拉蒙娜，要找到拉蒙娜。
如果是她的话，一定知道发生了什么。","후우—— 라모나와 함께 학교를 떠났어…… 그래, 라모나, 라모나를 찾아야 해. 라모나라면 분명 무슨 일이 있었는지 알고 있을 거야."
AvgDialog_23852_Content_24,aiMb,avg章5新_AvgDialog_C_M.csv,31,AvgDialog,Content,,连接通讯器,통신기를 연결한다.
AvgDialog_23852_Content_25,aiMc,avg章5新_AvgDialog_C_M.csv,32,AvgDialog,Content,玩家,拉蒙娜，你能听见吗？你在哪里？,"라모나, 들려? 어디 있어?"
AvgDialog_23852_Content_26,aiMd,avg章5新_AvgDialog_C_M.csv,33,AvgDialog,Content,,忽略了自灵魂深处传来的疼痛，你像平时那样驱使着银芯通讯器。,"영혼 깊은 곳에서 울려 퍼지는 고통을 무시하고, 당신은 평소처럼 은심 통신기를 사용했다."
AvgDialog_23852_Content_27,aiMe,avg章5新_AvgDialog_C_M.csv,34,AvgDialog,Content,,此时，你才发现那枚象征着身份的<Yellow:胸针>，并不在你的衣襟上。,그제서야 당신은 신분을 드러내는 <Yellow:브로치>가 옷깃에 없다는 것을 깨달았다.
AvgDialog_23852_Content_28,aiMf,avg章5新_AvgDialog_C_M.csv,35,AvgDialog,Content,玩家,怎么会？！,말도 안 돼!
AvgDialog_23852_Content_29,aiMg,avg章5新_AvgDialog_C_M.csv,36,AvgDialog,Content,玩家,"冷静，冷静……
还有办法，试试精神追溯吧。","침착해, 침착하자…… 아직 방법은 남아있어. 정신 추적을 시도해 보자."
AvgDialog_23852_Content_30,aiMi,avg章5新_AvgDialog_C_M.csv,37,AvgDialog,Content,,你深吸一口气，暗示自己忽略浑身的不适，再度沉入了精神深潭。,"당신은 숨을 깊게 들이쉬며, 전신의 불편함을 무시하도록 스스로를 다잡은 뒤, 다시금 정신의 깊은 연못으로 가라앉았다."
AvgDialog_23852_Content_31,aiMj,avg章5新_AvgDialog_C_M.csv,38,AvgDialog,Content,,精神世界闪着无数的光斑，每个星点都代表了一个鲜活的灵魂——数量远远超过你的想象。,"정신 세계는 수많은 빛무리로 빛나고 있었고, 제각각 살아있는 영혼을 나타냈다. 그리고 그 수는 당신의 예상을 훨씬 뛰어넘었다."
AvgDialog_23852_Content_32,aiMk,avg章5新_AvgDialog_C_M.csv,39,AvgDialog,Content,玩家,船上居然有这么多人？奇怪……,배에 이렇게나 많은 사람이 있다고? 이상해……
AvgDialog_23852_Content_33,aiMl,avg章5新_AvgDialog_C_M.csv,40,AvgDialog,Content,,"压下好奇心和一点没由来的恐惧，你将注意力集中在自己身上。
「链接」犹如一根坚韧的脐带，将两个格外璀璨的灵牵引向你。","호기심과 미지의 두려움을 억누르고, 당신은 자신에게 주의를 돌린다. 「링크」는 마치 강인한 탯줄처럼 두 개의 유독 빛나는 영혼을 당신에게 이끈다."
AvgDialog_23852_Content_34,aiMm,avg章5新_AvgDialog_C_M.csv,41,AvgDialog,Content,玩家,两个链接？除了拉蒙娜，还有其他人参加了这次任务吗？,두 개의 링크? 라모나 말고도 다른 사람이 이 임무에 참가한 건가?
AvgDialog_23852_Content_35,aiMn,avg章5新_AvgDialog_C_M.csv,42,AvgDialog,Content,,你的窥视惊起了一片涟漪，其中一个灵知似乎受到了惊扰。没等你感受得更仔细些，祂先缓慢地转动了几番，最后锁定了你的方位。,"당신의 염탐은 파문을 일으켰고, 이에 한 영혼이 동요한 듯했다. 더 자세히 느끼기도 전 그것은 천천히 뒤를 돌아보더니, 끝내 당신의 위치를 포착해 낸다."
AvgDialog_23852_Content_36,aiMo,avg章5新_AvgDialog_C_M.csv,43,AvgDialog,Content,,脊背窜上没由来的寒冷，没等你反应过来，那个陌生的链接对象竟朝你的所在猛地袭来！,그러자 등골에 원인을 알 수 없는 한기가 솟아올랐다. 반응할 틈도 없이 낯선 링크 대상은 당신을 향해 맹렬히 달려들기 시작했다!
AvgDialog_23852_Content_37,aiMp,avg章5新_AvgDialog_C_M.csv,44,AvgDialog,Content,,无暇思考链接另一头到底是何方神圣，本能驱使着你从精神世界中抽离，向反方向迈开了双腿。,링크 건너편의 정체를 생각할 여유도 없었다. 본능은 당신을 정신 세계의 반대 방향으로 달려 나가게 만든다.
AvgDialog_23852_Content_38,aiMq,avg章5新_AvgDialog_C_M.csv,45,AvgDialog,Content,,——！,——!
AvgDialog_23852_Content_39,aiMr,avg章5新_AvgDialog_C_M.csv,46,AvgDialog,Content,,巧合一般，船体在你落脚瞬间发出尖锐的嚎叫，像钢铁巨兽濒死前的悲鸣，暗示自己即将无力抵抗大海。,"공교롭게도 당신이 선체 위로 발을 딛는 순간, 그것은 날카로운 비명을 내지른다. 마치 거대한 강철 짐승이 목숨을 잃기 전 내뱉는 울음소리처럼. 자신도 곧 바다를 헤쳐 나갈 힘을 잃으리라는 것을 암시하듯."
AvgDialog_23852_Content_40,aiMt,avg章5新_AvgDialog_C_M.csv,47,AvgDialog,Content,？？？,"在这种情形下深入精神世界，视危机为无物。
粗心，狂妄。","이런 상황에서 정신 세계에 파고드는 것은, 눈앞의 위기에서 눈을 돌리는 것과 같다. 경솔하고, 오만하기 짝이 없다."
AvgDialog_23852_Content_41,aiMu,avg章5新_AvgDialog_C_M.csv,48,AvgDialog,Content,,柔软、冰凉如橙肉的触肢拦住了险些失去平衡的身体，将你稳稳地扶在原地。,차갑고 오렌지 과육처럼 부드러운 감촉의 촉수가 균형을 잃을 뻔한 당신의 몸을 붙잡아 바로 설 수 있도록 지탱한다.
AvgDialog_23852_Content_42,aiMv,avg章5新_AvgDialog_C_M.csv,49,AvgDialog,Content,？？？,余没想到，你是如此莽撞之人。,네 녀석이 이리도 무모한 자일 줄은 미처 몰랐군.
AvgDialog_23852_Content_43,aiMw,avg章5新_AvgDialog_C_M.csv,50,AvgDialog,Content,玩家,图鲁？！,툴루?!
AvgDialog_23852_Content_44,aiMx,avg章5新_AvgDialog_C_M.csv,51,AvgDialog,Content,玩家,你……,너……
AvgDialog_23852_Content_45,aiMy,avg章5新_AvgDialog_C_M.csv,52,AvgDialog,Content,,你怎么醒着？,깨어 있기도 하는구나?
AvgDialog_23852_Content_46,aiMz,avg章5新_AvgDialog_C_M.csv,53,AvgDialog,Content,,少年唤醒体睨了你一眼，沉静又不失威严的目光在你身上停留。,"소년 모습의 각성체는 당신을 한 번 째려보더니, 차분하면서도 위엄을 잃지 않는 시선으로 돌아와 당신을 바라본다."
AvgDialog_23852_Content_47,aiMA,avg章5新_AvgDialog_C_M.csv,54,AvgDialog,Content,图鲁,这次的不敬之言，余权当没有听见过。,이번의 불경한 언사는 듣지 못한 것으로 하지.
AvgDialog_23852_Content_48,aiMB,avg章5新_AvgDialog_C_M.csv,55,AvgDialog,Content,,你怎么也在这？,왜 이곳에 있는 거지?
AvgDialog_23852_Content_49,aiMC,avg章5新_AvgDialog_C_M.csv,56,AvgDialog,Content,,少年唤醒体颇为意外地抬了抬眉，用审视的目光来回打量了你几番。,"소년 각성체는 의외라는 듯 눈썹을 살짝 치켜올리더니, 당신을 위아래로 몇 번이고 훑기 시작한다."
AvgDialog_23852_Content_50,aiME,avg章5新_AvgDialog_C_M.csv,57,AvgDialog,Content,图鲁,还有开玩笑的余力，看来你并无大碍。,"농담할 기력이 남아 있는 것을 보니, 별다른 이상은 없나보군."
AvgDialog_23852_Content_51,aiMF,avg章5新_AvgDialog_C_M.csv,58,AvgDialog,Content,图鲁,看来，方才那片刻的链接消失，只是灵知受扰而产生的短时混乱。,"아무래도 조금 전 순간적으로 링크가 사라진 이유는, 영지의 교란으로 발생한 일시적인 혼란인 모양이다."
AvgDialog_23852_Content_52,aiMG,avg章5新_AvgDialog_C_M.csv,59,AvgDialog,Content,,"和萝坦、奥吉尔等人相同，图鲁是受<Yellow:弥萨格>监管的诸多唤醒体之一。
但在弥萨格受训的一年中，你只见过他寥寥数面。","로탄, 오지에 등과 마찬가지로 툴루는 <Yellow:미사그>의 감시를 받는 많은 각성체 중 하나다. 하지만 당신이 미사그에서 훈련을 받았던 지난 1년 동안은 그를 몇 번 보지 못했다."
AvgDialog_23852_Content_53,aiMH,avg章5新_AvgDialog_C_M.csv,60,AvgDialog,Content,,据说图鲁大部分时间都处于沉睡中，醒来的次数屈指可数。让他与调查员同行执行任务，更是天方夜谭。,"툴루는 대부분의 시간 동안 깊은 잠에 빠져있으며, 깨어나는 횟수는 손에 꼽을 정도라고 전해진다. 그런 그가 조사원과 함께 임무를 수행하는 것은 더더욱 말도 안 되는 이야기다."
AvgDialog_23852_Content_54,aiMI,avg章5新_AvgDialog_C_M.csv,61,AvgDialog,Content,,但此时，你们被无形的<Yellow:链接>紧紧捆绑，图鲁如风暴般磅礴的灵知不断洗刷着你的精神领域。,"하지만 지금 이 순간 당신과 툴루는 보이지 않는 <Yellow:링크>에 의해 단단히 묶여있었으며, 폭풍처럼 웅장한 툴루의 영지가 끊임없이 당신의 정신 영역을 휩쓸고 있었다."
AvgDialog_23852_Content_55,aiMJ,avg章5新_AvgDialog_C_M.csv,62,AvgDialog,Content,玩家,链接消失？不对…说到底，我和你的链接究竟是怎么回事？你又为什么会在校外？,링크가 사라졌어? 아냐… 애초에 너와 나의 링크는 도대체 어떻게 된 거지? 넌 또 왜 학교 밖에 있는 거고?
AvgDialog_23852_Content_57,aiML,avg章5新_AvgDialog_C_M.csv,64,AvgDialog,Content,玩家,那女孩？降神仪式？,그녀? 강신 의식이라고?
AvgDialog_23852_Content_58,aiMM,avg章5新_AvgDialog_C_M.csv,65,AvgDialog,Content,,你与图鲁间的气氛陡然凝滞，片刻，他长叹一口气，脸上出现了与稚嫩面容格格不入的严肃神情。,"당신과 툴루 사이의 공기가 순간 멈춘다. 잠시 후 그가 깊은 한숨을 내쉬자, 앳된 얼굴과 어울리지 않는 진지한 표정이 드러난다."
AvgDialog_23852_Content_59,aiMN,avg章5新_AvgDialog_C_M.csv,66,AvgDialog,Content,图鲁,你还记得多少？,얼마나 기억하고 있지?
AvgDialog_23852_Content_60,aiMP,avg章5新_AvgDialog_C_M.csv,67,AvgDialog,Content,玩家,我和拉蒙娜为执行调查任务离开了学校，至于剩下的……,"나와 라모나는 조사 임무 때문에 학교를 떠났고, 그 이후로는……"
AvgDialog_23852_Content_61,aiMQ,avg章5新_AvgDialog_C_M.csv,68,AvgDialog,Content,,你摇了摇头。你不知道自己是否受到了什么外力影响，但有一点你非常肯定：你的身体在阻止你去回忆它们。,"당신은 고개를 젓는다. 어떤 외부의 영향인지는 알 수 없지만, 한 가지는 확실했다. 당신의 몸이 그 기억을 떠올리는 것을 막고 있다는 점이다."
AvgDialog_23852_Content_62,aiMR,avg章5新_AvgDialog_C_M.csv,69,AvgDialog,Content,玩家,“群星正在向应去之处升起”——说明你知道仪式的条件。,「별들이 제자리를 찾을 때」——의식의 조건만은 기억하고 있어.
AvgDialog_23852_Content_63,aiMS,avg章5新_AvgDialog_C_M.csv,70,AvgDialog,Content,玩家,降神仪式——究竟是什么情况？还有这些鱼人又是什么来路？,강신 의식이라니... 대체 무슨 일이야? 그리고 이 어인들은 뭐고?
AvgDialog_23852_Content_64,aiMT,avg章5新_AvgDialog_C_M.csv,71,AvgDialog,Content,玩家,虽然我想不起来到底发生了什么，但这链接不会骗人，我们理应是站在同一阵营的——图鲁，我需要你告诉我到底发生了什么。,"아무것도 기억나진 않지만, 링크는 거짓말을 하지 않아. 우린 같은 편일 거야. 툴루, 대체 무슨 일이 일어나고 있는지 알려줘."
AvgDialog_23852_Content_65,aiMU,avg章5新_AvgDialog_C_M.csv,72,AvgDialog,Content,,图鲁身上流露出些许疲惫，他阖上了眼，似是需要一些时间整理思绪。,툴루는 지친 기색으로 눈을 감고 생각을 정리했다.
AvgDialog_23852_Content_66,aiMV,avg章5新_AvgDialog_C_M.csv,73,AvgDialog,Content,图鲁,"未曾注意到你的异样，是余的过失。
以人类之身被卷入如此事件，看来对你不是全无影响。","그대의 이변을 눈치채지 못한 것은 짐의 과실이니라.\n인간의 몸으로 이런 사건에 휘말렸으니, 그대에게 영향이 없을 리가 없겠지."
AvgDialog_23852_Content_67,aiMW,avg章5新_AvgDialog_C_M.csv,74,AvgDialog,Content,,"但「降神仪式」对于弥萨格守密人来说，实在是太过敏感的关键词。
你正要追问下去，图鲁的触手却突然横在了你身前。","하지만 「강신 의식」은 미사그의 수호자에게 있어 그냥 지나칠 수 없는 중요한 단어였다.\n당신이 더 추궁하려는 순간, 툴루의 촉수가 갑자기 당신 앞을 가로막았다."
AvgDialog_23852_Content_68,aiMX,avg章5新_AvgDialog_C_M.csv,75,AvgDialog,Content,图鲁,有人过来了，提高戒备。,누가 왔다. 경계하도록.
AvgDialog_23852_Content_69,aiMY,avg章5新_AvgDialog_C_M.csv,76,AvgDialog,Content,,啪嗒……,철퍽... 철퍽...
AvgDialog_23852_Content_70,aiNa,avg章5新_AvgDialog_C_M.csv,77,AvgDialog,Content,,急促的脚步中混杂了类似脚蹼拍击地面的怪声，脚下传来轻微的震动，一个身影横冲直撞地从甲板另一头向你靠近。,"다급한 발소리에 물갈퀴로 바닥을 치는 듯한 기묘한 소리가 섞여 들려왔고, 발밑에서는 미세한 진동이 느껴졌다. 갑판 반대편에서 그림자 하나가 이쪽으로 돌진해 왔다."
AvgDialog_23852_Content_71,aiNb,avg章5新_AvgDialog_C_M.csv,78,AvgDialog,Content,鱼头怪物,咕…咕呜……,꾸... 꾸륵...
AvgDialog_23852_Content_72,aiNc,avg章5新_AvgDialog_C_M.csv,79,AvgDialog,Content,墨菲？,哇——救命啊——,으악—— 살려줘——
AvgDialog_23852_Content_73,aiNd,avg章5新_AvgDialog_C_M.csv,80,AvgDialog,Content,墨菲？,帮帮我！！%player%！,도와줘!! %player%!
AvgDialog_23852_Content_74,aiNe,avg章5新_AvgDialog_C_M.csv,81,AvgDialog,Content,,少女冲到了你身边，说话上气不接下气，却像抓住救命稻草似地扯着你的斗篷下摆。,"소녀는 당신에게 달려와 숨을 헐떡이며, 지푸라기라도 잡는 심정으로 망토 자락을 붙잡았다."
AvgDialog_23852_Content_75,aiNf,avg章5新_AvgDialog_C_M.csv,82,AvgDialog,Content,鱼头怪物,还…@2…@1母！@2！,@2... @1머니를... @2!
AvgDialog_23852_Content_76,aiNg,avg章5新_AvgDialog_C_M.csv,83,AvgDialog,Content,,这些身躯类人，却有着水生生物特征的敌人发出了怪异的呜咽。声音无序刺耳，你却莫名领会到了他们的意思。,"인간과 비슷한 몸에 수중생물의 특징을 가진 적들이 기이한 울음소리를 냈다. 소리는 혼란스럽고 귀에 거슬렸지만, 왠지 그들의 의도를 이해할 수 있었다."
AvgDialog_23852_Content_77,aiNh,avg章5新_AvgDialog_C_M.csv,84,AvgDialog,Content,玩家,他们在说……“还给我们”？,저들...「돌려줘」라고 말하는 건가?
AvgDialog_23852_Content_78,aiNi,avg章5新_AvgDialog_C_M.csv,85,AvgDialog,Content,,"无序的咆哮在你耳中变得更加清晰。
只差一点，只差一点你就能听懂他们想要什么——",혼란스러운 포효가 귓가에서 점점 더 선명해졌다.\n조금만 더 있으면 그들이 원하는 것을 알 수 있을 것만 같은데——
AvgDialog_23852_Content_79,aiNj,avg章5新_AvgDialog_C_M.csv,86,AvgDialog,Content,,在你因此而失神的片刻，少女一脚狠狠踩在了你的皮鞋上。,"당신이 생각에 잠긴 사이, 소녀가 당신의 구두를 힘껏 밟았다."
AvgDialog_23852_Content_80,aiNl,avg章5新_AvgDialog_C_M.csv,87,AvgDialog,Content,玩家,嘶——,아야——
AvgDialog_23852_Content_81,aiNm,avg章5新_AvgDialog_C_M.csv,88,AvgDialog,Content,墨菲？,你就只是看着吗！做点什么啊！,그냥 보고만 있을 거야!? 뭐라도 좀 해보라고!
AvgDialog_23852_Content_82,aiNn,avg章5新_AvgDialog_C_M.csv,89,AvgDialog,Content,墨菲？,还有你！别看着我，给本小姐专心一点！小心别被他们抓走了。,너도! 나만 보지 말고 집중해! 저들에게 잡히지 않게 조심하라고.
AvgDialog_23852_Content_83,aiNo,avg章5新_AvgDialog_C_M.csv,90,AvgDialog,Content,,图鲁别过脸去，不再看你和少女。触肢大力挥舞，将前仆后继的敌人一一横扫出船外。,툴루는 당신과 소녀에게서 고개를 돌렸다. 그의 촉수가 쉴 새 없이 몰려드는 적들을 차례차례 배 밖으로 쓸어냈다.
AvgDialog_23852_Content_84,aiNp,avg章5新_AvgDialog_C_M.csv,91,AvgDialog,Content,图鲁,还有增援，他们是冲着你来的。,증원군이 온다. 놈들은 그대를 노리고 있어.
AvgDialog_23852_Content_85,aiNq,avg章5新_AvgDialog_C_M.csv,92,AvgDialog,Content,,少女抿了抿嘴，片刻后眼睛一亮，露出灵光一闪的神情。,"소녀는 입술을 꾹 다물었지만, 잠시 후 눈을 빛내며 무언가 떠오른 듯한 표정을 지었다."
AvgDialog_23852_Content_86,aiNr,avg章5新_AvgDialog_C_M.csv,93,AvgDialog,Content,墨菲？,去船舱里！能暂时躲开他们。,선실로 가! 그럼 잠시 저들을 피할 수 있을 거야.
AvgDialog_23852_Content_87,aiNs,avg章5新_AvgDialog_C_M.csv,94,AvgDialog,Content,,少女自顾自往后走了几步，你赶紧护着她跟了上去。只见她踢开几块木板，甲板上赫然露出了一扇地门。,"소녀는 제멋대로 몇 걸음 뒤로 물러섰고, 당신은 서둘러 그녀를 보호하며 뒤따라갔다. 그녀가 나무판 몇 개를 걷어차자, 갑판에서 철문이 드러났다."
AvgDialog_23852_Content_88,aiNt,avg章5新_AvgDialog_C_M.csv,95,AvgDialog,Content,玩家,暗门？！,이런 곳에 비밀문이?!
AvgDialog_23852_Content_89,aiNu,avg章5新_AvgDialog_C_M.csv,96,AvgDialog,Content,墨菲？,什么暗门？你就非得在这个节骨眼和本小姐开玩笑吗！,비밀문? 이런 상황에 농담이나 하고 있을 때야!
AvgDialog_23852_Content_90,aiNw,avg章5新_AvgDialog_C_M.csv,97,AvgDialog,Content,墨菲？,又不是没进过船舱，别墨迹了，准备好！,선실에 들어가 본 적 없는 것도 아니잖아! 꾸물거리지 말고 서둘러!
AvgDialog_23852_Content_91,aiNx,avg章5新_AvgDialog_C_M.csv,98,AvgDialog,Content,,图鲁没有反对少女的计划，在他沉默的掩护下，你和少女一起拉开了铁门。,"툴루는 소녀의 계획에 반대하지 않고, 묵묵히 엄호했다. 당신과 소녀는 함께 철문을 열었다."
AvgDialog_23852_Content_92,aiNy,avg章5新_AvgDialog_C_M.csv,99,AvgDialog,Content,,门洞之下，铁质阶梯向下延伸，直进不可视之处。,문 아래로 철제 계단이 보이지 않는 곳까지 이어져 있었다.
AvgDialog_23852_Content_93,aiNz,avg章5新_AvgDialog_C_M.csv,100,AvgDialog,Content,墨菲？,快！你先下去！,빨리! 네가 먼저 내려가!
AvgDialog_23852_Content_94,aiNA,avg章5新_AvgDialog_C_M.csv,101,AvgDialog,Content,玩家,你没有战斗能力，我有保护你的义务——啊！,넌 싸울 능력이 없잖아. 내가 널 지켜야—— 으악!
AvgDialog_23852_Content_95,aiNB,avg章5新_AvgDialog_C_M.csv,102,AvgDialog,Content,,少女假装没听见你的唠叨，她仗着自己身材娇小，灵活地绕到了你身后。,"소녀는 당신의 잔소리를 못 들은 척하며, 작은 몸집을 이용해 당신 뒤로 재빨리 돌아갔다."
AvgDialog_23852_Content_96,aiNC,avg章5新_AvgDialog_C_M.csv,103,AvgDialog,Content,,——然后，狠狠一脚将你踹进了黝黑的门洞里。,"——그리고는, 당신을 어두운 문안으로 힘껏 걷어찼다."
AvgDialog_23852_Content_97,aiND,avg章5新_AvgDialog_C_M.csv,104,AvgDialog,Content,玩家,<SmallShake:痛痛痛……>,<SmallShake:아야야...>
AvgDialog_23852_Content_98,aiNE,avg章5新_AvgDialog_C_M.csv,105,AvgDialog,Content,,你好像摔进了一团柔软的海草中，鱼类的腥、海水的咸一股脑冲进鼻腔，让你本就钝痛的脑袋感到又一阵天旋地转。,"당신은 부드러운 해초 더미 위로 떨어진 것 같았다. 생선 비린내와 바닷물의 짠 내가 한꺼번에 콧속으로 밀려 들어와, 욱신거리던 머리가 더욱 어지러워졌다."
AvgDialog_23852_Content_99,aiNF,avg章5新_AvgDialog_C_M.csv,106,AvgDialog,Content,墨菲？,喂！你也别撑了，快下来！,거기! 버티지 말고 빨리 내려와!
AvgDialog_23852_Content_100,aiKU,avg章5新_AvgDialog_C_M.csv,107,AvgDialog,Content,,"图鲁将又一个鱼人怪物扫出船舷，这才终于偏头看向你们。
他伸手扶上门沿，下一个动作却脱离了你的预料。","툴루는 어인 괴물 한 마리를 더 배 밖으로 던져버리고 나서야 당신들을 돌아봤다.\n그는 문에 손을 얹었지만, 다음 행동은 예상 밖이었다."
AvgDialog_23852_Content_101,aiKV,avg章5新_AvgDialog_C_M.csv,108,AvgDialog,Content,图鲁,"无碍，你们先行与其他人会合。
余需要去确认他们没有放弃举行仪式的原因。",문제없다. 너희는 먼저 다른 이들과 합류하도록. \n짐은 놈들이 의식을 포기하지 않은 이유를 확인할 필요가 있다.
AvgDialog_23852_Content_102,aiKW,avg章5新_AvgDialog_C_M.csv,109,AvgDialog,Content,,铁门被大力合上，你和少女刹那间陷入了完全的黑暗。,"철문이 세게 닫히고, 당신과 소녀는 순식간에 완전한 어둠 속에 갇혔다."
AvgDialog_23852_Content_103,aiKX,avg章5新_AvgDialog_C_M.csv,110,AvgDialog,Content,,少女发出了一声不服气的鼻音，熟练地转动绞盘，锁死了门锁。,"소녀는 불만스러운 듯 콧방귀를 뀌더니, 능숙하게 핸들을 돌려 문을 잠갔다."
AvgDialog_23852_Content_104,aiKY,avg章5新_AvgDialog_C_M.csv,111,AvgDialog,Content,墨菲？,呼——应该暂时安全了。,휴... 일단은 안전하겠네.
AvgDialog_23852_Content_105,aiKZ,avg章5新_AvgDialog_C_M.csv,112,AvgDialog,Content,,少女按下了开关，老旧的电灯闪烁几下后，光线向四周铺开，驱散了黑暗。,"소녀가 스위치를 누르자 낡은 전등이 몇 번 깜빡이더니, 이내 빛이 퍼져나갔다."
AvgDialog_23852_Content_106,aiLa,avg章5新_AvgDialog_C_M.csv,113,AvgDialog,Content,,而你也终于看清了自己身下的“海草”。,그리고 당신은 마침내 발밑의 「해초」를 발견했다.
AvgDialog_23852_Content_107,aiLb,avg章5新_AvgDialog_C_M.csv,114,AvgDialog,Content,,"身体与精神犹如沉入了地狱最黑暗的熔岩，那根本就不是什么海草。
你的掌根压在不明组织混杂的暗红泥潭中，被碎骨硌得生疼。","그것은 해초가 아니었다. 몸과 마음이 지옥의 용암에 가라앉는 듯했다.\n손바닥에는 정체 모를 암적색 진흙이 묻어 있었고, 부서진 뼛조각이 고통스럽게 파고들었다."
AvgDialog_23852_Content_108,aiLc,avg章5新_AvgDialog_C_M.csv,115,AvgDialog,Content,,神秘的符文被液体晕染开，像极了舞厅中色泽妍极的地毯——这显然，曾进行了一场小规模的异教仪式。,"신비로운 룬 문자가 액체에 번져, 마치 무도회장의 화려한 융단처럼 보였다. 분명, 소규모의 이교도 의식이 치러진 흔적이었다."
AvgDialog_23852_Content_109,aiLd,avg章5新_AvgDialog_C_M.csv,116,AvgDialog,Content,,腐臭在舱室中弥漫，你非常肯定，鱼类的腐烂残骸不足以散发如此气味。这场血肉交织的舞会中，一定有更高大，更多脂肪的舞者。,"선실에 떠도는 것은 생선 썩는 냄새만이 아니었다. 이 피와 살이 뒤엉킨 무도회에는 더 크고, 지방이 많은 무용수도 있었을 것이다."
AvgDialog_23852_Content_110,aiLf,avg章5新_AvgDialog_C_M.csv,117,AvgDialog,Content,玩家,唔……,으음...
AvgDialog_23852_Content_112,aiLh,avg章5新_AvgDialog_C_M.csv,119,AvgDialog,Content,,少女嘟囔着，看着倒在祭坛上的你，面露嫌弃。但她绕着你走了两圈，最终托着你尚干净的胳膊，一把将你扶了起来。,"소녀는 제단에 쓰러져 있는 당신을 보고 혐오스러운 표정을 지었다.\n당신 주위를 두 바퀴 돌고 망설이더니, 아직 더럽혀지지 않은 팔을 부축해 일으켜 세웠다."
AvgDialog_23852_Content_113,aiLi,avg章5新_AvgDialog_C_M.csv,120,AvgDialog,Content,墨菲？,"有图鲁在，他们应该一时半会儿没闲心来追我们……
我去找块布把这祭坛盖上吧，味道太难闻了。",툴루가 있으니 당분간은 괜찮을 거야...\n이 제단을 덮을 천을 찾아야겠어. 냄새가 너무 심해.
AvgDialog_23852_Content_114,aiLj,avg章5新_AvgDialog_C_M.csv,121,AvgDialog,Content,,太阳穴随着敲击的频率鼓动，剧烈的疼痛撕扯着你的左右半脑。腐臭让胃酸上涌到了咽喉，你终于控制不住地弯腰吐了起来。,"사소한 진동조차 두통을 유발했고, 격통이 뇌를 좌우로 찢는 듯했다. 썩은 내에 위산이 목구멍까지 차올라, 결국 참지 못하고 구토했다."
AvgDialog_23852_Content_115,aiLk,avg章5新_AvgDialog_C_M.csv,122,AvgDialog,Content,墨菲？,诶？！你怎么了？！别、别吓我啊？,어?! 왜 그래!? 사람 놀라게 하지 마!
AvgDialog_23852_Content_116,aiLl,avg章5新_AvgDialog_C_M.csv,123,AvgDialog,Content,墨菲？,别过来！！,오지 마!!
AvgDialog_23852_Content_117,aiLm,avg章5新_AvgDialog_C_M.csv,124,AvgDialog,Content,墨菲？,我才不是什么小妹妹，我有名字。,날 꼬맹이 취급하지 마! 엄연히 이름도 있으니까.
AvgDialog_23852_Content_118,aiLn,avg章5新_AvgDialog_C_M.csv,125,AvgDialog,Content,墨菲？,墨菲，叫我墨菲。,머피. 머피라고 불러.
AvgDialog_23852_Content_119,aiLo,avg章5新_AvgDialog_C_M.csv,126,AvgDialog,Content,,少女焦急的面孔和脑中浮现的碎片逐渐重合，两个相似却不同的场景也相融成了同一个画幅。,"초조해하는 소녀의 얼굴과 기억의 파편이 점차 겹쳐지며, 서로 다른 두 장면이 하나의 그림이 되었다."
AvgDialog_23852_Content_120,aiLq,avg章5新_AvgDialog_C_M.csv,127,AvgDialog,Content,玩家,墨菲……？,머피...?
AvgDialog_23852_Content_121,aiLr,avg章5新_AvgDialog_C_M.csv,128,AvgDialog,Content,墨菲,你、你还好吧？你这是被祭坛恶心到了吗？,괜찮아? 제단 냄새 때문에 속이 안 좋아?
AvgDialog_23852_Content_122,aiLs,avg章5新_AvgDialog_C_M.csv,129,AvgDialog,Content,,她绕着你转了两圈，最后借着昏暗的光源，踮脚查看起了你的状况。,"그녀는 당신 주위를 빙빙 두 바퀴 돌고는, 어두운 불빛 아래서 까치발을 들고 당신의 상태를 확인했다."
AvgDialog_23852_Content_123,aiLt,avg章5新_AvgDialog_C_M.csv,130,AvgDialog,Content,墨菲,——！,——!
AvgDialog_23852_Content_124,aiLu,avg章5新_AvgDialog_C_M.csv,131,AvgDialog,Content,墨菲,"怎么摔成这样……
好像这批货物里有能用得上的东西……",어쩌다 이렇게 다쳤어... 상태가 심각하네...\n이 짐 안에 쓸 만한 게 있을지도...
AvgDialog_23852_Content_125,aiLv,avg章5新_AvgDialog_C_M.csv,132,AvgDialog,Content,,墨菲模糊不清地念叨着，动作僵硬地挪到货箱堆积处，翻找起了什么。,"머피는 중얼거리며, 뻣뻣한 동작으로 화물 더미를 뒤져 무언가를 찾기 시작했다."
AvgDialog_23852_Content_126,aiLw,avg章5新_AvgDialog_C_M.csv,133,AvgDialog,Content,墨菲,不对……这箱是破首饰。,아니... 이 상자는... 부서진 장신구네.
AvgDialog_23852_Content_127,aiLx,avg章5新_AvgDialog_C_M.csv,134,AvgDialog,Content,,你看了一眼，那里躺着一副镶嵌着珊瑚、珍珠与青金石的首饰，看起来价格不菲。而那诡秘的设计风格，则让人看了就两眼发昏。,"살펴보니 산호와 진주, 청금석이 박힌 장신구가 있었는데, 꽤 비싸 보였다. 그 기묘한 디자인은 보기만 해도 어지러웠다."
AvgDialog_23852_Content_128,aiLy,avg章5新_AvgDialog_C_M.csv,135,AvgDialog,Content,墨菲,……可恶，怎么全是仪式用品。,"...안 되겠네, 전부 의식용 물품 같아."
AvgDialog_23852_Content_129,aiLz,avg章5新_AvgDialog_C_M.csv,136,AvgDialog,Content,,第二个箱子里塞满了形形色色的杂物：石钵、鼠尾草、末药……没有炼金术常识的人，恐怕只会以为这是哪个药商的货物。,"두 번째 상자에는 석발, 샐비어, 몰약 등 다양한 물건이 들어 있었다.\n연금술 지식이 없는 사람이라면 약재상의 물건이라고 생각했을 것이다."
AvgDialog_23852_Content_130,aiLB,avg章5新_AvgDialog_C_M.csv,137,AvgDialog,Content,墨菲,找到了！快快，你蹲下来。,"찾았다! 빨리, 이리 와."
AvgDialog_23852_Content_131,aiLC,avg章5新_AvgDialog_C_M.csv,138,AvgDialog,Content,,膏状物糊上了后脑勺，冰凉中带着一丝辛辣，一定程度上缓解了疼痛。头发在药膏的作用下互相粘连，让你忍不住抬手去梳理——,"뒤통수에 연고를 바르자, 차가우면서도 약간 따끔한 느낌에 통증이 가라앉았다.\n끈적한 연고가 머리카락에 엉겨 붙어, 무심코 손을 뻗어 정리하고 싶어졌다——"
AvgDialog_23852_Content_132,aiLD,avg章5新_AvgDialog_C_M.csv,139,AvgDialog,Content,墨菲,诶！先别乱摸！又不是什么毒药。,잠깐! 만지면 안 돼! 독약은 아니니까.
AvgDialog_23852_Content_133,aiLE,avg章5新_AvgDialog_C_M.csv,140,AvgDialog,Content,,墨菲说着，递给你一罐药膏。标签上没有写配方或药名，只绘制了一个怪异的图案，俨然是一瓶自制药。,"머피는 그렇게 말하며 약통을 건넸다.\n\n라벨에는 성분이나 약 이름 대신 기묘한 그림이 그려져 있는 것으로 보아, 수제 약인 듯했다."
AvgDialog_23852_Content_134,aiLF,avg章5新_AvgDialog_C_M.csv,141,AvgDialog,Content,,……是既视感吗？标签上的图案，好像在哪里见到过。,...어쩐지 데자뷰가 느껴진다.\n라벨의 문양을 어디선가 본 것 같은데.
AvgDialog_23852_Content_135,aiLG,avg章5新_AvgDialog_C_M.csv,142,AvgDialog,Content,墨菲,从小到大，只要受了外伤，他们就都给我涂的这种药。,어릴 때부터 다치면 항상 이 약을 발랐어.
AvgDialog_23852_Content_136,aiLH,avg章5新_AvgDialog_C_M.csv,143,AvgDialog,Content,墨菲,怎么样，是不是一涂上就不疼了？,어때? 바르니까 안 아프지?
AvgDialog_23852_Content_137,aiLI,avg章5新_AvgDialog_C_M.csv,144,AvgDialog,Content,,她对你滚下楼梯磕到头这件事感到非常紧张，看你的眼神充满了心虚。,"그녀는 당신이 계단에서 굴러 머리를 다친 것을 몹시 걱정하며, 죄책감 어린 눈으로 당신을 바라보았다."
AvgDialog_23852_Content_138,aiLJ,avg章5新_AvgDialog_C_M.csv,145,AvgDialog,Content,玩家,嗯……不痛了。,응... 통증은 사라졌어.
AvgDialog_23852_Content_139,aiLK,avg章5新_AvgDialog_C_M.csv,146,AvgDialog,Content,,太阳穴仍隐隐作痛，但后脑确实舒适了一些。,"관자놀이는 여전히 아팠지만, 뒤통수는 한결 나아졌다."
AvgDialog_23852_Content_140,aiLM,avg章5新_AvgDialog_C_M.csv,147,AvgDialog,Content,,你的视线忍不住移向了那处被你撞毁的“祭坛”，墨菲怕你又吐出来，早就扯了块布把那里盖了起来。,시선이 부서진 '제단'으로 향했다. 머피는 당신이 다시 토할까 봐 천으로 그곳을 덮어두었다.
AvgDialog_23852_Content_141,aiLN,avg章5新_AvgDialog_C_M.csv,148,AvgDialog,Content,,此时，殷红、灰绿的液体交融混杂，在麻布上洇出了一个诡异的形状。像一把奇特的匕首，又像一个即将发出第一声啼哭的婴孩。,"이제 붉은색과 암녹색 액체가 뒤섞여 삼베에 기묘한 모양의 얼룩을 만들고 있었다.\n그것은 특이한 단검 같기도, 막 첫울음을 터뜨리려는 아기 같기도 했다."
AvgDialog_23852_Content_142,aiLO,avg章5新_AvgDialog_C_M.csv,149,AvgDialog,Content,墨菲,看吧，我就说了很有效的——,"거봐. 내가 말했지, 효과가 있을 거라고——"
AvgDialog_23852_Content_143,aiLP,avg章5新_AvgDialog_C_M.csv,150,AvgDialog,Content,,"得到肯定的回答，墨菲终于放松了下来，露出了笑容。
看着她放松的样子，内心有一个声音这样告诉你——","긍정적인 대답을 듣고, 머피는 마침내 안심하며 미소를 지었다.\n그녀의 모습을 보며, 마음속에서 이런 목소리가 들려왔다——"
AvgDialog_23852_Content_144,aiLQ,avg章5新_AvgDialog_C_M.csv,151,AvgDialog,Content,,她是风暴的中心，她就是一切问题的答案。,"그녀는 폭풍의 중심이자, 모든 문제의 해답이다."
AvgDialog_23854_Content_1,aiNM,avg章5新_AvgDialog_C_M.csv,152,AvgDialog,Content,,匕首,단검
AvgDialog_23854_Content_2,aiNX,avg章5新_AvgDialog_C_M.csv,153,AvgDialog,Content,墨菲,图鲁那家伙说让我们先和其他人会合…哼，他想得倒简单。,"툴루는 「다른 사람들과 합류하라」고 하던데...\n흥, 말은 쉽지."
AvgDialog_23854_Content_3,aiOi,avg章5新_AvgDialog_C_M.csv,154,AvgDialog,Content,,"墨菲嘟囔着在货舱里转圈圈，神色难掩焦躁。
你深呼吸一口气，叫住了她。",머피는 화물칸을 빙빙 돌며 중얼거렸다.\n당신은 심호흡하고 그녀를 불렀다.
AvgDialog_23854_Content_4,aiOt,avg章5新_AvgDialog_C_M.csv,155,AvgDialog,Content,玩家,墨菲。,머피.
AvgDialog_23854_Content_5,aiOE,avg章5新_AvgDialog_C_M.csv,156,AvgDialog,Content,墨菲,要不还是找个角落蹲着吧……,구석에 숨어 있는 게 좋으려나...
AvgDialog_23854_Content_6,aiOP,avg章5新_AvgDialog_C_M.csv,157,AvgDialog,Content,玩家,<BigShake:墨菲！我有事要告诉你！>,<BigShake:머피! 할 말이 있어!>
AvgDialog_23854_Content_8,aiPl,avg章5新_AvgDialog_C_M.csv,159,AvgDialog,Content,墨菲,说吧，什么事？,"말해봐, 무슨 일인데?"
AvgDialog_23854_Content_9,aiPt,avg章5新_AvgDialog_C_M.csv,160,AvgDialog,Content,玩家,"我…有点搞不清楚发生什么了。
为什么我会在船上，为什么我又会认识你……","나... 무슨 일이 일어나고 있는지 잘 모르겠어.\n내가 왜 이 배에 있는지, 왜 널 알고 있는지도..."
AvgDialog_23854_Content_10,aiNN,avg章5新_AvgDialog_C_M.csv,161,AvgDialog,Content,玩家,老实说，就连你的名字，都是刚刚才想起来的。,"솔직히, 네 이름도 방금 막 떠올랐어."
AvgDialog_23854_Content_11,aiNO,avg章5新_AvgDialog_C_M.csv,162,AvgDialog,Content,墨菲,"……啊！不会是把你踢下来时磕到脑袋了吧！
可恶，怎么会在这个节骨眼出事……","...어! 떨어뜨렸을 때 머리를 부딪혔나!\n이런, 하필 이럴 때 문제가 생기다니..."
AvgDialog_23854_Content_12,aiNP,avg章5新_AvgDialog_C_M.csv,163,AvgDialog,Content,,墨菲烦躁地挠了挠头，显然也不知道如何是好。,머피는 머리를 긁적이며 어쩔 줄 몰라 했다.
AvgDialog_23854_Content_13,aiNQ,avg章5新_AvgDialog_C_M.csv,164,AvgDialog,Content,墨菲,前因后果…解释起来太复杂了。这里也不是什么很安全的地方，还是得先和其他人会合。,"자초지종을 설명하기엔... 너무 복잡해. 여기도 안전하지 않으니, 일단 다른 사람들과 합류하자."
AvgDialog_23854_Content_14,aiNR,avg章5新_AvgDialog_C_M.csv,165,AvgDialog,Content,玩家,其他人是指？,"다른 사람이라니, 누구?"
AvgDialog_23854_Content_15,aiNS,avg章5新_AvgDialog_C_M.csv,166,AvgDialog,Content,墨菲,这艘索纳尼尔号的船长们，还有拉蒙娜。,"이 소나-닐호의 선장들이랑, 라모나."
AvgDialog_23854_Content_16,aiNT,avg章5新_AvgDialog_C_M.csv,167,AvgDialog,Content,墨菲,对了！你能再试试那个吗？就是那个去精神世界里找人的方法。,맞다! 그거 다시 한번 해봐. 정신 세계에서 사람 찾는 방법 말이야.
AvgDialog_23854_Content_17,aiNU,avg章5新_AvgDialog_C_M.csv,168,AvgDialog,Content,玩家,"精神追溯？你不仅认识拉蒙娜、图鲁，甚至知道我能进行精神追溯……
之前到底发生了什么？","정신 추적? 넌 라모나와 툴루뿐만 아니라, 내가 정신 추적을 할 수 있다는 것도 알고 있구나... 대체 무슨 일이 있었던 거야?"
AvgDialog_23854_Content_18,aiNV,avg章5新_AvgDialog_C_M.csv,169,AvgDialog,Content,墨菲,别磨叽啦！你先找到拉蒙娜的位置，路上我慢慢和你解释。,꾸물거리지 마! 일단 라모나 위치부터 찾아. 설명은 가면서 할 테니까.
AvgDialog_23854_Content_19,aiNW,avg章5新_AvgDialog_C_M.csv,170,AvgDialog,Content,,沉入精神世界的过程前所未有的痛苦，精神像从荆棘林间穿过般，处处透着细弱的疼痛。而当你终于见到熟悉的光斑时——,"정신 세계로 들어가는 과정은 전례 없이 고통스러웠고, 정신이 가시덤불을 헤쳐나가는 듯한 예리한 통증이 느껴졌다. 그리고 마침내 익숙한 빛의 점을 발견했을 때——"
AvgDialog_23854_Content_20,aiNY,avg章5新_AvgDialog_C_M.csv,171,AvgDialog,Content,,噼啪——,쩍——
AvgDialog_23854_Content_21,aiNZ,avg章5新_AvgDialog_C_M.csv,172,AvgDialog,Content,玩家,唔……！,으음...!
AvgDialog_23854_Content_22,aiOa,avg章5新_AvgDialog_C_M.csv,173,AvgDialog,Content,,神智的触须刚一爬上精神空间的边缘，就如干枯的树藤般根根绷断。,"촉수처럼 뻗어 나간 의식이 정신 공간의 가장자리에 닿는 순간, 차례로 끊어졌다."
AvgDialog_23854_Content_23,aiOb,avg章5新_AvgDialog_C_M.csv,174,AvgDialog,Content,,剧烈到能撕裂灵魂与肉体的疼痛穿透了太阳穴，让你倒在了墨菲面前。,"영혼과 육체를 찢는 듯한 통증이 관자놀이를 꿰뚫었고, 당신은 머피 앞에 쓰러졌다."
AvgDialog_23854_Content_24,aiOc,avg章5新_AvgDialog_C_M.csv,175,AvgDialog,Content,墨菲,诶、诶？！你别吓我啊，别死掉啊？！,"어, 어?! 놀라게 하지 마, 죽는 거 아니지?!"
AvgDialog_23854_Content_25,aiOd,avg章5新_AvgDialog_C_M.csv,176,AvgDialog,Content,玩家,我、我没事……,"나, 난 괜찮아..."
AvgDialog_23854_Content_26,aiOe,avg章5新_AvgDialog_C_M.csv,177,AvgDialog,Content,,精神追溯向来是你的拿手好戏，但此时你的身体似乎在阻止你在精神世界中潜游。,"정신 추적은 당신의 특기였지만, 지금은 당신의 몸이 정신 세계로 들어가는 것을 거부하는 듯했다."
AvgDialog_23854_Content_27,aiOf,avg章5新_AvgDialog_C_M.csv,178,AvgDialog,Content,,你非常肯定：将你从精神世界中驱逐出来的是自己的身体，而不是什么其他神秘存在。,"당신은 확신했다. 정신 세계에서 당신을 내쫓은 것은 당신 자신이지, 다른 신비로운 존재가 아니라는 것을."
AvgDialog_23854_Content_28,aiOg,avg章5新_AvgDialog_C_M.csv,179,AvgDialog,Content,鱼头怪物,@2…咕呜……,@2... 꾸륵...
AvgDialog_23854_Content_30,aiOj,avg章5新_AvgDialog_C_M.csv,181,AvgDialog,Content,,墨菲吃力地扶起你，你的重量让她双腿都打着抖。你见状将重心微微偏向了船舱，这才在她的搀扶下走向船的深处……,"머피는 힘겹게 당신을 부축했지만, 그 무게에 다리가 떨렸다. 당신은 간신히 힘을 주어 일어서서, 그녀의 도움을 받아 배 안으로 나아갔다..."
AvgDialog_23854_Content_31,aiOk,avg章5新_AvgDialog_C_M.csv,182,AvgDialog,Content,,你们停在了一扇厚重的铁门前，门上有着诡异的凹陷和凸起。从那已经无法完全闭合的门缝中，隐约飘出燃烧的呛味。,"무거운 철문 앞에 서자, 문에는 기묘한 요철이 있었다. 꽉 닫히지 않은 문틈으로 무언가 타는 냄새가 풍겨왔다."
AvgDialog_23854_Content_32,aiOl,avg章5新_AvgDialog_C_M.csv,183,AvgDialog,Content,玩家,墨菲，我们要进去吗？,"머피, 안 들어가?"
AvgDialog_23854_Content_33,aiOm,avg章5新_AvgDialog_C_M.csv,184,AvgDialog,Content,墨菲,嘘，让我听听……,"쉿, 먼저 확인해야지..."
AvgDialog_23854_Content_34,aiOn,avg章5新_AvgDialog_C_M.csv,185,AvgDialog,Content,,墨菲轻手轻脚地放开了你，将耳朵贴在门上，闭眼听了好一会儿。,"머피는 당신을 조심스럽게 놓고, 문에 귀를 댄 채 눈을 감고 한동안 귀를 기울였다."
AvgDialog_23854_Content_35,aiOo,avg章5新_AvgDialog_C_M.csv,186,AvgDialog,Content,墨菲,好像没有人，我们先躲进去。,아무도 없는 것 같네. 여기에 숨자.
AvgDialog_23854_Content_36,aiOp,avg章5新_AvgDialog_C_M.csv,187,AvgDialog,Content,,在墨菲推开门前，你看了一眼门上的标签——「动力室」。,머피가 문을 열었다. 문득 문에 걸린 명패를 확인했다.\n여기는 「동력실」인 듯했다.
AvgDialog_23854_Content_37,aiOq,avg章5新_AvgDialog_C_M.csv,188,AvgDialog,Content,,门后没有你想象中热火朝天的景象：没有肌肉紧实的工人，没有熊熊燃烧的锅炉，只有令人无法忽视的火星四处飞溅。,"문 너머에는 동력실다운 풍경이 없었다. 근육질의 노동자도, 타오르는 보일러도 없이, 그저 불꽃만 튀고 있었다."
AvgDialog_23854_Content_38,aiOr,avg章5新_AvgDialog_C_M.csv,189,AvgDialog,Content,,地上横七竖八躺着无数冰凉冷硬的身体——是那些一路追赶你们的鱼人怪物。,바닥에는 수많은 차갑고 단단한 시체가 널려 있었다——\n바로 당신들을 쫓아온 어인 괴물들이었다.
AvgDialog_23854_Content_40,aiOu,avg章5新_AvgDialog_C_M.csv,191,AvgDialog,Content,,舱壁开出了巨大的孔洞，寒风争先恐后吹进船舱。墨菲捏捏自己冻得通红的耳垂，扶着你跨过火焰，走进了废墟之中。,"선실 벽에 큰 구멍이 뚫려, 찬 바람이 불어 들어왔다. 머피는 빨개진 귓불을 비비며 당신을 부축하고, 불길을 넘어 폐허 속으로 나아갔다."
AvgDialog_23854_Content_41,aiOv,avg章5新_AvgDialog_C_M.csv,192,AvgDialog,Content,墨菲,咳、咳咳咳……气味也太难闻了。,"쿨럭, 쿨럭... 냄새가 너무 심하네."
AvgDialog_23854_Content_42,aiOw,avg章5新_AvgDialog_C_M.csv,193,AvgDialog,Content,玩家,这里…经历过一场恶战？,여긴... 격렬한 전투라도 있었나?
AvgDialog_23854_Content_43,aiOx,avg章5新_AvgDialog_C_M.csv,194,AvgDialog,Content,墨菲,恶战？你就用这么轻飘飘的词来形容那场战斗吗？,격렬하다고? 그 전투는 그런 수준이 아니었어.
AvgDialog_23854_Content_44,aiOy,avg章5新_AvgDialog_C_M.csv,195,AvgDialog,Content,墨菲,哦……说起来，你还不知道发生了什么。,아... 너는 무슨 일이 있었는지 기억 못 했지.
AvgDialog_23854_Content_45,aiOz,avg章5新_AvgDialog_C_M.csv,196,AvgDialog,Content,,残垣断壁间，有什么东西反射着醒目的光。,폐허 속에서 무언가 빛이 반사되는 것 같았다.
AvgDialog_23854_Content_46,aiOA,avg章5新_AvgDialog_C_M.csv,197,AvgDialog,Content,,你还没能看清那是什么东西，墨菲便脸色微变，似惊恐又似悲伤。,"당신이 그것을 확인하기 전에, 머피의 얼굴이 공포와 슬픔이 뒤섞인 표정으로 변했다."
AvgDialog_23854_Content_47,aiOB,avg章5新_AvgDialog_C_M.csv,198,AvgDialog,Content,墨菲,不知道从什么时候开始，那女人变成了现在这幅疯疯癫癫的样子……,언제부터였을까. 그 여자가 지금처럼 미친 모습이 된 건...
AvgDialog_23854_Content_48,aiOC,avg章5新_AvgDialog_C_M.csv,199,AvgDialog,Content,,她扯了扯嘴角，一面没章法地向你讲述着“过去”，一面向着废墟中的闪光走去。,"그녀는 입꼬리를 실룩이며 과거를 이야기하고, 의문의 빛에 다가갔다."
AvgDialog_23854_Content_49,aiOD,avg章5新_AvgDialog_C_M.csv,200,AvgDialog,Content,墨菲,她什么都听不进去，不管我怎么求她，她都执意要举行这场仪式……,그 여자는 아무것도 듣지 않았어. 아무리 부탁해도 이 의식을 고집했지...
AvgDialog_23854_Content_50,aiOF,avg章5新_AvgDialog_C_M.csv,201,AvgDialog,Content,,——那闪光是一把形状奇异的匕首，静静躺在火熄余烬中。尽管匕身落满尘埃，也能看出其锋芒之尖锐。,"——기묘한 모양의 단검이 불 꺼진 화로에 조용히 놓여 있었다. 먼지투성이였지만, 그 날카로움은 한눈에 알 수 있었다."
AvgDialog_23854_Content_51,aiOG,avg章5新_AvgDialog_C_M.csv,202,AvgDialog,Content,墨菲,明明…她曾经对我是那么好……,어째서... 그렇게나 나에게 다정했는데...
AvgDialog_23854_Content_52,aiOH,avg章5新_AvgDialog_C_M.csv,203,AvgDialog,Content,,墨菲凝视那把匕首片刻，突然手脚并用爬进了瓦砾堆叠的废墟，伸手去够那把匕首。,"머피는 단검을 바라보더니, 단숨에 잔해 더미로 달려가 손을 뻗었다."
AvgDialog_23854_Content_53,aiOI,avg章5新_AvgDialog_C_M.csv,204,AvgDialog,Content,蹈海者,咕……咕呜……,꾸... 꾸륵...
AvgDialog_23854_Content_55,aiOK,avg章5新_AvgDialog_C_M.csv,206,AvgDialog,Content,蹈海者,为什么…为什么……从主祭大人身边……为什么？,"왜, 왜... 주제님 곁에서... 왜?"
AvgDialog_23854_Content_56,aiOL,avg章5新_AvgDialog_C_M.csv,207,AvgDialog,Content,蹈海者,神母，神母……咕呜，咕呜……！我找到了神母！,"신모, 신모... 꾸륵, 꾸륵...! 신모를 찾았다!"
AvgDialog_23854_Content_57,aiOM,avg章5新_AvgDialog_C_M.csv,208,AvgDialog,Content,蹈海者,主祭大人，主祭大人！仪式将近，<Big:仪式将近！>,"주제님, 주제님! 의식의 때가 가깝습니다, <Big:의식의 때가 가깝습니다!>"
AvgDialog_23854_Content_60,aiOQ,avg章5新_AvgDialog_C_M.csv,211,AvgDialog,Content,玩家,不好，他要跑走了！,"안 돼, 도망치려 해!"
AvgDialog_23854_Content_61,aiOR,avg章5新_AvgDialog_C_M.csv,212,AvgDialog,Content,,嗤————,휙——
AvgDialog_23854_Content_63,aiOT,avg章5新_AvgDialog_C_M.csv,214,AvgDialog,Content,,墨菲不知何时守在了动力室门边，灰绿色的稠血静静从手中的匕尖滴落。,머피는 어느새 동력실 문 앞에 서 있었다. 손에 든 단검에서 녹색 피가 조용히 떨어졌다.
AvgDialog_23854_Content_64,aiOU,avg章5新_AvgDialog_C_M.csv,215,AvgDialog,Content,,那上面挂着布料的碎屑，凹陷的雕花被血肉填满。墨菲的身体肉眼可见颤抖着，握刀的手却格外坚定有力。,"단검에는 상대의 옷 조각이 걸려 있었고, 그 조각에는 피와 살이 묻어 있었다. 머피는 눈에 띄게 떨고 있었지만, 단검을 쥔 손은 매우 강했다."
AvgDialog_23854_Content_65,aiOV,avg章5新_AvgDialog_C_M.csv,216,AvgDialog,Content,墨菲,……抱歉，不能让你走。,"...미안, 보낼 수 없어."
AvgDialog_23854_Content_67,aiOX,avg章5新_AvgDialog_C_M.csv,218,AvgDialog,Content,墨菲,他的反应是想要去通风报信……,저 녀석은 밀고하려 했어...
AvgDialog_23854_Content_68,aiOY,avg章5新_AvgDialog_C_M.csv,219,AvgDialog,Content,,墨菲靠在门边，侧身看了一眼动力室的满目狼藉，睫毛不安地翕动。,머피는 문가에 기대어 황폐한 동력실을 바라봤다. 그녀의 속눈썹이 불안하게 떨렸다.
AvgDialog_23854_Content_69,aiOZ,avg章5新_AvgDialog_C_M.csv,220,AvgDialog,Content,墨菲,可<Blue:弥利亚姆>难道不是已经…为什么还不放弃……,하지만 <Blue:미리암>은 이미... 왜 포기하지 않는 거지...
AvgDialog_23854_Content_70,aiPb,avg章5新_AvgDialog_C_M.csv,221,AvgDialog,Content,,墨菲喃喃自语般道出的名字让你没由来地感到一阵眩晕，你眨了眨眼，等待恶心难受的感觉过去后，才问出了心中疑问。,머피가 중얼거린 이름을 듣고 당신은 현기증을 느꼈다. 당신은 눈을 깜빡여 의식을 되찾았다.
AvgDialog_23854_Content_71,aiPc,avg章5新_AvgDialog_C_M.csv,222,AvgDialog,Content,玩家,弥利亚姆是？,미리암?
AvgDialog_23854_Content_73,aiPe,avg章5新_AvgDialog_C_M.csv,224,AvgDialog,Content,玩家,那所谓的「神母」……,그 「신모」라는 건...
AvgDialog_23854_Content_74,aiPf,avg章5新_AvgDialog_C_M.csv,225,AvgDialog,Content,,问题甫一出口，你便紧张地进行了几次机械性吞咽。,"질문을 입에 담자마자, 왠지 긴장해서 기계적으로 침을 삼켰다."
AvgDialog_23854_Content_75,aiPg,avg章5新_AvgDialog_C_M.csv,226,AvgDialog,Content,,你的身体似乎早就知道答案，潜意识却又害怕让你想起这个答案。,"당신의 몸은 이미 답을 알고 있는 듯했지만, 잠재의식은 그 답을 떠올리기를 두려워했다."
AvgDialog_23854_Content_76,aiPh,avg章5新_AvgDialog_C_M.csv,227,AvgDialog,Content,墨菲,……,...
AvgDialog_23854_Content_77,aiPi,avg章5新_AvgDialog_C_M.csv,228,AvgDialog,Content,,墨菲抬头看向你，悲伤的暗流在她眼中流动。,"머피는 당신을 올려다보며, 슬픔이 깃든 눈빛을 보냈다."
AvgDialog_23854_Content_78,aiPj,avg章5新_AvgDialog_C_M.csv,229,AvgDialog,Content,墨菲,是我。,나야.
AvgDialog_23854_Content_79,aiPk,avg章5新_AvgDialog_C_M.csv,230,AvgDialog,Content,墨菲,我是被怪物寄生的可怜虫，是异教神明重生中命定的载体。,나는 괴물에게 기생당한 불쌍한 벌레. 이교도의 신을 되살리기 위한 그릇일 뿐이야.
AvgDialog_23854_Content_81,aiPn,avg章5新_AvgDialog_C_M.csv,232,AvgDialog,Content,,随着最后一个词从墨菲口中吐出，白光伴着剧痛在眼前炸开。,"머피의 마지막 말이 끝나자, 격통과 함께 눈앞에서 하얀 빛이 터졌다."
AvgDialog_23854_Content_82,aiPo,avg章5新_AvgDialog_C_M.csv,233,AvgDialog,Content,墨菲,喂？！喂！%player%？！,어?! 잠깐! %player%?!
AvgDialog_23854_Content_83,aiPp,avg章5新_AvgDialog_C_M.csv,234,AvgDialog,Content,,身体不受控制后仰倒下，低频的鸣音在耳边盘绕，少女惊呼的声音被疼痛的洪流淹没。,"몸이 통제 불능 상태가 되어 뒤로 쓰러졌다. 낮은 울음소리 같은 것이 귓가에 맴돌고, 소녀의 비명은 고통의 홍수에 휩쓸렸다."
AvgDialog_23854_Content_84,aiPq,avg章5新_AvgDialog_C_M.csv,235,AvgDialog,Content,,白光的尽头，若有似无的视线正注视着你。,"하얀 빛 너머에서, 희미한 시선이 당신을 바라보고 있었다."
AvgDialog_23854_Content_85,aiPr,avg章5新_AvgDialog_C_M.csv,236,AvgDialog,Content,,那未知的存在似乎正在评判你，评判你那碎裂的颅骨是否有被拼合的资格，评判抽丝的灵魂是否能够被重新编织。,"그 미지의 존재가 당신을 심사하는 듯했다. 부서진 두개골이 수리될 가치가 있는지, 찢어진 영혼을 다시 엮을 자격이 있는지를."
AvgDialog_23854_Content_86,aiPs,avg章5新_AvgDialog_C_M.csv,237,AvgDialog,Content,,你睁大着双眼，意识从身体抽离……,"당신은 눈을 크게 뜨고, 의식이 몸에서 빠져나가는 것을 느꼈다..."
AvgDialog_23858_Content_1,aiSF,avg章5新_AvgDialog_C_M.csv,238,AvgDialog,Content,,十面埋伏,사면초가
AvgDialog_23858_Content_2,aiSP,avg章5新_AvgDialog_C_M.csv,239,AvgDialog,Content,,"三小时前
港口城镇·布里尔珀特
第三码头",3시간 전\n항구 도시 브리지포트
AvgDialog_23858_Content_3,aiSQ,avg章5新_AvgDialog_C_M.csv,240,AvgDialog,Content,拉蒙娜,%player%，小心身后的敌人！,"%player%, 뒤에 있는 적 조심해!"
AvgDialog_23858_Content_5,aiSS,avg章5新_AvgDialog_C_M.csv,242,AvgDialog,Content,艾瑞卡,"监测到无预警高频声波，通讯自动连接。
再一次，晚上好，守密人，拉蒙娜。","예고 없는 고주파를 감지, 통신을 자동 연결합니다. 다시 한번, 안녕하십니까, 수호자님. 라모나."
AvgDialog_23858_Content_6,aiST,avg章5新_AvgDialog_C_M.csv,243,AvgDialog,Content,朵尔,看来有人的胆子被吓破了。,아무래도 누군가 간담이 서늘해진 모양이네.
AvgDialog_23858_Content_7,aiSU,avg章5新_AvgDialog_C_M.csv,244,AvgDialog,Content,艾瑞卡,请不要对外勤人员进行不必要的语言干扰。,외근 인원에 대한 불필요한 언어적 방해는 삼가 주십시오.
AvgDialog_23858_Content_8,aiSV,avg章5新_AvgDialog_C_M.csv,245,AvgDialog,Content,朵尔,"好吧，好吧。
那么，你们需要帮助吗？","그래, 그래. 그래서, 도움이 필요할까?"
AvgDialog_23858_Content_9,aiSW,avg章5新_AvgDialog_C_M.csv,246,AvgDialog,Content,玩家,我们需要增援！,증원이 필요해요!
AvgDialog_23858_Content_10,aiSG,avg章5新_AvgDialog_C_M.csv,247,AvgDialog,Content,拉蒙娜,我们在<Blue:布里尔珀特镇>的<Blue:第三码头>，与未知敌人发生了遭遇战。,"저희는 <Blue:브리지포트>의 <Blue:제3부두>에서, 미지의 적과 조우했습니다."
AvgDialog_23858_Content_11,aiSH,avg章5新_AvgDialog_C_M.csv,248,AvgDialog,Content,艾瑞卡,"正在通知最近的外勤调查员……
德拉普尔调查员预计将于半小时内抵达第三码头。",가까운 조사원에게 통지 중입니다...\n델라포어 조사원이 30분 내로 제3부두에 도착할 예정입니다.
AvgDialog_23858_Content_12,aiSI,avg章5新_AvgDialog_C_M.csv,249,AvgDialog,Content,拉蒙娜,半小时太久了。道路南侧敌人太多，我们会尝试从北侧突破。,"30분은 너무 길어요. 남쪽에 적이 너무 많으니, 북쪽으로 돌파를 시도하겠습니다."
AvgDialog_23858_Content_13,aiSJ,avg章5新_AvgDialog_C_M.csv,250,AvgDialog,Content,艾瑞卡,已通知司机至第三码头北侧出口接应。,차량을 제3부두 북쪽 출구에 대기시키도록 지시했습니다.
AvgDialog_23858_Content_14,aiSK,avg章5新_AvgDialog_C_M.csv,251,AvgDialog,Content,朵尔,未知敌人？难道不是<Yellow:提灯教会>吗？,미지의 적? <Yellow:등불 교회>가 아니었나?
AvgDialog_23858_Content_15,aiSL,avg章5新_AvgDialog_C_M.csv,252,AvgDialog,Content,艾瑞卡,是否录入新敌人情报？,새로운 적 정보를 기록하시겠습니까?
AvgDialog_23858_Content_16,aiSM,avg章5新_AvgDialog_C_M.csv,253,AvgDialog,Content,玩家,拜托了艾瑞卡，不是现在。,"에리카, 미안하지만 지금은 아니야."
AvgDialog_23858_Content_17,aiSN,avg章5新_AvgDialog_C_M.csv,254,AvgDialog,Content,拉蒙娜,是未曾有过目击记录的类人生物，回去后我会呈递报告。,지금까지 목격된 적 없는 인간형 생물이에요. 돌아가면 보고서를 제출할게요.
AvgDialog_23858_Content_18,aiSO,avg章5新_AvgDialog_C_M.csv,255,AvgDialog,Content,拉蒙娜,%player%，保护好自己，准备突围。,"%player%, 몸조심하고 돌파할 준비해."
AvgDialog_23846_Content_1,aiHV,avg章5新_AvgDialog_C_M.csv,256,AvgDialog,Content,玩家,这个码头也太大了。,이 부두는 너무 넓어.
AvgDialog_23846_Content_2,aiHX,avg章5新_AvgDialog_C_M.csv,257,AvgDialog,Content,拉蒙娜,别松懈，我们快要靠近北门出口了。,"긴장 늦추지 마, 북문 출구에 거의 다 왔어."
AvgDialog_23846_Content_3,aiHY,avg章5新_AvgDialog_C_M.csv,258,AvgDialog,Content,,"经过一路的战斗，还挡在你们面前的敌人已经所剩无几。
前方等待你们击退的，只剩杂鱼三两只。","지금까지의 전투를 거치며, 앞을 가로막는 적은 얼마 남지 않았다. 남은 것은 잡어 몇 마리뿐이다."
AvgDialog_23846_Content_4,aiHZ,avg章5新_AvgDialog_C_M.csv,259,AvgDialog,Content,玩家,"这些敌人……会是提灯教会派来的吗？
如果和他们没有关系的话，未免也太过巧合了。","이 적들은... 등불 교회가 보낸 걸까? 만약 관련이 없다면, 너무 우연이잖아."
AvgDialog_23846_Content_5,aiIa,avg章5新_AvgDialog_C_M.csv,260,AvgDialog,Content,拉蒙娜,"我不能否认这个可能性。
不过，我们在拉伊小镇遇到的提灯教会成员，可比它们优雅多了。","그럴 가능성을 부정할 순 없지. 하지만 라이 마을에서 만난 등불 교회 신도들은, 저들보다 훨씬 품위 있었어."
AvgDialog_23846_Content_6,aiIb,avg章5新_AvgDialog_C_M.csv,261,AvgDialog,Content,,围攻你们的是真正的“杂鱼”——佝偻着类人的身体，破旧兜帽下露出鱼类的头颅。,당신들을 포위한 것은 말 그대로 어인들이었다.\n낡은 후드 아래로 어류의 머리가 보였다.
AvgDialog_23846_Content_7,aiIc,avg章5新_AvgDialog_C_M.csv,262,AvgDialog,Content,,每每它们攻上来，你都能闻到生命衰败的腐臭。,"그들이 공격해 올 때마다, 생명이 썩어가는 악취가 코를 찔렀다."
AvgDialog_23846_Content_8,aiId,avg章5新_AvgDialog_C_M.csv,263,AvgDialog,Content,玩家,也不能排除雕塑家协会的嫌疑，赫伯特是个以实验之名玩弄生命的混球。,조각가 협회도 의심스러워. 허버트는 실험이라는 이름으로 생명을 희롱하는 쓰레기니까.
AvgDialog_23846_Content_9,aiIe,avg章5新_AvgDialog_C_M.csv,264,AvgDialog,Content,拉蒙娜,我喜欢你对赫伯特的评价。不过别忘了，融蚀也能引发这样的群体变异。,"허버트에 대한 네 평가, 마음에 드네. 하지만 잊지 마. 융식으로도 이런 집단 변이가 일어날 수 있어."
AvgDialog_23846_Content_10,aiHW,avg章5新_AvgDialog_C_M.csv,265,AvgDialog,Content,玩家,希望这次不会是<Yellow:灾厄>带来的影响……,이번 일이 <Yellow:재앙>의 영향이 아니길 바랄 뿐이야...
AvgDialog_23850_Content_1,aiJJ,avg章5新_AvgDialog_C_M.csv,266,AvgDialog,Content,司机,拉蒙娜小姐，守密人！这边！,"라모나 씨, 수호자님! 이쪽입니다!"
AvgDialog_23850_Content_2,aiJP,avg章5新_AvgDialog_C_M.csv,267,AvgDialog,Content,玩家,是司机先生！,운전사 아저씨다!
AvgDialog_23850_Content_3,aiJQ,avg章5新_AvgDialog_C_M.csv,268,AvgDialog,Content,,不远的前方，熟悉的中年男人焦急地晃了晃门上的铁链，面露难色。,"조금 앞에서, 낯익은 중년 남성이 초조하게 문에 달린 쇠사슬을 흔들고 있었다."
AvgDialog_23850_Content_4,aiJR,avg章5新_AvgDialog_C_M.csv,269,AvgDialog,Content,司机,这门被锁上了，怎么办？,문이 잠겨 있어요! 어떡하죠?!
AvgDialog_23850_Content_5,aiJS,avg章5新_AvgDialog_C_M.csv,270,AvgDialog,Content,拉蒙娜,没关系，我直接斩断链条，您后退些。,"괜찮아요, 쇠사슬을 자를 테니 물러서세요!"
AvgDialog_23850_Content_6,aiJT,avg章5新_AvgDialog_C_M.csv,271,AvgDialog,Content,,司机闻言退了几步，避免被剑锋所伤。拉蒙娜将武器举在胸前，深呼吸蓄力——,"운전사는 말대로 검에 다치지 않도록 물러섰다. 라모나는 무기를 들고, 심호흡하며 힘을 모았다——"
AvgDialog_23850_Content_8,aiJV,avg章5新_AvgDialog_C_M.csv,273,AvgDialog,Content,,窸窣声渐响，有什么东西接二连三从暗处鱼贯而出，让空气变得更加濡湿凝重。,"그 순간, 무언가가 차례로 나타나, 공기는 더욱 습하고 무거워졌다."
AvgDialog_23850_Content_9,aiJW,avg章5新_AvgDialog_C_M.csv,274,AvgDialog,Content,,鱼形的敌人拦在了你们与铁门间，司机被吓得惊呼一声，一下坐在了引擎盖上。,물고기 형상의 적이 당신들과 철문 사이에 나타났다. 운전사는 비명을 지르며 보닛 위로 주저앉았다.
AvgDialog_23850_Content_10,aiJK,avg章5新_AvgDialog_C_M.csv,275,AvgDialog,Content,玩家,这些鱼人在故意埋伏我们？！,"이 어인들, 매복하고 있었나?!"
AvgDialog_23850_Content_11,aiJL,avg章5新_AvgDialog_C_M.csv,276,AvgDialog,Content,拉蒙娜,司机先生不是战斗人员，赶快离开！,운전사님! 비전투원은 여기서 빨리 벗어나세요!
AvgDialog_23850_Content_12,aiJM,avg章5新_AvgDialog_C_M.csv,277,AvgDialog,Content,司机,好、好的。请万分小心！,"네, 넵. 조심하세요!"
AvgDialog_23850_Content_13,aiJN,avg章5新_AvgDialog_C_M.csv,278,AvgDialog,Content,,司机跳回了车上，引擎启动的声音吸引了不少敌人的注意。,"운전사가 차에 뛰어들어 시동을 걸자, 그 소리가 많은 적의 주의를 끌었다."
AvgDialog_23850_Content_14,aiJO,avg章5新_AvgDialog_C_M.csv,279,AvgDialog,Content,玩家,嘿！仰望星空，看这边！,"이봐! 딴 데 보지 말고, 이쪽을 봐!"
AvgDialog_23841_Content_1,aiEP,avg章5新_AvgDialog_C_M.csv,280,AvgDialog,Content,朵尔,你们让司机离开了，敌人的增援很多吗？,운전사를 보냈다고? 적의 증원이 그렇게 많아?
AvgDialog_23841_Content_2,aiFa,avg章5新_AvgDialog_C_M.csv,281,AvgDialog,Content,玩家,敌人数量太多，退路也被它们围堵住了。,"적이 너무 많아요, 퇴로도 막혔고요."
AvgDialog_23841_Content_3,aiFl,avg章5新_AvgDialog_C_M.csv,282,AvgDialog,Content,,被月光照亮的海面仍酝酿着涟漪，在光线无法透入的角落，不知道还藏着多少敌人。,"달빛에 비친 바다는 여전히 일렁이고 있었다. 빛이 닿지 않는 바다 깊은 곳에, 얼마나 많은 적이 숨어 있을까."
AvgDialog_23841_Content_4,aiFw,avg章5新_AvgDialog_C_M.csv,283,AvgDialog,Content,蹈海者？,退@2——！@1！教@1！,물러@2——! @1! 교@1!
AvgDialog_23841_Content_5,aiFB,avg章5新_AvgDialog_C_M.csv,284,AvgDialog,Content,,将包围圈缩到最小后，鱼人怪物没有继续进攻，而是与你们僵持在了某个泊位前，口中不断吐出怪异难辨的絮语。,"포위망을 최소한으로 좁힌 후, 어인 괴물들은 더 이상 공격하지 않고, 어떤 정박지 앞에서 당신들과 대치하며 기묘한 말을 중얼거렸다."
AvgDialog_23841_Content_6,aiFC,avg章5新_AvgDialog_C_M.csv,285,AvgDialog,Content,玩家,祂们为什么不继续攻击我们？,왜 우리를 공격하지 않지?
AvgDialog_23841_Content_7,aiFD,avg章5新_AvgDialog_C_M.csv,286,AvgDialog,Content,拉蒙娜,……,...
AvgDialog_23841_Content_8,aiFE,avg章5新_AvgDialog_C_M.csv,287,AvgDialog,Content,玩家,拉蒙娜，怎么了？,"라모나, 왜 그래?"
AvgDialog_23841_Content_9,aiFF,avg章5新_AvgDialog_C_M.csv,288,AvgDialog,Content,拉蒙娜,不管是利用数量把我们往北侧赶，还是最后封锁了出口，敌人始终给我们留了一条去路。,"수를 이용해 우리를 북쪽으로 몰거나, 출구를 봉쇄하면서도, 적은 항상 우리에게 도망칠 길을 남겨뒀어."
AvgDialog_23841_Content_10,aiEQ,avg章5新_AvgDialog_C_M.csv,289,AvgDialog,Content,拉蒙娜,从最开始它们的袭击就是带有目的性的，为了把我们逼到这里——第三码头2号泊位。,처음부터 저들의 습격은 목적이 있었던 거야. 우리를 이곳으로 몰아넣기 위해서——제3부두의 이 장소로.
AvgDialog_23841_Content_11,aiER,avg章5新_AvgDialog_C_M.csv,290,AvgDialog,Content,玩家,可这里看起来也没什么特别的……,하지만 여긴 특별한 게 없어 보이는데...
AvgDialog_23841_Content_12,aiES,avg章5新_AvgDialog_C_M.csv,291,AvgDialog,Content,拉蒙娜,是的，这个2号泊位没有任何特别之处。,"응, 이 장소 자체는 특별할 게 없어."
AvgDialog_23841_Content_13,aiET,avg章5新_AvgDialog_C_M.csv,292,AvgDialog,Content,拉蒙娜,真正有问题的，是停在这里的<Yellow:船>。,"정말 이상한 건, 여기에 정박해 있는 이 <Yellow:배>야."
AvgDialog_23841_Content_14,aiEU,avg章5新_AvgDialog_C_M.csv,293,AvgDialog,Content,玩家,船？,배?
AvgDialog_23841_Content_15,aiEV,avg章5新_AvgDialog_C_M.csv,294,AvgDialog,Content,,拉蒙娜的话语掀起了一阵烈风，瞬间打散了盘踞脑海的浓雾。,"라모나의 말은 강풍이 되어, 머릿속의 안개를 순식간에 날려버렸다."
AvgDialog_23841_Content_16,aiEW,avg章5新_AvgDialog_C_M.csv,295,AvgDialog,Content,玩家,！,!
AvgDialog_23841_Content_17,aiEX,avg章5新_AvgDialog_C_M.csv,296,AvgDialog,Content,,一艘巨轮悄无声息出现在你们身后，遮天蔽日地挡住了月光，将所有人都笼罩于黑暗中。,"거대한 배가 소리 없이 나타났다. 그것은 달빛을 가려, 이곳에 있는 모두를 어둠 속으로 몰아넣었다."
AvgDialog_23841_Content_18,aiEY,avg章5新_AvgDialog_C_M.csv,297,AvgDialog,Content,,巨轮凭空出现后，围堵你们的鱼人群爆发出惊人的呼声，然后做出了极其诡异的行为。,"갑자기 나타난 거대한 배에, 당신들을 포위하고 있던 어인들이 흥분한 듯 소리를 지르며 기묘한 행동을 보였다."
AvgDialog_23841_Content_19,aiEZ,avg章5新_AvgDialog_C_M.csv,298,AvgDialog,Content,拉蒙娜,快看他们！,저것 봐!
AvgDialog_23841_Content_20,aiFb,avg章5新_AvgDialog_C_M.csv,299,AvgDialog,Content,,鱼人列起了长长的队列，接二连三地扑向巨轮，像极了一队无视生死的投海负鼠。,"어인들이 줄을 서서, 차례로 거대한 배를 향해 뛰어들었다. 마치 죽음을 두려워하지 않고 바다에 뛰어드는 야생 동물의 이상 행동 같았다."
AvgDialog_23841_Content_21,aiFc,avg章5新_AvgDialog_C_M.csv,300,AvgDialog,Content,,更为诡异的是，每当鱼人的手蹼将要触上船体时，船体都震荡出了微不可见的荧光，将所有试图触碰它的鱼人都弹入了水中。,"더 기묘한 것은, 어인이 배에 닿으려 할 때마다 배가 희미한 빛을 발하며, 다가오는 어인들을 물속으로 튕겨냈다는 것이다."
AvgDialog_23841_Content_22,aiFd,avg章5新_AvgDialog_C_M.csv,301,AvgDialog,Content,玩家,这艘船……是不是在拒绝这些鱼人的靠近？,이 배... 어인들을 거부하고 있는 건가?
AvgDialog_23841_Content_23,aiFe,avg章5新_AvgDialog_C_M.csv,302,AvgDialog,Content,,外部船壳锈蚀褪色得厉害，已经无法看清巨轮原本的涂装，白漆刷就的船名也变得难以辨别。,"배의 외벽은 녹과 퇴색이 심해, 거대한 배의 원래 색은 보이지 않았다. 흰 페인트로 쓴 뱃이름도 읽기 어려웠다."
AvgDialog_23841_Content_24,aiFf,avg章5新_AvgDialog_C_M.csv,303,AvgDialog,Content,玩家,索纳……,소나...
AvgDialog_23841_Content_25,aiFg,avg章5新_AvgDialog_C_M.csv,304,AvgDialog,Content,拉蒙娜,"<Blue:索纳尼尔号>。
艾瑞卡，弥萨格档案中有记录吗？","<Blue:소나-닐호>.\n에리카, 미사그 기록에 남아 있어?"
AvgDialog_23841_Content_26,aiFh,avg章5新_AvgDialog_C_M.csv,305,AvgDialog,Content,威廉,索纳尼尔号，曾隶属<Blue:黑星航运公司>，作为客轮执行跨越大洋的航运任务。,"소나-닐호는, 과거 <Blue:흑성 해운사> 소속으로, 여객선으로서 대양을 횡단하는 항해 임무를 수행하던 배다."
AvgDialog_23841_Content_27,aiFi,avg章5新_AvgDialog_C_M.csv,306,AvgDialog,Content,威廉,黑星公司破产后，索纳尼尔号被私人匿名收购，变更航运登记并改造为货轮。,"흑성 해운사가 파산한 후, 소나-닐호는 익명의 개인에게 인수되어, 등록을 변경하고 화물선으로 개조되었다고 하더군."
AvgDialog_23841_Content_28,aiFj,avg章5新_AvgDialog_C_M.csv,307,AvgDialog,Content,玩家,威廉前辈！你知道这艘船吗？,윌리엄 선배! 이 배를 아세요?
AvgDialog_23841_Content_29,aiFk,avg章5新_AvgDialog_C_M.csv,308,AvgDialog,Content,威廉,洪积288年，索纳尼尔号在一场风暴中沉没。数年后，北海沿岸开始陆续出现“<Blue:幽灵船>”目击记录。,"홍적 288년, 소나-닐호는 폭풍 속에서 침몰했어. 몇 년 후, 북해 연안에서 「<Blue:유령선>」 목격담이 잇따랐다고 해."
AvgDialog_23841_Content_30,aiFm,avg章5新_AvgDialog_C_M.csv,309,AvgDialog,Content,威廉,曾有弥萨格调查员登上过索纳尼尔号，但没有带回任何可用情报。,"과거 미사그 조사원도 소나닐호에 승선했지만, 유용한 정보는 가져오지 못했어."
AvgDialog_23841_Content_31,aiFn,avg章5新_AvgDialog_C_M.csv,310,AvgDialog,Content,拉蒙娜,没有带回可用情报……,유용한 정보를 가져오지 못했다...
AvgDialog_23841_Content_32,aiFo,avg章5新_AvgDialog_C_M.csv,311,AvgDialog,Content,拉蒙娜,但这意味着，那位调查员平安返校了，对吗？,"하지만 그 말은, 조사원이 무사히 학교로 돌아왔다는 뜻이겠죠?"
AvgDialog_23841_Content_33,aiFp,avg章5新_AvgDialog_C_M.csv,312,AvgDialog,Content,威廉,"是的，尽管丧失了部分记忆，但登船没有对他的身体带来其他异常。
短暂修养后，他就再次回到了调查的最前线。","맞아. 기억 일부를 잃었지만, 그 외의 신체 이상은 없었다고 해. 짧은 휴양 후, 그 조사원은 다시 최전선으로 복귀했지."
AvgDialog_23841_Content_34,aiFq,avg章5新_AvgDialog_C_M.csv,313,AvgDialog,Content,玩家,能让那位前辈接入通讯吗？,그 선배는 지금 통신에 연결할 수 있나요?
AvgDialog_23841_Content_35,aiFr,avg章5新_AvgDialog_C_M.csv,314,AvgDialog,Content,威廉,"……很可惜。
早在你加入弥萨格之前，他就在一次任务中牺牲了。","...유감스럽게도. 네가 미사그에 입학하기 전에, 임무 중 순직했어."
AvgDialog_23841_Content_36,aiFs,avg章5新_AvgDialog_C_M.csv,315,AvgDialog,Content,朵尔,等等！拉蒙娜，你不会是想要……,"잠깐! 라모나, 설마 너..."
AvgDialog_23841_Content_37,aiFt,avg章5新_AvgDialog_C_M.csv,316,AvgDialog,Content,拉蒙娜,是的，我不认为它们会让我们等到救援。,적들이 저희가 구조를 기다릴 때까지 기다려줄 것 같지 않아서요.
AvgDialog_23841_Content_38,aiFu,avg章5新_AvgDialog_C_M.csv,317,AvgDialog,Content,,鱼人们不再前仆后继地试图触碰索纳尼尔号，反而是将武器对准了你们。包围圈在逐渐缩小，你和拉蒙娜退无可退，几乎要撞到船身上。,"어인들은 소나-닐호를 어떻게든 하려는 것을 멈추고, 당신들을 향해 무기를 돌렸다. 포위망이 좁혀지면서, 당신과 라모나는 배 쪽으로 몰렸다."
AvgDialog_23841_Content_39,aiFv,avg章5新_AvgDialog_C_M.csv,318,AvgDialog,Content,,拉蒙娜深吸一口气，伸手触碰了一下从船舷降下的舷梯。,"라모나는 심호흡을 하고, 배의 가장자리에서 내려온 사다리에 조심스럽게 손을 뻗었다."
AvgDialog_23841_Content_40,aiFx,avg章5新_AvgDialog_C_M.csv,319,AvgDialog,Content,,"不同于那些鱼人被弹开了几米远，她的手指切切实实地按在了船体上。
你与她对视一眼，也将手贴上了船身。","어인들이 몇 미터나 튕겨 나간 것과 달리, 라모나의 손은 배에 단단히 닿았다. 당신은 라모나와 눈을 맞추고, 배에 손을 댔다."
AvgDialog_23841_Content_41,aiFy,avg章5新_AvgDialog_C_M.csv,320,AvgDialog,Content,,一股轻微的阻力让你的手悬停在了半空，但阻力旋即消失，钢铁的冰凉触感穿透手套，冻得你头皮发麻。,"희미한 저항을 느껴 손을 멈췄지만, 그것은 곧 사라졌다. 강철의 차가움이 장갑을 뚫고 전해져, 머리까지 얼어붙는 듯했다."
AvgDialog_23841_Content_42,aiFz,avg章5新_AvgDialog_C_M.csv,321,AvgDialog,Content,,这艘索纳尼尔号，<Yellow:没有拒绝你们>。,"이 소나-닐호는, <Yellow:당신들을 거부하지 않았다>."
AvgDialog_23841_Content_43,aiFA,avg章5新_AvgDialog_C_M.csv,322,AvgDialog,Content,拉蒙娜,我们现在登船。,지금 배에 오르자.
AvgDialog_23859_Content_1,aiSX,avg章5新_AvgDialog_C_M.csv,323,AvgDialog,Content,,无路可逃,탈출구 없음
AvgDialog_23859_Content_2,aiTi,avg章5新_AvgDialog_C_M.csv,324,AvgDialog,Content,,"三小时前
港口城镇·布里尔珀特
第三码头",3시간 전\n항구 도시 브리지포트\n제3부두
AvgDialog_23859_Content_3,aiTt,avg章5新_AvgDialog_C_M.csv,325,AvgDialog,Content,,钢铁锈蚀的气味直冲鼻腔，每走一步，舷梯都会发出摇摇欲坠的呻吟。,"강철이 녹슨 냄새가 코를 찔렀고, 한 걸음 내디딜 때마다 사다리가 위태롭게 삐걱거렸다."
AvgDialog_23859_Content_4,aiTE,avg章5新_AvgDialog_C_M.csv,326,AvgDialog,Content,拉蒙娜,"没有进行维护修缮的痕迹，但除了陈旧以外，船体本身相对完整。
海水侵蚀不明显，吃水线下也没有藤壶、牡蛎……","수리한 흔적은 없지만, 낡은 것 외에는 배에 눈에 띄는 손상은 없어.\n선저도 해수 침식이나 따개비 같은 게 거의 없고..."
AvgDialog_23859_Content_5,aiTP,avg章5新_AvgDialog_C_M.csv,327,AvgDialog,Content,,你和拉蒙娜并肩走上了摇摇欲坠的登船舷梯，上行的道路像是陷入了云雾一般，让人根本看不清尽头。,"당신과 라모나는 흔들리는 사다리를 올랐지만, 위로 향하는 길은 구름 속으로 들어가는 것처럼 끝이 보이지 않았다."
AvgDialog_23859_Content_6,aiTU,avg章5新_AvgDialog_C_M.csv,328,AvgDialog,Content,玩家,你有什么发现？,뭐 발견한 거 있어?
AvgDialog_23859_Content_7,aiTV,avg章5新_AvgDialog_C_M.csv,329,AvgDialog,Content,拉蒙娜,索纳尼尔号缺少沉没幽灵船的特征，不符合它曾在风暴中沉没的记录。,이 소나-닐호는 정보에 있던 유령선의 특징이 없어. 폭풍으로 침몰했다는 기록과 맞지 않아.
AvgDialog_23859_Content_8,aiTW,avg章5新_AvgDialog_C_M.csv,330,AvgDialog,Content,拉蒙娜,我会想好好调查这艘船的来龙去脉，但现在显然不是个好时机。,이 배의 내력을 조사하고 싶지만... 지금은 때가 아닌 것 같네.
AvgDialog_23859_Content_9,aiTX,avg章5新_AvgDialog_C_M.csv,331,AvgDialog,Content,,她回头看去，将你们逼上舷梯的敌人团团围在舷梯之下，与一双双无神的鱼眼对上了视线。,"그녀는 뒤돌아, 당신들을 갑판으로 몰아넣은 적들을 내려다보며, 속을 알 수 없는 물고기 눈과 시선을 마주했다."
AvgDialog_23859_Content_10,aiSY,avg章5新_AvgDialog_C_M.csv,332,AvgDialog,Content,拉蒙娜,果然，它们没有跟上舷梯……,"역시, 저들은 쫓아오지 않네..."
AvgDialog_23859_Content_11,aiSZ,avg章5新_AvgDialog_C_M.csv,333,AvgDialog,Content,,拉蒙娜压低了声音，悄声说道。,라모나가 목소리를 낮춰 속삭였다.
AvgDialog_23859_Content_12,aiTa,avg章5新_AvgDialog_C_M.csv,334,AvgDialog,Content,拉蒙娜,这些鱼人被索纳尼尔号挡在了外面，但不知道出于什么原因，我们没有被这艘船拒绝。,"이 어인들은 소나-닐호에 막혔지만, 왠지 우리는 이 배에 탈 수 있었어."
AvgDialog_23859_Content_13,aiTb,avg章5新_AvgDialog_C_M.csv,335,AvgDialog,Content,玩家,我们被当做了敲门砖，一旦他们也登船了，我们就会失去利用价值。,우리가 이용당했을 수도 있어. 어인들이 배에 오르기 위한 도구로. 그렇게 되면 우리는 쓸모없어지겠지.
AvgDialog_23859_Content_14,aiTc,avg章5新_AvgDialog_C_M.csv,336,AvgDialog,Content,拉蒙娜,没错。所以……我有个主意。,그럴지도 모르지. 그래서... 좋은 생각이 있어.
AvgDialog_23859_Content_15,aiTd,avg章5新_AvgDialog_C_M.csv,337,AvgDialog,Content,,你们踏上了舷梯最后一级台阶。,사다리의 마지막 단에 발을 들였다.
AvgDialog_23859_Content_16,aiTe,avg章5新_AvgDialog_C_M.csv,338,AvgDialog,Content,,如同被天空亲吻的飞鸟，双眼被轻柔和煦的风拂过，入目的世界天翻地覆。,태어나 처음 하늘을 나는 새가 된 듯한 해방감. 하지만 눈에 부드러운 바람이 스치는 순간... 보이는 세계가 완전히 변했다.
AvgDialog_23859_Content_17,aiTf,avg章5新_AvgDialog_C_M.csv,339,AvgDialog,Content,,偌大的满月消失在了天空中，极光般的光晕搅动着包围船体的空间，投到甲板上的光斑也泛着奇异的色泽。,"거대한 보름달이 하늘에서 사라지고, 오로라 같은 빛이 배를 감싸는 공간을 휘젓고 있었다. 갑판에 비치는 빛도 어딘가 기묘한 색을 띠었다."
AvgDialog_23859_Content_18,aiTg,avg章5新_AvgDialog_C_M.csv,340,AvgDialog,Content,玩家,拉蒙娜，不太对劲！,"라모나, 뭔가 이상해!"
AvgDialog_23859_Content_19,aiTh,avg章5新_AvgDialog_C_M.csv,341,AvgDialog,Content,,舷梯一阵震颤，在你们顺利登上甲板后，鱼人们也不再继续观望，手脚并用地向上攀爬。,"사다리가 흔들리는 가운데, 당신들이 무사히 갑판에 오르자 어인들도 그들의 손발을 이용해 배에 오르기 시작했다."
AvgDialog_23859_Content_20,aiTj,avg章5新_AvgDialog_C_M.csv,342,AvgDialog,Content,拉蒙娜,来不及了，他们要跟上来了。,"이미 늦었어, 어인들이 따라오고 있어."
AvgDialog_23859_Content_21,aiTk,avg章5新_AvgDialog_C_M.csv,343,AvgDialog,Content,,拉蒙娜全力的一剑击碎了固定搭扣，舷梯应声掉落，却没有发出哪怕半分重物落地的声响。,라모나가 전력을 다해 검을 휘둘러 사다리의 고정 장치를 파괴했다. 사다리가 떨어졌지만 소리는 들리지 않았다.
AvgDialog_23859_Content_22,aiTl,avg章5新_AvgDialog_C_M.csv,344,AvgDialog,Content,,心脏剧烈鼓动，船上的异象冲刷着大脑，过了好一会儿你们才找回说话的能力。,"심장이 격렬하게 뛰고, 배의 이변이 머릿속을 헤집었다. 잠시 후 겨우 말할 여유를 되찾았다."
AvgDialog_23859_Content_23,aiTm,avg章5新_AvgDialog_C_M.csv,345,AvgDialog,Content,拉蒙娜,至少它们没法从这部舷梯登船了。,적어도 이 사다리로는 배에 오를 수 없겠지.
AvgDialog_23859_Content_24,aiTn,avg章5新_AvgDialog_C_M.csv,346,AvgDialog,Content,玩家,这艘船上的景象……的确符合我对“幽灵船”的刻板印象。,이 배의 광경은... 정말 「유령선」의 이미지 그대로일지도.
AvgDialog_23859_Content_25,aiTo,avg章5新_AvgDialog_C_M.csv,347,AvgDialog,Content,拉蒙娜,舷梯掉下去时没有发出声音——说明我们可能正身处一个独立的空间中。很有趣，不是吗？,"사다리가 소리 없이 떨어졌다는 건, 우리가 독립된 공간에 있을 가능성이 있다는 거야. 흥미롭지 않아?"
AvgDialog_23859_Content_26,aiTp,avg章5新_AvgDialog_C_M.csv,348,AvgDialog,Content,拉蒙娜,这是肉眼可见的<Yellow:密境>。,이건 육안으로도 보이는 <Yellow:비경>이야.
AvgDialog_23859_Content_27,aiTq,avg章5新_AvgDialog_C_M.csv,349,AvgDialog,Content,拉蒙娜,保护学校的迷雾由<Yellow:银芯科技>驱动，不知道这艘船会处于哪种力量的控制之下呢？,"학교의 안개는 <Yellow:은심 기술>로 제어되는데, 이 배는 무슨 힘으로 제어되고 있을까?"
AvgDialog_23859_Content_28,aiTr,avg章5新_AvgDialog_C_M.csv,350,AvgDialog,Content,,会是唤醒体吗？,각성체일까?
AvgDialog_23859_Content_29,aiTs,avg章5新_AvgDialog_C_M.csv,351,AvgDialog,Content,拉蒙娜,档案中没有类似记录，但从理论上看，唤醒体创造独立空间是可行的——你想听听具体理论吗？,"기록 보관소에 비슷한 기록은 없지만, 이론적으로 각성체가 독립 공간을 만드는 건 가능해. 구체적인 이론을 듣고 싶어?"
AvgDialog_23859_Content_30,aiTu,avg章5新_AvgDialog_C_M.csv,352,AvgDialog,Content,玩家,放过我吧……,지금은 좀 봐줘...
AvgDialog_23859_Content_31,aiTv,avg章5新_AvgDialog_C_M.csv,353,AvgDialog,Content,拉蒙娜,朵尔，你们听见了吗？,"돌, 들려요?"
AvgDialog_23859_Content_32,aiTw,avg章5新_AvgDialog_C_M.csv,354,AvgDialog,Content,,看看场合吧！,상황 파악 좀 해!
AvgDialog_23859_Content_33,aiTx,avg章5新_AvgDialog_C_M.csv,355,AvgDialog,Content,拉蒙娜,抱歉，抱歉，原谅我的好奇心吧。,"미안, 미안. 그냥 호기심이었어."
AvgDialog_23859_Content_34,aiTy,avg章5新_AvgDialog_C_M.csv,356,AvgDialog,Content,拉蒙娜,朵尔，你们听见了吗？,"돌, 들려요?"
AvgDialog_23859_Content_35,aiTz,avg章5新_AvgDialog_C_M.csv,357,AvgDialog,Content,,拉蒙娜点点胸针，通讯器的银色金属表面似有流光划过。,"라모나가 가슴의 브로치를 가볍게 두드리자, 은색 통신기의 표면에 희미한 빛이 스쳤다."
AvgDialog_23859_Content_36,aiTA,avg章5新_AvgDialog_C_M.csv,358,AvgDialog,Content,拉蒙娜,咦……？,어라...?
AvgDialog_23859_Content_37,aiTB,avg章5新_AvgDialog_C_M.csv,359,AvgDialog,Content,,"拉蒙娜侧过身，伸手点了点你的通讯器。
你试图像往常一样集中精神，但毫不奏效。","라모나가 돌아서서 당신의 통신기를 가볍게 두드렸다. 당신은 통신에 집중하려 했지만, 잘 되지 않았다."
AvgDialog_23859_Content_38,aiTC,avg章5新_AvgDialog_C_M.csv,360,AvgDialog,Content,,精神力就像泪水滴入了大海，归于寂静。,"정신력이 한 방울의 눈물처럼 바다에 녹아들어, 정적으로 돌아갔다."
AvgDialog_23859_Content_39,aiTD,avg章5新_AvgDialog_C_M.csv,361,AvgDialog,Content,拉蒙娜,从外观上看，通讯器没有受损，但无法发信。,"겉보기엔 손상된 것 같지 않은데, 발신이 안 되네."
AvgDialog_23859_Content_40,aiTF,avg章5新_AvgDialog_C_M.csv,362,AvgDialog,Content,玩家,<Small:怎么有这么多东西能阻断通信，上次在蜡像馆也是……>,<Small:왜 이렇게 통신 방해가 많은 거야? 지난번 밀랍 인형관에서도 그랬는데...>
AvgDialog_23859_Content_41,aiTG,avg章5新_AvgDialog_C_M.csv,363,AvgDialog,Content,拉蒙娜,"银芯催生的科技不是万能的。
再说了，对于银芯本身，我们的研究也还只是皮毛。",은심이 만들어내는 힘은 만능이 아니야. 애초에 은심 자체에 대한 연구도 아직 초기 단계고.
AvgDialog_23859_Content_42,aiTH,avg章5新_AvgDialog_C_M.csv,364,AvgDialog,Content,玩家,希望那些鱼人别从其他地方爬上来吧……,어인들이 다른 곳에서 기어오지 않기를 바랄 뿐이야...
AvgDialog_23859_Content_43,aiTI,avg章5新_AvgDialog_C_M.csv,365,AvgDialog,Content,拉蒙娜,嗯，小心周围环境，并祈祷这艘船不会起航吧。,"응, 주변을 경계하면서 이 배가 출항하지 않기를 기도하자."
AvgDialog_23859_Content_44,aiTJ,avg章5新_AvgDialog_C_M.csv,366,AvgDialog,Content,,<Big:呜————>,<Big:부우웅————>
AvgDialog_23859_Content_45,aiTK,avg章5新_AvgDialog_C_M.csv,367,AvgDialog,Content,,像是百灵鸟回应歌剧演员的花腔一般，绵长的汽笛回应起了拉蒙娜的祈祷。,"마치 멀리서 들려오는 울음소리에 반응하는 들개처럼, 라모나의 기도에 긴 뱃고동 소리가 응답했다."
AvgDialog_23859_Content_46,aiTL,avg章5新_AvgDialog_C_M.csv,368,AvgDialog,Content,拉蒙娜,……,...
AvgDialog_23859_Content_47,aiTM,avg章5新_AvgDialog_C_M.csv,369,AvgDialog,Content,,……,...
AvgDialog_23859_Content_48,aiTN,avg章5新_AvgDialog_C_M.csv,370,AvgDialog,Content,拉蒙娜,我知道你想说什么，但拜托了，不是现在。,"무슨 말 하고 싶은지 알지만, 제발 지금은 그만둬 줄래?"
AvgDialog_23859_Content_49,aiTO,avg章5新_AvgDialog_C_M.csv,371,AvgDialog,Content,玩家,我们不能跟着索纳尼尔号出海，这艘船有太多疑点了。,"소나-닐호를 타고 바다로 나가는 건 위험해, 이 배는 너무 이상해."
AvgDialog_23859_Content_50,aiTQ,avg章5新_AvgDialog_C_M.csv,372,AvgDialog,Content,拉蒙娜,去甲板另一头看看！我看到那边有固定救生船的绳索，我们试着从海面上撤离。,저길 봐! 갑판 반대편에 구명보트를 고정하는 밧줄이 있어. 바다 쪽으로 탈출할 수 있을지도 몰라.
AvgDialog_23859_Content_51,aiTR,avg章5新_AvgDialog_C_M.csv,373,AvgDialog,Content,玩家,等等……好像有什么声音。,잠깐... 무슨 소리가 들려.
AvgDialog_23859_Content_53,aiTT,avg章5新_AvgDialog_C_M.csv,375,AvgDialog,Content,,类鱼面孔出现在了甲板上，将你们赶上船的始作俑者们步步紧逼。,"어류 같은 얼굴이 갑판에 나타나, 당신들을 향해 다가왔다."
AvgDialog_23861_Content_1,aiUR,avg章5新_AvgDialog_C_M.csv,376,AvgDialog,Content,,那些丑陋的面容，仅是直视就令人感到对进化论的亵渎。,"그 흉측한 얼굴은, 보기만 해도 진화론에 대한 모독처럼 느껴졌다."
AvgDialog_23861_Content_2,aiUS,avg章5新_AvgDialog_C_M.csv,377,AvgDialog,Content,,它们相互推搡着，手中冷兵撞在一起发出刺耳的声响。而一片混乱的正中，它们似乎簇拥着什么存在……,"그들은 서로 밀치고 있었고, 손에 든 무기가 부딪히며 귀에 거슬리는 소리를 냈다.\n그런 혼돈 속에서, 어인들은 무언가를 둘러싸고 있는 듯했다..."
AvgDialog_23865_Content_1,aiVA,avg章5新_AvgDialog_C_M.csv,378,AvgDialog,Content,弥利亚姆？,够了，不过是些无足轻重之人。,이제 됐습니다. 하찮은 자들입니다.
AvgDialog_23865_Content_2,aiVB,avg章5新_AvgDialog_C_M.csv,379,AvgDialog,Content,,"静立于敌人后排，从最开始就沉默着的身影发话了。
那是一名成年女性，被黑纱包裹的身体在丑陋畸形的鱼人中格格不入。","적의 후열에 조용히 서 있던 그림자가 입을 열었다. 그것은 검은 베일에 싸인 성인 여성이었고, 흉측한 어인들 사이에서 유독 튀었다."
AvgDialog_23865_Content_4,aiVD,avg章5新_AvgDialog_C_M.csv,381,AvgDialog,Content,,"在她的指令下，一名与周围鱼人格格不入的少年走到人前。
他毕恭毕敬地对女人弯下了挺拔的脊背，语气中是难掩的忠诚与自豪。","그녀의 명령에 따라, 주위 어인들과는 전혀 다른 분위기의 소년이 앞으로 나섰다. 그는 여성에게 정중히 고개를 숙였고, 그 목소리에는 숨길 수 없는 충성심이 묻어났다."
AvgDialog_23865_Content_5,aiVE,avg章5新_AvgDialog_C_M.csv,382,AvgDialog,Content,蹈海者少年,谨遵使命，弥利亚姆大人。,"명을 받들겠습니다, 미리암 님."
AvgDialog_23843_Content_2,aiGn,avg章5新_AvgDialog_C_M.csv,384,AvgDialog,Content,蹈海者少年,唔……！明明只是低下的人类，怎会如此难缠……,"큭...! 일개 인간 주제에, 어째서 이렇게 강한 거지..."
AvgDialog_23843_Content_3,aiGy,avg章5新_AvgDialog_C_M.csv,385,AvgDialog,Content,,少年不可思议地瞪大眼，在缠斗中，他的鳍与尾都被拉蒙娜的骤雨般的剑锋刺伤，灰红的血在甲板上肆意流淌，填满了木板的缝隙。,"소년은 경악하며 눈을 크게 떴다. 싸움 속에서 그의 지느러미와 꼬리가 라모나의 검에 베여, 적갈색 피가 갑판에 흘러 틈새를 메웠다."
AvgDialog_23843_Content_4,aiGJ,avg章5新_AvgDialog_C_M.csv,386,AvgDialog,Content,,他不得不以武器支撑着自身才能维持站立，显然已难以继续招架你们的攻击。,"그는 무기에 몸을 기대는 것만으로도 힘겨워 보였고, 더 이상 당신들의 공격을 막아낼 수 없는 상태였다."
AvgDialog_23843_Content_5,aiGQ,avg章5新_AvgDialog_C_M.csv,387,AvgDialog,Content,拉蒙娜,你与那些鱼头人身的怪物不一样，而你的力量……,너는 다른 어인들과는 달라. 그리고 네 그 힘은...
AvgDialog_23843_Content_6,aiGR,avg章5新_AvgDialog_C_M.csv,388,AvgDialog,Content,,拉蒙娜挽剑，剑尖划出优美而凌厉锋芒，直指向单膝跪地的少年。,"라모나가 검을 휘두르자, 아름다운 검광이 뻗어 나가며 무릎 꿇은 소년을 향했다."
AvgDialog_23843_Content_7,aiGS,avg章5新_AvgDialog_C_M.csv,389,AvgDialog,Content,拉蒙娜,你是唤醒体……没错吧？,너는 각성체... 맞지?
AvgDialog_23843_Content_9,aiGU,avg章5新_AvgDialog_C_M.csv,391,AvgDialog,Content,,拉蒙娜的话刺痛了少年的神经，他骤然周身发力，脊上的鳍刺根根竖起，猛地弹开了拉蒙娜的剑。,"라모나의 말이 소년의 신경을 건드렸고, 그는 갑자기 온몸에 힘을 주었다. 그러자 등지느러미가 곤두서며 라모나의 검을 튕겨냈다."
AvgDialog_23843_Content_10,aiGd,avg章5新_AvgDialog_C_M.csv,392,AvgDialog,Content,玩家,拉蒙娜小心！,라모나 조심해!
AvgDialog_23843_Content_11,aiGe,avg章5新_AvgDialog_C_M.csv,393,AvgDialog,Content,,你掏出银钥，试图以链接压制暴起的唤醒体少年。,"당신은 은심을 꺼내, 연결을 통해 폭주한 각성체 소년을 억제하려 했다."
AvgDialog_23843_Content_12,aiGf,avg章5新_AvgDialog_C_M.csv,394,AvgDialog,Content,,但你几乎是霎时就意识到了不对：他的精神无比稳定，而一根蛇形的锁链正将他的精神牵引向不远处。,"하지만 당신은 즉시 이상함을 느꼈다. 그의 정신은 매우 안정적이었고, 뱀 같은 사슬 하나가 그의 정신을 근처로 끌어당기고 있었다."
AvgDialog_23843_Content_13,aiGg,avg章5新_AvgDialog_C_M.csv,395,AvgDialog,Content,,——牵引向他的链接者。,——그와 링크한 자에게로.
AvgDialog_23843_Content_15,aiGi,avg章5新_AvgDialog_C_M.csv,397,AvgDialog,Content,弥利亚姆,凯刻斯，太久了。,"카이커스, 너무 오래 걸리는군요."
AvgDialog_23843_Content_16,aiGj,avg章5新_AvgDialog_C_M.csv,398,AvgDialog,Content,凯刻斯,弥、弥利亚姆大人！请再给我一次机会，我一定会解决掉这两个人。,"미, 미리암 님! 한 번만 더 기회를 주십시오. 반드시 저 둘을 처리하겠습니다."
AvgDialog_23843_Content_17,aiGk,avg章5新_AvgDialog_C_M.csv,399,AvgDialog,Content,,头带荆刺冠冕的女人睨了他一眼，没有回答。视线转向执剑的拉蒙娜，又移向你，最终定格在了你胸前仍闪着微光的银钥上。,"가시관을 쓴 여인은 그를 한번 흘끗 봤지만, 아무 대답도 하지 않았다. 시선은 검을 든 라모나에게로, 그리고 당신에게로 향했고, 마지막에는 당신 가슴에서 희미하게 빛나는 은심에 머물렀다."
AvgDialog_23843_Content_18,aiGl,avg章5新_AvgDialog_C_M.csv,400,AvgDialog,Content,弥利亚姆,银钥……,은심...
AvgDialog_23843_Content_19,aiGm,avg章5新_AvgDialog_C_M.csv,401,AvgDialog,Content,,下一刻，蛇影从她的头纱下弹射而出，如毒蛇般爬上了你的身体。,"다음 순간, 그녀의 베일 아래에서 흉측한 뱀의 그림자가 튀어나와, 당신의 몸을 기어올랐다."
AvgDialog_23843_Content_20,aiGo,avg章5新_AvgDialog_C_M.csv,402,AvgDialog,Content,,那确实是「毒蛇」，紫色能量体凝聚成的蛇形死死缠绕在手腕上，逸散着不祥能量的利齿正阴恻地对准了你——,"그것은 말 그대로 「독사」였다. 보라색 무언가가 뱀의 형상을 이루어 손목에 감겨 있었고, 불길한 힘을 내뿜는 송곳니가 당신을 노리고 있었다——"
AvgDialog_23843_Content_22,aiGq,avg章5新_AvgDialog_C_M.csv,404,AvgDialog,Content,拉蒙娜,别碰%heorshe%！,"{Male=그에게서,Female=그녀에게서} 떨어져!"
AvgDialog_23843_Content_23,aiGr,avg章5新_AvgDialog_C_M.csv,405,AvgDialog,Content,,拉蒙娜转身掷出细剑，打散了一条对你虎视眈眈的蛇影。,"라모나는 뒤돌아 세검을 휘둘러, 당신을 노리던 뱀의 그림자를 흩뜨렸다."
AvgDialog_23843_Content_24,aiGs,avg章5新_AvgDialog_C_M.csv,406,AvgDialog,Content,,下一秒，双腿爆发出惊人的力量，她几乎是飞一般跃过那两人来到你身边，猛地拉着你滚在地上，拔起武器的同时躲过了蛇影又一次攻势。,"다음 순간, 그녀의 다리는 경이로운 힘을 발휘해 적을 뛰어넘어 당신 곁에 착지했다. 그리고는 당신을 끌어당겨 땅에 구르며, 무기를 뽑아 들면서 뱀 그림자의 공격을 피했다."
AvgDialog_23843_Content_25,aiGt,avg章5新_AvgDialog_C_M.csv,407,AvgDialog,Content,拉蒙娜,我们不是那女人的对手，快上救生船！,저 여자에겐 이길 수 없어. 빨리 구명보트에 타!
AvgDialog_23843_Content_26,aiGu,avg章5新_AvgDialog_C_M.csv,408,AvgDialog,Content,,拉蒙娜没给你反抗的机会，不由分说地将你推进了救生船。,"라모나는 반론의 여지를 주지 않고, 당신을 구명보트에 밀어 넣었다."
AvgDialog_23843_Content_27,aiGv,avg章5新_AvgDialog_C_M.csv,409,AvgDialog,Content,,"随后她跳上了船舷，微屈膝以稳定身体，侧身利落出剑。
固定救生船的机械装置应声而碎，巨大的失重感席卷了你的大脑。","그녀는 배의 난간으로 뛰어올라, 무릎을 살짝 굽혀 몸을 안정시키고, 몸을 비틀어 재빨리 검을 휘둘렀다. 구명보트를 고정하던 장치가 소리를 내며 부서졌고, 강한 무중력감이 당신의 뇌를 덮쳤다."
AvgDialog_23843_Content_28,aiGw,avg章5新_AvgDialog_C_M.csv,410,AvgDialog,Content,玩家,<Big:拉蒙娜！>,<Big:라모나!>
AvgDialog_23843_Content_29,aiGx,avg章5新_AvgDialog_C_M.csv,411,AvgDialog,Content,,拉蒙娜半挂在船外，蛇影勾着她的脚腕，将她拖回了船舷之内。,"라모나는 배 밖에 반쯤 매달려 있었다. 뱀의 그림자가 그녀의 발목에 감겨, 갑판으로 끌어당겼다."
AvgDialog_23843_Content_30,aiGz,avg章5新_AvgDialog_C_M.csv,412,AvgDialog,Content,,救生船在下落中失去了平衡，黑暗与冰冷彻骨的海水一同涌进了你的咽喉。,"구명보트는 떨어지면서 균형을 잃었고, 어둡고 차가운 바닷물이 목으로 흘러 들어왔다."
AvgDialog_23843_Content_31,aiGA,avg章5新_AvgDialog_C_M.csv,413,AvgDialog,Content,,在最后时刻映入眼中的，是拉蒙娜向你伸出的手。,"마지막으로 눈에 들어온 것은, 라모나가 당신에게 내미는 손이었다."
AvgDialog_23843_Content_32,aiGB,avg章5新_AvgDialog_C_M.csv,414,AvgDialog,Content,,拉蒙娜瘫坐在甲板上，摸着自己的脚踝，眉毛紧皱。,"라모나는 갑판에 주저앉아, 발목을 만지며 미간을 찌푸렸다."
AvgDialog_23843_Content_33,aiGC,avg章5新_AvgDialog_C_M.csv,415,AvgDialog,Content,,咔——,뚝——
AvgDialog_23843_Content_34,aiGD,avg章5新_AvgDialog_C_M.csv,416,AvgDialog,Content,,她咬着牙，屈身复位了脱臼的脚踝。表情只扭曲了片刻，便又恢复了平日的凌然。,"그녀는 이를 악물고, 탈구된 발목을 제자리에 맞췄다. 표정은 순간 일그러졌지만, 이내 평소의 냉정함을 되찾았다."
AvgDialog_23843_Content_35,aiGE,avg章5新_AvgDialog_C_M.csv,417,AvgDialog,Content,,俨然一副首领之姿的女人信步走到拉蒙娜身前，居高临下地看着她。,"지도자처럼 보이는 여인이 당당하게 라모나 앞에 서서, 그녀를 내려다보았다."
AvgDialog_23843_Content_36,aiGF,avg章5新_AvgDialog_C_M.csv,418,AvgDialog,Content,弥利亚姆,银钥，链接，唤醒体……,"은심, 링크, 각성체..."
AvgDialog_23843_Content_37,aiGG,avg章5新_AvgDialog_C_M.csv,419,AvgDialog,Content,弥利亚姆,在港口时未曾注意你们的模样，现在看来，「吾主」的预言确实应验了——无人能阻止星辰行至正位，这俗世一切，都在去向应去之处。,"항구에 있을 땐 당신들을 눈치채지 못했지만, 이제 보니, 「주님」의 예언이 실현되었군요. 아무도 별들이 정위로 향하는 것을 막을 수 없습니다. 이 세상 모든 것은 있어야 할 곳으로 향하고 있습니다."
AvgDialog_23843_Content_39,aiGI,avg章5新_AvgDialog_C_M.csv,421,AvgDialog,Content,,弥利亚姆不置可否，妍丽的脸上露出了一抹虔诚的笑。,"미리암은 아무 말 없이, 아름다운 얼굴에 경건한 미소를 띠었다."
AvgDialog_23843_Content_40,aiGK,avg章5新_AvgDialog_C_M.csv,422,AvgDialog,Content,弥利亚姆,弥萨格大学的学生，作为献给「吾主」的养料，再合适不过。,"미사그의 학생은, 「주님」께 바치는 제물로서 더할 나위 없이 적합합니다."
AvgDialog_23843_Content_41,aiGL,avg章5新_AvgDialog_C_M.csv,423,AvgDialog,Content,,弥利亚姆不再看拉蒙娜，也不在意拉蒙娜手中仍紧握着武器。她似乎胸有成竹，并不在意拉蒙娜的反抗。,"미리암은 라모나를 보지 않았고, 무기를 쥔 라모나도 신경 쓰지 않았다. 그녀는 자신만만했고, 라모나의 저항도 개의치 않았다."
AvgDialog_23843_Content_42,aiGM,avg章5新_AvgDialog_C_M.csv,424,AvgDialog,Content,,或许说，她非常笃定，拉蒙娜的反抗不再能掀起波澜。,"아니, 그녀는 라모나의 저항이 더 이상 문제가 되지 않는다고 확신하는 듯했다."
AvgDialog_23843_Content_43,aiGN,avg章5新_AvgDialog_C_M.csv,425,AvgDialog,Content,弥利亚姆,"这是你最后一次机会，凯刻斯。
带她下去，看管好她。","이게 마지막 기회예요, 카이커스. 그녀를 데리고 가서, 잘 감시하세요."
AvgDialog_23843_Content_44,aiGO,avg章5新_AvgDialog_C_M.csv,426,AvgDialog,Content,弥利亚姆,她将成为仪式的最后一环，<Yellow:「吾主」>重生后，将饮尽愚者甘美的血肉。,"그녀는 의식의 마지막 조각이 될 겁니다. <Yellow:「주님」>이 재림하시면, 어리석은 자의 달콤한 피와 살을 마실 것입니다."
AvgDialog_23860_Content_1,aiTY,avg章5新_AvgDialog_C_M.csv,428,AvgDialog,Content,,沉溺之徒,탐닉하는 자
AvgDialog_23860_Content_2,aiUj,avg章5新_AvgDialog_C_M.csv,429,AvgDialog,Content,,"水无止无休地灌进你的身体。
鼻腔、耳道、咽喉、眼角…上肢所有孔洞都被海水填满。","물이 쉴 새 없이 몸으로 흘러 들어왔다.\n코, 귀, 목, 눈이... 상체의 모든 구멍이 바닷물로 가득 찼다."
AvgDialog_23860_Content_3,aiUu,avg章5新_AvgDialog_C_M.csv,430,AvgDialog,Content,,你的血液与海水产生了某种反应，细胞被排出躯壳，取而代之流淌在血管里的，似乎成了粗盐与砂砾。,"당신의 피는 바닷물과 뒤섞여, 세포가 몸에서 빠져나가고, 대신 혈관에는 굵은 소금과 모래가 흐르는 것 같았다."
AvgDialog_23860_Content_4,aiUF,avg章5新_AvgDialog_C_M.csv,431,AvgDialog,Content,,它们从内部剐蹭着躯体与灵魂，肺部被液体充盈。意识随着身体下沉，对搭档的担忧也被疼痛与窒息挤出了大脑……,"몸과 영혼이 안에서부터 긁히고, 폐는 물로 가득 찼다. 의식은 몸과 함께 가라앉았고, 동료에 대한 걱정도 고통과 질식에 밀려났다..."
AvgDialog_23860_Content_5,aiUM,avg章5新_AvgDialog_C_M.csv,432,AvgDialog,Content,,……,...
AvgDialog_23860_Content_6,aiUN,avg章5新_AvgDialog_C_M.csv,433,AvgDialog,Content,,海面被搅动的波纹撞上了耳膜，挣扎着睁开眼，什么东西逆着光潜入了水下。,"수면을 때리는 소리가 귀에 울리고, 눈을 뜨자 무언가가 빛 속으로 잠수하고 있었다."
AvgDialog_23860_Content_7,aiUO,avg章5新_AvgDialog_C_M.csv,434,AvgDialog,Content,,它灵活地缠上了你的腰，就像海草……不，那不是海草，而是某种柔软，又极具韧性的肌肉……,"그것은 당신의 허리에 감겨들었다. 마치 해초 같았지만... 아니었다. 해초가 아니라, 부드럽고 매우 강인한 근육이었다..."
AvgDialog_23860_Content_8,aiUP,avg章5新_AvgDialog_C_M.csv,435,AvgDialog,Content,,唰——,휙——
AvgDialog_23860_Content_9,aiUQ,avg章5新_AvgDialog_C_M.csv,436,AvgDialog,Content,,长条形的肌肉一路向上拖拽着你，视野中出现了密境天空粉色的光，然后是下层甲板的梁木，接着是船舱中忽明忽暗的电灯。,"긴 촉수가 당신을 끌어올렸다. 시야에 비경의 하늘에 떠 있는 분홍빛이 나타났고, 다음으로 갑판의 들보, 그리고 선실의 깜빡이는 전등이 보였다."
AvgDialog_23860_Content_10,aiTZ,avg章5新_AvgDialog_C_M.csv,437,AvgDialog,Content,,最后，是一张熟悉又陌生的脸。,"마지막으로, 낯익은 얼굴이 보였다."
AvgDialog_23860_Content_11,aiUa,avg章5新_AvgDialog_C_M.csv,438,AvgDialog,Content,玩家,咳、咳咳咳……！,"콜록, 콜록...!"""
AvgDialog_23860_Content_12,aiUb,avg章5新_AvgDialog_C_M.csv,439,AvgDialog,Content,,干燥的空气与留在气管中的海水相结合，呼吸道受到前所未有的刺激，肌肉抽动间带出了难以抑制的咳嗽。,"건조한 공기와 기관지에 남은 바닷물이 섞여, 호흡기가 전례 없는 자극을 받았고, 근육이 경련하며 억누를 수 없는 기침이 터져 나왔다."
AvgDialog_23860_Content_13,aiUc,avg章5新_AvgDialog_C_M.csv,440,AvgDialog,Content,,绿发少年微微皱眉，触肢在他的控制下再度缠在了你身上，然后——,"녹색 머리 소년이 살짝 미간을 찌푸렸고, 그의 조종 아래 촉수가 다시 당신에게 감겨들었다. 그리고——"
AvgDialog_23860_Content_14,aiUd,avg章5新_AvgDialog_C_M.csv,441,AvgDialog,Content,,触肢用恰到好处的力道收缩了数次，喉咙中的海水与小鱼在挤压中被尽数吐出。,"촉수가 적절한 힘으로 몇 번 수축하자, 목에 있던 바닷물과 작은 물고기가 모두 토해졌다."
AvgDialog_23860_Content_15,aiUe,avg章5新_AvgDialog_C_M.csv,442,AvgDialog,Content,玩家,咳、咳……谢谢你。,"컥, 콜록... 고마워."
AvgDialog_23860_Content_17,aiUg,avg章5新_AvgDialog_C_M.csv,444,AvgDialog,Content,玩家,……我指的是，把我从海中救上来的事。,...바다에서 구해준 것에 대한 감사였는데.
AvgDialog_23860_Content_18,aiUh,avg章5新_AvgDialog_C_M.csv,445,AvgDialog,Content,古老图鲁,"虽然成为唤醒体之身非余所愿，但弥萨格大学毕竟结束了余的万年长眠。
于情于理，余不会对「守密人」见死不救。","각성체가 된 것은 짐의 뜻이 아니었으나, 미사그가 짐을 긴 잠에서 깨워주었지. 이성적으로나 감정적으로나, 「수호자」를 죽게 내버려 둘 수는 없다."
AvgDialog_23860_Content_19,aiUi,avg章5新_AvgDialog_C_M.csv,446,AvgDialog,Content,玩家,"但……你不该出现在这里，对吗？
这次调查任务的出行名单中，只有我和拉蒙娜。","하지만... 넌 여기 있으면 안 되잖아, 맞지? 이번 조사 임무 명단에는 나와 라모나뿐이야."
AvgDialog_23860_Content_20,aiUk,avg章5新_AvgDialog_C_M.csv,447,AvgDialog,Content,玩家,未经外勤行动组组长批准，且未被调查员链接前，唤醒体不被允许离开弥萨格地界。我以为你是清楚这一点的……,"외근 작전팀장의 승인 없이, 그리고 조사원과 링크하지 않은 채, 각성체는 미사그 경계를 벗어날 수 없어. 난 네가 이 점을 알고 있을 거라 생각했는데..."
AvgDialog_23860_Content_21,aiUl,avg章5新_AvgDialog_C_M.csv,448,AvgDialog,Content,玩家,唤醒体图鲁，档案编号-6291，代号「沉睡之主」。,"각성체 툴루, 파일 번호-6291, 코드네임 「잠자는 왕」."
AvgDialog_23860_Content_22,aiUm,avg章5新_AvgDialog_C_M.csv,449,AvgDialog,Content,图鲁,余相信你也清楚，弥萨格大学那些所谓的“戒律”，在余面前形同虚设。,"그대도 알겠지만, 미사그의 소위 「계율」이라는 것은 짐에게는 통하지 않는다."
AvgDialog_23860_Content_23,aiUn,avg章5新_AvgDialog_C_M.csv,450,AvgDialog,Content,图鲁,另，别用那愚蠢的代号指代余。,"그리고, 그 어리석은 별명으로 짐을 부르지 마라."
AvgDialog_23860_Content_24,aiUo,avg章5新_AvgDialog_C_M.csv,451,AvgDialog,Content,玩家,图鲁。,툴루.
AvgDialog_23860_Content_25,aiUp,avg章5新_AvgDialog_C_M.csv,452,AvgDialog,Content,玩家,我不是审查会那些死脑筋，唤醒体于我而言不是需要铐上脚镣的野兽。,나는 심사회의 고지식한 사람들과는 달라. 내게 각성체는 족쇄를 채워야 하는 짐승이 아니야.
AvgDialog_23860_Content_26,aiUq,avg章5新_AvgDialog_C_M.csv,453,AvgDialog,Content,玩家,"我担心的是，你不在外勤任务的人员名单上，未经任何人链接。
离开弥萨格的<Yellow:黑池>太久，你会步入失控。","내가 걱정하는 건, 네가 외근 임무 명단에 없고, 누구와도 링크하지 않았다는 점이야. 미사그의 <Yellow:블랙풀>에서 너무 오래 떨어져 있으면, 통제 불능 상태가 될 거야."
AvgDialog_23860_Content_27,aiUr,avg章5新_AvgDialog_C_M.csv,454,AvgDialog,Content,图鲁,无碍，余不会被所谓本能掌控。,문제없다. 짐은 소위 본능이라는 것에 지배당하지 않는다.
AvgDialog_23860_Content_28,aiUs,avg章5新_AvgDialog_C_M.csv,455,AvgDialog,Content,,"唤醒体保持着少年的形态，一言一行却充满了上位者的威压。
仅是轻飘飘撇来一督，就足以让人浑身汗毛直立。","각성체는 소년의 모습을 유지하고 있었지만, 말 한마디 한마디에 상위자의 위엄이 서려 있었다. 가볍게 쳐다보는 것만으로도 온몸의 털이 곤두섰다."
AvgDialog_23860_Content_29,aiUt,avg章5新_AvgDialog_C_M.csv,456,AvgDialog,Content,玩家,……呼。,...휴.
AvgDialog_23860_Content_30,aiUv,avg章5新_AvgDialog_C_M.csv,457,AvgDialog,Content,玩家,"——我只想知道，你在这里做什么？
你常年保持沉睡，就连<Yellow:银钥授予仪式>上的突变也没能让你醒来。","——난 그냥, 네가 여기서 뭘 하는지 알고 싶을 뿐이야. 넌 오랫동안 잠들어 있었고, <Yellow:은심 수여식>의 이변 때도 깨어나지 않았잖아."
AvgDialog_23860_Content_31,aiUw,avg章5新_AvgDialog_C_M.csv,458,AvgDialog,Content,玩家,可你不惜冒着失去理智的风险出现在这里……无论发生了什么事，对你一定意义非凡。,"그런데 이성을 잃을 위험을 무릅쓰고 여기에 나타나다니... 무슨 일이 있었든, 너에게는 아주 중요한 일이겠지."
AvgDialog_23860_Content_32,aiUx,avg章5新_AvgDialog_C_M.csv,459,AvgDialog,Content,图鲁,"这里所发生的一切，皆因余而起。
至于细节，与你无关。","여기서 일어난 모든 일은, 짐으로 인해 비롯된 것이다. 자세한 건, 그대와는 상관없다."
AvgDialog_23860_Content_33,aiUy,avg章5新_AvgDialog_C_M.csv,460,AvgDialog,Content,玩家,是吗？无关到我和拉蒙娜与那名叫弥利亚姆的女人遭遇，你都难以现身搭救吗？,"그래? 나와 라모나가 미리암이라는 여자와 마주쳤을 때, 네가 나타나지 않았던 것도 상관없는 일인가?"
AvgDialog_23860_Content_34,aiUz,avg章5新_AvgDialog_C_M.csv,461,AvgDialog,Content,图鲁,余没有向你们解释的义务，但如有必要，余将出手相助。,"짐은 너희에게 설명할 의무가 없다. 하지만 필요하다면, 돕겠다."
AvgDialog_23860_Content_35,aiUA,avg章5新_AvgDialog_C_M.csv,462,AvgDialog,Content,,图鲁三缄其口的态度几乎要点燃你的愤怒，但现实保留了你的理性。,"툴루의 입을 굳게 다문 태도에 분노가 치밀었지만, 현실이 당신의 이성을 붙잡았다."
AvgDialog_23860_Content_36,aiUB,avg章5新_AvgDialog_C_M.csv,463,AvgDialog,Content,,双手几度握成拳，又再度松开。深呼吸几次后，你终于看向了眼前的唤醒体少年。,"몇 번이고 주먹을 쥐었다 폈다. 심호흡을 몇 번 한 후, 당신은 마침내 눈앞의 각성체 소년을 바라보았다."
AvgDialog_23860_Content_38,aiUD,avg章5新_AvgDialog_C_M.csv,465,AvgDialog,Content,,图鲁抬头久久看着你的眼睛，似乎在酝酿拒绝的话语。,"툴루는 고개를 들어 당신의 눈을 오랫동안 바라보며, 거절의 말을 고르는 듯했다."
AvgDialog_23860_Content_39,aiUE,avg章5新_AvgDialog_C_M.csv,466,AvgDialog,Content,,就在他唇边肌肉微动，准备吐出回复时，船舱深处传来了少女凄厉的尖叫。,"그가 입술을 움직여 대답하려는 순간, 선실 깊은 곳에서 소녀의 날카로운 비명이 들려왔다."
AvgDialog_23860_Content_40,aiUG,avg章5新_AvgDialog_C_M.csv,467,AvgDialog,Content,玩家,是拉蒙娜吗！？我们快过去看看！,라모나인가!? 빨리 가보자!
AvgDialog_23860_Content_42,aiUI,avg章5新_AvgDialog_C_M.csv,469,AvgDialog,Content,玩家,愚钝？,어리석다고?
AvgDialog_23860_Content_43,aiUJ,avg章5新_AvgDialog_C_M.csv,470,AvgDialog,Content,玩家,如果真如你所说，你不会对「守密人」见死不救的话。,네 말대로 정말 「수호자」를 죽게 내버려 두지 않을 거라면.
AvgDialog_23860_Content_44,aiUK,avg章5新_AvgDialog_C_M.csv,471,AvgDialog,Content,玩家,图鲁，我接下来要去送死。,"툴루, 나는 이제 죽으러 갈 거야."
AvgDialog_23860_Content_45,aiUL,avg章5新_AvgDialog_C_M.csv,472,AvgDialog,Content,,图鲁扶着头未作回答，但在你转身冲向船舱深处前，你听见了少年若有似无的叹息。,"툴루는 머리를 부여잡고 대답하지 않았지만, 당신이 선실 깊은 곳으로 달려가기 전, 소년의 희미한 한숨 소리를 들었다."
AvgDialog_23866_Content_1,aiVF,avg章5新_AvgDialog_C_M.csv,473,AvgDialog,Content,玩家,快看那边！,저기 봐!
AvgDialog_23866_Content_2,aiVK,avg章5新_AvgDialog_C_M.csv,474,AvgDialog,Content,蹈海者,@1母…神@2……,@1모... 신@2...
AvgDialog_23866_Content_4,aiVM,avg章5新_AvgDialog_C_M.csv,476,AvgDialog,Content,墨菲？,不要…不要靠近我！休想把我抓回去！,오지 마... 나한테서 떨어져! 다시는 잡히지 않을 거야!
AvgDialog_23866_Content_5,aiVN,avg章5新_AvgDialog_C_M.csv,477,AvgDialog,Content,玩家,那…不是拉蒙娜。,저건... 라모나가 아니야.
AvgDialog_23866_Content_7,aiVP,avg章5新_AvgDialog_C_M.csv,479,AvgDialog,Content,,那领头者倏地直起了身，你这才看清“她”头纱之下竟是数条飞舞的蛇头，格外诡异。,선두에 선 자가 갑자기 몸을 일으켰다. 그제야 당신은 「그녀」의 베일 아래에서 여러 개의 뱀 머리가 춤추고 있는 것을 보았다. 기이하기 짝이 없었다.
AvgDialog_23866_Content_9,aiVR,avg章5新_AvgDialog_C_M.csv,481,AvgDialog,Content,,蛇牙在行囊上撕咬开一个口子，腐烂的脏器如沙丁鱼般涌了出来，尽数掉落在符文上，腐臭顿时在舱室弥漫开来。,"뱀의 송곳니가 가방을 찢자, 썩은 내장이 정어리처럼 쏟아져 나와 룬 문자 위로 떨어졌고, 선실에 악취가 순식간에 퍼졌다."
AvgDialog_23866_Content_10,aiVG,avg章5新_AvgDialog_C_M.csv,482,AvgDialog,Content,墨菲？,你们要做什么！？就凭你们还没资格对本小姐动手动脚！有本事让我去见弥利亚姆！,무슨 짓이야!? 감히 날 건드리지 마! 미리암한테 데려가!
AvgDialog_23866_Content_13,aiVJ,avg章5新_AvgDialog_C_M.csv,485,AvgDialog,Content,,后者被撞了个猝不及防，但很快反应过来，吐着蛇信与图鲁的触手缠斗在了一起。,"후자는 기습에 당황했지만, 이내 정신을 차리고 뱀 혀를 날름거리며 툴루의 촉수와 맞서 싸웠다."
AvgDialog_23844_Content_2,aiHg,avg章5新_AvgDialog_C_M.csv,487,AvgDialog,Content,,图鲁缩回触肢看着其上灰绿、红白交织的液体，脸上嫌恶的神情在他悄悄在甲板上蹭下脏污后转瞬即逝。,"툴루는 촉수를 거두며 그 위에 묻은 회녹색과 붉고 흰 액체를 바라보았다. 그의 얼굴에 혐오스러운 표정이 스쳤다가, 갑판에 오물을 슬쩍 닦아낸 후 순식간에 사라졌다."
AvgDialog_23844_Content_3,aiHr,avg章5新_AvgDialog_C_M.csv,488,AvgDialog,Content,墨菲？,呼、呼……,"하아, 하아..."
AvgDialog_23844_Content_4,aiHv,avg章5新_AvgDialog_C_M.csv,489,AvgDialog,Content,,少女捂着手腕剧烈呼吸着，一副惊魂未定的模样。,"소녀는 손목을 부여잡고 거친 숨을 내쉬며, 몹시 놀란 듯한 모습이었다."
AvgDialog_23844_Content_5,aiHw,avg章5新_AvgDialog_C_M.csv,490,AvgDialog,Content,玩家,你还好吧？,괜찮아?
AvgDialog_23844_Content_6,aiHx,avg章5新_AvgDialog_C_M.csv,491,AvgDialog,Content,墨菲？,别过来！！,오지 마!!
AvgDialog_23844_Content_7,aiHy,avg章5新_AvgDialog_C_M.csv,492,AvgDialog,Content,,你不过是向前走了半步，少女就紧张地大喝出声，眼中充满警惕。,"당신이 겨우 반 걸음 앞으로 나아갔을 뿐인데, 소녀는 긴장한 듯 소리치며 경계심 가득한 눈빛을 보냈다."
AvgDialog_23844_Content_8,aiHz,avg章5新_AvgDialog_C_M.csv,493,AvgDialog,Content,,见状你也不再靠近，而是举起双手展示你的无害。,"그 모습을 보고 당신은 더 이상 다가가지 않고, 양손을 들어 무해함을 보였다."
AvgDialog_23844_Content_9,aiHA,avg章5新_AvgDialog_C_M.csv,494,AvgDialog,Content,玩家,别怕，我们不是坏人。如果不是我们，你早就被那个长得蛇脸的家伙拿去做仪式了不是吗？,"겁내지 마, 우리는 나쁜 사람이 아니야. 우리가 아니었으면, 넌 저 뱀 얼굴 녀석에게 의식 제물로 바쳐졌을지도 몰라, 안 그래?"
AvgDialog_23844_Content_10,aiGW,avg章5新_AvgDialog_C_M.csv,495,AvgDialog,Content,玩家,啊！说起仪式……小妹妹，他们有没有伤到你？你一直捂着手腕，是不是扭到了？,"아! 의식 얘기가 나와서 말인데... 꼬마 아가씨, 다친 데는 없어? 계속 손목을 잡고 있는데, 삐었어?"
AvgDialog_23844_Content_11,aiGX,avg章5新_AvgDialog_C_M.csv,496,AvgDialog,Content,墨菲？,我才不是什么小妹妹，我有名字。,난 「꼬마 아가씨」가 아니야. 이름이 있다고.
AvgDialog_23844_Content_12,aiGY,avg章5新_AvgDialog_C_M.csv,497,AvgDialog,Content,墨菲？,墨菲，叫我墨菲。,"머피, 머피라고 불러."
AvgDialog_23844_Content_13,aiGZ,avg章5新_AvgDialog_C_M.csv,498,AvgDialog,Content,玩家,墨菲，我受过外伤处理的培训，能让我看看你的手吗？,"머피, 난 응급 처치 훈련을 받았어. 손 좀 봐도 될까?"
AvgDialog_23844_Content_14,aiHa,avg章5新_AvgDialog_C_M.csv,499,AvgDialog,Content,,少女迟疑地看着你，但最终默许了你的靠近，并对你伸出了一只手。,"소녀는 망설이며 당신을 바라보았지만, 결국 당신이 다가오는 것을 허락하고 손을 내밀었다."
AvgDialog_23844_Content_15,aiHb,avg章5新_AvgDialog_C_M.csv,500,AvgDialog,Content,,你轻轻握着她的手，将她的袖子向上推了推。她穿着厚厚的冬装，除了可能被拉扯得有点泛红外，倒看不出有什么其他外伤。,"당신은 그녀의 손을 부드럽게 잡고 소매를 위로 걷었다. 그녀는 두꺼운 겨울옷을 입고 있었고, 잡아당겨서 약간 붉어진 것 외에는 다른 외상은 보이지 않았다."
AvgDialog_23844_Content_16,aiHc,avg章5新_AvgDialog_C_M.csv,501,AvgDialog,Content,玩家,可能有一些轻微的拉伤，这种程度，静养两天就没问题了。,"가벼운 염좌일 수도 있어. 이 정도면, 며칠 쉬면 괜찮아질 거야."
AvgDialog_23844_Content_17,aiHd,avg章5新_AvgDialog_C_M.csv,502,AvgDialog,Content,,感受到墨菲的情绪稍稍缓和了下来，你却避开了她的伤处，猛地握紧了她的上臂。,"머피의 기분이 조금 누그러진 것을 느끼자, 당신은 다친 곳을 피해 그녀의 위팔을 갑자기 꽉 잡았다."
AvgDialog_23844_Content_18,aiHe,avg章5新_AvgDialog_C_M.csv,503,AvgDialog,Content,墨菲,你干嘛？！,뭐 하는 거야?!
AvgDialog_23844_Content_20,aiHh,avg章5新_AvgDialog_C_M.csv,505,AvgDialog,Content,墨菲,我、我……,"나, 나는..."
AvgDialog_23844_Content_21,aiHi,avg章5新_AvgDialog_C_M.csv,506,AvgDialog,Content,,这时，图鲁结束了对符文的观察，加入了对话。,"그때, 툴루가 룬 문자 관찰을 마치고 대화에 끼어들었다."
AvgDialog_23844_Content_23,aiHk,avg章5新_AvgDialog_C_M.csv,508,AvgDialog,Content,,图鲁话音未落，墨菲的脸色就变得煞白。她原本对你又踢又咬的挣扎动作也停了下来，似乎是在思考什么。,"툴루의 말이 채 끝나기도 전에, 머피의 얼굴이 새하얗게 질렸다. 당신에게 발길질하고 물어뜯던 저항도 멈추고, 무언가 생각에 잠긴 듯했다."
AvgDialog_23844_Content_24,aiHl,avg章5新_AvgDialog_C_M.csv,509,AvgDialog,Content,玩家,墨菲？,머피?
AvgDialog_23844_Content_25,aiHm,avg章5新_AvgDialog_C_M.csv,510,AvgDialog,Content,,——当！,——쾅!
AvgDialog_23844_Content_26,aiHn,avg章5新_AvgDialog_C_M.csv,511,AvgDialog,Content,,前额传来剧痛，撞击让你感到一阵天旋地转，而墨菲则趁机挣脱了你，捂着额头跑向了更深处的船舱。,"이마에 극심한 통증이 느껴졌다. 충격에 잠시 어지러웠고, 그 틈을 타 머피는 당신에게서 벗어나 이마를 감싸 쥐고 선실 더 깊은 곳으로 달려갔다."
AvgDialog_23844_Content_27,aiHo,avg章5新_AvgDialog_C_M.csv,512,AvgDialog,Content,墨菲,我就知道你们不是什么好人！！,역시 너희는 좋은 사람들이 아니었어!!
AvgDialog_23844_Content_28,aiHp,avg章5新_AvgDialog_C_M.csv,513,AvgDialog,Content,玩家,别、别……听我解释……,"아, 아니야... 내 말 좀 들어봐..."
AvgDialog_23844_Content_29,aiHq,avg章5新_AvgDialog_C_M.csv,514,AvgDialog,Content,,墨菲显然不会听你苍白的解释，她的身影很快消失在了转角。,"머피는 당신의 해명을 들을 생각이 없어 보였고, 그녀의 모습은 곧 모퉁이 너머로 사라졌다."
AvgDialog_23844_Content_30,aiHs,avg章5新_AvgDialog_C_M.csv,515,AvgDialog,Content,玩家,……图鲁，为什么没想着拦一下她？,"...툴루, 왜 그녀를 막지 않았어?"
AvgDialog_23844_Content_31,aiHt,avg章5新_AvgDialog_C_M.csv,516,AvgDialog,Content,图鲁,……,...
AvgDialog_23844_Content_32,aiHu,avg章5新_AvgDialog_C_M.csv,517,AvgDialog,Content,图鲁,别这么看着余，余也未曾预料到，她的头会这么硬。,"그렇게 보지 마라. 짐도 예상하지 못했다, 그녀의 머리가 그렇게 단단할 줄은."
AvgDialog_23872_Content_1,aiWp,avg章5新_AvgDialog_C_M.csv,518,AvgDialog,Content,,使徒,사도
AvgDialog_23855_Content_1,aiPu,avg章5新_AvgDialog_C_M.csv,519,AvgDialog,Content,玩家,墨菲，别跑了，我们不是坏人！,"머피, 도망가지 마! 우린 나쁜 사람이 아니야!"
AvgDialog_23855_Content_2,aiPv,avg章5新_AvgDialog_C_M.csv,520,AvgDialog,Content,墨菲,哪有坏人会说自己是坏人的！,나쁜 사람이 자기가 나쁜 사람이라고 말하는 거 봤냐고!
AvgDialog_23855_Content_4,aiPx,avg章5新_AvgDialog_C_M.csv,522,AvgDialog,Content,图鲁,那是由古代利莫里亚语写作的咒文，凡通晓利莫里亚语之人，没有无法读出符文的道理。,"그것은 고대 레무리아어로 쓰인 주문이다. 레무리아어를 아는 자라면, 룬 문자를 읽지 못할 리가 없지."
AvgDialog_23855_Content_5,aiPy,avg章5新_AvgDialog_C_M.csv,523,AvgDialog,Content,玩家,你还记得吗，利莫里亚是人类史诞生前就已失落的文明。就算在弥萨格大学里，利莫里亚相关研究论文也只手可数。,"잠깐만, 레무리아는 인류 역사가 시작되기도 전에 사라진 문명이야. 미사그에서도 레무리아 관련 연구 논문은 손에 꼽을 정도라고."
AvgDialog_23855_Content_6,aiPz,avg章5新_AvgDialog_C_M.csv,524,AvgDialog,Content,图鲁,……哼。,...흥.
AvgDialog_23855_Content_7,aiPA,avg章5新_AvgDialog_C_M.csv,525,AvgDialog,Content,图鲁,还不快追上她。,어서 그녀를 쫓아가라.
AvgDialog_23863_Content_1,aiUW,avg章5新_AvgDialog_C_M.csv,526,AvgDialog,Content,墨菲,"可是…弥利亚姆什么时候玩起了这种伎俩。
找人来骗我回去……这不像她的风格。",하지만... 미리암이 언제부터 이런 수법을 썼지? 사람을 보내 날 속여서 데려가려 하다니... 그녀답지 않아.
AvgDialog_23863_Content_2,aiUX,avg章5新_AvgDialog_C_M.csv,527,AvgDialog,Content,玩家,墨菲？你在这里吗？,머피? 거기 있어?
AvgDialog_23863_Content_3,aiUY,avg章5新_AvgDialog_C_M.csv,528,AvgDialog,Content,墨菲,啧，也太阴魂不散了吧。,"쳇, 정말 끈질기네."
AvgDialog_23862_Content_1,aiUT,avg章5新_AvgDialog_C_M.csv,529,AvgDialog,Content,墨菲,可恶的家伙，可恶可恶可恶！,"짜증 나는 놈들, 짜증 나, 짜증 나, 짜증 나!"
AvgDialog_23853_Content_1,aiNG,avg章5新_AvgDialog_C_M.csv,532,AvgDialog,Content,玩家,"眨眼的功夫人就不见了……
这么找下去不是办法。不然，还是先去找拉蒙娜……","눈 깜짝할 사이에 사라졌네... 이렇게 찾아다녀선 안 되겠다. 차라리, 먼저 라모나를 찾으러 가야..."
AvgDialog_23853_Content_2,aiNH,avg章5新_AvgDialog_C_M.csv,533,AvgDialog,Content,图鲁,不行，不能放她走！,"안 된다, 그녀를 놓쳐선 안 돼!"
AvgDialog_23853_Content_5,aiNK,avg章5新_AvgDialog_C_M.csv,536,AvgDialog,Content,玩家,……,...
AvgDialog_23853_Content_6,aiNL,avg章5新_AvgDialog_C_M.csv,537,AvgDialog,Content,玩家,"好，接下来我会试着用精神追溯去找她。
这是我第一次用精神追溯定位人类，不能保证奏效。","알았어, 이제 정신 추적으로 그녀를 찾아볼게. 인간을 상대로 정신 추적을 하는 건 처음이라, 성공할지는 장담 못 해."
AvgDialog_23847_Content_1,aiIf,avg章5新_AvgDialog_C_M.csv,538,AvgDialog,Content,,你和图鲁躲进了一个足够隐蔽的角落，他警惕着周围，而你则沉入了幻境般的精神世界。,"당신과 툴루는 숨을 만한 구석에 몸을 숨겼다. 그는 주위를 경계했고, 당신은 환상 같은 정신 세계로 빠져들었다."
AvgDialog_23847_Content_2,aiIq,avg章5新_AvgDialog_C_M.csv,539,AvgDialog,Content,,熟悉的溺水感逝去后，精神世界无形的风灌注进了大脑。你睁开眼，眼前的精神世界既熟悉，又让你感到几分陌生。,"익숙한 물에 빠지는 느낌이 사라진 후, 정신 세계의 보이지 않는 바람이 뇌로 흘러 들어왔다. 눈을 뜨자, 눈앞의 정신 세계는 익숙하면서도 어딘가 낯설었다."
AvgDialog_23847_Content_3,aiIB,avg章5新_AvgDialog_C_M.csv,540,AvgDialog,Content,玩家,<Gray:……船？>,<Gray:...배?>
AvgDialog_23847_Content_4,aiIM,avg章5新_AvgDialog_C_M.csv,541,AvgDialog,Content,,白色帆船飘荡在地平线的尽头，洁白、脆弱而陌生。,"하얀 돛단배가 지평선 끝에서 흔들리고 있었다.\n희고, 연약하며, 낯선 존재였다."
AvgDialog_23847_Content_5,aiIX,avg章5新_AvgDialog_C_M.csv,542,AvgDialog,Content,玩家,<Gray:是因为索纳尼尔号处于特殊密境内部的原因吗，精神世界竟然会因此发生改变。>,"<Gray:소나-닐호가 특별한 비경 안에 있어서 그런가, 정신 세계가 변했네.>"
AvgDialog_23847_Content_7,aiJo,avg章5新_AvgDialog_C_M.csv,544,AvgDialog,Content,玩家,<Gray:冷静，冷静……离我最近的是图鲁，与我有链接的是拉蒙娜……>,"<Gray:진정해, 진정... 가장 가까운 건 툴루, 나와 연결된 건 라모나...>"
AvgDialog_23847_Content_9,aiJq,avg章5新_AvgDialog_C_M.csv,546,AvgDialog,Content,玩家,<Gray:让开……快让开。>,<Gray:비켜... 빨리 비켜.>
AvgDialog_23847_Content_12,aiIi,avg章5新_AvgDialog_C_M.csv,549,AvgDialog,Content,玩家,<Gray:墨菲的精神……究竟哪一个是她……>,<Gray:머피의 정신... 대체 어느 쪽이 그녀지...>
AvgDialog_23847_Content_13,aiIj,avg章5新_AvgDialog_C_M.csv,550,AvgDialog,Content,,心中正默念着墨菲的名字，突然，一个缥缈的女声落在了你的同频。,"마음속으로 머피의 이름을 되뇌던 중, 갑자기 아련한 여성의 목소리가 정신에 동조했다."
AvgDialog_23847_Content_14,aiIk,avg章5新_AvgDialog_C_M.csv,551,AvgDialog,Content,,再睁眼时，意识空间竟然扭曲成了另一幅模样。,"다시 눈을 떴을 때, 정신 공간은 다른 모습으로 비틀려 있었다."
AvgDialog_23847_Content_15,aiIl,avg章5新_AvgDialog_C_M.csv,552,AvgDialog,Content,,地平线尽头，歪斜扭曲的城池拔地而起。嘈杂的精神不再能扰乱你的心神，四周一片死寂，只有眼前唯一的暗光正发出源源不断的冷意。,"지평선 너머에, 비뚤어지고 왜곡된 도시가 솟아 있었다. 시끄러운 정신의 소음은 더 이상 당신의 마음을 어지럽히지 못했다.\n주위는 죽은 듯이 고요했고, 오직 눈앞의 유일한 어두운 빛만이 끊임없이 차가운 기운을 내뿜고 있었다."
AvgDialog_23847_Content_16,aiIm,avg章5新_AvgDialog_C_M.csv,553,AvgDialog,Content,玩家,这是……谁？,이건... 누구지?
AvgDialog_23847_Content_17,aiIn,avg章5新_AvgDialog_C_M.csv,554,AvgDialog,Content,男性教徒,弥利亚姆大人，艾尔沃斯祭坛被那些冒险队的人破坏了！正位之时已过，可唤醒的那东西……,"미리암 님, 엘워스 제단이 저 모험가들에게 파괴되었습니다! 정위의 시간은 이미 지났지만, 깨어난 것은..."
AvgDialog_23847_Content_18,aiIo,avg章5新_AvgDialog_C_M.csv,555,AvgDialog,Content,玩家,<Gray:弥利亚姆大人…这居然是弥利亚姆的精神世界？！>,<Gray:미리암 님이라니... 여긴 미리암의 정신 세계인가?!>
AvgDialog_23847_Content_19,aiIp,avg章5新_AvgDialog_C_M.csv,556,AvgDialog,Content,男性教徒,那绝非能够孕育「吾主」的神母！那东西是只知道杀戮的机器！,저것은 결코 「주님」을 잉태할 신모가 아닙니다! 저 존재는 그저 살육만을 아는 기계입니다!
AvgDialog_23847_Content_20,aiIr,avg章5新_AvgDialog_C_M.csv,557,AvgDialog,Content,弥利亚姆,"……无碍，不过是再等待一次星辰正位之刻罢了。
我已等了五千轮星辰流转，再多等待一次循环，又如何。","...상관없습니다. 다시 한번 별들이 정위에 오를 때를 기다리면 될 뿐. 저는 이미 오천 번의 별의 순환을 기다렸습니다. 한번 더 기다리는 것쯤이야, 아무것도 아닙니다."
AvgDialog_23847_Content_21,aiIs,avg章5新_AvgDialog_C_M.csv,558,AvgDialog,Content,弥利亚姆,通知提灯教会，把那残次品带走。,"등불 교회에 알려, 저 불량품을 가져가게 하세요."
AvgDialog_23847_Content_22,aiIt,avg章5新_AvgDialog_C_M.csv,559,AvgDialog,Content,男性教徒,是、是的……,"네, 넵..."
AvgDialog_23847_Content_23,aiIu,avg章5新_AvgDialog_C_M.csv,560,AvgDialog,Content,男性教徒,可孕育「吾主」的新容器……该如何是好？,하지만 「주님」을 잉태할 새로운 그릇은... 어찌해야 합니까?
AvgDialog_23847_Content_24,aiIv,avg章5新_AvgDialog_C_M.csv,561,AvgDialog,Content,男性教徒,现在的容器…您不是说，因为融蚀现象的侵扰，那东西已经没办法再支撑下一个25年了吗？,"지금의 그릇은... 당신께서 말씀하시지 않았습니까? 융식 현상의 침해로, 저것으로는 다음 25년을 버틸 수 없다고."
AvgDialog_23847_Content_25,aiIw,avg章5新_AvgDialog_C_M.csv,562,AvgDialog,Content,男性教徒,虽然我们无法目见融蚀，可容器的日渐虚弱，所有人有目共睹。,"저희가 융식을 볼 수는 없지만, 그릇이 날마다 약해지는 것은 모두가 알고 있습니다."
AvgDialog_23847_Content_26,aiIx,avg章5新_AvgDialog_C_M.csv,563,AvgDialog,Content,弥利亚姆,新的「神母」人选……,새로운 「신모」 후보는...
AvgDialog_23847_Content_27,aiIy,avg章5新_AvgDialog_C_M.csv,564,AvgDialog,Content,,弥利亚姆垂眸看向坐在池边打盹的少女，在这幽暗的极地冰洞中，少女的粉发格外鲜亮，透着勃发的生命力。,"미리암은 연못가에서 졸고 있는 소녀를 내려다보았다. 이 어두운 극지방의 얼음 동굴에서, 소녀의 분홍색 머리카락은 유난히 선명했고, 생명력이 넘쳤다."
AvgDialog_23847_Content_28,aiIz,avg章5新_AvgDialog_C_M.csv,565,AvgDialog,Content,,在教徒的簇拥下，她抱起了熟睡的少女。,"신도들에게 둘러싸여, 그녀는 잠든 소녀를 안아 들었다."
AvgDialog_23847_Content_29,aiIA,avg章5新_AvgDialog_C_M.csv,566,AvgDialog,Content,,她赤足走向祭坛的最高处，走向那把冰凉、却有代表了绝对尊荣的石椅。,"그녀는 맨발로 제단의 가장 높은 곳으로, 차갑지만 절대적인 영광을 상징하는 돌 의자로 향했다."
AvgDialog_23847_Content_30,aiIC,avg章5新_AvgDialog_C_M.csv,567,AvgDialog,Content,,她感受着属于人类的温度，良久，轻微却足以让所有人听清的话语从她口中传出。,"그녀는 인간의 온기를 느끼며, 오랫동안 침묵하다가, 작지만 모두에게 들릴 만큼의 목소리로 말했다."
AvgDialog_23847_Content_31,aiID,avg章5新_AvgDialog_C_M.csv,568,AvgDialog,Content,弥利亚姆,新的「神母」……上天早已赐下。,새로운 「신모」는... 이미 하늘이 내려주셨습니다.
AvgDialog_23847_Content_32,aiIE,avg章5新_AvgDialog_C_M.csv,569,AvgDialog,Content,,匍匐的教徒间立刻爆发出阵阵窃窃私语。,엎드린 신도들 사이에서 즉시 수군거림이 터져 나왔다.
AvgDialog_23847_Content_33,aiIF,avg章5新_AvgDialog_C_M.csv,570,AvgDialog,Content,男性教徒,墨菲圣女？可她不是……,머피 성녀님? 하지만 그녀는...
AvgDialog_23847_Content_34,aiIG,avg章5新_AvgDialog_C_M.csv,571,AvgDialog,Content,女性教徒,是啊，她可是弥利亚姆大人的养女……,"네, 그녀는 미리암 님의 양녀..."
AvgDialog_23847_Content_35,aiIH,avg章5新_AvgDialog_C_M.csv,572,AvgDialog,Content,女性教徒,就算提灯教会可能不会再提供新的唤醒材料，弥利亚姆大人也不至于让墨菲圣女送命吧……,"등불 교회가 더 이상 새로운 각성 재료를 제공하지 않더라도, 미리암 님이 머피 성녀님을 희생시키진 않겠죠..."
AvgDialog_23847_Content_37,aiIJ,avg章5新_AvgDialog_C_M.csv,574,AvgDialog,Content,男性教徒,墨菲圣女可是大家看着长大的孩子……主祭大人也真是的，万年都等下来了，再花点时间找新的母体又怎么了嘛。,"머피 성녀님은 우리 모두가 지켜보며 자란 아이인데... 주제님도 참, 수만 년을 기다렸는데, 새로운 모체를 찾는 데 시간을 좀 더 쓴다고 뭐가 문제겠습니까."
AvgDialog_23847_Content_38,aiIK,avg章5新_AvgDialog_C_M.csv,575,AvgDialog,Content,女性教徒,可是据说，圣女出生于上一个星辰正位之刻，想必没有人比她更适合这个位子……,"하지만 듣기로는, 성녀님은 지난 정위의 순간에 태어났다고 합니다. 그녀보다 이 자리에 더 적합한 사람은 없을 겁니다..."
AvgDialog_23847_Content_39,aiIL,avg章5新_AvgDialog_C_M.csv,576,AvgDialog,Content,,七嘴八舌的议论并没能让弥利亚姆做出什么反应，反而是墨菲被这嘈杂惊扰，悠悠转醒。,"시끄러운 논의에도 미리암은 아무 반응을 보이지 않았고, 오히려 머피가 그 소리에 잠에서 깨어났다."
AvgDialog_23847_Content_40,aiIN,avg章5新_AvgDialog_C_M.csv,577,AvgDialog,Content,墨菲,这……,이건...
AvgDialog_23847_Content_41,aiIO,avg章5新_AvgDialog_C_M.csv,578,AvgDialog,Content,墨菲,弥利亚姆，怎、怎么了？为什么把我抱到这里来？,"미리암, 무, 무슨 일이야? 왜 날 여기에 데려왔어?"
AvgDialog_23847_Content_42,aiIP,avg章5新_AvgDialog_C_M.csv,579,AvgDialog,Content,,弥利亚姆没有回答，而是伸手为墨菲整理起了碎发。,"미리암은 대답하지 않고, 대신 손을 뻗어 머피의 흐트러진 머리를 정리했다."
AvgDialog_23847_Content_43,aiIQ,avg章5新_AvgDialog_C_M.csv,580,AvgDialog,Content,,她再次开口了，这一次，掷地有声。,"그녀가 다시 입을 열었다. 이번에는, 힘 있는 목소리였다."
AvgDialog_23847_Content_44,aiIR,avg章5新_AvgDialog_C_M.csv,581,AvgDialog,Content,弥利亚姆,「神母」已至！祂将从@1中复苏，使@2降临！,"「신모」가 당도하셨다! 그분은 @1에서 부활하여, @2를 강림시킬 것이다!"
AvgDialog_23847_Content_45,aiIS,avg章5新_AvgDialog_C_M.csv,582,AvgDialog,Content,玩家,艾尔沃斯祭坛，冒险队……,"엘워스 제단, 모험대..."
AvgDialog_23847_Content_46,aiIT,avg章5新_AvgDialog_C_M.csv,583,AvgDialog,Content,玩家,难道是弗朗西斯……！,설마 프랜시스...!
AvgDialog_23847_Content_47,aiIU,avg章5新_AvgDialog_C_M.csv,584,AvgDialog,Content,,这个想法甫一出现，后颈就感到彻骨极寒。犹如毒蛇的阴冷视线死死盯着你，将你猛地弹出了弥利亚姆的精神世界。,"그 생각이 떠오르자마자, 목덜미에 뼛속까지 시린 한기가 느껴졌다. 마치 독사 같은 차가운 시선이 당신을 쏘아보며, 미리암의 정신 세계에서 당신을 튕겨냈다."
AvgDialog_23847_Content_48,aiIV,avg章5新_AvgDialog_C_M.csv,585,AvgDialog,Content,玩家,唔……！,으윽...!
AvgDialog_23847_Content_49,aiIW,avg章5新_AvgDialog_C_M.csv,586,AvgDialog,Content,图鲁,如何，找到了吗？,"어떠냐, 찾았느냐?"
AvgDialog_23847_Content_50,aiIY,avg章5新_AvgDialog_C_M.csv,587,AvgDialog,Content,,非常规的脱离让你感到天旋地转，你不得不扶着图鲁的触肢才能站稳。,"비정상적인 이탈로 인해 어지러움을 느낀 당신은, 툴루의 촉수에 의지해서야 겨우 설 수 있었다."
AvgDialog_23847_Content_51,aiIZ,avg章5新_AvgDialog_C_M.csv,588,AvgDialog,Content,玩家,我闯进了弥利亚姆的精神世界，现在她知道我还活着了。,"미리암의 정신 세계에 들어갔다가, 내가 살아있다는 걸 들켰어."
AvgDialog_23847_Content_52,aiJa,avg章5新_AvgDialog_C_M.csv,589,AvgDialog,Content,图鲁,！？,!?
AvgDialog_23847_Content_54,aiJc,avg章5新_AvgDialog_C_M.csv,591,AvgDialog,Content,墨菲,喂！还愣着干嘛，跟我来！,"거기! 멍하니 있지 말고, 따라와!"
AvgDialog_23847_Content_55,aiJd,avg章5新_AvgDialog_C_M.csv,592,AvgDialog,Content,,墨菲站在一扇门边对着你们招了招手。,머피가 문가에 서서 당신들을 향해 손짓했다.
AvgDialog_23847_Content_56,aiJe,avg章5新_AvgDialog_C_M.csv,593,AvgDialog,Content,,你与图鲁对视一眼，向着她指引的方向跑去。,"당신과 툴루는 눈을 마주치고, 그녀가 가리키는 방향으로 달려갔다."
AvgDialog_23847_Content_57,aiJf,avg章5新_AvgDialog_C_M.csv,594,AvgDialog,Content,,弥利亚姆端坐于舰桥最高处，双目微阖，单手扶着额头，一副精神不济的模样。,"미리암은 함교 가장 높은 곳에 앉아, 눈을 살짝 감고 한 손으로 이마를 짚은 채, 기운이 없는 듯한 모습이었다."
AvgDialog_23847_Content_58,aiJg,avg章5新_AvgDialog_C_M.csv,595,AvgDialog,Content,？？？,呦，难得见你露出这种表情。怎么，不想和我们的大小姐玩过家家了？,"이봐, 당신이 그런 표정을 짓는 건 드문데. 왜, 우리 아가씨랑 소꿉놀이하기 싫어졌나?"
AvgDialog_23847_Content_59,aiJh,avg章5新_AvgDialog_C_M.csv,596,AvgDialog,Content,弥利亚姆,不得放肆，戈利亚。,"무례하게 굴지 마십시오, 골리아."
AvgDialog_23847_Content_60,aiJj,avg章5新_AvgDialog_C_M.csv,597,AvgDialog,Content,弥利亚姆,神母……凡人之身，无法逃脱我赐予她的既定命运。,"신모... 범인의 몸으로는, 제가 부여한 정해진 운명에서 벗어날 수 없습니다."
AvgDialog_23847_Content_61,aiJk,avg章5新_AvgDialog_C_M.csv,598,AvgDialog,Content,戈利亚,这么胸有成竹，怎么还大费周章地叫我上来？我可追那船长追得正起劲。,"그렇게 자신만만하면서, 왜 굳이 날 부른 거야? 난 저 선장 쫓는 데 한창이었는데."
AvgDialog_23847_Content_62,aiJl,avg章5新_AvgDialog_C_M.csv,599,AvgDialog,Content,弥利亚姆,……另一个弥萨格大学的学生，%heorshe%还活着。,"...다른 미사그 학생, {Male=그가,Female=그녀가} 아직 살아있습니다."
AvgDialog_23847_Content_63,aiJm,avg章5新_AvgDialog_C_M.csv,600,AvgDialog,Content,弥利亚姆,去解决掉%heorshe%，不能让%heorshe%成为仪式举行的阻碍，仪式必须在这个星辰正位之时举行……,"가서 {Male=그를,Female=그녀를} 처리하십시오. {Male=그가,Female=그녀가} 의식을 방해하게 둘 수 없습니다. 의식은 별들이 정위에 오르는 시간에 거행되어야만 합니다..."
AvgDialog_23847_Content_64,aiJn,avg章5新_AvgDialog_C_M.csv,601,AvgDialog,Content,弥利亚姆,「吾主」必将在今夜获得重生。,「주님」은 오늘 밤 반드시 부활하실 겁니다.
AvgDialog_23864_Content_1,aiUZ,avg章5新_AvgDialog_C_M.csv,602,AvgDialog,Content,,船员,선원
AvgDialog_23864_Content_3,aiVt,avg章5新_AvgDialog_C_M.csv,604,AvgDialog,Content,玩家,我们这是去哪？,어디로 가는 거야?
AvgDialog_23864_Content_4,aiVu,avg章5新_AvgDialog_C_M.csv,605,AvgDialog,Content,墨菲,去安全的地方，去找能帮上忙的人。,"안전한 곳으로, 도움을 줄 수 있는 사람을 찾으러."
AvgDialog_23864_Content_5,aiVv,avg章5新_AvgDialog_C_M.csv,606,AvgDialog,Content,墨菲,你不是还有个同伴被绑走了吗？我知道一个人，对船上所有东西都了若指掌。,네 동료도 잡혀갔잖아? 난 이 배의 모든 것을 훤히 아는 사람을 알아.
AvgDialog_23864_Content_6,aiVw,avg章5新_AvgDialog_C_M.csv,607,AvgDialog,Content,墨菲,先去找她，再让她找到你同伴的位置……这样总比你没头苍蝇似的乱跑要好吧。,"일단 그 사람을 찾아서, 네 동료의 위치를 찾아달라고 하자... 그게 네가 무작정 돌아다니는 것보다 낫겠지."
AvgDialog_23864_Content_7,aiVx,avg章5新_AvgDialog_C_M.csv,608,AvgDialog,Content,玩家,说起来，你现在不觉得我们是坏人了吗？,"그러고 보니, 이제 우리가 나쁜 사람이라고 생각 안 해?"
AvgDialog_23864_Content_8,aiVy,avg章5新_AvgDialog_C_M.csv,609,AvgDialog,Content,,墨菲回头瞪了你一眼，猫似的哼了一声。,"머피는 뒤돌아 당신을 쏘아보며, 고양이처럼 흥 하고 콧방귀를 뀌었다."
AvgDialog_23864_Content_9,aiVz,avg章5新_AvgDialog_C_M.csv,610,AvgDialog,Content,墨菲,我又不是什么蠢货，你和这触手小子说的话我全部听见了。,나 바보 아니야. 너랑 저 촉수 녀석이 하는 말 다 들었어.
AvgDialog_23864_Content_10,aiVa,avg章5新_AvgDialog_C_M.csv,611,AvgDialog,Content,墨菲,你都用那精神什么的把戏去冒犯弥利亚姆了，还说什么“知道你还活着”……海边的死鱼都该知道你们不是一伙人了。,"네가 그 정신 나부랭이로 미리암을 건드렸고, 「살아있는 걸 들켰다」고 했잖아... 해변의 죽은 물고기라도 너희가 한패가 아니란 건 알겠다."
AvgDialog_23864_Content_11,aiVb,avg章5新_AvgDialog_C_M.csv,612,AvgDialog,Content,图鲁,你所谓的安全之所，是什么地方？,"네가 말하는 안전한 곳이란, 어디지?"
AvgDialog_23864_Content_12,aiVc,avg章5新_AvgDialog_C_M.csv,613,AvgDialog,Content,墨菲,别管那么多，小点声跟着我走就是了。,"신경 끄고, 조용히 날 따라오기나 해."
AvgDialog_23864_Content_13,aiVd,avg章5新_AvgDialog_C_M.csv,614,AvgDialog,Content,,墨菲也没关心你和图鲁有没有跟上她，她轻车熟路地推开又一扇闸门，轻巧地钻进了门后。,"머피는 당신과 툴루가 따라오는지 신경도 쓰지 않고, 익숙하게 또 다른 수문을 열고 가볍게 그 너머로 들어갔다."
AvgDialog_23864_Content_14,aiVe,avg章5新_AvgDialog_C_M.csv,615,AvgDialog,Content,,你正准备追上去时，图鲁伸出一根触手，拦在了你和门的中间。,"당신이 따라가려 하자, 툴루가 촉수 하나를 뻗어 당신과 문 사이를 가로막았다."
AvgDialog_23864_Content_15,aiVf,avg章5新_AvgDialog_C_M.csv,616,AvgDialog,Content,图鲁,守密人，不可对这女孩放下戒备。,"수호자, 저 아이에 대한 경계를 풀어서는 안 된다."
AvgDialog_23864_Content_16,aiVg,avg章5新_AvgDialog_C_M.csv,617,AvgDialog,Content,玩家,为什么？,왜?
AvgDialog_23864_Content_17,aiVh,avg章5新_AvgDialog_C_M.csv,618,AvgDialog,Content,,图鲁没有正面解答你的疑问，反而是反问起了你。,"툴루는 당신의 질문에 정면으로 답하지 않고, 오히려 되물었다."
AvgDialog_23864_Content_20,aiVl,avg章5新_AvgDialog_C_M.csv,621,AvgDialog,Content,玩家,形体流畅自然，不像雕塑家协会的手笔，那些人总是把他们的实验品弄得一团糟。,"형태가 유려하고 자연스러워서, 조각가 협회의 솜씨는 아닌 것 같아. 그들은 항상 실험체를 엉망으로 만드니까."
AvgDialog_23864_Content_21,aiVm,avg章5新_AvgDialog_C_M.csv,622,AvgDialog,Content,玩家,我原本以为，它们的外貌是受<Yellow:灾厄>影响后变异的结果，但在这几次战斗中，我并没有发现它们身上存在有明显的<Yellow:融蚀痕>。,"원래는 그들의 외모가 <Yellow:재앙>의 영향으로 변이된 결과라고 생각했지만, 몇 번의 전투에서 그들에게 뚜렷한 <Yellow:융식 흔적>을 발견하지 못했어."
AvgDialog_23864_Content_23,aiVo,avg章5新_AvgDialog_C_M.csv,624,AvgDialog,Content,玩家,他们奉弥利亚姆为主祭，与其说是族群，不如说是以信仰为纽带聚集在一起的团体。,"그들은 미리암을 주제로 섬기고, 종족이라기보다는 신앙으로 뭉친 집단에 가까워."
AvgDialog_23864_Content_24,aiVp,avg章5新_AvgDialog_C_M.csv,625,AvgDialog,Content,图鲁,“对人类开的一个愚蠢玩笑”，余欣赏你的比喻。,"「인류에게 친 어리석은 장난」이라, 네 비유가 마음에 드는구나."
AvgDialog_23864_Content_26,aiVr,avg章5新_AvgDialog_C_M.csv,627,AvgDialog,Content,图鲁,告诉余，在弥利亚姆的精神世界中，是否有「墨菲」存在？,"말해라, 미리암의 정신 세계에, 「머피」가 있었느냐?"
AvgDialog_23864_Content_27,aiVs,avg章5新_AvgDialog_C_M.csv,628,AvgDialog,Content,,你张了张嘴，但在声带震动前，门后传来了小声惊叫与含糊不清的怪声。,"당신이 입을 열었지만, 목소리가 나오기 전에 문 뒤에서 작은 비명과 알아들을 수 없는 기괴한 소리가 들려왔다."
AvgDialog_23848_Content_1,aiJr,avg章5新_AvgDialog_C_M.csv,629,AvgDialog,Content,,硬邦邦的靴底狠狠踩在了异变体身上，融蚀浆飞溅满地。,"딱딱한 부츠 밑창이 이변체를 힘껏 짓밟자, 융식액이 사방으로 튀었다."
AvgDialog_23848_Content_2,aiJz,avg章5新_AvgDialog_C_M.csv,630,AvgDialog,Content,,墨菲放下挥舞的铁锹，嫌恶地甩了甩手，似乎想甩掉那并没有沾上的融蚀浆。,"머피는 휘두르던 삽을 내려놓고, 혐오스럽게 손을 털었다. 마치 묻지도 않은 융식액을 털어내려는 듯했다."
AvgDialog_23848_Content_4,aiJB,avg章5新_AvgDialog_C_M.csv,632,AvgDialog,Content,图鲁,慢着。,기다려라.
AvgDialog_23848_Content_5,aiJC,avg章5新_AvgDialog_C_M.csv,633,AvgDialog,Content,,图鲁语气冷硬，但想到之前他对你说的话，有关墨菲身上的重重谜团，你最终选择了沉默。,"툴루의 말투는 차가웠지만, 이전에 그가 했던 말과 머피를 둘러싼 수수께끼를 떠올리며, 당신은 결국 침묵을 선택했다."
AvgDialog_23848_Content_7,aiJE,avg章5新_AvgDialog_C_M.csv,635,AvgDialog,Content,图鲁,你一直在把我们引向危险的地方。,넌 우리를 계속 위험한 곳으로 이끌고 있어.
AvgDialog_23848_Content_8,aiJF,avg章5新_AvgDialog_C_M.csv,636,AvgDialog,Content,墨菲,异变体？……啊，你说这些怪物？,"변이체? ...아, 이 괴물들 말이야?"
AvgDialog_23848_Content_9,aiJG,avg章5新_AvgDialog_C_M.csv,637,AvgDialog,Content,墨菲,听船长说，这船上以前是闹过什么灾厄。有些水手变成了怪物什么的，但他不忍心清理掉，就把他们大多数都锁在了船舱里。,"선장님 말로는, 이 배에 예전에 무슨 재앙이 닥쳤었다고 해. 몇몇 선원들이 괴물로 변했는데, 차마 처리하지 못하고 대부분 선실에 가뒀다고 하더라고."
AvgDialog_23848_Content_10,aiJs,avg章5新_AvgDialog_C_M.csv,638,AvgDialog,Content,墨菲,哎呀，你问够了没？,"어휴, 질문 다 했어?"
AvgDialog_23848_Content_11,aiJt,avg章5新_AvgDialog_C_M.csv,639,AvgDialog,Content,,墨菲跺跺脚，指向了被图鲁挡在身后的你。,"머피가 발을 구르며, 툴루 뒤에 있는 당신을 가리켰다."
AvgDialog_23848_Content_13,aiJv,avg章5新_AvgDialog_C_M.csv,641,AvgDialog,Content,玩家,……,...
AvgDialog_23848_Content_14,aiJw,avg章5新_AvgDialog_C_M.csv,642,AvgDialog,Content,,图鲁侧身看了你片刻，似乎是在观察你脸上的神情。,"툴루가 옆으로 당신을 잠시 쳐다보며, 당신의 표정을 살피는 듯했다."
AvgDialog_23848_Content_15,aiJx,avg章5新_AvgDialog_C_M.csv,643,AvgDialog,Content,玩家,"伙伴遇险，我们又一路都在战斗，图鲁有些紧张过度了。
希望你不要在意我们的失礼。","동료가 위험에 처했고, 우리도 계속 싸우느라 툴루가 좀 과민해진 것 같아. 우리의 무례를 용서해 주면 좋겠어."
AvgDialog_23848_Content_16,aiJy,avg章5新_AvgDialog_C_M.csv,644,AvgDialog,Content,玩家,请带我们去找船长吧，去找……能帮我找到拉蒙娜的人。,우리를 선장님께 데려다줘. 라모나를 찾을 수 있도록 도와줄 사람에게로.
AvgDialog_23867_Content_1,aiVS,avg章5新_AvgDialog_C_M.csv,645,AvgDialog,Content,,狂徒与巨刃,광인과 거대한 칼날
AvgDialog_23867_Content_2,aiWd,avg章5新_AvgDialog_C_M.csv,646,AvgDialog,Content,墨菲,怪了……我记得船长说过，有危险时就往机械室的方向走……,이상하네... 선장님이 위험할 땐 기계실 쪽으로 가라고 했는데...
AvgDialog_23867_Content_3,aiWi,avg章5新_AvgDialog_C_M.csv,647,AvgDialog,Content,玩家,墨菲啊……,머피...
AvgDialog_23867_Content_4,aiWj,avg章5新_AvgDialog_C_M.csv,648,AvgDialog,Content,墨菲,别吵，打扰到我思考了。,"조용히 해, 생각하는 데 방해되잖아."
AvgDialog_23867_Content_5,aiWk,avg章5新_AvgDialog_C_M.csv,649,AvgDialog,Content,,"对于“打扰到墨菲思考”这件事，你不置可否。
但你知道，一定要阻止她继续“思考”下去。","「머피의 생각을 방해했다」는 것에 대해, 당신은 아무 말도 하지 않았다. 하지만 그녀가 계속 「생각」하게 둬선 안 된다는 것을 알고 있었다."
AvgDialog_23867_Content_6,aiWl,avg章5新_AvgDialog_C_M.csv,650,AvgDialog,Content,,在墨菲的带领下，你们三人走到了船舱的尽头。面前是冷硬的钢铁舱壁，除了一座向上的阶梯，再无前路可言。,"머피의 안내로, 세 사람은 선실 끝에 다다랐다. 앞에는 차가운 강철 선실 벽이 막고 있었고, 위로 향하는 계단 외에는 더 이상 길이 없었다."
AvgDialog_23867_Content_7,aiWm,avg章5新_AvgDialog_C_M.csv,651,AvgDialog,Content,,你是不是迷路了？,길을 잃은 거 아니야?
AvgDialog_23867_Content_8,aiWn,avg章5新_AvgDialog_C_M.csv,652,AvgDialog,Content,墨菲,没有！我不可能迷路！,아니야! 내가 길을 잃을 리가 없잖아!
AvgDialog_23867_Content_9,aiWo,avg章5新_AvgDialog_C_M.csv,653,AvgDialog,Content,墨菲,我在这船上生活了好几个月，哪里有通风管哪里有老鼠洞，我知道得一清二楚。,"이 배에서 몇 달이나 살았다고. 어디에 환풍구가 있고 어디에 쥐구멍이 있는지, 다 알아."
AvgDialog_23867_Content_10,aiVT,avg章5新_AvgDialog_C_M.csv,654,AvgDialog,Content,玩家,"可你看看我们面前是什么。
只是一面封死的墙壁，甚至没有通风管能爬。","하지만 우리 앞을 봐. 그냥 막힌 벽뿐이고, 기어갈 환풍구조차 없어."
AvgDialog_23867_Content_11,aiVU,avg章5新_AvgDialog_C_M.csv,655,AvgDialog,Content,墨菲,我……我只是很少一个人下来而已，平常我都和船长他们待在一块儿。,난... 혼자 내려온 적이 별로 없어서 그래. 평소엔 선장님 일행이랑 같이 다녔거든.
AvgDialog_23867_Content_12,aiVV,avg章5新_AvgDialog_C_M.csv,656,AvgDialog,Content,,墙上有平面图。,벽에 평면도가 있어.
AvgDialog_23867_Content_13,aiVW,avg章5新_AvgDialog_C_M.csv,657,AvgDialog,Content,墨菲,你什么意思？是不相信我的记忆力吗？,무슨 뜻이야? 내 기억력을 못 믿는 거야?
AvgDialog_23867_Content_14,aiVX,avg章5新_AvgDialog_C_M.csv,658,AvgDialog,Content,墨菲,我说能找到就是能找到，船长他们一定在这边！,"내가 찾을 수 있다면 찾을 수 있는 거야, 선장님 일행은 분명 이쪽에 있어!"
AvgDialog_23867_Content_15,aiVY,avg章5新_AvgDialog_C_M.csv,659,AvgDialog,Content,玩家,"我的搭档还在等着我们的帮助。
求你了，墨菲大人，看看平面图吧。","내 동료가 우리 도움을 기다리고 있어. 제발, 머피, 평면도 좀 봐줘."
AvgDialog_23867_Content_16,aiVZ,avg章5新_AvgDialog_C_M.csv,660,AvgDialog,Content,墨菲,……哼！,...흥!
AvgDialog_23867_Content_17,aiWa,avg章5新_AvgDialog_C_M.csv,661,AvgDialog,Content,,墨菲狠狠跺了跺脚，一脸不情不愿地凑近舱壁上的平面图。,"머피가 발을 세게 구르며, 마지못해 선실 벽의 평면도에 다가갔다."
AvgDialog_23867_Content_18,aiWb,avg章5新_AvgDialog_C_M.csv,662,AvgDialog,Content,墨菲,嗯……,음...
AvgDialog_23867_Content_19,aiWc,avg章5新_AvgDialog_C_M.csv,663,AvgDialog,Content,玩家,我来看看。,내가 볼게.
AvgDialog_23867_Content_20,aiWe,avg章5新_AvgDialog_C_M.csv,664,AvgDialog,Content,图鲁,如果想要去机械室的话，需要从这座楼梯离开这层舱室，上到上层甲板。,"기계실로 가려면, 이 계단으로 이 층을 떠나 상층 갑판으로 올라가야 한다."
AvgDialog_23867_Content_21,aiWf,avg章5新_AvgDialog_C_M.csv,665,AvgDialog,Content,墨菲,对、对！我也想起来了，机械室那儿很封闭，但因为只有一条路进出，所以也更安全。,"마, 맞아! 나도 생각났어. 기계실은 꽤 막혀 있지만, 길이 하나뿐이라 더 안전하다고 했어."
AvgDialog_23867_Content_22,aiWg,avg章5新_AvgDialog_C_M.csv,666,AvgDialog,Content,玩家,那看来，不得不重新回到甲板上了。,"그렇다면, 다시 갑판으로 돌아가야겠네."
AvgDialog_23849_Content_1,aiJH,avg章5新_AvgDialog_C_M.csv,668,AvgDialog,Content,,舱门被推开一道缝隙，绚烂的光争先恐后涌入昏暗的船舱。,"선실 문이 틈새만큼 열리자, 찬란한 빛이 어두운 선실 안으로 쏟아져 들어왔다."
AvgDialog_23845_Content_1,aiHB,avg章5新_AvgDialog_C_M.csv,670,AvgDialog,Content,,你们蹑手蹑脚地一路穿越甲板，墨菲抿着嘴指了指不远处的桥楼，示意机械室就在那里面。,"당신들은 살금살금 갑판을 가로질렀고, 머피는 입술을 오므린 채 가까운 함교를 가리키며 기계실이 그 안에 있다고 알렸다."
AvgDialog_23845_Content_3,aiHO,avg章5新_AvgDialog_C_M.csv,672,AvgDialog,Content,,你了然地点点头，正在口袋里摸索着能被扔出去的杂物时，沉重的脚步由远及近地传来。,"당신은 알았다는 듯 고개를 끄덕이며, 주머니에서 던질 만한 물건을 찾고 있을 때, 묵직한 발소리가 멀리서부터 다가왔다."
AvgDialog_23845_Content_4,aiHP,avg章5新_AvgDialog_C_M.csv,673,AvgDialog,Content,,墨菲倒吸一口冷气，满脸惊惧。她左右环视了一圈，最后猛地掀开了货箱上的防水布，手脚并用地爬进了箱子里。,"머피가 숨을 들이마셨다, 얼굴에 공포가 가득했다. 그녀는 주위를 둘러보다가, 갑자기 화물 상자의 방수포를 홱 젖히고 손발을 써서 상자 안으로 기어 들어갔다."
AvgDialog_23845_Content_5,aiHQ,avg章5新_AvgDialog_C_M.csv,674,AvgDialog,Content,玩家,<Small:墨菲？>,<Small:머피?>
AvgDialog_23845_Content_6,aiHR,avg章5新_AvgDialog_C_M.csv,675,AvgDialog,Content,,箱子不再有任何回音和动静，像静寂的黑洞般吞噬了墨菲。,"상자는 더 이상 아무 소리도, 움직임도 없이, 마치 고요한 블랙홀처럼 머피를 삼켜버렸다."
AvgDialog_23845_Content_7,aiHS,avg章5新_AvgDialog_C_M.csv,676,AvgDialog,Content,图鲁,噤声，那边有人来了。,"조용히, 저쪽에서 누가 온다."
AvgDialog_23845_Content_9,aiHU,avg章5新_AvgDialog_C_M.csv,678,AvgDialog,Content,,巨大到，仿佛足以踏平山川、吞食日月——,"마치 산과 강을 짓밟고, 해와 달을 삼킬 수 있을 만큼 거대한——"
AvgDialog_23845_Content_10,aiHC,avg章5新_AvgDialog_C_M.csv,679,AvgDialog,Content,,巨刃被从远处粗暴地投向你们，力量之大撕破了空气，带起了猛烈的冲击波。,"칼날이 멀리서부터 거칠게 당신들을 향해 날아왔다, 그 힘은 공기를 찢고 맹렬한 충격파를 일으켰다."
AvgDialog_23845_Content_11,aiHD,avg章5新_AvgDialog_C_M.csv,680,AvgDialog,Content,图鲁,小心！,조심해!
AvgDialog_23845_Content_12,aiHE,avg章5新_AvgDialog_C_M.csv,681,AvgDialog,Content,,坚实的触肢卷住你的腰，一把把你拽离了巨刃落点。,"단단한 촉수가 당신의 허리를 감싸, 거대한 칼날이 떨어지는 지점에서 당신을 끌어냈다."
AvgDialog_23845_Content_14,aiHG,avg章5新_AvgDialog_C_M.csv,683,AvgDialog,Content,戈利亚？,身体羸弱…我同意你对这些家伙的看法。,몸이 약하다라... 이 녀석들에 대한 네 생각에는 동의한다.
AvgDialog_23845_Content_15,aiHH,avg章5新_AvgDialog_C_M.csv,684,AvgDialog,Content,戈利亚？,但作为战争前锋，缺乏自我意识的家伙可是不能再好用了。,"하지만 전쟁의 선봉으로, 자의식 없는 녀석들만큼 쓰기 좋은 건 없지."
AvgDialog_23845_Content_17,aiHJ,avg章5新_AvgDialog_C_M.csv,686,AvgDialog,Content,,他拔起深插在甲板上的巨刃，语气嘲弄，投向你的眼神充满了审视和兴致。,"그는 갑판에 깊이 박힌 거대한 칼날을 뽑아 들었다, 말투는 조롱조였고, 당신을 향한 시선에는 심사와 흥미가 가득했다."
AvgDialog_23845_Content_19,aiHL,avg章5新_AvgDialog_C_M.csv,688,AvgDialog,Content,戈利亚？,“弥利亚姆的同伙”？啧，真难听。,"「미리암의 동료」? 쯧, 듣기 거북하군."
AvgDialog_23845_Content_20,aiHN,avg章5新_AvgDialog_C_M.csv,689,AvgDialog,Content,戈利亚,"吾名戈利亚。
记住了，这是踏破诸海之人的名讳！","내 이름은 골리아다. 기억해 둬, 모든 바다를 제패한 자의 이름이다!"
AvgDialog_23851_Content_1,aiJX,avg章5新_AvgDialog_C_M.csv,690,AvgDialog,Content,玩家,好惊人的力量……！就算以唤醒体的标准来看都堪称恐怖。,엄청난 힘...! 각성체 기준으로도 공포스러울 정도야.
AvgDialog_23851_Content_2,aiKi,avg章5新_AvgDialog_C_M.csv,691,AvgDialog,Content,图鲁,这力量……,이 힘은...
AvgDialog_23851_Content_3,aiKt,avg章5新_AvgDialog_C_M.csv,692,AvgDialog,Content,图鲁,弥利亚姆将她被赐予的力量，分给了你。,"미리암이 그녀가 받은 힘을, 너에게 나눠줬구나."
AvgDialog_23851_Content_4,aiKE,avg章5新_AvgDialog_C_M.csv,693,AvgDialog,Content,戈利亚,哦？你这小矮子怎么会……,호오? 이 꼬마가 어떻게...
AvgDialog_23851_Content_5,aiKN,avg章5新_AvgDialog_C_M.csv,694,AvgDialog,Content,,"图鲁的迟疑甫一显露，巨人也若有所思地停止了攻击。
他眯着眼睛上下打量图鲁，视线最后停留在了那顶夸张的王冠上。","툴루의 망설임이 드러나자, 거인도 생각에 잠긴 듯 공격을 멈췄다. 그는 눈을 가늘게 뜨고 툴루를 위아래로 훑어보았고, 시선은 마침내 그 과장된 왕관에 멈췄다."
AvgDialog_23851_Content_6,aiKO,avg章5新_AvgDialog_C_M.csv,695,AvgDialog,Content,戈利亚,这个冠冕的形制是……！,이 왕관의 형태는...!
AvgDialog_23851_Content_7,aiKP,avg章5新_AvgDialog_C_M.csv,696,AvgDialog,Content,,戈利亚瞳孔紧缩，用赤裸而尖锐的目光盯着你们，最后竟肆无忌惮地放声大笑了起来。,"골리아의 동공이 수축했다, 그는 날카로운 시선으로 당신들을 쳐다보다가, 마침내 거리낌 없이 큰 소리로 웃기 시작했다."
AvgDialog_23851_Content_8,aiKQ,avg章5新_AvgDialog_C_M.csv,697,AvgDialog,Content,戈利亚,哈，哈哈哈哈！有意思，太有意思了！,"하, 하하하! 재밌군, 정말 재밌어!"
AvgDialog_23851_Content_9,aiKR,avg章5新_AvgDialog_C_M.csv,698,AvgDialog,Content,戈利亚,要是叫那女人看到这场面，她会露出什么样的表情呢——不会直接发疯吧？哈哈哈哈，我太期待那个时刻了！,"그 여자가 이 광경을 보면, 어떤 표정을 지을까—— 바로 미쳐버리는 거 아냐? 하하하, 그 순간이 정말 기대되는군!"
AvgDialog_23851_Content_10,aiJY,avg章5新_AvgDialog_C_M.csv,699,AvgDialog,Content,,狂笑在密境空间回荡，气氛变得更加剑拔弩张。,"광기 어린 웃음소리가 비경 공간에 울려 퍼지며, 분위기는 더욱 팽팽해졌다."
AvgDialog_23851_Content_11,aiJZ,avg章5新_AvgDialog_C_M.csv,700,AvgDialog,Content,戈利亚,别这么紧张，我不打算在这里解决掉你们。,"그렇게 긴장하지 마, 여기서 너희를 끝장낼 생각은 없으니까."
AvgDialog_23851_Content_12,aiKa,avg章5新_AvgDialog_C_M.csv,701,AvgDialog,Content,戈利亚,提灯教会那些废物，连点守备的活都做不好，居然让这小矮子溜了进来……不过也多亏了他们的无能，现在这场仪式可变得更精彩了。,"등불 교회의 저 무능한 놈들, 경비 하나 제대로 못 해서 이 꼬마를 들여보내다니... 하지만 저들의 무능 덕분에, 이제 이 의식은 더 재밌어지겠군."
AvgDialog_23851_Content_15,aiKd,avg章5新_AvgDialog_C_M.csv,704,AvgDialog,Content,玩家,不仅和提灯教会有牵连，而且你口中的<Blue:仪式>……,"등불 교회와 연관이 있을 뿐만 아니라, 네가 말하는 <Blue:의식>..."
AvgDialog_23851_Content_16,aiKe,avg章5新_AvgDialog_C_M.csv,705,AvgDialog,Content,玩家,戈利亚……你究竟是什么人？,골리아... 너는 대체 누구야?
AvgDialog_23851_Content_17,aiKf,avg章5新_AvgDialog_C_M.csv,706,AvgDialog,Content,戈利亚,我是什么人？哈哈哈哈哈！为什么不问问你身边那家伙呢？,내가 누구냐고? 하하하하! 왜 옆에 있는 저 녀석에게 묻지 않지?
AvgDialog_23851_Content_19,aiKh,avg章5新_AvgDialog_C_M.csv,708,AvgDialog,Content,图鲁,僭越！,무례하다!
AvgDialog_23851_Content_20,aiKj,avg章5新_AvgDialog_C_M.csv,709,AvgDialog,Content,戈利亚,真吓人真吓人——但可惜，我可不是你那些忠心耿耿的臣子。,"무섭네, 무서워—— 하지만 아쉽게도, 난 네 충성스러운 신하는 아니야."
AvgDialog_23851_Content_21,aiKk,avg章5新_AvgDialog_C_M.csv,710,AvgDialog,Content,戈利亚,我还得继续为仪式做准备，没空和你们继续纠缠不清。,"난 의식을 계속 준비해야 해서, 너희와 더 이상 얽힐 시간이 없어."
AvgDialog_23851_Content_22,aiKl,avg章5新_AvgDialog_C_M.csv,711,AvgDialog,Content,戈利亚,尽管夹着触手东躲西藏吧，但你知道的——那个女人想要的东西，只有你能给。,"계속 촉수를 오므리고 숨어 다녀봐라, 하지만 너도 알잖아—— 그 여자가 원하는 건, 너만이 줄 수 있다는 걸."
AvgDialog_23851_Content_23,aiKm,avg章5新_AvgDialog_C_M.csv,712,AvgDialog,Content,戈利亚,分去那无能之神力量的代行者……唔！,저 무능한 신의 힘을 나눠 가진 대행자... 윽!
AvgDialog_23851_Content_24,aiKn,avg章5新_AvgDialog_C_M.csv,713,AvgDialog,Content,,嘲弄之言话音未落，紫色虚影突然从横贯戈利亚脖子的伤痕中逸出。它像纱巾般盘踞围绕在颈间，最后竟凝结成了蛇形。,"조롱하는 말이 채 끝나기도 전에, 보라색 허상이 갑자기 골리아의 목을 가로지르는 상처에서 새어 나왔다. 그것은 목도리처럼 목 주위를 맴돌다가, 마침내 뱀의 형상으로 굳어졌다."
AvgDialog_23851_Content_25,aiKo,avg章5新_AvgDialog_C_M.csv,714,AvgDialog,Content,,戈利亚因蛇影的出现而脸色扭曲，那蛇毒牙竟将利齿钉入了颈间的断痕。,"골리아는 뱀 그림자의 등장에 얼굴이 일그러졌다, 그 뱀의 독니가 목의 상처에 박혀들었다."
AvgDialog_23851_Content_26,aiKp,avg章5新_AvgDialog_C_M.csv,715,AvgDialog,Content,,疼痛与毒素作用交错之下，他脸上浮现出扭曲的笑容，鲨鱼利齿似的森森白牙因兴奋而颤抖。,"고통과 독의 작용이 교차하는 가운데, 그의 얼굴에는 뒤틀린 미소가 떠올랐고, 상어 이빨처럼 하얀 이가 흥분으로 떨렸다."
AvgDialog_23851_Content_27,aiKq,avg章5新_AvgDialog_C_M.csv,716,AvgDialog,Content,戈利亚,哈、哈……那女人可真是小心眼，听不得半句侮辱她那缥缈神明的话。,"하, 하... 저 여자는 정말 속이 좁아, 그녀의 허황된 신을 모욕하는 말은 한마디도 못 듣는군."
AvgDialog_23851_Content_28,aiKr,avg章5新_AvgDialog_C_M.csv,717,AvgDialog,Content,戈利亚,明明只是个无能、无情的胆怯之徒…哈啊！,"결국 무능하고, 무정한 겁쟁이에 불과한데... 하아!"
AvgDialog_23851_Content_29,aiKs,avg章5新_AvgDialog_C_M.csv,718,AvgDialog,Content,,蛇影猛拽戈利亚的脖子，将巨人的脊背拉弯扯至隆起，强硬地让他摆出了匍匐的姿态。,"뱀 그림자가 골리아의 목을 세게 잡아당겨, 거인의 등을 아치형으로 휘게 만들고, 억지로 엎드린 자세를 취하게 했다."
AvgDialog_23851_Content_30,aiKu,avg章5新_AvgDialog_C_M.csv,719,AvgDialog,Content,戈利亚,就这点本事吗！,이게 다냐!
AvgDialog_23851_Content_31,aiKv,avg章5新_AvgDialog_C_M.csv,720,AvgDialog,Content,戈利亚,用难以理解的信仰控制你，任由灾厄冲毁文明的狂徒…哈，说到底，祂根本就不曾存在，那只是你的臆想！,"이해할 수 없는 신앙으로 널 조종하고, 재앙이 문명을 휩쓰는 걸 내버려 둔 미치광이... 하, 결국 그분은 존재하지도 않았어, 그건 다 네 망상일 뿐이야!"
AvgDialog_23851_Content_32,aiKw,avg章5新_AvgDialog_C_M.csv,721,AvgDialog,Content,,蛇影陡然收缩，戈利亚咳嗽一声，喷出几滴鲜血。,"뱀 그림자가 갑자기 수축하자, 골리아는 기침을 하며 피 몇 방울을 토했다."
AvgDialog_23851_Content_33,aiKx,avg章5新_AvgDialog_C_M.csv,722,AvgDialog,Content,玩家,他、他这是？！,"저, 저건?!"
AvgDialog_23851_Content_34,aiKy,avg章5新_AvgDialog_C_M.csv,723,AvgDialog,Content,图鲁,一种古老的刑罚…在利莫里亚尚存时，用于惩戒、驯化无信仰者与囚徒。,"고대의 형벌이다... 레무리아가 아직 존재했을 때, 무신론자와 죄수들을 징계하고 길들이는 데 사용되었지."
AvgDialog_23851_Content_35,aiKz,avg章5新_AvgDialog_C_M.csv,724,AvgDialog,Content,,图鲁看向脸上仍挂着狂狷笑容的戈利亚，感叹着。,툴루는 여전히 광기 어린 미소를 띤 골리아를 보며 감탄했다.
AvgDialog_23851_Content_36,aiKA,avg章5新_AvgDialog_C_M.csv,725,AvgDialog,Content,玩家,"这是弥利亚姆设下的吗？
……等等！这样不就代表弥利亚姆已经知道我们的位置了吗？！",이걸 미리암이 설치한 건가?\n...잠깐! 그럼 미리암이 이미 우리 위치를 안다는 거잖아?!
AvgDialog_23851_Content_37,aiKB,avg章5新_AvgDialog_C_M.csv,726,AvgDialog,Content,戈利亚,哈，不必如此紧张。,"하, 그렇게 긴장할 필요 없어."
AvgDialog_23851_Content_38,aiKC,avg章5新_AvgDialog_C_M.csv,727,AvgDialog,Content,,"戈利亚用巨刃支撑身体，从地上站了起来。
他反手抹去脸上的血痕，那刑罚似乎对他只是隔靴搔痒。","골리아는 거대한 칼날로 몸을 지탱하며 일어섰다.\n그는 손등으로 얼굴의 핏자국을 닦아냈는데, 그 형벌은 그에게 그저 가려운 정도인 듯했다."
AvgDialog_23851_Content_39,aiKD,avg章5新_AvgDialog_C_M.csv,728,AvgDialog,Content,戈利亚,只是自大者自以为是的一根狗链子罢了。,그저 오만한 자가 제멋대로 채운 개 목줄일 뿐이야.
AvgDialog_23851_Content_40,aiKF,avg章5新_AvgDialog_C_M.csv,729,AvgDialog,Content,戈利亚,你们走吧，在我看够好戏前，可别随便被什么路过的杂兵打败了。,"가라, 내가 실컷 구경하기 전에, 지나가던 잡병에게 당하지나 마라."
AvgDialog_23851_Content_41,aiKG,avg章5新_AvgDialog_C_M.csv,730,AvgDialog,Content,玩家,——戈利亚，等等！,"——골리아, 잠깐!"
AvgDialog_23851_Content_42,aiKH,avg章5新_AvgDialog_C_M.csv,731,AvgDialog,Content,戈利亚,哦？还有何贵干？我喜欢有胆量挑战权威的家伙，在我不耐烦之前，你还有一个提问的机会。,"어? 또 무슨 일이지? 난 권위에 도전하는 녀석을 좋아하니, 내가 참을성을 잃기 전에, 질문할 기회를 한 번 주지."
AvgDialog_23851_Content_43,aiKI,avg章5新_AvgDialog_C_M.csv,732,AvgDialog,Content,玩家,拉蒙娜……我的搭档现在情况如何？你们要对她做什么？,라모나... 내 동료는 지금 어때? 그녀에게 뭘 하려는 거야?
AvgDialog_23851_Content_44,aiKJ,avg章5新_AvgDialog_C_M.csv,733,AvgDialog,Content,戈利亚,"哈……我要先澄清一点：我可没有吃女人的爱好。
暂时留她一命，是弥利亚姆的意思。","하... 먼저 한 가지 확실히 해두지. 난 여자를 먹는 취미는 없어. 일단 그녀를 살려두는 건, 미리암의 뜻이다."
AvgDialog_23851_Content_45,aiKK,avg章5新_AvgDialog_C_M.csv,734,AvgDialog,Content,戈利亚,如今的「神母」…孕育新神的容器，只是个微不足道的黄毛小孩，凭「神母」那点身量，可没办法抑制新神的第一声啼哭。,"지금의 「신모」... 새로운 신을 잉태할 그릇은, 그저 하찮은 어린애일 뿐이야. 「신모」의 그 작은 몸으로는, 새로운 신의 첫 울음소리를 억누를 수 없지."
AvgDialog_23851_Content_46,aiKL,avg章5新_AvgDialog_C_M.csv,735,AvgDialog,Content,,蛇影在他停止辱骂「神明」时陡然消散，他左右活动了几下脖子，扛起巨刃转身就走，丝毫不在意将背部暴露给了你们。,"그가 「신」을 모욕하는 것을 멈추자 뱀 그림자가 갑자기 사라졌다, 그는 목을 좌우로 몇 번 움직이고, 거대한 칼날을 어깨에 메고 돌아섰다, 등을 우리에게 보이는 것을 전혀 개의치 않았다."
AvgDialog_23851_Content_47,aiKM,avg章5新_AvgDialog_C_M.csv,736,AvgDialog,Content,,——在他转身前，你分明见他看了一眼躲藏着墨菲的货箱。,"——그가 돌아서기 전, 당신은 분명 그가 머피가 숨어 있는 화물 상자를 쳐다보는 것을 보았다."
AvgDialog_23856_Content_1,aiPB,avg章5新_AvgDialog_C_M.csv,737,AvgDialog,Content,,扭曲的现实,왜곡된 현실
AvgDialog_23856_Content_2,aiQc,avg章5新_AvgDialog_C_M.csv,738,AvgDialog,Content,玩家,墨菲，墨菲？,"머피, 머피?"
AvgDialog_23856_Content_3,aiQn,avg章5新_AvgDialog_C_M.csv,739,AvgDialog,Content,玩家,不用躲了，戈利亚已经走得足够远了。,"숨지 않아도 돼, 골리아는 이미 멀리 갔어."
AvgDialog_23856_Content_4,aiQy,avg章5新_AvgDialog_C_M.csv,740,AvgDialog,Content,墨菲,真、真的吗？,"저, 정말?"
AvgDialog_23856_Content_6,aiQU,avg章5新_AvgDialog_C_M.csv,742,AvgDialog,Content,,墨菲刚一站定，图鲁的触手就在你的默许下紧紧捆住了她的脚踝。,"머피가 막 일어서자, 툴루의 촉수가 당신의 묵인 하에 그녀의 발목을 단단히 묶었다."
AvgDialog_23856_Content_7,aiRf,avg章5新_AvgDialog_C_M.csv,743,AvgDialog,Content,墨菲,干、干什么？！我知道我扔下你们单独面对戈利亚，是我的不对……,"뭐, 뭐 하는 거야?! 내가 너희를 버리고 골리아와 마주하게 한 건, 내 잘못이지만..."
AvgDialog_23856_Content_8,aiRq,avg章5新_AvgDialog_C_M.csv,744,AvgDialog,Content,墨菲,但、但如果他是来找我的，被他抓到我就只有死路一条！我、我……,"하지만, 하지만 그가 날 찾으러 온 거라면, 잡히면 난 죽을 수밖에 없어! 나, 난..."
AvgDialog_23856_Content_9,aiRB,avg章5新_AvgDialog_C_M.csv,745,AvgDialog,Content,玩家,墨菲。,머피.
AvgDialog_23856_Content_10,aiPC,avg章5新_AvgDialog_C_M.csv,746,AvgDialog,Content,墨菲,干、干什么，干嘛突然这么看着我？你们俩这是什么眼神？,"뭐, 뭐야, 왜 갑자기 그렇게 쳐다보는 거야? 너희 둘, 그 눈빛은 뭐야?"
AvgDialog_23856_Content_11,aiPN,avg章5新_AvgDialog_C_M.csv,747,AvgDialog,Content,玩家,你能够通过脚步判断来人是戈利亚，而再之前，你的言行中已经透露出了你对弥利亚姆的熟识。,"넌 발소리만으로도 골리아인 줄 알았고, 그전에도 네 말과 행동에서 미리암을 잘 알고 있다는 게 드러났어."
AvgDialog_23856_Content_14,aiPW,avg章5新_AvgDialog_C_M.csv,750,AvgDialog,Content,墨菲,<Big:我不是！>,<Big:아니야!>
AvgDialog_23856_Content_16,aiPY,avg章5新_AvgDialog_C_M.csv,752,AvgDialog,Content,墨菲,我只是……侍女……普通的侍女，在教团驻地里，像我这样的女孩多得数不清。,"난 그냥... 시녀... 평범한 시녀야. 교단 주둔지에, 나 같은 여자애들은 셀 수 없이 많아."
AvgDialog_23856_Content_18,aiQa,avg章5新_AvgDialog_C_M.csv,754,AvgDialog,Content,玩家,如果你只是一个无关紧要的人类侍女，为什么他们会大动干戈地追捕你？,"네가 그저 중요하지 않은 인간 시녀라면, 왜 그들이 그렇게 대대적으로 널 쫓는 거지?"
AvgDialog_23856_Content_19,aiQb,avg章5新_AvgDialog_C_M.csv,755,AvgDialog,Content,墨菲,都是、这只是……,"다, 이건 그냥..."
AvgDialog_23856_Content_20,aiQd,avg章5新_AvgDialog_C_M.csv,756,AvgDialog,Content,玩家,墨菲，我需要知道发生了什么。,"머피, 무슨 일이 있었는지 알아야 해."
AvgDialog_23856_Content_21,aiQe,avg章5新_AvgDialog_C_M.csv,757,AvgDialog,Content,玩家,只有这样，我们才有活下来的机会，我们才能帮助你。,"그래야만 우리가 살아남을 기회가 생기고, 너를 도울 수 있어."
AvgDialog_23856_Content_22,aiQf,avg章5新_AvgDialog_C_M.csv,758,AvgDialog,Content,墨菲,……,...
AvgDialog_23856_Content_23,aiQg,avg章5新_AvgDialog_C_M.csv,759,AvgDialog,Content,墨菲,好吧……,알았어...
AvgDialog_23856_Content_24,aiQh,avg章5新_AvgDialog_C_M.csv,760,AvgDialog,Content,,……,...
AvgDialog_23856_Content_25,aiQi,avg章5新_AvgDialog_C_M.csv,761,AvgDialog,Content,,被折断翅膀的雏鸟，落入了黑色水潭。,"날개가 꺾인 아기 새가, 검은 물웅덩이에 빠졌다."
AvgDialog_23856_Content_26,aiQj,avg章5新_AvgDialog_C_M.csv,762,AvgDialog,Content,,主祭的絮絮祷言飘忽而坚实，狂热的言辞穿透黑色黏液，化为利刃剖开了雏鸟的胸腔。,"주제의 속삭이는 기도문은 희미하면서도 단호했고, 광적인 말들은 검은 점액을 뚫고, 칼날이 되어 아기 새의 흉강을 갈랐다."
AvgDialog_23856_Content_27,aiQk,avg章5新_AvgDialog_C_M.csv,763,AvgDialog,Content,,鲜红色的液体从胸口上浮，在归于平静的黑色水面上妖冶绽放——,"새빨간 액체가 가슴에서 떠올라, 고요해진 검은 수면 위에서 요염하게 피어났다——"
AvgDialog_23856_Content_28,aiQl,avg章5新_AvgDialog_C_M.csv,764,AvgDialog,Content,,她却在不断下沉，带着血迹的根，沉入最深处，沉入一个柔软而阴冷的怀抱。,"하지만 그녀는 계속 가라앉았다, 핏자국이 묻은 뿌리를 가지고, 가장 깊은 곳으로, 부드럽고 차가운 품으로."
AvgDialog_23856_Content_29,aiQm,avg章5新_AvgDialog_C_M.csv,765,AvgDialog,Content,,……,...
AvgDialog_23856_Content_30,aiQo,avg章5新_AvgDialog_C_M.csv,766,AvgDialog,Content,,…………,",............"
AvgDialog_23856_Content_31,aiQp,avg章5新_AvgDialog_C_M.csv,767,AvgDialog,Content,,"她看到了。
她向上看去，「母亲」垂下三对眼柄，同她对视。","그녀는 보았다. 그녀가 위를 보자, 「어머니」가 세 쌍의 눈자루를 내리고, 그녀와 시선을 마주했다."
AvgDialog_23856_Content_32,aiQq,avg章5新_AvgDialog_C_M.csv,768,AvgDialog,Content,,"那是个深红色的庞然巨物，被血液沾染的地方呈现出了透明的白。
「母亲」发出微弱荧光，暂且照亮了一方小小天地。","그것은 심홍색의 거대한 괴물이었고, 피에 젖은 곳은 투명한 흰색을 띠었다. 「어머니」는 희미한 형광을 발하며, 잠시 작은 공간을 밝혔다."
AvgDialog_23856_Content_33,aiQr,avg章5新_AvgDialog_C_M.csv,769,AvgDialog,Content,,借着光，她看见「母亲」光滑的表皮之上，大大小小分布着数不尽的黑色伤口。,"그 빛을 빌려, 그녀는 「어머니」의 매끄러운 피부 위에, 크고 작은 검은 상처가 무수히 분포해 있는 것을 보았다."
AvgDialog_23856_Content_34,aiQs,avg章5新_AvgDialog_C_M.csv,770,AvgDialog,Content,,「对不起……」,「죄송해요...」
AvgDialog_23856_Content_35,aiQt,avg章5新_AvgDialog_C_M.csv,771,AvgDialog,Content,,黑色黏液翻涌，搅碎了滩底的平静。,"검은 점액이 들끓으며, 웅덩이 바닥의 평온을 깨뜨렸다."
AvgDialog_23856_Content_36,aiQu,avg章5新_AvgDialog_C_M.csv,772,AvgDialog,Content,,「母亲」发出了一声尖利的哀鸣，触肢一阵翻动，将什么东西送入了雏鸟的胸腔。,「어머니」는 날카로운 비명을 내지르고 촉수를 휘저어 무언가를 어린 새의 가슴속으로 밀어 넣었다.
AvgDialog_23856_Content_37,aiQv,avg章5新_AvgDialog_C_M.csv,773,AvgDialog,Content,,湿滑冰冷的软体触肢缠绕着她，黑色的池水不再堵塞她的口鼻，反而如羊水一般，托举起了她的生命。,"축축하고 차가운 연체 촉수가 그녀를 감쌌다, 검은 웅덩이 물은 더 이상 그녀의 입과 코를 막지 않고, 오히려 양수처럼, 그녀의 생명을 들어 올렸다."
AvgDialog_23856_Content_38,aiQw,avg章5新_AvgDialog_C_M.csv,774,AvgDialog,Content,,"「对不起……」
「我还……不想死……」",「죄송해요...」\n「아직... 죽고 싶지 않아...」
AvgDialog_23856_Content_39,aiQx,avg章5新_AvgDialog_C_M.csv,775,AvgDialog,Content,,水面维持着长久的平静，就连极地呼啸的风，都无法让粘稠的池水泛起涟漪。,"수면은 오랫동안 평온을 유지했다, 극지의 휘몰아치는 바람조차, 끈적한 웅덩이 물에 잔물결을 일으키지 못했다."
AvgDialog_23856_Content_40,aiQz,avg章5新_AvgDialog_C_M.csv,776,AvgDialog,Content,女性教徒,弥利亚姆大人，圣女会不会已经……,"미리암 님, 성녀님은 혹시 이미..."
AvgDialog_23856_Content_41,aiQA,avg章5新_AvgDialog_C_M.csv,777,AvgDialog,Content,弥利亚姆,她于上一个<Blue:星辰正位时刻>出生，是“看得见”的孩子。,그녀는 지난 <Blue:정위의 순간>에 태어났습니다. 「볼 수 있는」 아이죠.
AvgDialog_23856_Content_42,aiQB,avg章5新_AvgDialog_C_M.csv,778,AvgDialog,Content,弥利亚姆,世界上，没有人比她更值得得到神之血脉的承认。,"세상에, 그녀보다 신의 혈통을 인정받을 가치가 있는 사람은 없습니다."
AvgDialog_23856_Content_43,aiQC,avg章5新_AvgDialog_C_M.csv,779,AvgDialog,Content,,"消瘦的女人被簇拥着，站在能够睥睨所有人的最高处。
薄纱模糊了她的面容，即便是近侍，也无法读出主人心中所想。","야윈 여자는 둘러싸여, 모든 사람을 내려다볼 수 있는 가장 높은 곳에 서 있었다.\n얇은 베일이 그녀의 얼굴을 가려, 가까운 시종조차 주인의 마음을 읽을 수 없었다."
AvgDialog_23856_Content_44,aiQD,avg章5新_AvgDialog_C_M.csv,780,AvgDialog,Content,弥利亚姆,墨菲……,머피...
AvgDialog_23856_Content_45,aiQE,avg章5新_AvgDialog_C_M.csv,781,AvgDialog,Content,,伴随着喃喃低语，仿佛地心的能量即将喷涌而出一般，水面陡然沸腾了起来。,"나지막한 속삭임과 함께, 마치 지구 중심의 에너지가 분출하려는 듯, 수면이 갑자기 끓어올랐다."
AvgDialog_23856_Content_46,aiQF,avg章5新_AvgDialog_C_M.csv,782,AvgDialog,Content,,厚重黏稠的黑水溢出池畔，没过众人脚背，流淌至女人赤裸的足边。,"두껍고 끈적한 검은 물이 웅덩이 가를 넘쳐, 사람들의 발등을 덮고, 여인의 맨발가로 흘러갔다."
AvgDialog_23856_Content_47,aiQG,avg章5新_AvgDialog_C_M.csv,783,AvgDialog,Content,,穿过低声惊呼的年轻教众，她沉默着走上黑液铺就的道路，将双手深深浸入了池水中——,"낮은 놀라움의 소리를 내는 젊은 신도들을 지나, 그녀는 침묵하며 검은 액체가 깔린 길을 걸어, 양손을 웅덩이 물에 깊이 담갔다——"
AvgDialog_23856_Content_48,aiQH,avg章5新_AvgDialog_C_M.csv,784,AvgDialog,Content,,——哗,——첨벙!
AvgDialog_23856_Content_49,aiQI,avg章5新_AvgDialog_C_M.csv,785,AvgDialog,Content,,"少女攀附于她的双手，从池水中跃出。
黑液顺着脸部轮廓流下，像极了两道骇人的泪痕。","소녀는 그녀의 양손에 매달려, 웅덩이에서 뛰어올랐다.\n검은 액체가 얼굴 윤곽을 따라 흘러내려, 마치 두 줄기 섬뜩한 눈물 자국 같았다."
AvgDialog_23856_Content_50,aiQK,avg章5新_AvgDialog_C_M.csv,786,AvgDialog,Content,戈利亚,嚯，还不错嘛。看样子，<Blue:神明>已经承认了新的<Blue:母亲>。,"호, 제법이군. 보아하니, <Blue:신>이 새로운 <Blue:어머니>를 인정한 모양이야."
AvgDialog_23856_Content_51,aiQL,avg章5新_AvgDialog_C_M.csv,787,AvgDialog,Content,,戈利亚冷不防地出声，语气嘲弄，在场却已无人在意他的讥讽。,"골리아가 갑자기 말을 꺼냈다, 말투는 조롱조였지만, 그 자리에 있던 누구도 더 이상 그의 비꼬는 말을 신경 쓰지 않았다."
AvgDialog_23856_Content_52,aiQM,avg章5新_AvgDialog_C_M.csv,788,AvgDialog,Content,女性教徒,圣女……成功了？我们成功了！,성녀님... 성공했나요? 우리가 성공했어요!
AvgDialog_23856_Content_53,aiQN,avg章5新_AvgDialog_C_M.csv,789,AvgDialog,Content,,祷言此起彼伏，最终在寒冷的洞窟中调律重合，狂热，扭曲，震耳欲聋。,"기도 소리가 여기저기서 울려 퍼지다가, 마침내 차가운 동굴 안에서 조화를 이루었다, 광적이고, 뒤틀리고, 귀가 먹먹할 정도로."
AvgDialog_23856_Content_54,aiQO,avg章5新_AvgDialog_C_M.csv,790,AvgDialog,Content,墨菲,弥利亚姆，如你所愿，我已经完成了你所要求的事。,"미리암, 당신이 원하던 대로, 난 당신이 요구한 일을 해냈어."
AvgDialog_23856_Content_55,aiQP,avg章5新_AvgDialog_C_M.csv,791,AvgDialog,Content,墨菲,「祂」……已经在这里跳动了。,「그분」은... 이미 여기서 뛰고 있어.
AvgDialog_23856_Content_56,aiQQ,avg章5新_AvgDialog_C_M.csv,792,AvgDialog,Content,,"不仅是墨菲，弥利亚姆也能听见。
两颗节奏相异的心脏，正在少女胸腔中鼓动着。","머피뿐만 아니라, 미리암도 들을 수 있었다. 리듬이 다른 두 개의 심장이, 소녀의 흉강에서 뛰고 있었다."
AvgDialog_23856_Content_57,aiQR,avg章5新_AvgDialog_C_M.csv,793,AvgDialog,Content,墨菲,现在，你能回答我的问题了吗？,"이제, 내 질문에 대답해 줄 수 있어?"
AvgDialog_23856_Content_58,aiQS,avg章5新_AvgDialog_C_M.csv,794,AvgDialog,Content,弥利亚姆,知无不言。,아는 것은 모두 말해드리죠.
AvgDialog_23856_Content_59,aiQT,avg章5新_AvgDialog_C_M.csv,795,AvgDialog,Content,墨菲,你抚养我，从最开始就是为了今天吗？,"날 키운 게, 처음부터 오늘을 위해서였어?"
AvgDialog_23856_Content_60,aiQV,avg章5新_AvgDialog_C_M.csv,796,AvgDialog,Content,弥利亚姆,……,...
AvgDialog_23856_Content_61,aiQW,avg章5新_AvgDialog_C_M.csv,797,AvgDialog,Content,弥利亚姆,不。,아닙니다.
AvgDialog_23856_Content_62,aiQX,avg章5新_AvgDialog_C_M.csv,798,AvgDialog,Content,弥利亚姆,你是我的「圣女」，本应作为桥梁连通神之国度……在那之后，你的灵魂抑将被迎入神国。,"당신은 저의 「성녀」, 본래 신국과 연결되는 다리가 될 운명... 그 후, 당신의 영혼 역시 신국에 받아들여질 것입니다."
AvgDialog_23856_Content_63,aiQY,avg章5新_AvgDialog_C_M.csv,799,AvgDialog,Content,弥利亚姆,"今日之仪，是计划之外……但，毋须惊慌。
神诞仪式后，我将妥善保存你的魂灵，你必不会在常夜中彷徨。","오늘의 의식은 계획 밖이었지만... 놀라지 마십시오. 탄생 의식 후, 제가 당신의 영혼을 잘 보존할 테니, 당신은 결코 영원한 밤에 방황하지 않을 것입니다."
AvgDialog_23856_Content_64,aiQZ,avg章5新_AvgDialog_C_M.csv,800,AvgDialog,Content,墨菲,说什么灵魂、魂灵……,영혼이라니...
AvgDialog_23856_Content_65,aiRa,avg章5新_AvgDialog_C_M.csv,801,AvgDialog,Content,墨菲,我的死期，从一开始就定好在所谓「星辰正位之时」了，对吗？,"내 죽음은, 처음부터 그 「정위의 순간」으로 정해져 있었던 거지, 그렇지?"
AvgDialog_23856_Content_66,aiRb,avg章5新_AvgDialog_C_M.csv,802,AvgDialog,Content,,"弥利亚姆双目轻阖，她不再回答问题，转身面向陷入狂热的教众。
她双臂高举，黑液顺着肌肤纹理滑落，头纱瞬间被染成浓重的黑色。","미리암은 눈을 살짝 감았다, 그녀는 더 이상 질문에 대답하지 않고, 광적인 신도들을 향해 돌아섰다. 그녀는 양팔을 높이 들었고, 검은 액체가 피부결을 따라 흘러내려, 베일이 순식간에 짙은 검은색으로 물들었다."
AvgDialog_23856_Content_67,aiRc,avg章5新_AvgDialog_C_M.csv,803,AvgDialog,Content,弥利亚姆,神母已至！,신모가 당도하셨다!
AvgDialog_23856_Content_68,aiRd,avg章5新_AvgDialog_C_M.csv,804,AvgDialog,Content,女性教徒,祂将从@1中复苏，使@2降临！,"그분은 @1에서 부활하여, @2를 강림시킬 것이다!"
AvgDialog_23856_Content_69,aiRe,avg章5新_AvgDialog_C_M.csv,805,AvgDialog,Content,男性教徒,祂将从@1中复苏，使@2降临！,"그분은 @1에서 부활하여, @2를 강림시킬 것이다!"
AvgDialog_23856_Content_70,aiRg,avg章5新_AvgDialog_C_M.csv,806,AvgDialog,Content,,三个月后,석 달 후
AvgDialog_23856_Content_71,aiRh,avg章5新_AvgDialog_C_M.csv,807,AvgDialog,Content,戈利亚,"你可让那女人越来越头疼了。前几个月不是还很乖吗？
怎么，现在不愿意再听妈妈的话了？","네가 그 여자를 점점 더 골치 아프게 하는군. 몇 달 전에는 꽤 얌전했잖아? 왜, 이제 엄마 말 안 들을 거야?"
AvgDialog_23856_Content_72,aiRi,avg章5新_AvgDialog_C_M.csv,808,AvgDialog,Content,,少女瞥了一眼戈利亚，狠狠将刻刀插进木头上，连工具带材料扔到了一边。,"소녀가 골리아를 흘끗 보고, 조각칼을 나무에 세게 꽂아, 도구와 재료를 한쪽으로 던져버렸다."
AvgDialog_23856_Content_73,aiRj,avg章5新_AvgDialog_C_M.csv,809,AvgDialog,Content,小墨菲,妈、妈妈？,"엄, 엄마?"
AvgDialog_23856_Content_74,aiRk,avg章5新_AvgDialog_C_M.csv,810,AvgDialog,Content,弥利亚姆,你……从何处习得这种说法？,...어디서 그런 말을 배웠죠?
AvgDialog_23856_Content_75,aiRl,avg章5新_AvgDialog_C_M.csv,811,AvgDialog,Content,小墨菲,字典！你看，“照顾幼儿，且有感情连接的女性成人”。,"사전! 봐, 「아이를 돌보고, 감정적 유대가 있는 여성 성인」."
AvgDialog_23856_Content_76,aiRm,avg章5新_AvgDialog_C_M.csv,812,AvgDialog,Content,弥利亚姆,不……我不会是你的妈妈。,아니요... 전 당신의 엄마가 아닙니다.
AvgDialog_23856_Content_77,aiRn,avg章5新_AvgDialog_C_M.csv,813,AvgDialog,Content,弥利亚姆,你是教团圣女，是尊贵的命定之人……若你愿意，可以直呼我的名字。,"당신은 교단의 성녀, 존귀한 운명의 사람... 원한다면, 제 이름을 불러도 좋아요."
AvgDialog_23856_Content_78,aiRo,avg章5新_AvgDialog_C_M.csv,814,AvgDialog,Content,小墨菲,唔……弥利……亚姆？,음... 미리... 암?
AvgDialog_23856_Content_79,aiRp,avg章5新_AvgDialog_C_M.csv,815,AvgDialog,Content,弥利亚姆,是的，圣女。,"네, 성녀님."
AvgDialog_23856_Content_80,aiRr,avg章5新_AvgDialog_C_M.csv,816,AvgDialog,Content,墨菲,……她不是我妈妈，从来都不是。,"...그녀는 내 엄마가 아니야, 한 번도 아니었어."
AvgDialog_23856_Content_81,aiRs,avg章5新_AvgDialog_C_M.csv,817,AvgDialog,Content,墨菲,只有提灯教会上面的家伙知道我的来历，我也没有妈妈，我只是他们送给弥利亚姆的礼物。,"등불 교회 윗사람들만 내 출신을 알고, 나한테 엄마는 없어. 난 그냥 그들이 미리암에게 준 선물일 뿐이야."
AvgDialog_23856_Content_82,aiRt,avg章5新_AvgDialog_C_M.csv,818,AvgDialog,Content,戈利亚,哦？她居然连这事都告诉你了？,어? 그녀가 그런 것까지 너한테 말해줬나?
AvgDialog_23856_Content_83,aiRu,avg章5新_AvgDialog_C_M.csv,819,AvgDialog,Content,墨菲,对一个死期已经定下的囚犯来说，知道多少秘密都无所谓了，反正所有东西都会被我带进坟墓里。,"죽을 날이 정해진 죄수에게, 비밀이 얼마나 많은지는 상관없어. 어차피 모든 게 나와 함께 무덤으로 갈 테니까."
AvgDialog_23856_Content_84,aiRv,avg章5新_AvgDialog_C_M.csv,820,AvgDialog,Content,戈利亚,这也是那女人对你的补偿吧。要知道，把神明移植于你的那天，我们的主祭大人可伤心得彻夜未眠。,"그것도 그 여자가 너한테 해주는 보상이겠지. 알아둬, 신을 네게 이식한 날, 우리 주제님은 밤새도록 슬퍼서 잠도 못 잤다고."
AvgDialog_23856_Content_85,aiRw,avg章5新_AvgDialog_C_M.csv,821,AvgDialog,Content,墨菲,伤心？开什么玩笑，她不会有这种情感。,"슬펐다고? 농담하지 마, 그녀한테 그런 감정은 없어."
AvgDialog_23856_Content_86,aiRx,avg章5新_AvgDialog_C_M.csv,822,AvgDialog,Content,戈利亚,"真绝情啊，小公主。
女孩子太冷酷，可是会惹妈妈伤心的哦。","정말 냉정하네, 공주님. 여자애가 너무 차가우면, 엄마가 슬퍼한다고."
AvgDialog_23856_Content_87,aiRy,avg章5新_AvgDialog_C_M.csv,823,AvgDialog,Content,墨菲,你烦不烦！都说了她不是我妈妈了！,시끄러워! 그녀는 내 엄마가 아니라고 했잖아!
AvgDialog_23856_Content_88,aiRz,avg章5新_AvgDialog_C_M.csv,824,AvgDialog,Content,戈利亚,这可不一定，你想听故事吗。,"그건 모르는 일이지, 이야기 하나 들어볼래?"
AvgDialog_23856_Content_89,aiRA,avg章5新_AvgDialog_C_M.csv,825,AvgDialog,Content,墨菲,"<BigShake:不想听，我也不想见到你！>
如果是特意来讥讽我的，你可以离开了！","<BigShake:듣기 싫어, 네 얼굴도 보기 싫어!> 일부러 날 비웃으러 온 거라면, 이제 가도 돼!"
AvgDialog_23856_Content_90,aiRC,avg章5新_AvgDialog_C_M.csv,826,AvgDialog,Content,戈利亚,不，你想听。,"아니, 넌 듣고 싶을 거야."
AvgDialog_23856_Content_91,aiRD,avg章5新_AvgDialog_C_M.csv,827,AvgDialog,Content,,戈利亚的语气陡然深沉，带着久经战场的威仪，墨菲体内的两颗心脏都险些因此停跳。,"골리아의 말투가 갑자기 깊어졌다, 오랜 전장의 위엄을 담고, 머피의 몸속 두 개의 심장이 그 때문에 거의 멈출 뻔했다."
AvgDialog_23856_Content_92,aiRE,avg章5新_AvgDialog_C_M.csv,828,AvgDialog,Content,,"她突然意识到——巨人从来就不是她可以随意把弄的玩具。
自己只是仗着身份得寸进尺，而对方也乐于看笑话罢了。","그녀는 갑자기 깨달았다——거인은 결코 그녀가 마음대로 가지고 놀 수 있는 장난감이 아니었다. 자신은 그저 신분을 믿고 기어오른 것이고, 상대방도 그저 구경을 즐겼을 뿐이다."
AvgDialog_23856_Content_93,aiRF,avg章5新_AvgDialog_C_M.csv,829,AvgDialog,Content,墨菲,是……是的，请说吧。,"그래... 알겠어, 말해줘."
AvgDialog_23856_Content_94,aiRG,avg章5新_AvgDialog_C_M.csv,830,AvgDialog,Content,戈利亚,有一个神秘教会，为了血统的绝对纯净，一切婚嫁都由教首指定。那些和外面的人成婚生子的家伙，最后都会遭到清算。,"한 신비한 교회가 있는데, 혈통의 절대적 순수함을 위해, 모든 혼인은 교주가 정하지. 외부 사람과 결혼해서 아이를 낳은 자들은, 결국 청산당하고."
AvgDialog_23856_Content_95,aiRH,avg章5新_AvgDialog_C_M.csv,831,AvgDialog,Content,戈利亚,在上一次清算中，执行者带回了一名婴儿——能够看见精神存在的女婴。,"지난번 청산에서, 집행자는 한 아기를 데려왔어——정신적 존재를 볼 수 있는 여자 아이였지."
AvgDialog_23856_Content_96,aiRI,avg章5新_AvgDialog_C_M.csv,832,AvgDialog,Content,墨菲,女婴……,여자 아이...
AvgDialog_23856_Content_97,aiRJ,avg章5新_AvgDialog_C_M.csv,833,AvgDialog,Content,戈利亚,她在母亲身体下的暗格待了太久，被教徒找到时，她险些被亲生母亲的血呛死。,"그녀는 어머니의 몸 아래 숨겨진 공간에 너무 오래 있었어, 교도들이 찾았을 때, 그녀는 친어머니의 피에 질식할 뻔했지."
AvgDialog_23856_Content_98,aiRK,avg章5新_AvgDialog_C_M.csv,834,AvgDialog,Content,戈利亚,那个碌碌无为的普通女人，这辈子最大的成就，就是生下了一个素质优秀的女儿，并试图不让她被教会带走。,"그 평범하고 보잘것없는 여인의 평생 가장 큰 업적은, 뛰어난 자질의 딸을 낳고, 교회가 그녀를 데려가지 못하게 하려 했던 거야."
AvgDialog_23856_Content_99,aiRL,avg章5新_AvgDialog_C_M.csv,835,AvgDialog,Content,戈利亚,——多么美妙的母女情谊啊，我都快要为之落泪了。,"——정말 아름다운 모녀의 정이야, 나도 눈물이 날 뻔했네."
AvgDialog_23856_Content_100,aiPD,avg章5新_AvgDialog_C_M.csv,836,AvgDialog,Content,墨菲,戈利亚…你……,골리아... 너...
AvgDialog_23856_Content_101,aiPE,avg章5新_AvgDialog_C_M.csv,837,AvgDialog,Content,墨菲,为什么……为什么要告诉我这些？,왜... 왜 이걸 나한테 말해주는 거야?
AvgDialog_23856_Content_102,aiPF,avg章5新_AvgDialog_C_M.csv,838,AvgDialog,Content,戈利亚,郁郁寡欢可不是什么好事，要知道，你的状态可决定了「神」的生长。,"우울해하는 건 좋은 게 아니지, 네 상태가 「신」의 성장을 결정한다는 걸 알아 두라고."
AvgDialog_23856_Content_103,aiPG,avg章5新_AvgDialog_C_M.csv,839,AvgDialog,Content,戈利亚,下一个星辰正位之时在二十五年后。我估计，弥利亚姆这两天就要来让你沉睡了。,"다음 정위의 순간은 25년 후야. 내 생각엔, 미리암이 조만간 널 재우러 올 거다."
AvgDialog_23856_Content_105,aiPI,avg章5新_AvgDialog_C_M.csv,841,AvgDialog,Content,,戈利亚单方面中止了这场对话，毫无温情可言地拍了拍她的发顶。,"골리아가 일방적으로 대화를 중단하고, 아무런 온정 없이 그녀의 머리를 툭 쳤다."
AvgDialog_23856_Content_106,aiPJ,avg章5新_AvgDialog_C_M.csv,842,AvgDialog,Content,,离开时，他看了一眼被墨菲扔到墙角的木雕。少女的手艺非常差，那木质底座上端坐着的形状肥大而诡异，让人只看一眼就心生厌烦。,"떠날 때, 그는 머피가 구석에 던져놓은 목각을 흘끗 보았다. 소녀의 솜씨는 매우 서툴렀고, 그 나무 받침대 위에 앉아 있는 것은 모양이 뚱뚱하고 기괴해서, 한 번만 봐도 싫증이 났다."
AvgDialog_23856_Content_107,aiPK,avg章5新_AvgDialog_C_M.csv,843,AvgDialog,Content,戈利亚,嗤。,흥.
AvgDialog_23856_Content_108,aiPL,avg章5新_AvgDialog_C_M.csv,844,AvgDialog,Content,,戈利亚离开后，空间变得一片寂静，牢笼中那些待宰的祭品也没有发出丝毫声音。,"골리아가 떠난 후, 공간은 고요해졌고, 우리 안의 제물들도 아무 소리 내지 않았다."
AvgDialog_23856_Content_109,aiPM,avg章5新_AvgDialog_C_M.csv,845,AvgDialog,Content,,墨菲在篝火旁坐了很久，直到光芒渐弱，篝火将熄，她才如梦初醒般拍了拍自己的脸颊。,"머피는 모닥불 옆에 오랫동안 앉아 있었다, 빛이 약해지고 모닥불이 꺼져갈 때쯤, 그녀는 꿈에서 깨어난 듯 자신의 뺨을 쳤다."
AvgDialog_23856_Content_110,aiPO,avg章5新_AvgDialog_C_M.csv,846,AvgDialog,Content,,她对着身边的牢笼狠狠踢了一脚，回想起数月前那个破坏了仪式的女人……那个凭着坚韧毅力，从弥利亚姆手下逃脱的女人。,"그녀는 옆에 있는 우리를 세게 걷어찼다, 몇 달 전 의식을 망친 여자를 떠올리며... 그 끈질긴 의지로, 미리암의 손아귀에서 벗어난 여자를."
AvgDialog_23856_Content_111,aiPP,avg章5新_AvgDialog_C_M.csv,847,AvgDialog,Content,墨菲,……,...
AvgDialog_23856_Content_113,aiPR,avg章5新_AvgDialog_C_M.csv,849,AvgDialog,Content,,"「对不起……」
「我……不想死……」",「죄송해요...」\n「아직... 죽고 싶지 않아...」
AvgDialog_23856_Content_114,aiPS,avg章5新_AvgDialog_C_M.csv,850,AvgDialog,Content,,……,...
AvgDialog_23856_Content_115,aiPT,avg章5新_AvgDialog_C_M.csv,851,AvgDialog,Content,墨菲,我也不想……就这么结束……,나도... 이렇게 끝나고 싶지 않아...
AvgDialog_23857_Content_1,aiRM,avg章5新_AvgDialog_C_M.csv,852,AvgDialog,Content,,命运的种子,운명의 씨앗
AvgDialog_23857_Content_3,aiSi,avg章5新_AvgDialog_C_M.csv,854,AvgDialog,Content,,艾继丝、梅森小姐、莉莉、丽莎……迄今为止，你遇见了不少受到身体改造的人。,"아이기스, 메이슨, 릴리, 리사... 지금까지, 당신은 신체 개조를 받은 사람들을 꽤 많이 만났다."
AvgDialog_23857_Content_4,aiSt,avg章5新_AvgDialog_C_M.csv,855,AvgDialog,Content,,但将<Blue:“神明”>移植进活人的身体里？这实在是……,하지만 <Blue:「신」>을 살아있는 사람의 몸에 이식한다? 그것은 너무나...
AvgDialog_23857_Content_5,aiSA,avg章5新_AvgDialog_C_M.csv,856,AvgDialog,Content,墨菲,你这是什么表情？不相信就算了，我也没指望你一时半会能听懂我的话。,"그 표정은 뭐야? 안 믿으면 됐어, 나도 네가 금방 내 말을 이해할 거라고 기대 안 했으니까."
AvgDialog_23857_Content_6,aiSB,avg章5新_AvgDialog_C_M.csv,857,AvgDialog,Content,玩家,抱歉……只是，这一切都太让人匪夷所思了。,"미안... 그냥, 이 모든 게 너무 황당해서."
AvgDialog_23857_Content_7,aiSC,avg章5新_AvgDialog_C_M.csv,858,AvgDialog,Content,玩家,墨菲，能让我看看那个……“神明”吗？,"머피, 그... 「신」을 좀 볼 수 있을까?"
AvgDialog_23857_Content_8,aiSD,avg章5新_AvgDialog_C_M.csv,859,AvgDialog,Content,墨菲,你还说你没有不相信！,안 믿는 거잖아!
AvgDialog_23857_Content_9,aiSE,avg章5新_AvgDialog_C_M.csv,860,AvgDialog,Content,玩家,我、我只是……,"나, 난 그냥..."
AvgDialog_23857_Content_10,aiRN,avg章5新_AvgDialog_C_M.csv,861,AvgDialog,Content,图鲁,还有多久？,얼마나 남았지?
AvgDialog_23857_Content_11,aiRO,avg章5新_AvgDialog_C_M.csv,862,AvgDialog,Content,墨菲,什么还有多久？,뭐가 얼마나 남았냐고?
AvgDialog_23857_Content_12,aiRP,avg章5新_AvgDialog_C_M.csv,863,AvgDialog,Content,图鲁,神明。距离祂诞生，还有多久？,"신. 그분이 태어날 때까지, 얼마나 남았지?"
AvgDialog_23857_Content_13,aiRQ,avg章5新_AvgDialog_C_M.csv,864,AvgDialog,Content,墨菲,……我不知道。不如你自己确认吧，反正从你对弥利亚姆和戈利亚的态度来看，你也早就牵扯其中了吧。,"...몰라. 네가 직접 확인해 봐, 어차피 미리암과 골리아에 대한 네 태도를 보면, 너도 이미 얽혀 있는 것 같으니까."
AvgDialog_23857_Content_14,aiRR,avg章5新_AvgDialog_C_M.csv,865,AvgDialog,Content,,"墨菲没多忸怩，干脆地动手解起了衣服。
随着前襟最后一颗纽扣的解开，你们看见了少女体内的「神」。","머피는 주저하지 않고, 망설임 없이 옷을 풀기 시작했다. 앞섶의 마지막 단추가 풀리자, 당신들은 소녀의 몸 안에 있는 「신」을 보았다."
AvgDialog_23857_Content_15,aiRS,avg章5新_AvgDialog_C_M.csv,866,AvgDialog,Content,,她前襟下的躯体赫然是透明的，透明肌理拉扯着周遭的皮肤与肌肉，让整块胸腹腔都呈现着灰败衰退的白色。,"그녀의 앞섶 아래 몸은 놀랍게도 투명했다, 투명한 근육 조직이 주위의 피부와 근육을 잡아당겨, 가슴과 복부 전체가 잿빛으로 쇠퇴한 흰색을 띠고 있었다."
AvgDialog_23857_Content_16,aiRT,avg章5新_AvgDialog_C_M.csv,867,AvgDialog,Content,,透明异象让胸腔中的器官一览无余，你看见了一颗薄红色的年轻心脏，以及一颗乳色的「卵」。,"투명한 이변 덕분에 흉강 안의 장기가 훤히 보였다, 당신은 옅은 붉은색의 젊은 심장과, 유백색의 「알」을 보았다."
AvgDialog_23857_Content_17,aiRU,avg章5新_AvgDialog_C_M.csv,868,AvgDialog,Content,,数不尽的细丝从「卵」中伸出，紧密地与墨菲的血管缠绕着，相互依存。,"「알」에서 수많은 가는 실이 뻗어 나와, 머피의 혈관과 촘촘히 얽혀, 서로 의존하고 있었다."
AvgDialog_23857_Content_18,aiRV,avg章5新_AvgDialog_C_M.csv,869,AvgDialog,Content,,若非其存在已经挤压到了墨菲的心脏，祂看起来甚至与透明胸腔浑然一体，不似外物。,"그 존재가 머피의 심장을 압박하지만 않았다면, 그것은 투명한 흉강과 혼연일체로 보여, 이물질 같지 않았을 것이다."
AvgDialog_23857_Content_19,aiRW,avg章5新_AvgDialog_C_M.csv,870,AvgDialog,Content,,祂混沌而安静，刻印其上的倒三角黑纹也一同凝固，如同一尊诡异的艺术品。,"그것은 혼돈스럽고 조용했고, 그 위에 새겨진 역삼각형의 검은 무늬도 함께 굳어, 마치 기괴한 예술품 같았다."
AvgDialog_23857_Content_20,aiRY,avg章5新_AvgDialog_C_M.csv,871,AvgDialog,Content,玩家,融蚀……这个东西已经被融蚀了。,융식... 이 물건은 이미 융식되었어.
AvgDialog_23857_Content_21,aiRZ,avg章5新_AvgDialog_C_M.csv,872,AvgDialog,Content,墨菲,看够了没？,다 봤어?
AvgDialog_23857_Content_22,aiSa,avg章5新_AvgDialog_C_M.csv,873,AvgDialog,Content,玩家,抱歉……请快把衣服整理好吧。,미안... 어서 옷 정리해.
AvgDialog_23857_Content_23,aiSb,avg章5新_AvgDialog_C_M.csv,874,AvgDialog,Content,,墨菲低着头，一边整理着衣服一边看向你。,"머피는 고개를 숙이고, 옷을 정리하며 당신을 쳐다보았다."
AvgDialog_23857_Content_24,aiSc,avg章5新_AvgDialog_C_M.csv,875,AvgDialog,Content,墨菲,你刚刚一直提到“融蚀”，指的就是祂上面那个黑色的伤口吗？,"방금 계속 「융식」이라고 했는데, 그 위에 있는 검은 상처를 말하는 거야?"
AvgDialog_23857_Content_25,aiSd,avg章5新_AvgDialog_C_M.csv,876,AvgDialog,Content,墨菲,前任容器……也就是真正孕育了这个东西的那家伙，身上就全是这样的痕迹。,"이전 그릇... 그러니까 이 물건을 진짜로 잉태했던 그 녀석, 몸에 온통 이런 흔적이 있었어."
AvgDialog_23857_Content_26,aiSe,avg章5新_AvgDialog_C_M.csv,877,AvgDialog,Content,墨菲,如果不是这“融蚀”让前任容器日渐虚弱，我也不会被……,"이 「융식」이 이전 그릇을 점점 약하게 만들지 않았더라면, 나도..."
AvgDialog_23857_Content_27,aiSf,avg章5新_AvgDialog_C_M.csv,878,AvgDialog,Content,,"墨菲声音渐渐低了下去。
她咽下了未说完的话，抬手按着自己胸口，神色晦暗。","머피의 목소리가 점점 작아졌다. 그녀는 다 하지 못한 말을 삼키고, 손을 들어 가슴을 누르며, 표정이 어두워졌다."
AvgDialog_23857_Content_28,aiSg,avg章5新_AvgDialog_C_M.csv,879,AvgDialog,Content,玩家,"图鲁，你也看到了那个神明的样子。
距离祂生长完成，还有多久？","툴루, 너도 그 신의 모습을 봤지. 그것이 성장을 마칠 때까지, 얼마나 남았을까?"
AvgDialog_23857_Content_29,aiSh,avg章5新_AvgDialog_C_M.csv,880,AvgDialog,Content,图鲁,"相当康健，甚至只差最后一步了……
只差用群星指引祂，指引祂撕开容器的身体。","상당히 건강하고, 아마도 마지막 한 단계만 남았다... 오직 별들이 그를 이끌어, 그릇의 몸을 찢게 하는 것만 남았지."
AvgDialog_23857_Content_30,aiSj,avg章5新_AvgDialog_C_M.csv,881,AvgDialog,Content,图鲁,余很惊讶，事到如今你居然还能自如行动。,"놀랍구나, 이 지경에 이르렀는데도 아직 자유롭게 움직일 수 있다니."
AvgDialog_23857_Content_31,aiSk,avg章5新_AvgDialog_C_M.csv,882,AvgDialog,Content,墨菲,是吗…居然已经到了这个时候……,그래... 벌써 그때가 됐구나...
AvgDialog_23857_Content_32,aiSl,avg章5新_AvgDialog_C_M.csv,883,AvgDialog,Content,墨菲,我之所以还没失去意识，是因为<Blue:希莱斯特>帮了我。,"내가 아직 의식을 잃지 않은 건, <Blue:셀레스트>가 도와줬기 때문이야."
AvgDialog_23857_Content_33,aiSm,avg章5新_AvgDialog_C_M.csv,884,AvgDialog,Content,玩家,希莱斯特是？,셀레스트?
AvgDialog_23857_Content_34,aiSn,avg章5新_AvgDialog_C_M.csv,885,AvgDialog,Content,,"墨菲看向回转着奇异流光的天空。
飞鸟在光幕下盘旋，光线扭曲而柔和，隔绝了外部可能的狂风暴雨。","머피는 기이한 빛으로 회전하는 하늘을 바라보았다. 새들이 빛의 막 아래에서 선회하고, 빛은 왜곡되고 부드러우며, 외부의 가능한 폭풍우를 막아주었다."
AvgDialog_23857_Content_36,aiSp,avg章5新_AvgDialog_C_M.csv,887,AvgDialog,Content,墨菲,"船长推测，祂的成长也许与天体运转的规则有关。
所以希莱斯特就以船为中心，制造出了这个与世隔绝的密境。","선장님은 그분의 성장이 아마 천체의 운행 규칙과 관련이 있을 거라고 추측했어. 그래서 셀레스트가 배를 중심으로, 이 세상과 단절된 비경을 만든 거야."
AvgDialog_23857_Content_37,aiSq,avg章5新_AvgDialog_C_M.csv,888,AvgDialog,Content,墨菲,我们猜对了，自从离开了真正的天空，祂就沉寂了下来。只要在船上躲过这一次的「星辰正位之时」，也许祂就会永远休眠下去。,"우리가 맞았어, 진짜 하늘을 떠난 이후로, 그분은 잠잠해졌어. 배 위에서 이번 「정위의 순간」만 넘기면, 아마 영원히 잠들지도 몰라."
AvgDialog_23857_Content_38,aiSr,avg章5新_AvgDialog_C_M.csv,889,AvgDialog,Content,玩家,正是这位希莱斯特构筑出了这个密境，也是她控制着本该沉没的索纳尼尔号航行。,"그 셀레스트가 이 비경을 구축했고, 침몰했어야 할 소나-닐호를 조종하고 있는 거구나."
AvgDialog_23857_Content_39,aiSs,avg章5新_AvgDialog_C_M.csv,890,AvgDialog,Content,玩家,"听起来，她也是一名唤醒体。
等等……她就是你口中“能帮忙找到拉蒙娜”的人？","듣자 하니, 그녀도 각성체인 것 같네. 잠깐... 그녀가 네가 말한 「라모나를 찾는 데 도움이 될 사람」이야?"
AvgDialog_23857_Content_40,aiSu,avg章5新_AvgDialog_C_M.csv,891,AvgDialog,Content,墨菲,没错，这艘船上什么东西都逃不过她的眼睛。,"맞아, 이 배에 있는 건 뭐든 그녀의 눈을 피할 수 없어."
AvgDialog_23857_Content_42,aiSw,avg章5新_AvgDialog_C_M.csv,893,AvgDialog,Content,图鲁,换句话说，无论我们选择先帮你，还是先去救拉蒙娜，这位希莱斯特都是关键。,"다시 말해, 우리가 먼저 너를 돕든, 라모나를 구하러 가든, 이 셀레스트가 핵심이라는 거군."
AvgDialog_23857_Content_43,aiSx,avg章5新_AvgDialog_C_M.csv,894,AvgDialog,Content,,图鲁不再说话，只歪过头看着你，等待你做决定。,"툴루는 더 이상 말하지 않고, 고개를 기울여 당신을 바라보며, 당신의 결정을 기다렸다."
AvgDialog_23857_Content_44,aiSy,avg章5新_AvgDialog_C_M.csv,895,AvgDialog,Content,,没错。不管是让这艘船回到陆地，阻止降神仪式，还是救出拉蒙娜，现在唯一的出路都是找到「希莱斯特」。,"이 배를 육지로 돌려보내든, 강신 의식을 막든, 라모나를 구하든, 지금 유일한 방법은 「셀레스트」를 찾는 것뿐이군."
AvgDialog_23857_Content_45,aiSz,avg章5新_AvgDialog_C_M.csv,896,AvgDialog,Content,玩家,"墨菲，带路吧。
去找船长，去找希莱斯特。","머피, 길을 안내해 줘. 선장님을 찾으러, 셀레스트를 찾으러 가자."
AvgDialog_23842_Content_1,aiFG,avg章5新_AvgDialog_C_M.csv,897,AvgDialog,Content,墨菲,船长和我交代过的安全屋就在这扇门后面。,선장님이 알려준 안전가옥이 이 문 너머에 있어.
AvgDialog_23842_Content_2,aiFR,avg章5新_AvgDialog_C_M.csv,898,AvgDialog,Content,墨菲,当时和他约好的敲门暗号是什么来着……三轻一重？轻轻重轻？,"그때 정한 암호가... 뭐였더라? 가볍게 세 번, 세게 한 번이었나? 아니면, 가볍게, 세게, 가볍게였나?"
AvgDialog_23842_Content_3,aiFV,avg章5新_AvgDialog_C_M.csv,899,AvgDialog,Content,墨菲,——呀！,——앗!
AvgDialog_23842_Content_4,aiFW,avg章5新_AvgDialog_C_M.csv,900,AvgDialog,Content,,就在墨菲绞尽脑汁回想暗号，急得满头大汗时，门猛地被从内打开，一只手把她拉进了门中。,"머피가 암호를 떠올리려 애쓰며 쩔쩔매는 사이, 문이 안쪽에서 갑자기 열리더니 누군가 그녀를 안으로 끌어당겼다."
AvgDialog_23842_Content_5,aiFX,avg章5新_AvgDialog_C_M.csv,901,AvgDialog,Content,,图鲁眼疾手快地扶住了门不让它关上，他和你对视一眼，你们同时闪身进了门中。,"툴루는 재빨리 문을 잡아 닫히지 않게 하고, 당신과 눈을 맞춘 뒤 동시에 문 안으로 들어섰다."
AvgDialog_23842_Content_6,aiFY,avg章5新_AvgDialog_C_M.csv,902,AvgDialog,Content,墨菲,船、船长！太好了，你果然在这里等我……,"서, 선장님! 다행이다. 역시 기다리고 있었네..."
AvgDialog_23842_Content_7,aiFZ,avg章5新_AvgDialog_C_M.csv,903,AvgDialog,Content,,皮肤黝黑，身着船员服饰的中年男人拍了拍墨菲的头表示关心。,까무잡잡한 피부에 선원복을 입은 중년 남성이 다정하게 머피의 머리를 쓰다듬었다.
AvgDialog_23842_Content_8,aiGa,avg章5新_AvgDialog_C_M.csv,904,AvgDialog,Content,船长模样的人,说到做到可是成年人必须遵守的事。,"그래, 약속을 지키는 건 어른의 의무니까."
AvgDialog_23842_Content_9,aiGb,avg章5新_AvgDialog_C_M.csv,905,AvgDialog,Content,船长模样的人,说起来，这两位是？,"그런데, 이 두 사람은 누구지?"
AvgDialog_23842_Content_10,aiFH,avg章5新_AvgDialog_C_M.csv,906,AvgDialog,Content,墨菲,这个带着王冠的臭脸小子叫图鲁，而旁边这个人的名字是……,"이 왕관 쓴 건방진 꼬맹이는 툴루고, 그 옆 사람은..."
AvgDialog_23842_Content_11,aiFI,avg章5新_AvgDialog_C_M.csv,907,AvgDialog,Content,墨菲,……,...
AvgDialog_23842_Content_12,aiFJ,avg章5新_AvgDialog_C_M.csv,908,AvgDialog,Content,墨菲,我、我是不是没有问过你的名字……,"나, 당신 이름을 물어본 적이 없는 것 같네..."
AvgDialog_23842_Content_13,aiFK,avg章5新_AvgDialog_C_M.csv,909,AvgDialog,Content,,墨菲不好意思地挠挠头，躲到了船长身后，把这不合时宜的社交活动扔给了唯一的成年人。,머피는 멋쩍게 머리를 긁적이며 선장 뒤로 숨었다. 그리고 이 어색한 인사를 유일한 어른에게 떠넘겼다.
AvgDialog_23842_Content_14,aiFL,avg章5新_AvgDialog_C_M.csv,910,AvgDialog,Content,玩家,我是%player%，是弥萨格大学的学生。,"저는 %player%, 미사그의 학생입니다."
AvgDialog_23842_Content_15,aiFM,avg章5新_AvgDialog_C_M.csv,911,AvgDialog,Content,玩家,您就是船长吧？我校有记录，曾有一名本校前辈登上过索纳尼尔号。,"선장님이시죠? 저희 학교 기록에 따르면, 예전에 저희 학교 선배가 소나-닐호에 탑승한 적이 있다고 해요."
AvgDialog_23842_Content_16,aiFN,avg章5新_AvgDialog_C_M.csv,912,AvgDialog,Content,,船长从腰包中掏出烟盒，刚捻起最后一撮烟叶，墨菲就轻轻拍在了他的手上。,"선장이 허리춤에서 담뱃갑을 꺼내 마지막 담배 한 개비를 집어 들자, 머피가 가볍게 그의 손을 쳤다."
AvgDialog_23842_Content_17,aiFO,avg章5新_AvgDialog_C_M.csv,913,AvgDialog,Content,墨菲,不是答应过我以后再也不抽烟了吗。,이제 담배 안 피우기로 약속했잖아.
AvgDialog_23842_Content_18,aiFP,avg章5新_AvgDialog_C_M.csv,914,AvgDialog,Content,,船长无奈地笑着，收起了烟盒。,선장은 쓴웃음을 지으며 담뱃갑을 집어넣었다.
AvgDialog_23842_Content_19,aiFQ,avg章5新_AvgDialog_C_M.csv,915,AvgDialog,Content,船长模样的人,"我记得你这身校服。可惜了，现在不是个好时机。
如果换作其他日子登船，我还能给你倒杯酒好好聊聊天。",그 교복은 기억나는군. 하지만 지금은 때가 좋지 않아. 다른 날이었다면 술이라도 한잔하면서 얘기했을 텐데.
AvgDialog_23842_Content_20,aiFS,avg章5新_AvgDialog_C_M.csv,916,AvgDialog,Content,埃尔顿,埃尔顿，我的名字是埃尔顿。,"엘튼, 내 이름은 엘튼이다."
AvgDialog_23842_Content_21,aiFT,avg章5新_AvgDialog_C_M.csv,917,AvgDialog,Content,,在你们自我介绍时，墨菲自己在昏暗舱室里转了一圈。等她再次出现在你们视线中时，满脸都是疑惑。,"자기소개가 오가는 동안, 머피는 어두컴컴한 선실을 한 바퀴 둘러보았다. 다시 모습을 드러냈을 때, 그녀의 얼굴은 의문으로 가득했다."
AvgDialog_23842_Content_22,aiFU,avg章5新_AvgDialog_C_M.csv,918,AvgDialog,Content,墨菲,船长，希莱斯特不在你身边吗？,"선장님, 셀레스트와 함께 있는 것 아니었어요?"
AvgDialog_24081_Content_1,ajfY,avg章5新_AvgDialog_C_M.csv,919,AvgDialog,Content,,另一个奇迹,또 다른 기적
AvgDialog_24081_Content_2,ajgj,avg章5新_AvgDialog_C_M.csv,920,AvgDialog,Content,埃尔顿,希莱斯特……,셀레스트...
AvgDialog_24081_Content_3,ajgn,avg章5新_AvgDialog_C_M.csv,921,AvgDialog,Content,,埃尔顿闭了闭眼，吐烟圈似地长吁一口气，似乎这样就能排尽体内的污秽。,"엘튼은 눈을 감고, 마치 몸 안의 오물을 뱉어내려는 듯 길게 한숨을 내쉬었다."
AvgDialog_24081_Content_5,ajgp,avg章5新_AvgDialog_C_M.csv,923,AvgDialog,Content,墨菲,怎、怎么会？希莱斯特不擅长战斗，万一她……,"어, 어째서? 셀레스트는 싸움을 잘 못하잖아. 만약 그녀가..."
AvgDialog_24081_Content_6,ajgq,avg章5新_AvgDialog_C_M.csv,924,AvgDialog,Content,埃尔顿,她没事，我和她之间的链接很稳定。,그녀는 괜찮아. 그녀와의 링크는 안정적이니까.
AvgDialog_24081_Content_7,ajgr,avg章5新_AvgDialog_C_M.csv,925,AvgDialog,Content,玩家,链接？这么说，这位希莱斯特确实是唤醒体……,"링크? 그럼, 셀레스트는 정말로 각성체..."
AvgDialog_24081_Content_8,ajgs,avg章5新_AvgDialog_C_M.csv,926,AvgDialog,Content,,埃尔顿露出一个苦笑，他又习惯性地想去摸烟盒。但刚拿到那冰冷的小铝盒，他的手就猛地抖了一下，盒子摔在地上，洒了满地烟叶。,"엘튼은 쓴웃음을 지으며, 습관적으로 담뱃갑을 더듬었다. 하지만 차가운 알루미늄 갑을 잡자마자 손이 심하게 떨렸고, 갑이 바닥에 떨어져 담뱃잎이 쏟아져 나왔다."
AvgDialog_24081_Content_9,ajgt,avg章5新_AvgDialog_C_M.csv,927,AvgDialog,Content,,你突然注意到，埃尔顿的双手都在颤抖，不知道是惊魂未定，还是身心都已经疲惫到了极点。,"당신은 문득 엘튼의 두 손이 떨리고 있다는 것을 알아차렸다. 아직 충격에서 벗어나지 못한 탓인지, 아니면 심신이 극도로 지친 탓인지 알 수 없었다."
AvgDialog_24081_Content_10,ajfZ,avg章5新_AvgDialog_C_M.csv,928,AvgDialog,Content,玩家,船长，你全身都在发抖。,"선장님, 온몸을 떨고 계세요."
AvgDialog_24081_Content_11,ajga,avg章5新_AvgDialog_C_M.csv,929,AvgDialog,Content,埃尔顿,……老毛病了。毕竟和弥萨格百里挑一的学生不一样，我是个普通人，既没有什么顽强的精神力，也没法看见<Yellow:融蚀>。,"...오랜 버릇이야. 미사그의 우수한 학생들과는 달리, 난 평범한 인간이라 강한 정신력도 없고, <Yellow:융식>도 볼 수 없어."
AvgDialog_24081_Content_12,ajgb,avg章5新_AvgDialog_C_M.csv,930,AvgDialog,Content,玩家,意识作为唤醒体重生的过程中，会不可避免地被未知存在污染，正是这份污染造成了他们的失控。,"각성체로 다시 태어나는 과정에서, 의식은 필연적으로 미지의 존재에 오염되고, 이 오염이 그들의 폭주를 유발하죠."
AvgDialog_24081_Content_13,ajgc,avg章5新_AvgDialog_C_M.csv,931,AvgDialog,Content,玩家,链接是压制失控的方法之一，但进行链接的如果是没有天赋的普通人……,"링크는 폭주를 억제하는 방법 중 하나지만, 재능 없는 평범한 인간이 링크하면..."
AvgDialog_24081_Content_14,ajgd,avg章5新_AvgDialog_C_M.csv,932,AvgDialog,Content,墨菲,你们在说什么东西？什么失控？,무슨 소리 하는 거야? 폭주라니?
AvgDialog_24081_Content_15,ajge,avg章5新_AvgDialog_C_M.csv,933,AvgDialog,Content,,埃尔顿接过墨菲捡起的烟盒，看着她将烟叶偷偷往角落踢的小动作，哑然笑了出来。,"엘튼은 머피가 주워준 담뱃갑을 받으며, 그녀가 담뱃잎을 몰래 구석으로 차내는 작은 행동을 보고 쓴웃음을 지었다."
AvgDialog_24081_Content_16,ajgf,avg章5新_AvgDialog_C_M.csv,934,AvgDialog,Content,埃尔顿,是说如果不找到希莱斯特，这艘船可能会失控沉没。,"셀레스트를 찾지 못하면, 이 배가 통제 불능 상태가 되어 침몰할 수도 있다는 뜻이다."
AvgDialog_24081_Content_17,ajgg,avg章5新_AvgDialog_C_M.csv,935,AvgDialog,Content,,墨菲一张脸迅速垮了下来，嘴唇嗫嚅着不知道该说什么好。,"머피의 얼굴이 순식간에 굳어지고, 입술을 우물쭈물하며 무슨 말을 해야 할지 모르는 듯했다."
AvgDialog_24081_Content_18,ajgh,avg章5新_AvgDialog_C_M.csv,936,AvgDialog,Content,埃尔顿,好了，好了，别怕。,"괜찮아, 괜찮아, 무서워하지 마."
AvgDialog_24081_Content_19,ajgi,avg章5新_AvgDialog_C_M.csv,937,AvgDialog,Content,,他安抚性地拍了拍墨菲僵硬的脑袋，转头看向你和图鲁。,"그는 머피의 굳은 머리를 위로하듯 토닥이고, 당신과 툴루를 향해 돌아섰다."
AvgDialog_24081_Content_20,ajgk,avg章5新_AvgDialog_C_M.csv,938,AvgDialog,Content,埃尔顿,我能感觉到希莱斯特的大致方位。你们能带墨菲一路找到我，相信帮我找到希莱斯特也不在话下，对吗？,"셀레스트의 대략적인 위치는 알 수 있어. 자네들이 머피를 데리고 여기까지 온 걸 보니, 셀레스트를 찾는 것도 문제없겠지, 안 그래?"
AvgDialog_24081_Content_21,ajgl,avg章5新_AvgDialog_C_M.csv,939,AvgDialog,Content,玩家,图鲁，可以吗？,"툴루, 괜찮겠어?"
AvgDialog_24081_Content_22,ajgm,avg章5新_AvgDialog_C_M.csv,940,AvgDialog,Content,,图鲁没有回答，而是转身拉开了安全屋的门，示意由他走在最前面。,"툴루는 대답 대신, 안전가옥의 문을 열고 자신이 앞장서겠다는 뜻을 보였다."
AvgDialog_24082_Content_1,ajgu,avg章5新_AvgDialog_C_M.csv,941,AvgDialog,Content,玩家,图鲁，你在看什么？,"툴루, 뭘 보고 있어?"
AvgDialog_24082_Content_2,ajgB,avg章5新_AvgDialog_C_M.csv,942,AvgDialog,Content,,解决掉又一茬敌人后，图鲁突然驻足在了船舷边，皱眉打量起了将整艘船都包裹着的密境边界。,"또 한 무리의 적을 처리한 후, 툴루는 갑자기 뱃전에 멈춰 서서, 배 전체를 감싸고 있는 비경의 경계를 미간을 찌푸리며 살폈다."
AvgDialog_24082_Content_3,ajgC,avg章5新_AvgDialog_C_M.csv,943,AvgDialog,Content,图鲁,密境的存在变弱了。,비경의 존재가 약해지고 있다.
AvgDialog_24082_Content_4,ajgD,avg章5新_AvgDialog_C_M.csv,944,AvgDialog,Content,,为了远离船上的危险气压，飞鸟盘旋的队伍四散崩离，海鸟们直直冲向了异色的光——,"배 위의 위험한 기압을 피하기 위해, 선회하던 새 떼가 흩어지더니, 바닷새들이 이색적인 빛을 향해 똑바로 돌진했다——"
AvgDialog_24082_Content_5,ajgE,avg章5新_AvgDialog_C_M.csv,945,AvgDialog,Content,,一只，两只，三只……它们列队撞向天幕，渴望逃离这片空间，却无一不被密境边界柔和地挡了回来。,"한 마리, 두 마리, 세 마리... 그것들은 줄지어 하늘 장막에 부딪히며, 이 공간에서 벗어나려 했지만, 하나같이 비경의 경계에 부드럽게 막혔다."
AvgDialog_24082_Content_6,ajgF,avg章5新_AvgDialog_C_M.csv,946,AvgDialog,Content,,密境在海鸟接二连三的撞击下，竟变得透明了起来，露出了极近极圆的满月。,"비경은 바닷새들의 잇따른 충돌에, 이내 투명해지더니, 아주 가깝고 둥근 보름달을 드러냈다."
AvgDialog_24082_Content_7,ajgG,avg章5新_AvgDialog_C_M.csv,947,AvgDialog,Content,,这瞬间转眼即逝，却被所有人精准地捕捉——,"그 순간은 눈 깜짝할 사이에 지나갔지만, 모두가 정확히 포착했다——"
AvgDialog_24082_Content_8,ajgH,avg章5新_AvgDialog_C_M.csv,948,AvgDialog,Content,玩家,刚才是不是……密境消失了一瞬间？,방금... 비경이 순간적으로 사라진 거 아니야?
AvgDialog_24082_Content_9,ajgI,avg章5新_AvgDialog_C_M.csv,949,AvgDialog,Content,埃尔顿,不、不可能！希莱斯特明明不会……,"아, 아닐 거야! 셀레스트가 그럴 리가..."
AvgDialog_24082_Content_10,ajgv,avg章5新_AvgDialog_C_M.csv,950,AvgDialog,Content,图鲁,"链接者的心身难以支持唤醒体施展能力。
撑起能够隔绝天体牵引的密境，那名唤醒体恐怕已经竭尽全力了。","링크한 인간의 심신이 각성체의 능력을 버티지 못하고 있구나. 천체의 인력을 차단하는 비경을 유지하기 위해, 저 각성체는 아마 전력을 다하고 있을 것이다."
AvgDialog_24082_Content_11,ajgw,avg章5新_AvgDialog_C_M.csv,951,AvgDialog,Content,玩家,隔绝天体牵引……墨菲！,천체의 인력을 차단... 머피!
AvgDialog_24082_Content_12,ajgx,avg章5新_AvgDialog_C_M.csv,952,AvgDialog,Content,,众人在你的喊声中回头看向墨菲，她死死抓着冬装的前襟，手指止不住地抽搐。,"당신의 외침에 모두가 머피를 돌아보았고, 그녀는 겨울옷 앞섶을 단단히 움켜쥔 채 손가락이 멈추지 않고 경련했다."
AvgDialog_24082_Content_13,ajgy,avg章5新_AvgDialog_C_M.csv,953,AvgDialog,Content,,她无助地仰头，喉间软骨痛苦蠕动着。气息的每一次进出都烧灼着肺叶，每个细胞都在刺激下颤抖。,"그녀는 무력하게 고개를 들고, 목의 연골이 고통스럽게 꿈틀거렸다. 숨을 쉴 때마다 폐가 타는 듯했고, 모든 세포가 자극에 떨렸다."
AvgDialog_24082_Content_14,ajgz,avg章5新_AvgDialog_C_M.csv,954,AvgDialog,Content,玩家,墨菲？！,머피?!
AvgDialog_24082_Content_15,ajgA,avg章5新_AvgDialog_C_M.csv,955,AvgDialog,Content,埃尔顿,她的情况不对劲，快把这些闻着味道追来的东西解决掉。,"그녀의 상태가 이상하군, 냄새를 맡고 쫓아온 것들을 빨리 처리해야 해."
AvgDialog_24084_Content_1,ajgU,avg章5新_AvgDialog_C_M.csv,956,AvgDialog,Content,,你让墨菲躺在了你的大腿上。她全身的肌肉无比僵硬，你感觉像抱着一座石雕。,당신은 머피를 무릎에 눕혔다. 그녀의 온몸 근육은 돌 조각상을 안고 있는 것처럼 딱딱했다.
AvgDialog_24084_Content_2,ajhf,avg章5新_AvgDialog_C_M.csv,957,AvgDialog,Content,玩家,船长，你知道她这是怎么了吗？,"선장님, 그녀가 왜 이러는지 아세요?"
AvgDialog_24084_Content_3,ajhq,avg章5新_AvgDialog_C_M.csv,958,AvgDialog,Content,埃尔顿,神明…她体内的神明……,신... 그녀 몸 안의 신이...
AvgDialog_24084_Content_4,ajhB,avg章5新_AvgDialog_C_M.csv,959,AvgDialog,Content,,图鲁闻言神色微变，一根触手在他的控制中卷上了墨菲的左臂。,"툴루는 그 말에 표정이 미세하게 변했고, 그의 조종 아래 촉수 하나가 머피의 왼팔에 감겼다."
AvgDialog_24084_Content_5,ajhM,avg章5新_AvgDialog_C_M.csv,960,AvgDialog,Content,图鲁,噤声。,조용히 해라.
AvgDialog_24084_Content_6,ajhQ,avg章5新_AvgDialog_C_M.csv,961,AvgDialog,Content,,图鲁闭眼感受着触手传递的信息。一时间，除了海浪拍打船体的声响外，甲板上就只剩墨菲痛苦的呜咽。,"툴루는 눈을 감고 촉수를 통해 전해지는 정보를 느꼈다. 잠시 동안, 파도가 뱃전을 치는 소리 외에는, 갑판에는 머피의 고통스러운 신음 소리만 들렸다."
AvgDialog_24084_Content_7,ajhR,avg章5新_AvgDialog_C_M.csv,962,AvgDialog,Content,,数秒的时间变得格外漫长，在理智快要难以忍耐的上一刻，图鲁终于收回了触手。,"몇 초의 시간이 유난히 길게 느껴졌고, 이성이 참을 수 없을 지경에 이르기 직전, 툴루가 마침내 촉수를 거두었다."
AvgDialog_24084_Content_8,ajhS,avg章5新_AvgDialog_C_M.csv,963,AvgDialog,Content,埃尔顿,她怎么样了？,그녀는 어떻죠?
AvgDialog_24084_Content_9,ajhT,avg章5新_AvgDialog_C_M.csv,964,AvgDialog,Content,图鲁,密境消失的那一秒，她体内的「伪神」受到了强烈的吸引。,"비경이 사라진 순간, 그녀 몸 안의 「가짜 신」이 강한 인력을 받았다."
AvgDialog_24084_Content_10,ajgV,avg章5新_AvgDialog_C_M.csv,965,AvgDialog,Content,图鲁,她应该在密境中待了太久，才会反应如此强烈。现在密境再度趋于稳定，她很快就会恢复。,"그녀가 비경에 너무 오래 있어서, 반응이 이렇게 강렬했던 것이다. 이제 비경이 다시 안정되고 있으니, 곧 회복될 것이다."
AvgDialog_24084_Content_11,ajgW,avg章5新_AvgDialog_C_M.csv,966,AvgDialog,Content,,图鲁话音未落，墨菲就大汗淋漓地坐了起来。她摸着自己的心口，脸色茫然。,"툴루의 말이 채 끝나기도 전에, 머피가 땀에 흠뻑 젖은 채 일어났다. 그녀는 자신의 가슴을 만지며, 멍한 표정을 지었다."
AvgDialog_24084_Content_12,ajgX,avg章5新_AvgDialog_C_M.csv,967,AvgDialog,Content,墨菲,我…我还活着……,나... 아직 살아있어...
AvgDialog_24084_Content_13,ajgY,avg章5新_AvgDialog_C_M.csv,968,AvgDialog,Content,图鲁,要赶紧将祂取出来。就算这个密境能阻止天体对祂的牵引，但祂的存在本身对你而言就是负担。,"빨리 그것을 꺼내야 한다. 이 비경이 천체의 인력을 막을 수는 있어도, 그 존재 자체가 너에게는 부담이다."
AvgDialog_24084_Content_14,ajgZ,avg章5新_AvgDialog_C_M.csv,969,AvgDialog,Content,墨菲,说得简单……,말은 쉽지...
AvgDialog_24084_Content_15,ajha,avg章5新_AvgDialog_C_M.csv,970,AvgDialog,Content,,你回想起了寄生在她心脏上的异物。,당신은 그녀의 심장에 기생하는 이물질을 떠올렸다.
AvgDialog_24084_Content_16,ajhb,avg章5新_AvgDialog_C_M.csv,971,AvgDialog,Content,,血管和她的主动脉融在了一起，就算是伦蒂尼恩最高明的外科医生都无法保证能完成这样的手术。,"혈관이 그녀의 대동맥과 하나로 합쳐져 있어, 론디니움 최고의 외과 의사라도 이런 수술을 성공시킨다고 장담할 수 없을 것이다."
AvgDialog_24084_Content_17,ajhc,avg章5新_AvgDialog_C_M.csv,972,AvgDialog,Content,,索纳尼尔号密境阻止了天体的影响，那是否有其他办法，能为墨菲争取到更多的时间……,"소나-닐호의 비경이 천체의 영향을 막았다면, 다른 방법으로 머피에게 더 많은 시간을 벌어줄 수는 없을까..."
AvgDialog_24084_Content_18,ajhd,avg章5新_AvgDialog_C_M.csv,973,AvgDialog,Content,玩家,时间……时间…停止……,시간... 시간... 정지...
AvgDialog_24084_Content_19,ajhe,avg章5新_AvgDialog_C_M.csv,974,AvgDialog,Content,埃尔顿,墨菲……,머피...
AvgDialog_24084_Content_20,ajhg,avg章5新_AvgDialog_C_M.csv,975,AvgDialog,Content,,船长扶起她的动作缓慢而慎重，像对待一尊瓷器般小心翼翼。,선장이 그녀를 일으키는 동작은 도자기를 다루듯 느리고 신중했다.
AvgDialog_24084_Content_21,ajhh,avg章5新_AvgDialog_C_M.csv,976,AvgDialog,Content,埃尔顿,学生，我看你刚刚在想什么，你有解决办法吗？,"학생, 아까부터 뭘 생각하는 것 같은데, 해결책이라도 있나?"
AvgDialog_24084_Content_22,ajhi,avg章5新_AvgDialog_C_M.csv,977,AvgDialog,Content,玩家,不算解决办法……而且很危险。,해결책이라고 할 수는 없고... 게다가 위험해요.
AvgDialog_24084_Content_23,ajhj,avg章5新_AvgDialog_C_M.csv,978,AvgDialog,Content,埃尔顿,"事到如今，也没法估计危不危险了。
你尽管说，只要是能让墨菲脱离危险……","이 지경에 이르러서, 위험한지 아닌지를 따질 때가 아니야. 말해 보게, 머피를 위험에서 벗어나게 할 수만 있다면..."
AvgDialog_24084_Content_24,ajhk,avg章5新_AvgDialog_C_M.csv,979,AvgDialog,Content,玩家,弥萨格大学正在进行“时间停止”的研究。,미사그에서는 「시간 정지」 연구를 진행하고 있어요.
AvgDialog_24084_Content_25,ajhl,avg章5新_AvgDialog_C_M.csv,980,AvgDialog,Content,图鲁,难道说是你们从拉伊疗养院带回来的那个符文……,설마 너희가 라이 요양원에서 가져온 그 룬 문자인가...
AvgDialog_24084_Content_26,ajhm,avg章5新_AvgDialog_C_M.csv,981,AvgDialog,Content,玩家,没错。朵尔和温柯尔女士正在研究那个符文，希望能制造出不被<Red:维度之犬>追猎的空间用于实验。,"맞아. 돌과 웬코르 씨가 그 룬 문자를 연구해서, <Red:차원의 사냥개>에게 쫓기지 않는 공간을 실험용으로 만들려고 해."
AvgDialog_24084_Content_27,ajhn,avg章5新_AvgDialog_C_M.csv,982,AvgDialog,Content,玩家,研究已经初具雏形，我们这次出发前，温柯尔女士已经在着手准备动物实验了。,"연구는 이미 초기 단계에 접어들었고, 우리가 출발하기 전, 웬코르 씨는 동물 실험 준비에 착수했어."
AvgDialog_24084_Content_28,ajho,avg章5新_AvgDialog_C_M.csv,983,AvgDialog,Content,墨菲,不用白费心思了。,헛수고하지 마.
AvgDialog_24084_Content_29,ajhp,avg章5新_AvgDialog_C_M.csv,984,AvgDialog,Content,墨菲,"你们的学校……总不能在海上吧。
从这里回到陆地，再赶回你们的学校……来不及的。","너희 학교... 바다 위에 있는 건 아니잖아. 여기서 육지로 돌아가서, 너희 학교까지 달려가기엔... 시간이 없어."
AvgDialog_24084_Content_30,ajhr,avg章5新_AvgDialog_C_M.csv,985,AvgDialog,Content,墨菲,更何况希莱斯特还……如果她落到了那个女人手上，这艘船能否靠岸都还是未知数。,"게다가 셀레스트는 아직... 만약 그녀가 그 여자 손에 떨어졌다면, 이 배가 해안에 닿을 수 있을지도 미지수야."
AvgDialog_24084_Content_31,ajhs,avg章5新_AvgDialog_C_M.csv,986,AvgDialog,Content,玩家,所以我们要加快速度了。船长，你能为我指出希莱斯特所在的大致方位吗？我和图鲁会想办法找到她，你和墨菲就先躲回安全屋吧。,"그래서 서둘러야 해. 선장님, 셀레스트가 있는 대략적인 위치를 알려줄 수 있어? 나와 툴루가 그녀를 찾아볼게, 당신과 머피는 일단 안전가옥으로 돌아가."
AvgDialog_24084_Content_32,ajht,avg章5新_AvgDialog_C_M.csv,987,AvgDialog,Content,埃尔顿,不行！,안 된다!
AvgDialog_24084_Content_33,ajhu,avg章5新_AvgDialog_C_M.csv,988,AvgDialog,Content,墨菲,船、船长？,"서, 선장님?"
AvgDialog_24084_Content_34,ajhv,avg章5新_AvgDialog_C_M.csv,989,AvgDialog,Content,,埃尔顿意识到了自己的失态，他颤抖着去摸烟盒，却直到打开盒子时才想起烟叶早就飘到了够不到的地方。,"엘튼은 자신의 실수를 깨닫고, 떨리는 손으로 담뱃갑을 더듬었지만, 갑을 열었을 때야 담뱃잎이 이미 닿을 수 없는 곳으로 흩어졌다는 것을 떠올렸다."
AvgDialog_24084_Content_35,ajhw,avg章5新_AvgDialog_C_M.csv,990,AvgDialog,Content,埃尔顿,……别去找希莱斯特。,...셀레스트를 찾지 마라.
AvgDialog_24084_Content_36,ajhx,avg章5新_AvgDialog_C_M.csv,991,AvgDialog,Content,墨菲,为什么？船长你是不是知道什么？,"왜? 선장님, 뭐 아는 거라도 있어?"
AvgDialog_24084_Content_37,ajhy,avg章5新_AvgDialog_C_M.csv,992,AvgDialog,Content,,埃尔顿松开搀扶着墨菲的手，后退了两步，他低头看着你们，高大的身影半数隐藏在了阴影中。,"엘튼은 머피를 부축하던 손을 놓고, 두 걸음 물러섰다. 그는 당신들을 내려다보았고, 그의 큰 키의 절반은 그림자에 가려져 있었다."
AvgDialog_24084_Content_38,ajhz,avg章5新_AvgDialog_C_M.csv,993,AvgDialog,Content,埃尔顿,希莱斯特……在弥利亚姆手里。,셀레스트는... 미리암 손에 있어.
AvgDialog_24084_Content_39,ajhA,avg章5新_AvgDialog_C_M.csv,994,AvgDialog,Content,玩家,什么？！,뭐라구요?!
AvgDialog_24084_Content_40,ajhC,avg章5新_AvgDialog_C_M.csv,995,AvgDialog,Content,埃尔顿,那个巨人…戈利亚，一登船就找到了我和希莱斯特，我们被他带到了弥利亚姆面前……,"그 거인... 골리아가 배에 오르자마자 나와 셀레스트를 찾아내, 우리를 미리암 앞으로 데려갔어..."
AvgDialog_24084_Content_41,ajhD,avg章5新_AvgDialog_C_M.csv,996,AvgDialog,Content,弥利亚姆,感怀于你我皆为流荡失离之人，我将逝者现世之法渡让于你。,"당신과 제가 모두 떠도는 신세라는 것에 감동하여, 저는 죽은 자를 현세에 나타나게 하는 법을 당신에게 넘겨주었습니다."
AvgDialog_24084_Content_42,ajhE,avg章5新_AvgDialog_C_M.csv,997,AvgDialog,Content,弥利亚姆,她的出现，代表你的夙愿得偿，想必你已得到了足够的、来自逝去亲眷的慰藉……,"그녀의 등장은, 당신의 숙원이 이루어졌음을 의미하며, 당신은 이미 죽은 친족으로부터 충분한 위안을 얻었을 것입니다..."
AvgDialog_24084_Content_43,ajhF,avg章5新_AvgDialog_C_M.csv,998,AvgDialog,Content,弥利亚姆,"而我的愿望，伟大神明寄予我的厚望，就是那个孩子。
将圣女……不，将神母还给我。","그리고 저의 소원, 위대한 신이 제게 부여한 큰 기대는, 바로 저 아이입니다. 성녀를... 아니, 신모를 제게 돌려주십시오."
AvgDialog_24084_Content_44,ajhG,avg章5新_AvgDialog_C_M.csv,999,AvgDialog,Content,弥利亚姆,以主祭之身许诺，吾神重生，神国再临之时……你亦将步入神国，寻得永恒安乐。,"주제의 몸으로 약속하건대, 나의 신이 부활하고 신국이 재림할 때... 당신 또한 신국에 들어가, 영원한 안락을 얻게 될 것입니다."
AvgDialog_24084_Content_45,ajhH,avg章5新_AvgDialog_C_M.csv,1000,AvgDialog,Content,埃尔顿,"主祭大人，得知神母失踪的消息，我也很惊讶。
但我已经说过了，神母不在船上。","주제님, 신모가 실종되었다는 소식을 듣고, 저도 놀랐습니다. 하지만 이미 말씀드렸듯이, 신모는 배에 없습니다."
AvgDialog_24084_Content_46,ajhI,avg章5新_AvgDialog_C_M.csv,1001,AvgDialog,Content,弥利亚姆,何苦惺惺作态，故作愚人之姿？,"어찌하여 어리석은 척하며, 위선을 부리십니까?"
AvgDialog_24084_Content_47,ajhJ,avg章5新_AvgDialog_C_M.csv,1002,AvgDialog,Content,弥利亚姆,"我曾无比欣赏你的聪颖与执着，是什么改变了你对我的忠诚？
是这具<Blue:魔像>吗？如此弱小而缥缈……",저는 당신의 총명함과 집념을 높이 평가했었습니다. 무엇이 당신의 나에 대한 충성을 바꾸었습니까? 이 <Blue:골렘>입니까? 이토록 약하고 덧없는...
AvgDialog_24084_Content_48,ajhK,avg章5新_AvgDialog_C_M.csv,1003,AvgDialog,Content,埃尔顿,一切都是我下的决定，我才是这艘船的主人。希莱斯特几乎没有自我意识，何谈改变我？,"모든 것은 제가 내린 결정입니다. 제가 이 배의 주인이죠. 셀레스트는 거의 자의식이 없는데, 어찌 저를 바꿀 수 있겠나?"
AvgDialog_24084_Content_49,ajhL,avg章5新_AvgDialog_C_M.csv,1004,AvgDialog,Content,弥利亚姆,是吗？我能让你唤醒她，我也能让她变回一抔银沙。,"그런가요? 그녀를 깨어나게 할 수 있다면, 그녀를 다시 한 줌의 은모래로 되돌릴 수도 있습니다."
AvgDialog_24084_Content_50,ajhN,avg章5新_AvgDialog_C_M.csv,1005,AvgDialog,Content,埃尔顿,你……！,당신...!
AvgDialog_24084_Content_51,ajhO,avg章5新_AvgDialog_C_M.csv,1006,AvgDialog,Content,弥利亚姆,找到神母，将她全须全尾地带回我身边。,"신모를 찾아, 온전히 내 곁으로 데려오십시오."
AvgDialog_24084_Content_52,ajhP,avg章5新_AvgDialog_C_M.csv,1007,AvgDialog,Content,弥利亚姆,这是你最后的机会，埃尔顿。,"이것이 당신의 마지막 기회입니다, 엘튼."
AvgDialog_24079_Content_1,ajeB,avg章5新_AvgDialog_C_M.csv,1008,AvgDialog,Content,,追逐繁星,별을 쫓아서
AvgDialog_24079_Content_2,ajeM,avg章5新_AvgDialog_C_M.csv,1009,AvgDialog,Content,,"外海货轮·索纳尼尔号
动力室",외해 화물선 소나-닐호\n동력실
AvgDialog_24079_Content_4,ajfi,avg章5新_AvgDialog_C_M.csv,1011,AvgDialog,Content,拉蒙娜,<Gray:动力室只有一个出入口，从我的位置全力冲过去应该只需要7秒，但是……>,"<Gray:동력실은 출입구가 하나뿐이야, 내 위치에서 전력으로 달려가면 7초면 되겠지만...>"
AvgDialog_24079_Content_5,ajft,avg章5新_AvgDialog_C_M.csv,1012,AvgDialog,Content,,她倾身揉了揉脚踝，虽然紧急处理了脱臼的关节，但伤处还是无可避免地肿了起来。只是简单的触碰，都能带来火烧般的疼痛。,"그녀는 몸을 숙여 발목을 주물렀다. 탈구된 관절을 응급 처치했지만, 상처 부위는 어쩔 수 없이 부어올랐다. 그냥 간단히 만지기만 해도, 불타는 듯한 통증이 느껴졌다."
AvgDialog_24079_Content_6,ajfE,avg章5新_AvgDialog_C_M.csv,1013,AvgDialog,Content,拉蒙娜,<Gray:疼痛指数在4级左右，按照我本学期的运动功能缺损评估来看，速度会降低20%……>,"<Gray:통증 지수는 4등급 정도, 이번 학기 운동 기능 손상 평가로 보면, 속도가 20% 감소할 거야...>"
AvgDialog_24079_Content_8,ajfP,avg章5新_AvgDialog_C_M.csv,1015,AvgDialog,Content,拉蒙娜,<Gray:况且……这家伙也看得太紧了吧。>,"<Gray:게다가... 이 녀석, 감시가 너무 철저해.>"
AvgDialog_24079_Content_10,ajeC,avg章5新_AvgDialog_C_M.csv,1017,AvgDialog,Content,,拉蒙娜每次一有动作，哪怕只是换了个坐姿缓解疼痛，凯刻斯都会投来警惕的目光，将武器对准她。,"라모나가 움직일 때마다, 심지어 통증을 완화하기 위해 앉는 자세를 바꿀 때조차, 카이커스는 경계의 눈빛을 보내며 무기를 그녀에게 겨눴다."
AvgDialog_24079_Content_11,ajeD,avg章5新_AvgDialog_C_M.csv,1018,AvgDialog,Content,拉蒙娜,凯刻斯，你……,"카이커스, 너..."
AvgDialog_24079_Content_12,ajeE,avg章5新_AvgDialog_C_M.csv,1019,AvgDialog,Content,凯刻斯,"老实点！
不要妄图在弥利亚姆大人眼下做小动作了，我会看好你。","얌전히 있어! 미리암 님 눈앞에서 잔꾀 부릴 생각 마라, 내가 널 지켜볼 테니."
AvgDialog_24079_Content_13,ajeF,avg章5新_AvgDialog_C_M.csv,1020,AvgDialog,Content,拉蒙娜,<Gray:……完全拒绝了和我沟通，是因为在害怕弥利亚姆吗？>,"<Gray:...나와의 소통을 완전히 거부하네, 미리암을 두려워해서인가?>"
AvgDialog_24079_Content_14,ajeG,avg章5新_AvgDialog_C_M.csv,1021,AvgDialog,Content,拉蒙娜,<Gray:以唤醒体之身链接唤醒体的存在，这位弥利亚姆，究竟是何方神圣……>,"<Gray:각성체의 몸으로 각성체와 링크하다니, 미리암이라는 여자, 대체 정체가 뭐지...>"
AvgDialog_24079_Content_15,ajeH,avg章5新_AvgDialog_C_M.csv,1022,AvgDialog,Content,,拉蒙娜长舒一口气，调整呼吸节奏以让自己忽略脚踝若有似无的疼痛。同时认真观察着动力室内的情形，生怕错过任何可乘之机。,"라모나는 긴 한숨을 내쉬고, 호흡 리듬을 조절하여 발목의 희미한 통증을 무시하려 했다. 동시에 동력실 안의 상황을 진지하게 관찰하며, 어떤 기회도 놓치지 않으려 했다."
AvgDialog_24079_Content_16,ajeI,avg章5新_AvgDialog_C_M.csv,1023,AvgDialog,Content,,锁芯转动声响起时，浑身肌肉都随之紧绷了起来。,"자물쇠가 돌아가는 소리가 들리자, 온몸의 근육이 그에 따라 팽팽해졌다."
AvgDialog_24079_Content_17,ajeJ,avg章5新_AvgDialog_C_M.csv,1024,AvgDialog,Content,提灯女性1,咳、咳咳……一股陈旧的腐朽气息。,"콜록, 콜록... 낡고 썩은 냄새가 나네."
AvgDialog_24079_Content_19,ajeL,avg章5新_AvgDialog_C_M.csv,1026,AvgDialog,Content,男性教徒,别走那么快，你多少搭把手吧！我手上牵着的可是个唤醒体啊！,"그렇게 빨리 가지 마, 좀 도와줘! 내가 데리고 있는 건 각성체라고!"
AvgDialog_24079_Content_20,ajeN,avg章5新_AvgDialog_C_M.csv,1027,AvgDialog,Content,,唤醒体？,각성체?
AvgDialog_24079_Content_21,ajeO,avg章5新_AvgDialog_C_M.csv,1028,AvgDialog,Content,,拉蒙娜猛地抬头看向门边，一名白裙少女正被那黑衣教徒桎梏着，却也抬头迎上了拉蒙娜的目光。,"라모나가 갑자기 고개를 들어 문가를 쳐다보았다. 흰 드레스를 입은 소녀가 그 검은 옷의 교도에게 묶여 있었지만, 고개를 들어 라모나의 시선을 마주했다."
AvgDialog_24079_Content_22,ajeP,avg章5新_AvgDialog_C_M.csv,1029,AvgDialog,Content,,无垢，高洁，超脱，脆弱，无数形容词从拉蒙娜脑中闪过。,"순수, 고결, 초월, 연약, 수많은 형용사가 라모나의 머릿속을 스쳐 지나갔다."
AvgDialog_24079_Content_23,ajeQ,avg章5新_AvgDialog_C_M.csv,1030,AvgDialog,Content,希莱斯特？,……人类。,...인간.
AvgDialog_24079_Content_24,ajeR,avg章5新_AvgDialog_C_M.csv,1031,AvgDialog,Content,,黑裙教徒推了唤醒体少女一把，后者收起了那微微惊讶的神情，再度变得无悲、无喜。,"검은 옷의 교도가 각성체 소녀를 한번 밀자, 후자는 그 희미하게 놀란 표정을 거두고, 다시 무표정, 무감정으로 돌아갔다."
AvgDialog_24079_Content_25,ajeS,avg章5新_AvgDialog_C_M.csv,1032,AvgDialog,Content,提灯女性1,你在担心什么呢？她的威胁性要是能高于你，弥利亚姆还会让我们押送她回临时据点吗？,"뭘 걱정하는 거야? 그녀의 위협성이 너보다 높았다면, 미리암이 우리에게 그녀를 임시 거점으로 호송하게 했겠어?"
AvgDialog_24079_Content_26,ajeT,avg章5新_AvgDialog_C_M.csv,1033,AvgDialog,Content,提灯女性1,"哼…居然在此等破落、脏污之地筑巢。
这些野蛮人，真是不讲究。","흥... 이런 낡고 더러운 곳에 둥지를 틀다니. 이 야만인들, 정말 세련되지 못해."
AvgDialog_24079_Content_27,ajeU,avg章5新_AvgDialog_C_M.csv,1034,AvgDialog,Content,男性教徒,"行啦行啦，等完成任务回到<Yellow:提灯驻地>，你爱怎么说怎么说。
别忘了我们现在可是在别人的地盘里。","됐다, 됐어. 임무 마치고 <Yellow:등불 주둔지>로 돌아가면, 네 맘대로 말해. 우리가 지금 남의 구역에 있다는 걸 잊지 마."
AvgDialog_24079_Content_29,ajeW,avg章5新_AvgDialog_C_M.csv,1036,AvgDialog,Content,,女性教徒冷哼一声，接过捆绑着唤醒体的绳子，粗暴地将她拉扯到了凯刻斯面前。,"여성 신도가 코웃음을 치며, 각성체를 묶은 밧줄을 받아들고, 그녀를 거칠게 카이커스 앞으로 끌고 갔다."
AvgDialog_24079_Content_30,ajeY,avg章5新_AvgDialog_C_M.csv,1037,AvgDialog,Content,提灯女性1,弥利亚姆让我转告你：看好她们两个。,미리암이 전하라고 했어. 저 둘을 잘 지켜보라고.
AvgDialog_24079_Content_31,ajeZ,avg章5新_AvgDialog_C_M.csv,1038,AvgDialog,Content,,面对提灯教众的无礼，凯刻斯此时竟表现得尤其平静，他将唤醒体少女拉到拉蒙娜身边，又当起了沉默的士兵。,"등불 교도들의 무례함에도, 카이커스는 이때 유난히 평온한 모습을 보였다. 그는 각성체 소녀를 라모나 곁으로 끌어당기고, 다시 침묵의 병사가 되었다."
AvgDialog_24079_Content_32,ajfa,avg章5新_AvgDialog_C_M.csv,1039,AvgDialog,Content,提灯女性1,一个两个都是怪人，竟然妄图使被融蚀的神王“重生”？不可理喻。,"하나같이 이상한 놈들이야, 감히 융식된 신왕을 「부활」시키려 하다니? 말도 안 돼."
AvgDialog_24079_Content_33,ajfb,avg章5新_AvgDialog_C_M.csv,1040,AvgDialog,Content,提灯女性1,真不知道<Blue:提灯大人>为什么要和这帮疯子合作，你们明明二十五年前已经浪费过一次机会了。,"정말 모르겠어, <Blue:등불 님>이 왜 이 미치광이들과 협력하는지. 너희는 25년 전에도 한번 기회를 낭비했잖아."
AvgDialog_24079_Content_34,ajfc,avg章5新_AvgDialog_C_M.csv,1041,AvgDialog,Content,男性教徒,少说两句吧！,말 좀 줄여!
AvgDialog_24079_Content_35,ajfd,avg章5新_AvgDialog_C_M.csv,1042,AvgDialog,Content,？？？,哟，还挺热闹的。,"어이, 꽤 시끄럽네."
AvgDialog_24079_Content_36,ajfe,avg章5新_AvgDialog_C_M.csv,1043,AvgDialog,Content,,低沉粗犷的嗓音响起，两名提灯教众瞬间噤声。,"낮고 거친 목소리가 울리자, 두 명의 등불 교도가 순간 침묵했다."
AvgDialog_24079_Content_37,ajff,avg章5新_AvgDialog_C_M.csv,1044,AvgDialog,Content,凯刻斯,戈利亚大人。,골리아 님.
AvgDialog_24079_Content_38,ajfg,avg章5新_AvgDialog_C_M.csv,1045,AvgDialog,Content,,"凯刻斯毕恭毕敬地对巨人垂下了骄傲的头颅，语气充满崇拜。
后者却对他的忠诚视而不见，而是饶有兴致地追问着提灯教众。","카이커스는 공손하게 거인에게 자랑스러운 머리를 숙였고, 말투는 숭배로 가득했다. 후자는 그의 충성심을 못 본 척하고, 오히려 흥미롭게 등불 교도들을 추궁했다."
AvgDialog_24079_Content_39,ajfh,avg章5新_AvgDialog_C_M.csv,1046,AvgDialog,Content,戈利亚,怎么不继续了？我可还没听够呢，再多聊两句关于利莫里亚的事吧。,"왜 계속 안 해? 난 더 듣고 싶은데 말이야, 레무리아에 대해 좀 더 얘기해 봐."
AvgDialog_24079_Content_40,ajfj,avg章5新_AvgDialog_C_M.csv,1047,AvgDialog,Content,,他没给提灯教众辩解的机会，话锋一转，眼睛也直直看向了门外。,"그는 등불 교도들에게 변명할 기회를 주지 않고, 화제를 돌려 눈을 문밖으로 똑바로 향했다."
AvgDialog_24079_Content_41,ajfk,avg章5新_AvgDialog_C_M.csv,1048,AvgDialog,Content,戈利亚,对「神之国度」的评价，应该还没有人敢当面对你说过吧，弥利亚姆。,"「신국」에 대한 평가는, 아직 아무도 당신 면전에서 말한 적 없겠지, 미리암."
AvgDialog_24079_Content_42,ajfl,avg章5新_AvgDialog_C_M.csv,1049,AvgDialog,Content,,弥利亚姆的身影融在了门边阴影中，没人能看清她的神色，可从她身上分明能感觉到彻骨的阴冷。,"미리암의 모습은 문가 그늘에 녹아들어, 아무도 그녀의 표정을 볼 수 없었지만, 그녀에게서는 뼛속까지 시린 한기가 분명히 느껴졌다."
AvgDialog_24079_Content_43,ajfm,avg章5新_AvgDialog_C_M.csv,1050,AvgDialog,Content,拉蒙娜,<Gray:她什么时候在那里的？！我居然完全没有意识到她的靠近……>,<Gray:언제부터 저기에 있었지?! 다가오는 걸 전혀 눈치채지 못했어...>
AvgDialog_24079_Content_44,ajfn,avg章5新_AvgDialog_C_M.csv,1051,AvgDialog,Content,,寒风在脚边爬过，提灯教众脸上的血色被瞬间吹散——她是和戈利亚一起回来的吗？她听见了多少？,"찬 바람이 발치로 스쳐 지나가자, 등불 교도들의 얼굴에서 핏기가 순식간에 사라졌다——그녀는 골리아와 함께 돌아온 것인가? 그녀는 얼마나 들었을까?"
AvgDialog_24079_Content_45,ajfo,avg章5新_AvgDialog_C_M.csv,1052,AvgDialog,Content,,但令拉蒙娜，也令两名提灯教众没想到的是，弥利亚姆没有大发雷霆，甚至没有露出半分不悦。,"하지만 라모나, 그리고 두 명의 등불 교도도 예상하지 못했던 것은, 미리암이 분노를 터뜨리지 않고, 심지어 불쾌한 기색도 조금도 보이지 않았다는 것이다."
AvgDialog_24079_Content_46,ajfp,avg章5新_AvgDialog_C_M.csv,1053,AvgDialog,Content,,她以高高在上的姿态睥睨着所有人，仿佛眼前的闹剧只是一阵无关紧要的鸟鸣。,"그녀는 높은 곳에서 모든 사람을 내려다보았고, 마치 눈앞의 소동이 그저 중요하지 않은 새소리인 듯 대했다."
AvgDialog_24079_Content_47,ajfq,avg章5新_AvgDialog_C_M.csv,1054,AvgDialog,Content,弥利亚姆,戈利亚，交给你的任务进行得如何了？,"골리아, 당신에게 맡긴 임무는 어떻게 되어가고 있습니까?"
AvgDialog_24079_Content_48,ajfr,avg章5新_AvgDialog_C_M.csv,1055,AvgDialog,Content,戈利亚,哈……弥萨格的小老鼠擅长到处打洞，我早说过了，如果没法把这艘船拆了的话，我可找不着人。再说了，我们不还有人质吗？,"하... 미사그의 작은 쥐새끼들은 사방에 구멍 파는 걸 잘 해서, 내가 말했잖아, 이 배를 부수지 않는 한, 못 찾을 거라고. 그래도, 우리한테 인질이 있잖아?"
AvgDialog_24079_Content_49,ajfs,avg章5新_AvgDialog_C_M.csv,1056,AvgDialog,Content,,戈利亚说着，舞动巨刃指向了拉蒙娜。,"골리아가 말하며, 거대한 칼날을 휘둘러 라모나를 가리켰다."
AvgDialog_24079_Content_50,ajfu,avg章5新_AvgDialog_C_M.csv,1057,AvgDialog,Content,戈利亚,只要扣着这位小姐，相信她的搭档会闻着味道找过来的。,"이 아가씨를 붙잡고 있으면, 그녀의 동료가 냄새를 맡고 찾아올 거야."
AvgDialog_24079_Content_51,ajfv,avg章5新_AvgDialog_C_M.csv,1058,AvgDialog,Content,戈利亚,说起来，你怎么把埃尔顿那家伙的唤醒体绑过来了？埃尔顿人呢？,"그러고 보니, 왜 엘튼 녀석의 각성체를 묶어온 거야? 엘튼은 어디 있지?"
AvgDialog_24079_Content_52,ajfw,avg章5新_AvgDialog_C_M.csv,1059,AvgDialog,Content,弥利亚姆,仪式将近，「神母」的状态尤为重要。助祭们虽已熟习了安眠符文，但若有可能，我不愿见神母受难。,"의식이 다가오면서, 「신모」의 상태가 특히 중요합니다. 조제들은 비록 최면 룬에 익숙하지만, 가능하다면 신모가 고통받는 것을 보고 싶지 않습니다."
AvgDialog_24079_Content_53,ajfx,avg章5新_AvgDialog_C_M.csv,1060,AvgDialog,Content,弥利亚姆,只要希莱斯特在我们的掌控之中，为了这艘索纳尼尔号不失控，埃尔顿自会乖乖双手奉上神母……,"셀레스트가 저희 손아귀에 있는 한, 이 소나-닐호가 통제 불능 상태가 되지 않도록, 엘튼은 순순히 신모를 바칠 것입니다..."
AvgDialog_24079_Content_54,ajfy,avg章5新_AvgDialog_C_M.csv,1061,AvgDialog,Content,拉蒙娜,"<Gray:看来，这个唤醒体就是控制着幽灵船索纳尼尔号的人。
那么这个密境也是她的杰作。>","<Gray:아무래도, 이 각성체가 유령선 소나-닐호를 조종하는 사람인가 보구나. 그렇다면 이 비경도 그녀의 작품이겠지.>"
AvgDialog_24079_Content_55,ajfz,avg章5新_AvgDialog_C_M.csv,1062,AvgDialog,Content,拉蒙娜,<Gray:等等……或许有办法了。>,<Gray:잠깐... 방법이 있을지도 몰라.>
AvgDialog_24079_Content_56,ajfA,avg章5新_AvgDialog_C_M.csv,1063,AvgDialog,Content,,趁所有人的注意力都在弥利亚姆身上，拉蒙娜悄悄碰了碰少女唤醒体的手。后者抬头看向她，脸上的表情似乎不包含任何情绪。,"모든 사람의 주의가 미리암에게 쏠린 틈을 타, 라모나가 살짝 소녀 각성체의 손을 건드렸다. 후자는 그녀를 쳐다보았고, 그 얼굴에는 아무런 감정도 담겨 있지 않은 듯했다."
AvgDialog_24079_Content_57,ajfB,avg章5新_AvgDialog_C_M.csv,1064,AvgDialog,Content,拉蒙娜,<Small:希莱斯特…我或许有办法能让我们逃出去。>,<Small:셀레스트... 우리가 탈출할 방법이 있을지도 몰라.>
AvgDialog_24079_Content_58,ajfC,avg章5新_AvgDialog_C_M.csv,1065,AvgDialog,Content,,希莱斯特眼中的云雾散去了一些，闪现出几丝错愕。,"셀레스트의 눈에 낀 안개가 조금 걷히고, 몇 가닥의 당혹감이 스쳤다."
AvgDialog_24079_Content_60,ajfF,avg章5新_AvgDialog_C_M.csv,1067,AvgDialog,Content,,希莱斯特没有回应她，只是眨了眨眼。拉蒙娜不明白对方是否能够理解自己，但她自己知道，手套下早就泌出了紧张的汗水。,"셀레스트는 그녀에게 대답하지 않고, 그저 눈을 깜빡였다. 라모나는 상대가 자신을 이해할 수 있는지 알 수 없었지만, 그녀 자신은 장갑 아래에 긴장으로 땀이 배어 있다는 것을 알고 있었다."
AvgDialog_24079_Content_61,ajfG,avg章5新_AvgDialog_C_M.csv,1068,AvgDialog,Content,希莱斯特,<Small:这是……你的愿望？>,<Small:이게... 당신의 소원이야?>
AvgDialog_24079_Content_62,ajfH,avg章5新_AvgDialog_C_M.csv,1069,AvgDialog,Content,,拉蒙娜怔住了，但身体先于思维做出了反应——她下意识地点了点头。,"라모나는 멈칫했지만, 몸이 생각보다 먼저 반응했다——그녀는 무심코 고개를 끄덕였다."
AvgDialog_24079_Content_63,ajfI,avg章5新_AvgDialog_C_M.csv,1070,AvgDialog,Content,,希莱斯特将手中的罗盘高高举起，四溢的流光在她裙边盘旋，很快便消散得无影无踪。,"셀레스트가 손에 든 나침반을 높이 들어 올리자, 넘치는 빛이 그녀의 치맛자락에 맴돌다가, 이내 흔적도 없이 사라졌다."
AvgDialog_24079_Content_64,ajfJ,avg章5新_AvgDialog_C_M.csv,1071,AvgDialog,Content,,与此同时，真正的北洋海面送来了湿润寒冷的空气。随之而来的，是甲板上传来的嘈杂惊呼。,"그와 동시에, 진짜 북양 해면이 습하고 차가운 공기를 보내왔다. 그와 함께, 갑판에서 시끄러운 놀람의 소리가 들려왔다."
AvgDialog_24079_Content_65,ajfK,avg章5新_AvgDialog_C_M.csv,1072,AvgDialog,Content,蹈海者,月亮！月亮！,달이다! 달!
AvgDialog_24079_Content_66,ajfL,avg章5新_AvgDialog_C_M.csv,1073,AvgDialog,Content,,就在那一刻，动力室陷入一片黑暗。陌生而深沉的寂静在周围弥漫，黑暗淹没了一切形体，却让拉蒙娜的肾上腺素猛然飙升。,"바로 그 순간, 동력실은 칠흑 같은 어둠에 잠겼다. 낯설고 깊은 정적이 주위를 감돌았고, 어둠이 모든 형체를 삼켰지만, 라모나의 아드레날린은 맹렬히 솟구쳤다."
AvgDialog_24079_Content_67,ajfM,avg章5新_AvgDialog_C_M.csv,1074,AvgDialog,Content,拉蒙娜,<Small:趁现在！>,<Small:지금이야!>
AvgDialog_24083_Content_1,ajgJ,avg章5新_AvgDialog_C_M.csv,1076,AvgDialog,Content,,"在希莱斯特的指引下，两人在迷宫般的舱室间穿行。
不多时，她们拐入了一个昏暗的舱室。","셀레스트의 안내로, 두 사람은 미로 같은 선실 사이를 헤쳐나갔다. 얼마 지나지 않아, 그녀들은 어두컴컴한 선실로 꺾어 들어갔다."
AvgDialog_24083_Content_2,ajgM,avg章5新_AvgDialog_C_M.csv,1077,AvgDialog,Content,,沉重的脚步声穿透上方甲板，每一步都如同命运之神落下的铁锤，在灵魂上敲出阵阵难以忍受的恐惧。,"무거운 발소리가 위 갑판을 뚫고 들려왔다, 한 걸음 한 걸음이 마치 운명의 신이 내리치는 쇠망치처럼, 영혼에 참을 수 없는 공포를 두드렸다."
AvgDialog_24083_Content_3,ajgN,avg章5新_AvgDialog_C_M.csv,1078,AvgDialog,Content,拉蒙娜,<Small:好沉重的脚步声……希莱斯特，你知道这声音是谁发出的吗？>,"<Small:무거운 발소리... 셀레스트, 이 소리가 누구 것인지 알아?>"
AvgDialog_24083_Content_4,ajgO,avg章5新_AvgDialog_C_M.csv,1079,AvgDialog,Content,,希莱斯特摇了摇头，那张脸上不再能看出任何情绪。,"셀레스트는 고개를 저었고, 그 얼굴에서는 더 이상 어떤 감정도 읽을 수 없었다."
AvgDialog_24083_Content_6,ajgQ,avg章5新_AvgDialog_C_M.csv,1081,AvgDialog,Content,希莱斯特,……来了。,...왔어.
AvgDialog_24083_Content_7,ajgR,avg章5新_AvgDialog_C_M.csv,1082,AvgDialog,Content,拉蒙娜,什么？,뭐?
AvgDialog_24083_Content_8,ajgS,avg章5新_AvgDialog_C_M.csv,1083,AvgDialog,Content,,希莱斯特话音未落，急促的脚步就在本层甲板响起。由远及近，最终停在了她们藏身的舱室外。,"셀레스트의 말이 채 끝나기도 전에, 급한 발소리가 이 층 갑판에서 울려 퍼졌다. 멀리서부터 가까워지더니, 마침내 그녀들이 숨어 있는 선실 밖에서 멈췄다."
AvgDialog_24083_Content_9,ajgT,avg章5新_AvgDialog_C_M.csv,1084,AvgDialog,Content,,拉蒙娜示意希莱斯特不要有动作，自己则握紧武器，藏身在了门后。,"라모나는 셀레스트에게 움직이지 말라고 신호하고, 자신은 무기를 꽉 쥐고 문 뒤에 숨었다."
AvgDialog_24083_Content_10,ajgK,avg章5新_AvgDialog_C_M.csv,1085,AvgDialog,Content,,舱室沉重的门被推开，琥珀色的光线投进舱室。她紧绷的神经，也因瞥到的那片披风而陡然松弛了下来。,"선실의 무거운 문이 열리자, 호박색 빛이 선실 안으로 들어왔다. 그녀의 팽팽했던 신경도, 힐끗 본 그 망토 자락에 갑자기 풀렸다."
AvgDialog_24083_Content_11,ajgL,avg章5新_AvgDialog_C_M.csv,1086,AvgDialog,Content,拉蒙娜,守密人。,수호자.
AvgDialog_24080_Content_1,ajfR,avg章5新_AvgDialog_C_M.csv,1087,AvgDialog,Content,,你摇摇头，竖起食指抵在嘴唇上，示意她暂时保持安静。但在视线扫过阴影中的人时，反而是你差点没忍住惊呼出声。,"당신은 고개를 저으며, 검지를 입술에 대고, 그녀에게 잠시 조용히 하라고 신호했다. 하지만 시선이 그림자 속의 사람에게 닿자, 오히려 당신이 거의 비명을 지를 뻔했다."
AvgDialog_24080_Content_2,ajfS,avg章5新_AvgDialog_C_M.csv,1088,AvgDialog,Content,拉蒙娜,<Small:她是希莱斯特，是一名唤醒体……>,"<Small:그녀는 셀레스트, 각성체야...>"
AvgDialog_24080_Content_3,ajfT,avg章5新_AvgDialog_C_M.csv,1089,AvgDialog,Content,,你在索纳尼尔号上，曾数次在幻影中见过她——这个熟悉又陌生的影子，居然就是控制着密境的希莱斯特。,"소나-닐호 위에서, 당신은 환영 속에서 그녀를 여러 번 보았다——이 익숙하면서도 낯선 그림자가, 바로 비경을 조종하는 셀레스트였다."
AvgDialog_24080_Content_4,ajfU,avg章5新_AvgDialog_C_M.csv,1090,AvgDialog,Content,,本该被弥利亚姆控制着的关键人物，居然和拉蒙娜一同逃了出来——意外至极，却又在意料之中。,"마땅히 미리암에게 제압당했어야 할 핵심 인물이, 라모나와 함께 탈출했다니——극도로 의외였지만, 또 예상대로였다."
AvgDialog_24080_Content_5,ajfV,avg章5新_AvgDialog_C_M.csv,1091,AvgDialog,Content,,毕竟你的搭档，从来都不是坐以待毙的人。,"결국 당신의 동료는, 결코 가만히 죽음을 기다리는 사람이 아니었다."
AvgDialog_24080_Content_6,ajfW,avg章5新_AvgDialog_C_M.csv,1092,AvgDialog,Content,拉蒙娜,<Small:……等、等等？这是档案编号-6291的唤醒体图鲁？！>,"<Small:...자, 잠깐? 저건 파일 번호-6291의 각성체 툴루잖아?!>"
AvgDialog_24080_Content_7,ajfX,avg章5新_AvgDialog_C_M.csv,1093,AvgDialog,Content,玩家,<Small:我们先去与船长和墨菲会合，到时我一点点和你解释发生了什么。>,"<Small:일단 선장과 머피와 합류하고, 그때 무슨 일이 있었는지 차근차근 설명해 줄게.>"
AvgDialog_24078_Content_1,ajdZ,avg章5新_AvgDialog_C_M.csv,1094,AvgDialog,Content,,腐败的腥臭逐渐飘入鼻腔。,부패한 비린내가 점차 코로 들어왔다.
AvgDialog_24078_Content_3,ajeu,avg章5新_AvgDialog_C_M.csv,1096,AvgDialog,Content,拉蒙娜,好难缠的敌人……！,끈질긴 적이야...!
AvgDialog_24078_Content_4,ajev,avg章5新_AvgDialog_C_M.csv,1097,AvgDialog,Content,玩家,别和他纠缠！图鲁，掩护我们离开！,"저 녀석하고 얽히지 마! 툴루, 우리가 벗어나게 엄호해 줘!"
AvgDialog_24078_Content_5,ajew,avg章5新_AvgDialog_C_M.csv,1098,AvgDialog,Content,,你拉着拉蒙娜逃离了战斗，不顾一切地想要跑向舱室之外。,"당신은 라모나를 끌고 전투에서 벗어나, 필사적으로 선실 밖으로 뛰쳐나가려 했다."
AvgDialog_24078_Content_6,ajex,avg章5新_AvgDialog_C_M.csv,1099,AvgDialog,Content,,戈利亚战斗的方式一如既往地直接，他好整以暇地露出笑容，对着你们逃离的方向投出了巨刃。,"골리아의 전투 방식은 여느 때와 같이 직설적이었고, 그는 여유롭게 미소를 지으며, 당신들이 도망치는 방향으로 거대한 칼날을 던졌다."
AvgDialog_24078_Content_7,ajey,avg章5新_AvgDialog_C_M.csv,1100,AvgDialog,Content,图鲁,小心！,조심해!
AvgDialog_24078_Content_8,ajez,avg章5新_AvgDialog_C_M.csv,1101,AvgDialog,Content,,你猛地将拉蒙娜往前一推，巨刃却扎穿了小腿，将你整个人都钉在了地上，别在胸前的通讯器也随之掉落。,"당신은 라모나를 앞으로 세게 밀었고, 거대한 칼날은 종아리를 꿰뚫어, 당신을 통째로 땅에 박아버렸다. 가슴에 달린 통신기도 그와 함께 떨어졌다."
AvgDialog_24078_Content_9,ajeA,avg章5新_AvgDialog_C_M.csv,1102,AvgDialog,Content,,剧痛让你眼前一阵发白，脑中响起了蜂鸣般的噪音，甚至盖过了拉蒙娜的惊叫。,"극심한 통증에 눈앞이 하얘지고, 머릿속에는 벌 떼 같은 소음이 울려 퍼져, 라모나의 비명조차 덮어버렸다."
AvgDialog_24078_Content_10,ajea,avg章5新_AvgDialog_C_M.csv,1103,AvgDialog,Content,玩家,唔……,으윽...
AvgDialog_24078_Content_11,ajeb,avg章5新_AvgDialog_C_M.csv,1104,AvgDialog,Content,戈利亚,弥萨格大学的调查员，加上窃取了利莫里亚神力的唤醒体……只有这点本事？,"미사그의 조사원에, 레무리아의 신력을 훔친 각성체... 이게 다인가?"
AvgDialog_24078_Content_12,ajec,avg章5新_AvgDialog_C_M.csv,1105,AvgDialog,Content,,图鲁闪身挡在你身前，而拉蒙娜冷汗涔涔地跪在你身边，试图拔出戈利亚的巨刃。,"툴루가 당신 앞으로 재빨리 막아섰고, 라모나는 식은땀을 흘리며 당신 옆에 무릎을 꿇고, 골리아의 거대한 칼날을 뽑으려 했다."
AvgDialog_24078_Content_13,ajed,avg章5新_AvgDialog_C_M.csv,1106,AvgDialog,Content,玩家,图鲁，带她们走。,"툴루, 그녀들을 데리고 가."
AvgDialog_24078_Content_14,ajee,avg章5新_AvgDialog_C_M.csv,1107,AvgDialog,Content,拉蒙娜,你在说什么傻话？！,무슨 바보 같은 소리야?!
AvgDialog_24078_Content_15,ajef,avg章5新_AvgDialog_C_M.csv,1108,AvgDialog,Content,,拉蒙娜越发用力地去拔戈利亚的武器，利刃划破了手套，暗红的血液瞬间洇透了她的袖口。,"라모나는 더욱 힘껏 골리아의 무기를 뽑으려 했고, 날카로운 칼날이 장갑을 찢어, 검붉은 피가 순식간에 그녀의 소맷부리를 적셨다."
AvgDialog_24078_Content_16,ajeg,avg章5新_AvgDialog_C_M.csv,1109,AvgDialog,Content,玩家,我不会有事。弥利亚姆不是想要留人喂养将要出生的神明吗？保护好希莱斯特和墨菲，阻止仪式……我会想办法逃出来。,"난 괜찮을 거야. 미리암은 태어날 신에게 먹일 사람이 필요하지? 셀레스트와 머피를 지키고, 의식을 막아... 난 어떻게든 탈출할 방법을 찾을게."
AvgDialog_24078_Content_17,ajeh,avg章5新_AvgDialog_C_M.csv,1110,AvgDialog,Content,,你的大脑一片空白，木然地编着连自己都无法说服的理由。,"당신의 머릿속은 텅 비었고, 멍하니 자신조차 설득하지 못할 이유를 꾸며댔다."
AvgDialog_24078_Content_18,ajei,avg章5新_AvgDialog_C_M.csv,1111,AvgDialog,Content,图鲁,你……,너...
AvgDialog_24078_Content_19,ajej,avg章5新_AvgDialog_C_M.csv,1112,AvgDialog,Content,玩家,保护他们离开！,그들을 데리고 떠나!
AvgDialog_24078_Content_20,ajel,avg章5新_AvgDialog_C_M.csv,1113,AvgDialog,Content,图鲁,……,...
AvgDialog_24078_Content_21,ajem,avg章5新_AvgDialog_C_M.csv,1114,AvgDialog,Content,,图鲁不再争辩，最后看了你一眼，似乎是在确认你的决心。,"툴루는 더 이상 논쟁하지 않고, 마지막으로 당신을 한번 쳐다보며, 당신의 결심을 확인하는 듯했다."
AvgDialog_24078_Content_22,ajen,avg章5新_AvgDialog_C_M.csv,1115,AvgDialog,Content,拉蒙娜,图鲁！快放我下来！,툴루! 빨리 날 내려놔!
AvgDialog_24078_Content_23,ajeo,avg章5新_AvgDialog_C_M.csv,1116,AvgDialog,Content,,两只强壮的触手分别缠住拉蒙娜和希莱斯特，转眼间，图鲁已经绑着两人冲进了走廊深处。,"두 개의 강한 촉수가 각각 라모나와 셀레스트를 감쌌고, 순식간에 툴루는 두 사람을 묶은 채 복도 깊숙이 뛰어들었다."
AvgDialog_24078_Content_24,ajep,avg章5新_AvgDialog_C_M.csv,1117,AvgDialog,Content,,戈利亚狂笑着拔出了武器，在你身前蹲下，掐着你的下巴迫使你直视他。,"골리아가 광소하며 무기를 뽑아 들고, 당신 앞에 쭈그려 앉아, 당신의 턱을 잡고 자신을 똑바로 쳐다보게 했다."
AvgDialog_24078_Content_25,ajeq,avg章5新_AvgDialog_C_M.csv,1118,AvgDialog,Content,戈利亚,我说过吧：在我看够好戏前，可别被什么杂兵打败了。,"내가 말했지? 내가 실컷 구경하기 전에는, 잡병 따위에게 당하지 말라고."
AvgDialog_24078_Content_26,ajer,avg章5新_AvgDialog_C_M.csv,1119,AvgDialog,Content,,他的语气半是嘲弄半是认真，让人根本捉摸不透他的真实用意。,"그의 말투는 반은 조롱이고 반은 진지해서, 그의 진짜 의도를 전혀 짐작할 수 없었다."
AvgDialog_24078_Content_27,ajes,avg章5新_AvgDialog_C_M.csv,1120,AvgDialog,Content,戈利亚,"不过你倒是个有胆识的家伙。
可惜了，这一次弥利亚姆可是指定了要拿人回去交差。","하지만 넌 배짱 있는 녀석이군. 아쉽게도, 이번에는 미리암이 사람을 데려가서 책임을 묻겠다고 지정했거든."
AvgDialog_24078_Content_28,ajet,avg章5新_AvgDialog_C_M.csv,1121,AvgDialog,Content,,只是简单的玩弄吗？还是戈利亚真的，对弥利亚姆有异心……,"단순한 장난인가? 아니면 골리아는 정말로, 미리암에게 다른 마음을 품고 있는 것일까..."
AvgDialog_24093_Content_1,ajkI,avg章5新_AvgDialog_C_M.csv,1122,AvgDialog,Content,,决意,결의
AvgDialog_24093_Content_2,ajkT,avg章5新_AvgDialog_C_M.csv,1123,AvgDialog,Content,,"外海货轮·索纳尼尔号
第三货舱",외해 화물선 소나-닐호\n제3 화물칸
AvgDialog_24093_Content_3,ajle,avg章5新_AvgDialog_C_M.csv,1124,AvgDialog,Content,,硬质靴底踩在甲板上，发出规律而沉闷的脚步声。,"딱딱한 구두 밑창이 갑판을 밟으며, 규칙적이고 묵직한 발소리를 냈다."
AvgDialog_24093_Content_4,ajlp,avg章5新_AvgDialog_C_M.csv,1125,AvgDialog,Content,墨菲,希莱斯特，%player%……,"셀레스트, %player%..."
AvgDialog_24093_Content_5,ajlA,avg章5新_AvgDialog_C_M.csv,1126,AvgDialog,Content,墨菲,还有图鲁……怎么还没有回来。,그리고 툴루... 왜 아직 돌아오지 않는 거야.
AvgDialog_24093_Content_6,ajlL,avg章5新_AvgDialog_C_M.csv,1127,AvgDialog,Content,,墨菲咬着嘴巴，焦急地来回踱步。一会儿踢一脚货箱，一会儿抓两下固定货箱的固定绳。,"머피는 입술을 깨물며, 초조하게 서성였다. 잠시 화물 상자를 걷어차기도 하고, 잠시 화물 상자를 고정하는 밧줄을 두어 번 잡아당기기도 했다."
AvgDialog_24093_Content_7,ajlW,avg章5新_AvgDialog_C_M.csv,1128,AvgDialog,Content,墨菲,他们不会出什么事吧……,그 녀석들한테 무슨 일 생긴 거 아니겠지...
AvgDialog_24093_Content_8,ajmh,avg章5新_AvgDialog_C_M.csv,1129,AvgDialog,Content,,她没法静下来祈祷，没法安心坐下。,"그녀는 조용히 기도할 수도, 안심하고 앉아 있을 수도 없었다."
AvgDialog_24093_Content_9,ajmk,avg章5新_AvgDialog_C_M.csv,1130,AvgDialog,Content,,砰——！,쾅——!
AvgDialog_24093_Content_10,ajkJ,avg章5新_AvgDialog_C_M.csv,1131,AvgDialog,Content,墨菲,什么人——希莱斯特！！,누구—— 셀레스트!!
AvgDialog_24093_Content_11,ajkK,avg章5新_AvgDialog_C_M.csv,1132,AvgDialog,Content,,埃尔顿深呼吸了好几下，迎向了狼狈出现的三人。,"엘튼이 심호흡을 여러 번 하고, 너덜너덜한 모습으로 나타난 세 사람을 맞이했다."
AvgDialog_24093_Content_12,ajkL,avg章5新_AvgDialog_C_M.csv,1133,AvgDialog,Content,,图鲁的触手搀扶着拉蒙娜，后者脸色凝重，但从颤抖的肌肉中还是透露出了几分吃力。,"툴루의 촉수가 라모나를 부축했고, 후자는 표정이 굳어 있었지만, 떨리는 근육에서는 힘겨움이 엿보였다."
AvgDialog_24093_Content_13,ajkM,avg章5新_AvgDialog_C_M.csv,1134,AvgDialog,Content,墨菲,校服……你就是%player%的搭档。,교복... 당신이 %player%의 동료구나.
AvgDialog_24093_Content_14,ajkN,avg章5新_AvgDialog_C_M.csv,1135,AvgDialog,Content,,拉蒙娜环视一圈众人，除了早在校内就有所交集的图鲁和一同逃出来的希莱斯特外，还有两张陌生的面孔。,"라모나는 주위를 둘러보았다. 학교에서 이미 만난 적 있는 툴루와 함께 탈출한 셀레스트 외에도, 두 명의 낯선 얼굴이 있었다."
AvgDialog_24093_Content_15,ajkO,avg章5新_AvgDialog_C_M.csv,1136,AvgDialog,Content,,他们……就是墨菲和索纳尼尔号的船长，是守密人愿意用以身犯险保护的人。,"그들... 바로 머피와 소나닐호의 선장, 수호자가 기꺼이 위험을 무릅쓰고 지키려 한 사람들이었다."
AvgDialog_24093_Content_16,ajkP,avg章5新_AvgDialog_C_M.csv,1137,AvgDialog,Content,拉蒙娜,"拉蒙娜·德克斯特，可以叫我拉蒙娜。
寒暄的话就免了，我现在需要知道这艘船上发生的一切，简短，尽快。","라모나 덱스터, 라모나라고 불러. 인사는 됐고, 지금 이 배에서 일어난 모든 일을 알아야 해. 간단하게, 최대한 빨리."
AvgDialog_24093_Content_18,ajkR,avg章5新_AvgDialog_C_M.csv,1139,AvgDialog,Content,墨菲,我、我是……,"나, 나는..."
AvgDialog_24093_Content_19,ajkS,avg章5新_AvgDialog_C_M.csv,1140,AvgDialog,Content,,埃尔顿拦住了想要急急开口的墨菲，他知道这个孩子没法在重压之下全须全尾地描述全貌。,엘튼은 급하게 입을 열려는 머피를 막았다. 그는 이 아이가 중압감 속에서 전체 상황을 제대로 설명하지 못할 것을 알고 있었다.
AvgDialog_24093_Content_20,ajkU,avg章5新_AvgDialog_C_M.csv,1141,AvgDialog,Content,埃尔顿,我是埃尔顿，那是我的搭档希莱斯特，是这艘索纳尼尔号货轮唯二的船员。,"나는 엘튼, 저쪽은 내 동료 셀레스트, 이 소나닐호 화물선의 유이한 선원이다."
AvgDialog_24093_Content_22,ajkW,avg章5新_AvgDialog_C_M.csv,1143,AvgDialog,Content,埃尔顿,最后，我们因为帮助了墨菲逃离教团，而遭到了弥利亚姆的追捕。,"결국, 우리는 머피가 교단을 탈출하는 것을 도왔기 때문에, 미리암에게 쫓기게 되었다."
AvgDialog_24093_Content_23,ajkX,avg章5新_AvgDialog_C_M.csv,1144,AvgDialog,Content,埃尔顿,墨菲体内寄生着弥利亚姆意图召唤的伪神，我不知道那是否是真正的神明，但仪式举行，墨菲难逃一劫。,"머피 몸 안에는 미리암이 소환하려는 가짜 신이 기생하고 있다. 그게 진짜 신인지는 모르겠지만, 의식이 거행되면 머피는 죽음을 면치 못하겠지."
AvgDialog_24093_Content_24,ajkY,avg章5新_AvgDialog_C_M.csv,1145,AvgDialog,Content,,墨菲也讲述了一些，她的身体，她与弥利亚姆，她在教团中的过去……,"머피도 약간 이야기했다, 그녀의 몸, 그녀와 미리암, 그녀가 교단에 있던 과거..."
AvgDialog_24093_Content_25,ajkZ,avg章5新_AvgDialog_C_M.csv,1146,AvgDialog,Content,拉蒙娜,居然发生了这么多事……,이렇게 많은 일이 있었다니...
AvgDialog_24093_Content_26,ajla,avg章5新_AvgDialog_C_M.csv,1147,AvgDialog,Content,埃尔顿,我会让希莱斯特全速向陆地返航，但是否能救出%player%，我无法对你做出保证。,"셀레스트에게 전속력으로 육지로 돌아가라고 하겠지만, %player%의 구출이 가능할지는 보장할 수 없다."
AvgDialog_24093_Content_27,ajlb,avg章5新_AvgDialog_C_M.csv,1148,AvgDialog,Content,,埃尔顿话音未落，所有人都因惯性而踉跄了两步——正如他所说，希莱斯特提高了船速。,"엘튼의 말이 채 끝나기도 전에, 모든 사람이 관성 때문에 두어 걸음 비틀거렸다——그가 말한 대로, 셀레스트가 배의 속도를 높였다."
AvgDialog_24093_Content_28,ajlc,avg章5新_AvgDialog_C_M.csv,1149,AvgDialog,Content,埃尔顿,咳、咳咳……,"콜록, 콜록..."
AvgDialog_24093_Content_29,ajld,avg章5新_AvgDialog_C_M.csv,1150,AvgDialog,Content,墨菲,船长！开这么快的船，对你的负担太大了。,"선장님! 이렇게 빨리 배를 몰면, 당신에게 너무 큰 부담이 돼요."
AvgDialog_24093_Content_30,ajlf,avg章5新_AvgDialog_C_M.csv,1151,AvgDialog,Content,埃尔顿,……都是小事。,...사소한 일이다.
AvgDialog_24093_Content_31,ajlg,avg章5新_AvgDialog_C_M.csv,1152,AvgDialog,Content,埃尔顿,与教团沆瀣一气，对你的苦难熟视无睹，我的罪孽已经够深重了。,"교단과 한패가 되어, 네 고통을 못 본 척했으니, 내 죄는 이미 충분히 깊어."
AvgDialog_24093_Content_32,ajlh,avg章5新_AvgDialog_C_M.csv,1153,AvgDialog,Content,墨菲,我的……苦难？,내... 고통?
AvgDialog_24093_Content_33,ajli,avg章5新_AvgDialog_C_M.csv,1154,AvgDialog,Content,埃尔顿,把你送到弥利亚姆手上的人，就是我。,"널 미리암 손에 넘긴 사람이, 바로 나다."
AvgDialog_24093_Content_34,ajlj,avg章5新_AvgDialog_C_M.csv,1155,AvgDialog,Content,墨菲,……,...
AvgDialog_24093_Content_35,ajlk,avg章5新_AvgDialog_C_M.csv,1156,AvgDialog,Content,埃尔顿,你是我加入教团后运输过的，最宝贵的“货物”。利用那次完美的航行，我才得到了弥利亚姆的青睐。,"넌 내가 교단에 가입한 후 운송한, 가장 귀중한 「화물」이었다. 그 완벽한 항해를 이용해, 나는 비로소 미리암의 총애를 받게 되었지."
AvgDialog_24093_Content_36,ajll,avg章5新_AvgDialog_C_M.csv,1157,AvgDialog,Content,墨菲,所以，所以在教团驻地的时候，你才毫不犹豫就答应了我的求助……,"그래서, 그래서 교단 주둔지에 있을 때, 네가 망설임 없이 내 도움 요청을 받아들였구나..."
AvgDialog_24093_Content_37,ajlm,avg章5新_AvgDialog_C_M.csv,1158,AvgDialog,Content,埃尔顿,足够靠近海岸时，我会让希莱斯特和你一起下船，你们离大海越远越好。,"해안에 충분히 가까워지면, 셀레스트와 함께 배에서 내려라. 너희는 바다에서 멀어질수록 좋아."
AvgDialog_24093_Content_38,ajln,avg章5新_AvgDialog_C_M.csv,1159,AvgDialog,Content,,好像在回应船长似的，希莱斯特摇动了手中的罗盘。,"마치 선장에게 대답하듯, 셀레스트가 손에 든 나침반을 흔들었다."
AvgDialog_24093_Content_39,ajlo,avg章5新_AvgDialog_C_M.csv,1160,AvgDialog,Content,墨菲,你的意思是让希莱斯特和我一起走吗？,셀레스트와 함께 가라는 뜻이야?
AvgDialog_24093_Content_40,ajlq,avg章5新_AvgDialog_C_M.csv,1161,AvgDialog,Content,,拉蒙娜先一步理解了船长的意思。,라모나가 선장의 뜻을 먼저 이해했다.
AvgDialog_24093_Content_41,ajlr,avg章5新_AvgDialog_C_M.csv,1162,AvgDialog,Content,拉蒙娜,我和守密人能联络交通工具，只要让希莱斯特把我们的汽车也变成密境……,나와 수호자는 교통수단을 연락할 수 있어. 셀레스트가 우리 차도 비경으로 만들어주기만 한다면...
AvgDialog_24093_Content_42,ajls,avg章5新_AvgDialog_C_M.csv,1163,AvgDialog,Content,埃尔顿,没错，这样就能为你争取到足够的时间。,"맞아, 그렇게 하면 너에게 충분한 시간을 벌어줄 수 있을 거야."
AvgDialog_24093_Content_44,ajlu,avg章5新_AvgDialog_C_M.csv,1165,AvgDialog,Content,拉蒙娜,不，这件事交给我们。,"아니, 그 일은 우리에게 맡겨."
AvgDialog_24093_Content_45,ajlv,avg章5新_AvgDialog_C_M.csv,1166,AvgDialog,Content,拉蒙娜,"阻止异教仪式，从未知中守护世界……
这是弥萨格大学每个人应尽的职责。","이교도의 의식을 막고, 미지로부터 세계를 지키는 것... 이것이 미사그에 소속된 자의 의무야."
AvgDialog_24093_Content_46,ajlw,avg章5新_AvgDialog_C_M.csv,1167,AvgDialog,Content,墨菲,你也疯了吗？你甚至都不知道我们是不是在撒谎骗你！,너도 미쳤어? 우리가 거짓말하는 걸지도 모르잖아!
AvgDialog_24093_Content_47,ajlx,avg章5新_AvgDialog_C_M.csv,1168,AvgDialog,Content,拉蒙娜,守密人选择了对你付出信任，所以我也会相信你。,"수호자가 널 믿기로 선택했으니, 나도 널 믿을게."
AvgDialog_24093_Content_48,ajly,avg章5新_AvgDialog_C_M.csv,1169,AvgDialog,Content,,"船长踉跄着站稳身体，随即对墨菲伸出了手——
他狠狠揉了一把墨菲的发顶。","선장이 비틀거리며 몸을 가누고, 이내 머피에게 손을 내밀었다——그는 머피의 머리를 거칠게 헝클었다."
AvgDialog_24093_Content_49,ajlz,avg章5新_AvgDialog_C_M.csv,1170,AvgDialog,Content,墨菲,<Small:干嘛！别摸这么用力啊！头发都翘起来了！>,<Small:뭐야! 그렇게 세게 만지지 말라구! 머리 다 뻗치잖아!>
AvgDialog_24093_Content_50,ajlB,avg章5新_AvgDialog_C_M.csv,1171,AvgDialog,Content,埃尔顿,我希望你能从这一切中脱身，就当这是我最后的愿望。,"네가 이 모든 것에서 벗어났으면 좋겠다, 이게 내 마지막 소원이라고 생각해 주렴."
AvgDialog_24093_Content_51,ajlC,avg章5新_AvgDialog_C_M.csv,1172,AvgDialog,Content,埃尔顿,最坏的结果不就是葬身大海吗？我早就该与索纳尼尔号一起沉入海底了。,최악의 결과라고 해 봐야 바다에 빠져 죽는 것 아니겠나? 난 진작에 소나-닐호와 함께 바다 밑으로 가라앉았어야 했어.
AvgDialog_24093_Content_52,ajlD,avg章5新_AvgDialog_C_M.csv,1173,AvgDialog,Content,,墨菲死死抓着船长的大衣下摆，倔强地不肯松手。,"머피는 선장의 외투 자락을 꽉 쥐고, 고집스럽게 놓지 않았다."
AvgDialog_24093_Content_53,ajlE,avg章5新_AvgDialog_C_M.csv,1174,AvgDialog,Content,,拉蒙娜掌心握了又握，终于下定什么决心一般，将手中紧握的物件递给了墨菲——赫然是弥萨格大学的通讯器。,"라모나는 주먹을 쥐었다 폈다 하다가, 마침내 결심한 듯 손에 꽉 쥔 물건을 머피에게 건넸다——바로 미사그의 통신기였다."
AvgDialog_24093_Content_54,ajlF,avg章5新_AvgDialog_C_M.csv,1175,AvgDialog,Content,墨菲,遗、遗产？,"유, 유품?"
AvgDialog_24093_Content_55,ajlG,avg章5新_AvgDialog_C_M.csv,1176,AvgDialog,Content,拉蒙娜,这是一枚通讯器，虽然在密境中暂时失灵了，但校方肯定一直在试图联系我们。,"이건 통신기야. 비경 안에서는 잠시 작동하지 않지만, 학교 측에서 분명 우리에게 계속 연락을 시도하고 있을 거야."
AvgDialog_24093_Content_56,ajlH,avg章5新_AvgDialog_C_M.csv,1177,AvgDialog,Content,拉蒙娜,"如果你真的能以肉眼看见融蚀，那么你一定有足够精神力使用它。
在胸针亮起时集中注意力，你就能与对面的人取得联系。","네가 정말 육안으로 융식을 볼 수 있다면, 분명 이걸 사용할 정신력이 충분할 거야. 브로치가 빛날 때 집중하면, 상대방과 연락할 수 있어."
AvgDialog_24093_Content_57,ajlI,avg章5新_AvgDialog_C_M.csv,1178,AvgDialog,Content,拉蒙娜,就算我和守密人没能回来找你们，我们的同僚也一定会帮助你。,"만약 나와 수호자가 너희를 찾으러 돌아오지 못하더라도, 우리 동료들이 반드시 널 도와줄 거야."
AvgDialog_24093_Content_58,ajlJ,avg章5新_AvgDialog_C_M.csv,1179,AvgDialog,Content,,墨菲接过胸针，她看着上面精美的金属雕花，眼睛倏地一下通红。,"머피가 브로치를 받았다. 그녀는 그 위에 새겨진 정교한 금속 조각을 보더니, 눈이 갑자기 붉어졌다."
AvgDialog_24093_Content_59,ajlK,avg章5新_AvgDialog_C_M.csv,1180,AvgDialog,Content,墨菲,搞什么啊……作出一副慷慨赴死的样子。,뭐야... 장렬하게 죽으러 가는 척하고 있네.
AvgDialog_24093_Content_60,ajlM,avg章5新_AvgDialog_C_M.csv,1181,AvgDialog,Content,,图鲁无意参与这场争执，他在门外静静感受着力量的涌动，准备向动力室动身。,"툴루는 이 논쟁에 끼어들 생각이 없었고, 문밖에서 조용히 힘의 흐름을 느끼며, 동력실로 향할 준비를 했다."
AvgDialog_24093_Content_61,ajlN,avg章5新_AvgDialog_C_M.csv,1182,AvgDialog,Content,墨菲,——等等！你要去哪里！,——잠깐! 어디 가!
AvgDialog_24093_Content_62,ajlO,avg章5新_AvgDialog_C_M.csv,1183,AvgDialog,Content,,少女撞开了舱门，伸手拉住了一根触肢。,"소녀가 선실 문을 밀치고, 손을 뻗어 촉수 하나를 잡았다."
AvgDialog_24093_Content_63,ajlP,avg章5新_AvgDialog_C_M.csv,1184,AvgDialog,Content,墨菲,你要去救%heorshe%吗？,"{Male=그를,Female=그녀를} 구하러 가는 거야?"
AvgDialog_24093_Content_64,ajlQ,avg章5新_AvgDialog_C_M.csv,1185,AvgDialog,Content,图鲁,余之所为，不容外人置喙。,"짐의 행동에, 남이 참견할 바가 아니다."
AvgDialog_24093_Content_65,ajlR,avg章5新_AvgDialog_C_M.csv,1186,AvgDialog,Content,墨菲,我也要去。,나도 갈래.
AvgDialog_24093_Content_66,ajlS,avg章5新_AvgDialog_C_M.csv,1187,AvgDialog,Content,埃尔顿,墨菲！别任性。,머피! 제멋대로 굴지 마.
AvgDialog_24093_Content_67,ajlT,avg章5新_AvgDialog_C_M.csv,1188,AvgDialog,Content,拉蒙娜,"你留在这里，我和图鲁去帮助守密人脱困。
如果你落到弥利亚姆手里，我们的努力就都白费了。","넌 여기 있어, 나와 툴루가 수호자를 구하러 갈게. 만약 네가 미리암 손에 떨어지면, 우리 노력이 모두 헛수고가 돼."
AvgDialog_24093_Content_68,ajlU,avg章5新_AvgDialog_C_M.csv,1189,AvgDialog,Content,墨菲,我知道。,알아.
AvgDialog_24093_Content_69,ajlV,avg章5新_AvgDialog_C_M.csv,1190,AvgDialog,Content,墨菲,"可是……我做不到……
我不想死，可是……如果、如果你们没能回来呢？","하지만... 못 하겠어... 난 죽고 싶지 않아, 하지만... 만약, 만약 너희가 돌아오지 않으면?"
AvgDialog_24093_Content_70,ajlX,avg章5新_AvgDialog_C_M.csv,1191,AvgDialog,Content,墨菲,我…不想……那样的事……,난... 그런 일은......
AvgDialog_24093_Content_71,ajlY,avg章5新_AvgDialog_C_M.csv,1192,AvgDialog,Content,墨菲,……我不能永远呆在密境里，如果想要真正脱身，我就、我就需要你们引荐。,"...영원히 비경에 머물 수는 없어. 정말로 벗어나려면, 난... 난 너희의 추천이 필요해."
AvgDialog_24093_Content_72,ajlZ,avg章5新_AvgDialog_C_M.csv,1193,AvgDialog,Content,墨菲,"我不能直接找上学校，告诉校长，他们的学生为了帮我而牺牲。
我需要你们的引荐，你们俩一个都不准死。","난 학교에 바로 찾아가서, 교장에게 그들의 학생이 날 돕다가 희생되었다고 말할 수 없어. 난 너희의 추천이 필요해, 너희 둘 다 죽으면 안 돼."
AvgDialog_24093_Content_73,ajma,avg章5新_AvgDialog_C_M.csv,1194,AvgDialog,Content,图鲁,余不会分神保护你。,짐은 널 보호할 여력이 없다.
AvgDialog_24093_Content_75,ajmc,avg章5新_AvgDialog_C_M.csv,1196,AvgDialog,Content,图鲁,好，若你执意如此。,"좋다, 네가 정 그렇다면."
AvgDialog_24093_Content_76,ajmd,avg章5新_AvgDialog_C_M.csv,1197,AvgDialog,Content,墨菲,你这是什么眼神？,그 눈빛은 뭐야?
AvgDialog_24093_Content_77,ajme,avg章5新_AvgDialog_C_M.csv,1198,AvgDialog,Content,图鲁,"余原本以为，你不值得他们付出如此牺牲。
如今看来，余先入为主了。","짐은 원래, 네가 그들의 희생을 받을 가치가 없다고 생각했다. 이제 보니, 짐의 선입견이었구나."
AvgDialog_24093_Content_78,ajmf,avg章5新_AvgDialog_C_M.csv,1199,AvgDialog,Content,墨菲,你在说什么谜语？快走快走！,무슨 수수께끼 같은 소리야? 빨리 가자!
AvgDialog_24093_Content_79,ajmg,avg章5新_AvgDialog_C_M.csv,1200,AvgDialog,Content,,墨菲一手推着图鲁，一手拉着拉蒙娜，很快消失在了船舱幽深的通道中。,"머피는 한 손으로 툴루를 밀고, 다른 한 손으로 라모나를 끌고, 이내 선실의 깊숙한 통로 속으로 사라졌다."
AvgDialog_24093_Content_80,ajmi,avg章5新_AvgDialog_C_M.csv,1201,AvgDialog,Content,埃尔顿,这孩子……罢了，如果这是她的选择的话。,"이 아이... 됐다, 이게 그녀의 선택이라면."
AvgDialog_24093_Content_81,ajmj,avg章5新_AvgDialog_C_M.csv,1202,AvgDialog,Content,埃尔顿,希莱斯特，维持全速前进。,"셀레스트, 전속력으로 전진해."
AvgDialog_24096_Content_1,ajmw,avg章5新_AvgDialog_C_M.csv,1203,AvgDialog,Content,,失落之光,잃어버린 빛
AvgDialog_24096_Content_2,ajmH,avg章5新_AvgDialog_C_M.csv,1204,AvgDialog,Content,,"外海货轮·索纳尼尔号
动力室",외해 화물선 소나-닐호\n동력실
AvgDialog_24096_Content_3,ajmS,avg章5新_AvgDialog_C_M.csv,1205,AvgDialog,Content,,弥利亚姆双目微阖，好整以暇地伫立房间中央，宛若一尊圣像。哪怕是戈利亚粗鲁地将你扔到面前，她也只是轻轻抬眸瞥了你一眼。,"미리암은 눈을 살짝 감고, 여유롭게 방 중앙에 서 있었다, 마치 한 구의 성상처럼. 골리아가 당신을 거칠게 앞에 던져도, 그녀는 그저 가볍게 눈을 들어 당신을 한번 쳐다볼 뿐이었다."
AvgDialog_24096_Content_4,ajnd,avg章5新_AvgDialog_C_M.csv,1206,AvgDialog,Content,,那眼神像毒蛇一般阴冷，透露着冷酷与残忍，却将你完全排除在外——你不是她的对手，也不是她食物链的一部分。,"그 눈빛은 독사처럼 차가웠고, 냉혹함과 잔인함을 드러냈지만, 당신을 완전히 배제했다——당신은 그녀의 상대도, 그녀의 먹이사슬의 일부도 아니었다."
AvgDialog_24096_Content_5,ajno,avg章5新_AvgDialog_C_M.csv,1207,AvgDialog,Content,弥利亚姆,其他人呢？,다른 자들은?
AvgDialog_24096_Content_6,ajnx,avg章5新_AvgDialog_C_M.csv,1208,AvgDialog,Content,戈利亚,我不是说过吗？弥萨格的小老鼠擅长到处打洞，能留住这一个已经很不容易了。,"내가 말했잖아? 미사그의 작은 쥐새끼들은 사방에 구멍 파는 걸 잘해서, 이 하나를 붙잡아두는 것도 쉽지 않았다고."
AvgDialog_24096_Content_7,ajny,avg章5新_AvgDialog_C_M.csv,1209,AvgDialog,Content,戈利亚,"不过其他人已经不重要了，不是吗？
看起来，你已经为「神明」筑好圣坛了。","하지만 다른 놈들은 이제 중요하지 않을 것 같은데, 안 그래? 보아하니, 넌 이미 「신」을 위한 제단을 쌓아 올렸군."
AvgDialog_24096_Content_8,ajnz,avg章5新_AvgDialog_C_M.csv,1210,AvgDialog,Content,,弥利亚姆缓缓转过身，蛇形虚影随着她的动作消散，让她沐浴在紫色辉光中，像极了正在受洗的信徒。,"미리암이 천천히 돌아서자, 뱀 모양의 허상이 그녀의 움직임에 따라 사라졌고, 그녀는 보라색 광채에 휩싸여, 마치 세례를 받는 신자 같았다."
AvgDialog_24096_Content_9,ajnA,avg章5新_AvgDialog_C_M.csv,1211,AvgDialog,Content,,她身后的祭坛逐渐显出真容，动力室的昏暗灯光在她脸上投出了诡异的光影。祭坛中央，两具无法辨认原型的躯体静静躺着。,"그녀 뒤의 제단이 점차 모습을 드러냈고, 동력실의 어두운 불빛이 그녀의 얼굴에 기이한 그림자를 드리웠다. 제단 중앙에는, 원래 형태를 알아볼 수 없는 두 구의 시체가 조용히 누워 있었다."
AvgDialog_24096_Content_10,ajmx,avg章5新_AvgDialog_C_M.csv,1212,AvgDialog,Content,,四肢扭曲着，那仅存的下半脸上的表情定格在了死亡瞬间，流淌的鲜血凝固成不可理解的符文，让空气中充斥着死亡的狂热。,"사지는 뒤틀렸고, 그 남은 하반부 얼굴의 표정은 죽음의 순간에 멈춰 있었다. 흐르는 피가 굳어 이해할 수 없는 룬 문자를 이루었고, 공기 중에는 죽음의 광기가 가득했다."
AvgDialog_24096_Content_11,ajmy,avg章5新_AvgDialog_C_M.csv,1213,AvgDialog,Content,戈利亚,"你的「神明」，应该不会喜欢这么悚然的献祭吧？
他们的使节在我们这里失踪，你准备怎么向提灯教会的人解释？","네놈의 「신」은, 이런 끔찍한 제물은 좋아하지 않을걸? 게다가 그들의 사절이 우리 감시하에 실종되었는데, 등불 교회 사람들에게 어떻게 설명할 거지?"
AvgDialog_24096_Content_12,ajmz,avg章5新_AvgDialog_C_M.csv,1214,AvgDialog,Content,,戈利亚话音未落，颈间的疤痕猛烈收缩，攥紧了他的肌肉。,"골리아의 말이 채 끝나기도 전에, 목의 흉터가 격렬하게 수축하며 그의 근육을 쥐어짰다."
AvgDialog_24096_Content_13,ajmA,avg章5新_AvgDialog_C_M.csv,1215,AvgDialog,Content,弥利亚姆,将你的头颅用利莫里亚之血捏合，不是为了让你对我的神明口出狂言的，戈利亚。,"네 머리를 레무리아의 피로 빚어준 것은, 내 신에게 망언을 하라고 한 것이 아니다, 골리아."
AvgDialog_24096_Content_14,ajmB,avg章5新_AvgDialog_C_M.csv,1216,AvgDialog,Content,弥利亚姆,我伟大的、全能的主，祂能从我的祷言中得到力量，也能从我的献祭中识得我的虔诚。,"나의 위대하고, 전능하신 주님은, 내 기도에서 힘을 얻으시고, 내 제물에서 내 경건함을 아신다."
AvgDialog_24096_Content_15,ajmC,avg章5新_AvgDialog_C_M.csv,1217,AvgDialog,Content,弥利亚姆,至于这两名提灯使节……失礼、愚蠢、无关紧要的渣滓，如果提灯对此有怨言，那么我也没有再与之同行的必要。,"이 두 등불 사절에 관해서는... 무례하고, 어리석고, 중요하지 않은 쓰레기들. 만약 등불이 이에 불만을 품는다면, 나는 더 이상 그들과 동행할 필요가 없다."
AvgDialog_24096_Content_16,ajmD,avg章5新_AvgDialog_C_M.csv,1218,AvgDialog,Content,,弥利亚姆擦去指间的血污，终于转头看向你。她的身上萦绕着挥之不散的腐败气息，每靠近一寸，都是对你神智的折磨。,"미리암이 손가락 사이의 피를 닦아내고, 마침내 당신을 향해 돌아섰다. 그녀의 몸에는 흩어지지 않는 부패한 기운이 감돌았고, 한 뼘씩 가까워질 때마다 당신의 정신에 고통을 안겨주었다."
AvgDialog_24096_Content_17,ajmE,avg章5新_AvgDialog_C_M.csv,1219,AvgDialog,Content,玩家,你把他们…怎么了？,그들을... 어떻게 한 거야?
AvgDialog_24096_Content_18,ajmF,avg章5新_AvgDialog_C_M.csv,1220,AvgDialog,Content,弥利亚姆,你和他们不一样。,당신은 그들과 다릅니다.
AvgDialog_24096_Content_19,ajmG,avg章5新_AvgDialog_C_M.csv,1221,AvgDialog,Content,,弥利亚姆没有回答你的问题，她看着你，眼睛像一片难以激起波澜的深潭，藏着踏过千年历史的尸骸。,"미리암은 당신의 질문에 대답하지 않고, 당신을 바라보았다. 눈은 파문이 일기 어려운 깊은 연못 같았고, 천 년의 역사를 밟고 지나간 시신을 숨기고 있었다."
AvgDialog_24096_Content_20,ajmI,avg章5新_AvgDialog_C_M.csv,1222,AvgDialog,Content,弥利亚姆,你拥有我成为唤醒体后，所见过的最与众不同的灵魂……比你那名同伴，更加璀璨，也更加黯淡。,"당신은 제가 각성체가 된 후, 본 적 없는 가장 독특한 영혼을 가졌군요... 당신의 그 동료보다, 더 찬란하고, 더 어둡습니다."
AvgDialog_24096_Content_21,ajmJ,avg章5新_AvgDialog_C_M.csv,1223,AvgDialog,Content,弥利亚姆,弥萨格大学的守密人……对能人，我向来抱有怜惜，我由衷希望，你能沐浴在吾主神光之下。,"미사그의 수호자... 재능 있는 자에게, 저는 늘 애틋함을 느낍니다. 저는 진심으로, 당신이 저의 주님의 신성한 빛 아래 휴양하기를 바랍니다."
AvgDialog_24096_Content_22,ajmK,avg章5新_AvgDialog_C_M.csv,1224,AvgDialog,Content,弥利亚姆,聪颖之人，不应埋没于俗世。神之国土虽由血脉交织纵横而起，却也不吝于接纳外来血液。,"총명한 자는 속세에 묻혀서는 안 됩니다. 신국은 비록 혈맥으로 얽혀 있지만, 외래의 피를 받아들이는 데 인색하지 않습니다."
AvgDialog_24096_Content_23,ajmL,avg章5新_AvgDialog_C_M.csv,1225,AvgDialog,Content,弥利亚姆,尔等希望救世界于黑秽，与<Blue:神国再临>并非两相冲突。,"당신들이 세상을 검은 오물에서 구원하려는 희망은, <Blue:신국의 재림>과 상충되지 않습니다."
AvgDialog_24096_Content_24,ajmM,avg章5新_AvgDialog_C_M.csv,1226,AvgDialog,Content,弥利亚姆,为我等效力，加入神国的再临与复兴，极尽荣光……如此，你我皆能行走于极乐之土。,"우리에게 봉사하고, 신국의 재림과 부흥에 동참하여, 지극한 영광을 누리십시오... 그리하면, 당신과 나 모두 극락의 땅을 걷게 될 것입니다."
AvgDialog_24096_Content_25,ajmN,avg章5新_AvgDialog_C_M.csv,1227,AvgDialog,Content,玩家,如果你口中的再临与复兴 ，指的是以活人为祭品，以无辜者作为怪物的载体……,"만약 당신이 말하는 재림과 부흥이, 살아있는 사람을 제물로 삼고, 무고한 자를 괴물의 그릇으로 삼는 것이라면..."
AvgDialog_24096_Content_26,ajmO,avg章5新_AvgDialog_C_M.csv,1228,AvgDialog,Content,玩家,"抱歉，我做不到。
你的仪式野蛮、残忍，我从中无法看见半分理性与文明的存在痕迹。","미안하지만, 난 할 수 없어. 네 의식은 야만적이고 잔인해, 난 거기서 이성과 문명의 흔적을 조금도 찾아볼 수 없어."
AvgDialog_24096_Content_27,ajmP,avg章5新_AvgDialog_C_M.csv,1229,AvgDialog,Content,弥利亚姆,能作为神明重生前的载体，能作为神国再临的基石，理应感到荣耀！,"신이 부활하기 전의 그릇이 되고, 신국 재림의 초석이 되는 것을, 마땅히 영광으로 여겨야 합니다!"
AvgDialog_24096_Content_28,ajmQ,avg章5新_AvgDialog_C_M.csv,1230,AvgDialog,Content,弥利亚姆,这次是我看走了眼，与愚人无需多费口舌……这场闹剧该结束了。,이번에는 제가 잘못 보았군요. 어리석은 자에게는 더 이상 말을 낭비할 필요가 없습니다... 이 소동은 끝나야 합니다.
AvgDialog_24096_Content_29,ajmR,avg章5新_AvgDialog_C_M.csv,1231,AvgDialog,Content,,力量在阴影中爆发，影影绰绰的能量体凝结成巨大而坚实的蛇形。,"힘이 그림자 속에서 폭발했고, 어렴풋한 에너지체가 거대하고 단단한 뱀 모양으로 응축되었다."
AvgDialog_24096_Content_30,ajmT,avg章5新_AvgDialog_C_M.csv,1232,AvgDialog,Content,,巨蛇在空间中胡乱冲撞，蛇瞳最后锁定在了你身上——巨蛇缠绕在你的腰间，不费吹灰之力将你高高举起。,"거대한 뱀이 공간을 마구 휘저었고, 뱀의 눈은 마침내 당신에게 고정되었다——거대한 뱀이 당신의 허리에 감겨, 힘들이지 않고 당신을 높이 들어 올렸다."
AvgDialog_24096_Content_31,ajmU,avg章5新_AvgDialog_C_M.csv,1233,AvgDialog,Content,？？？,住手，弥利亚姆。,"손을 떼라, 미리암."
AvgDialog_24096_Content_32,ajmV,avg章5新_AvgDialog_C_M.csv,1234,AvgDialog,Content,弥利亚姆,什么人！,누구냐!
AvgDialog_24096_Content_33,ajmW,avg章5新_AvgDialog_C_M.csv,1235,AvgDialog,Content,,熟悉无比的声音跃过历史的沟壑，离岸风般轻微，却掀起了心中的巨浪。,"익숙하기 짝이 없는 목소리가 역사의 협곡을 뛰어넘었다. 뭍에서 부는 바람처럼 가벼웠지만, 마음속에 거대한 파도를 일으켰다."
AvgDialog_24096_Content_34,ajmX,avg章5新_AvgDialog_C_M.csv,1236,AvgDialog,Content,图鲁,弥利亚姆，余说，放开那个学生。,"미리암, 짐이 명하노니, 그 학생을 놓아주어라."
AvgDialog_24096_Content_35,ajmY,avg章5新_AvgDialog_C_M.csv,1237,AvgDialog,Content,图鲁,这场闹剧，确实该结束了。,"이 소동은, 분명 끝나야 한다."
AvgDialog_24096_Content_36,ajmZ,avg章5新_AvgDialog_C_M.csv,1238,AvgDialog,Content,弥利亚姆,我不记得你的脸，但你的身上……有吾主存在的痕迹。,"당신 얼굴은 기억나지 않지만, 당신 몸에는... 저의 주님이 존재한 흔적이 있습니다."
AvgDialog_24096_Content_37,ajna,avg章5新_AvgDialog_C_M.csv,1239,AvgDialog,Content,,弥利亚姆的脸上出现了一丝悲悯，她的眼眸如被荒诞骤雨摧残过的花朵，带着无尽的哀伤与痛苦。,"미리암의 얼굴에 연민의 빛이 스쳤다. 그녀의 눈동자는 황당한 폭우에 짓밟힌 꽃처럼, 끝없는 슬픔과 고통을 담고 있었다."
AvgDialog_24096_Content_38,ajnb,avg章5新_AvgDialog_C_M.csv,1240,AvgDialog,Content,,冰凉湿滑的蛇鳞在你身上滑动，像绞杀猎物那样，巨蛇的身体在逐渐收紧。,"차갑고 미끄러운 뱀 비늘이 당신 몸을 스쳐 지나갔다. 사냥감을 조르는 것처럼, 거대한 뱀의 몸이 점차 조여왔다."
AvgDialog_24096_Content_39,ajnc,avg章5新_AvgDialog_C_M.csv,1241,AvgDialog,Content,,泪水在她脸上刻下了无法磨灭的痕迹，她的眼睛死死盯着图鲁，仿佛要看穿他的灵魂，看穿他们万年前的历史。,"눈물이 그녀의 얼굴에 지울 수 없는 흔적을 남겼다. 그녀의 눈은 툴루를 뚫어지게 쳐다보았고, 마치 그의 영혼을 꿰뚫어 보고, 그들의 수만 년 전 역사를 파헤치려는 듯했다."
AvgDialog_24096_Content_40,ajne,avg章5新_AvgDialog_C_M.csv,1242,AvgDialog,Content,弥利亚姆,"<Blue:吾主>……我尊贵的<Blue:王>……
您怎么会…有唤醒体的气息？",<Blue:주님>... 저의 존귀하신 <Blue:왕>이시여... 어찌하여... 당신에게서 각성체의 기운이 느껴지는 것입니까?
AvgDialog_24096_Content_41,ajnf,avg章5新_AvgDialog_C_M.csv,1243,AvgDialog,Content,弥利亚姆,是谁玷污了你的圣髑？是谁……玷污了我们的约定？,누가 당신의 성유물을 더럽혔습니까? 누가... 우리의 약속을 더럽혔습니까?
AvgDialog_24096_Content_42,ajng,avg章5新_AvgDialog_C_M.csv,1244,AvgDialog,Content,,你被巨蛇倒举半空，全身的血液都流向了大脑，眼前阵阵发黑。,"당신은 거대한 뱀에게 거꾸로 매달려, 온몸의 피가 머리로 쏠렸고, 눈앞이 캄캄해졌다."
AvgDialog_24096_Content_44,ajni,avg章5新_AvgDialog_C_M.csv,1246,AvgDialog,Content,墨菲,拉蒙娜！现在！,라모나! 지금이야!
AvgDialog_24096_Content_45,ajnj,avg章5新_AvgDialog_C_M.csv,1247,AvgDialog,Content,,拉蒙娜深吸一口气，单腿微曲，借着在脚底汇聚的能量高高跳起——,"라모나가 심호흡을 하고, 한쪽 다리를 살짝 굽혀, 발바닥에 모인 에너지를 빌려 높이 뛰어올랐다——"
AvgDialog_24096_Content_47,ajnl,avg章5新_AvgDialog_C_M.csv,1249,AvgDialog,Content,,细剑尖端破开蛇鳞形能量体，刺入巨蛇的七寸。,"세검 끝이 뱀 비늘 모양의 에너지체를 꿰뚫고, 거대한 뱀의 급소에 박혔다."
AvgDialog_24096_Content_48,ajnm,avg章5新_AvgDialog_C_M.csv,1250,AvgDialog,Content,墨菲,诶诶！人要掉下来了！,어어! 떨어지잖아!
AvgDialog_24096_Content_49,ajnn,avg章5新_AvgDialog_C_M.csv,1251,AvgDialog,Content,,你也在巨蛇的咆哮中下落。,당신도 거대한 뱀의 포효 속에서 떨어졌다.
AvgDialog_24096_Content_50,ajnp,avg章5新_AvgDialog_C_M.csv,1252,AvgDialog,Content,,——然后落入一个颤抖着的温暖怀抱。,——그리고 떨리는 따뜻한 품으로 떨어졌다.
AvgDialog_24096_Content_51,ajnq,avg章5新_AvgDialog_C_M.csv,1253,AvgDialog,Content,拉蒙娜,……你还好吗，%player%。,"...괜찮아, %player%?"
AvgDialog_24096_Content_52,ajnr,avg章5新_AvgDialog_C_M.csv,1254,AvgDialog,Content,玩家,拉蒙娜……我……,라모나... 나...
AvgDialog_24096_Content_53,ajns,avg章5新_AvgDialog_C_M.csv,1255,AvgDialog,Content,拉蒙娜,抱歉，现在可不是个叙旧的好时候。,"미안, 지금은 재회를 기뻐할 때가 아니야."
AvgDialog_24096_Content_54,ajnt,avg章5新_AvgDialog_C_M.csv,1256,AvgDialog,Content,,拉蒙娜抱着你，头也不回地向远离弥利亚姆的方向冲去。,"라모나는 당신을 안고, 뒤도 돌아보지 않고 미리암에게서 멀어지는 방향으로 뛰었다."
AvgDialog_24096_Content_55,ajnu,avg章5新_AvgDialog_C_M.csv,1257,AvgDialog,Content,,你回头看向弥利亚姆，蛇形再次凝结，而她的眼神也落在了你和拉蒙娜身上。,"당신이 뒤돌아 미리암을 보자, 뱀 모양이 다시 응축되었고, 그녀의 시선도 당신과 라모나에게 쏠렸다."
AvgDialog_24096_Content_56,ajnv,avg章5新_AvgDialog_C_M.csv,1258,AvgDialog,Content,,那如同毒蛇盯上猎物般的眼神。,그것은 마치 독사가 사냥감을 노리는 듯한 시선이었다.
AvgDialog_24096_Content_57,ajnw,avg章5新_AvgDialog_C_M.csv,1259,AvgDialog,Content,拉蒙娜,图鲁！不要和她纠缠，优先保护墨菲离开。,"툴루! 그녀와 얽히지 말고, 우선 머피를 보호해서 떠나."
AvgDialog_24095_Content_4,ajmq,avg章5新_AvgDialog_C_M.csv,1265,AvgDialog,Content,拉蒙娜,猜忌？你能听明白他们的话吗？,의심? 그들의 말을 알아들을 수 있어?
AvgDialog_24095_Content_5,ajmr,avg章5新_AvgDialog_C_M.csv,1266,AvgDialog,Content,,没有给图鲁解释的时间，弥利亚姆用行动将这古老的语言完完全全翻译了出来。,"툴루가 설명할 시간도 없이, 미리암은 행동으로 이 고대 언어를 완전히 번역해냈다."
AvgDialog_24095_Content_7,ajmt,avg章5新_AvgDialog_C_M.csv,1268,AvgDialog,Content,弥利亚姆,"神王再世？不……
祂只会在星辰正位之刻，经由仪式的牵引而降生于世！","신왕 재림? 아니... 그분은 오직 별들이 정위에 오르는 시간에, 의식의 인도를 통해 세상에 강림하신다!"
AvgDialog_24095_Content_8,ajmu,avg章5新_AvgDialog_C_M.csv,1269,AvgDialog,Content,弥利亚姆,只有我的仪式能让神王重生，让神国再临！只有我！,"오직 나의 의식만이 신왕을 부활시키고, 신국을 재림시킬 수 있다! 오직 나만이!"
AvgDialog_24091_Content_3,ajiq,avg章5新_AvgDialog_C_M.csv,1273,AvgDialog,Content,拉蒙娜,能战斗的只有我、图鲁和守密人三人，提升战斗力的空间也很有限……,"싸울 수 있는 건 나, 툴루, 수호자 세 명뿐이고, 전투력을 높일 여지도 거의 없어..."
AvgDialog_24091_Content_4,ajiB,avg章5新_AvgDialog_C_M.csv,1274,AvgDialog,Content,,话说到一半，拉蒙娜眼睛突然亮了一下。,"말을 하던 도중, 라모나의 눈이 갑자기 반짝였다."
AvgDialog_24091_Content_5,ajiF,avg章5新_AvgDialog_C_M.csv,1275,AvgDialog,Content,拉蒙娜,图鲁和守密人……还没有链接，对吗？,"툴루와 수호자는... 아직 링크하지 않았지, 그렇지?"
AvgDialog_24091_Content_6,ajiG,avg章5新_AvgDialog_C_M.csv,1276,AvgDialog,Content,玩家,确实没有。你的意思是让我和图鲁……,확실히 아니야. 내가 툴루와... 링크하라는 뜻이야?
AvgDialog_24091_Content_7,ajiH,avg章5新_AvgDialog_C_M.csv,1277,AvgDialog,Content,,链接不仅是为了压制梳理唤醒体天然癫狂的灵知，更使调查员们能够引导狂气流动，从而引导唤醒体在战斗中的表现。,"링크는 각성체의 타고난 광적인 영지를 억제하고 정리하기 위한 것뿐만 아니라, 조사원들이 광기의 흐름을 이끌어, 전투 중 각성체의 행동을 유도할 수 있게 한다."
AvgDialog_24091_Content_8,ajiI,avg章5新_AvgDialog_C_M.csv,1278,AvgDialog,Content,,简单而言，链接多少能够加强唤醒体的战斗能力。,"간단히 말해, 링크는 각성체의 전투 능력을 어느 정도 강화할 수 있다."
AvgDialog_24091_Content_9,ajiJ,avg章5新_AvgDialog_C_M.csv,1279,AvgDialog,Content,图鲁,……,...
AvgDialog_24091_Content_10,ajhV,avg章5新_AvgDialog_C_M.csv,1280,AvgDialog,Content,图鲁,仅此一次，回校后自行断开。,이번 한 번뿐이다. 학교에 돌아가면 스스로 링크를 끊어라.
AvgDialog_24091_Content_11,ajhW,avg章5新_AvgDialog_C_M.csv,1281,AvgDialog,Content,,你点点头，握紧手中银钥。凝神闭眼，沉入了黑暗。,"당신은 고개를 끄덕이고, 손에 쥔 은심을 꽉 쥐었다. 정신을 집중하고 눈을 감고, 어둠 속으로 빠져들었다."
AvgDialog_24091_Content_12,ajhX,avg章5新_AvgDialog_C_M.csv,1282,AvgDialog,Content,,你追逐着视野中最亮的光斑，精神在拥挤的黑暗中被无数存在挤压，大脑被撕扯得剧痛无比。,"당신은 시야에서 가장 밝은 빛의 점을 쫓았고, 정신은 붐비는 어둠 속에서 수많은 존재에게 짓눌려, 뇌가 찢어질 듯한 극심한 고통을 느꼈다."
AvgDialog_24091_Content_13,ajhY,avg章5新_AvgDialog_C_M.csv,1283,AvgDialog,Content,,你奋力“伸出手”，将那颗明星抓在手中。,"당신은 힘껏 「손을 뻗어」, 그 별을 손에 잡았다."
AvgDialog_24091_Content_14,ajhZ,avg章5新_AvgDialog_C_M.csv,1284,AvgDialog,Content,,如灵魂离体一般，视线陡然升高，被一股无可抗拒的力量牵扯着抽离了身体。,"영혼이 몸을 떠나는 것처럼, 시선이 갑자기 높아지고, 거부할 수 없는 힘에 이끌려 몸에서 뽑혀나갔다."
AvgDialog_24091_Content_15,ajia,avg章5新_AvgDialog_C_M.csv,1285,AvgDialog,Content,,你看见了自己，看见了弥利亚姆，看见了洪水中倾斜的城楼……最后，你看见了端坐高山之上，神情冷然的少年王者。,"당신은 자신을 보았고, 미리암을 보았고, 홍수에 기운 성루를 보았다... 마지막으로, 당신은 높은 산 위에 앉아, 냉담한 표정의 소년 왕을 보았다."
AvgDialog_24091_Content_16,ajib,avg章5新_AvgDialog_C_M.csv,1286,AvgDialog,Content,,"再次睁眼，灵知的洪流如电击般微微刺激着你的神经。
疼痛，却又充满了前所未有的力量。","다시 눈을 뜨자, 영지의 홍수가 전기 충격처럼 신경을 미세하게 자극했다. 고통스러웠지만, 전례 없는 힘으로 가득했다."
AvgDialog_24091_Content_17,ajic,avg章5新_AvgDialog_C_M.csv,1287,AvgDialog,Content,戈利亚,呵……终于等到这一刻了。,하... 드디어. 이 순간을 기다렸다고.
AvgDialog_24091_Content_18,ajid,avg章5新_AvgDialog_C_M.csv,1288,AvgDialog,Content,,这次，图鲁率先攻向突然出现的戈利亚，没有再给他先发制人的机会。,"이번에는 툴루가 갑자기 나타난 골리아에게 먼저 공격을 가해, 그에게 선제공격의 기회를 주지 않았다."
AvgDialog_24091_Content_20,ajig,avg章5新_AvgDialog_C_M.csv,1290,AvgDialog,Content,,"触手砸在煤渣上，扬起了一阵灰黑的烟尘。
当烟尘雨一般落下后，弥利亚姆的身影赫然出现。","촉수가 석탄재에 부딪히며, 회흑색 먼지를 일으켰다. 먼지가 비처럼 쏟아진 후, 미리암의 모습이 뚜렷하게 나타났다."
AvgDialog_24091_Content_21,ajih,avg章5新_AvgDialog_C_M.csv,1291,AvgDialog,Content,戈利亚,弥利亚姆，你看见了吗？这赝品小子可是和人链接上了——,"미리암, 봤어? 이 가짜 꼬맹이가 사람과 연결됐다고——"
AvgDialog_24091_Content_22,ajii,avg章5新_AvgDialog_C_M.csv,1292,AvgDialog,Content,,巨蛇向戈利亚发起狂风暴雨般的冲击，其力道之猛烈，竟将戈利亚狠狠推向了动力室的铁壁。,"거대한 뱀이 골리아에게 폭풍우 같은 충격을 가했고, 그 힘은 너무나 강력해서, 골리아를 동력실의 철벽으로 세게 밀어붙였다."
AvgDialog_24091_Content_23,ajij,avg章5新_AvgDialog_C_M.csv,1293,AvgDialog,Content,,如一颗坠落大地的流星，戈利亚整个人嵌在在舱壁上。,"마치 땅에 떨어진 유성처럼, 골리아는 선실 벽에 박혔다."
AvgDialog_24091_Content_24,ajik,avg章5新_AvgDialog_C_M.csv,1294,AvgDialog,Content,弥利亚姆,不可原谅。,용서할 수 없습니다.
AvgDialog_24091_Content_25,ajil,avg章5新_AvgDialog_C_M.csv,1295,AvgDialog,Content,弥利亚姆,污浊之物，竟敢染指吾主，分走利莫里亚之神的力量……,"더러운 것, 감히 나의 주님을 건드리고, 레무리아의 신의 힘을 나눠 가지다니..."
AvgDialog_24091_Content_26,ajim,avg章5新_AvgDialog_C_M.csv,1296,AvgDialog,Content,,弥利亚姆低着头，向你们步步紧逼。明明是赤足走在地上，耳中却传来了树叶点水般的涟漪声。,"미리암은 고개를 숙이고, 당신들에게 한 걸음씩 다가왔다. 맨발로 땅을 걷고 있는데도, 귀에는 나뭇잎이 물에 닿는 듯한 잔물결 소리가 들려왔다."
AvgDialog_24091_Content_27,ajin,avg章5新_AvgDialog_C_M.csv,1297,AvgDialog,Content,弥利亚姆,不可原谅……除了我，没有人能够唤醒神国代行者，没有人！,"용서할 수 없습니다... 저 외에는 아무도 신국의 대행자를 깨울 수 없습니다, 아무도!"
AvgDialog_24091_Content_28,ajio,avg章5新_AvgDialog_C_M.csv,1298,AvgDialog,Content,墨菲,她、她的状态不对！快跑！,"저, 저 여자 상태가 이상해! 빨리 도망쳐!"
AvgDialog_24091_Content_29,ajip,avg章5新_AvgDialog_C_M.csv,1299,AvgDialog,Content,,"在某个瞬间，覆盖于动力室的虚影凝结成实体。
难以描绘的扭曲建筑拔地而起。","어느 순간, 동력실을 덮고 있던 허상이 실체로 응결되었다. 형용할 수 없는 뒤틀린 건물이 솟아올랐다."
AvgDialog_24091_Content_30,ajir,avg章5新_AvgDialog_C_M.csv,1300,AvgDialog,Content,弥利亚姆,王…吾主……墨菲…墨菲……,왕... 나의 주... 머피... 머피...
AvgDialog_24091_Content_32,ajit,avg章5新_AvgDialog_C_M.csv,1302,AvgDialog,Content,弥利亚姆,"现在……还有回圜的余地。
回到教团，你依旧是尊贵的「神母」。","지금... 아직 돌이킬 여지가 있습니다. 교단으로 돌아가면, 당신은 여전히 존귀한 「신모」입니다."
AvgDialog_24091_Content_33,ajiu,avg章5新_AvgDialog_C_M.csv,1303,AvgDialog,Content,弥利亚姆,你的葬礼将成为神国历史上最盛大的祭典，受万人敬仰……你的名字亦将载于史书，流传万古。,"당신의 장례식은 신국 역사상 가장 성대한 제전이 될 것이며, 만인의 존경을 받을 것입니다... 당신의 이름 또한 역사서에 기록되어, 영원히 전해질 것입니다."
AvgDialog_24091_Content_34,ajiv,avg章5新_AvgDialog_C_M.csv,1304,AvgDialog,Content,弥利亚姆,回到我身边，我们一起……一起处刑这<Blue:不敬之人>。,"내 곁으로 돌아와, 우리 함께... 함께 이 <Blue:불경한 자>를 처형합시다."
AvgDialog_24091_Content_35,ajiw,avg章5新_AvgDialog_C_M.csv,1305,AvgDialog,Content,弥利亚姆,"处刑这伪装成吾主样貌的污浊之人，将吾主的力量还予吾主。
如此……神之国主才得以圆满。","나의 주님의 모습을 가장한 더러운 자를 처형하고, 나의 주님의 힘을 나의 주님께 돌려드립시다. 그렇게 해야... 신의 나라의 주인이 비로소 완전해질 수 있습니다."
AvgDialog_24091_Content_36,ajix,avg章5新_AvgDialog_C_M.csv,1306,AvgDialog,Content,图鲁,弥利亚姆，张开眼睛看着我，看看我是谁！,"미리암, 눈을 뜨고 나를 봐라, 내가 누구인지 봐!"
AvgDialog_24091_Content_37,ajiy,avg章5新_AvgDialog_C_M.csv,1307,AvgDialog,Content,弥利亚姆,住口！,입 닥쳐!
AvgDialog_24091_Content_38,ajiz,avg章5新_AvgDialog_C_M.csv,1308,AvgDialog,Content,,巨蛇消散又凝集，在弥利亚姆力量的冲击下，空间逐渐扭曲、变换。,"거대한 뱀이 사라졌다가 다시 응축되었고, 미리암의 힘의 충격으로 공간이 점차 왜곡되고, 변했다."
AvgDialog_24091_Content_39,ajiA,avg章5新_AvgDialog_C_M.csv,1309,AvgDialog,Content,弥利亚姆,伪神赝品骗子不敬之人…无信仰者……不准使用@2的模样！,가짜 신
AvgDialog_24091_Content_40,ajiC,avg章5新_AvgDialog_C_M.csv,1310,AvgDialog,Content,弥利亚姆,<Change>▼▼之人…不敬▼▼……不敬不境不禁▼▼▼▼▼▼▼▼▼！,<Change>▼▼자... 불경▼▼... 불경 불경 불경▼▼▼▼▼▼▼▼▼!
AvgDialog_24091_Content_41,ajiD,avg章5新_AvgDialog_C_M.csv,1311,AvgDialog,Content,,口中吐出不成意的刺耳杂音，弥利亚姆双手掐在自己脖子上，身体随之变形抽长。,"입에서 의미 없는 날카로운 잡음이 터져 나왔고, 미리암은 양손으로 자신의 목을 졸랐고, 몸은 그에 따라 변형되고 길어졌다."
AvgDialog_24091_Content_42,ajiE,avg章5新_AvgDialog_C_M.csv,1312,AvgDialog,Content,图鲁,小心！她要失控了！,조심해! 그녀가 폭주 상태에 빠졌어!
AvgDialog_24260_Content_1,ajoh,avg章5新_AvgDialog_C_M.csv,1313,AvgDialog,Content,玩家,居然又复原了……？！我们的攻势难道一点作用都没有吗？,또다시 회복하다니...? 우리 공격이 전혀 효과가 없는 건가?
AvgDialog_24260_Content_2,ajoi,avg章5新_AvgDialog_C_M.csv,1314,AvgDialog,Content,拉蒙娜,不…看那两条能量体巨蛇，它们身上有非常强烈的弥利亚姆的气息，或许我们需要先击败它们……,아니... 저 두 개의 에너지체 거대한 뱀을 봐. 저들에게서 아주 강한 미리암의 기운이 느껴져. 어쩌면 저들을 먼저 쓰러뜨려야 할지도 몰라...
AvgDialog_24260_Content_3,ajoj,avg章5新_AvgDialog_C_M.csv,1315,AvgDialog,Content,图鲁,神国尚存时，她只能召出一具蛇影。经过万年蛰伏，如今的她或许能控制至多<Yellow:八具>眷属之影。,"신국이 아직 존재했을 때, 그녀는 뱀 그림자 한 구밖에 소환할 수 없었다. 수만 년의 잠복 끝에, 지금의 그녀는 아마 최대 <Yellow:여덟 구>의 권속 그림자를 조종할 수 있을 것이다."
AvgDialog_24260_Content_4,ajok,avg章5新_AvgDialog_C_M.csv,1316,AvgDialog,Content,图鲁,利莫里亚的不传秘仪……不能再放任她继续被愤怒侵蚀了，完全失控的她，会成为彻头彻尾的怪物。,"레무리아의 환상... 더 이상 그녀가 분노에 잠식되도록 내버려 둘 수는 없다. 완전히 통제 불능이 된 그녀는, 철저한 괴물이 될 것이다."
AvgDialog_24261_Content_1,ajol,avg章5新_AvgDialog_C_M.csv,1317,AvgDialog,Content,拉蒙娜,眷属之影明明已经被全部打散了，她为什么还……！,"권속의 그림자는 모두 흩어졌는데, 왜 그녀는 아직...!"
AvgDialog_24261_Content_2,ajom,avg章5新_AvgDialog_C_M.csv,1318,AvgDialog,Content,图鲁,她想要强行举行仪式，但这里只是她的幻境……没有群星的牵引，仪式只会燃尽所有人的灵魂。,"그녀는 억지로 의식을 거행하려 하지만, 여긴 그녀의 환상일 뿐... 별들의 인도가 없으면, 의식은 모든 사람의 영혼을 태워버릴 뿐이다."
AvgDialog_24261_Content_3,ajon,avg章5新_AvgDialog_C_M.csv,1319,AvgDialog,Content,图鲁,主祭弥利亚姆！以@2代行者之名，余命令你停下！,"주제 미리암! @2 대행자의 이름으로, 짐이 명하노니 멈춰라!"
AvgDialog_24261_Content_4,ajoo,avg章5新_AvgDialog_C_M.csv,1320,AvgDialog,Content,,心智已然被愤怒吞噬，曾名为弥利亚姆的异怪仅停滞了须臾，便又再度发起疯狂的进攻。,"심지가 이미 분노에 삼켜져, 예전에 미리암이라 불리던 이형 괴물는 잠시 멈칫했을 뿐, 이내 다시 미친 듯한 공격을 시작했다."
AvgDialog_24261_Content_5,ajop,avg章5新_AvgDialog_C_M.csv,1321,AvgDialog,Content,图鲁,她已经认定余是冒牌货了……既然如此，那余也只得用利莫里亚的方式来应对了。降服她，或者……杀了她。,"그녀는 이미 짐을 가짜라고 단정했구나... 그렇다면, 짐도 레무리아의 방식으로 대처할 수밖에 없다. 그녀를 굴복시키거나... 죽이거나."
AvgDialog_24261_Content_6,ajoq,avg章5新_AvgDialog_C_M.csv,1322,AvgDialog,Content,图鲁,"弥利亚姆……余最忠诚的臣子……
愿你……不再迷惘。",미리암... 짐의 가장 충실한 신하여... 부디... 더 이상 방황하지 않기를.
AvgDialog_24097_Content_2,ajnM,avg章5新_AvgDialog_C_M.csv,1324,AvgDialog,Content,玩家,这些建筑正在消失，一切……都结束了吗？,"이 건물들이 사라지고 있어, 모든 게... 끝난 건가?"
AvgDialog_24097_Content_3,ajnX,avg章5新_AvgDialog_C_M.csv,1325,AvgDialog,Content,拉蒙娜,这是弥利亚姆所构筑的幻境，也许这就是她口中曾经的<Blue:神国>……,"이건 미리암이 구축한 환상이야, 어쩌면 이게 그녀가 말하던 예전의 <Blue:신국>일지도 몰라..."
AvgDialog_24097_Content_4,ajob,avg章5新_AvgDialog_C_M.csv,1326,AvgDialog,Content,图鲁,神明治下的国度，永恒的利莫里亚。,"신이 다스리는 나라, 영원한 레무리아."
AvgDialog_24097_Content_5,ajoc,avg章5新_AvgDialog_C_M.csv,1327,AvgDialog,Content,拉蒙娜,「利莫里亚」……我有印象，弥萨格历史学系的一些学者正为它是否真实存在而争论不休。,"「레무리아」... 기억나, 미사그 역사학과의 몇몇 학자들이 그게 정말 존재하는지 여부를 두고 논쟁을 벌이고 있었어."
AvgDialog_24097_Content_6,ajod,avg章5新_AvgDialog_C_M.csv,1328,AvgDialog,Content,图鲁,如果灾难未曾降下，它本该矗立在如今的……,"만약 재앙이 내리지 않았다면, 그것은 지금의..."
AvgDialog_24097_Content_7,ajoe,avg章5新_AvgDialog_C_M.csv,1329,AvgDialog,Content,墨菲,既然那都成历史了，能、能不能等我们彻底安全以后再聊这城的事儿？咱们先把这东西解决了。,"그게 다 역사라면, 우리, 우리가 완전히 안전해진 다음에 이 도시에 대해 얘기하면 안 될까? 일단 이 녀석부터 해결하자고."
AvgDialog_24097_Content_8,ajof,avg章5新_AvgDialog_C_M.csv,1330,AvgDialog,Content,玩家,"拉蒙娜，等船靠岸了，我们先离开密境范围联络学校做准备。
图鲁，你留在船上暂时看护一会儿墨菲。","라모나, 배가 정박하면, 우리 먼저 비경 범위를 벗어나서 학교에 연락해서 준비하자. 툴루, 넌 배에 남아서 잠시 머피를 돌봐줘."
AvgDialog_24097_Content_9,ajog,avg章5新_AvgDialog_C_M.csv,1331,AvgDialog,Content,拉蒙娜,嗯，要通知大家准备好布置了时间符文的手术室。至于剥离寄生物的手术，可能需要诃勒特代理院长亲自操刀。,"응, 모두에게 시간 룬이 배치된 수술실을 준비하라고 알려야 해. 기생충 분리 수술은, 아마도 코레트 학장 대리가 직접 해야 할지도 몰라."
AvgDialog_24097_Content_10,ajnC,avg章5新_AvgDialog_C_M.csv,1332,AvgDialog,Content,拉蒙娜,说起来，你的小腿还疼吗？好像已经没有再流血了。,"그러고 보니, 네 종아리는 아직도 아파? 이제 피는 안 나는 것 같은데."
AvgDialog_24097_Content_11,ajnD,avg章5新_AvgDialog_C_M.csv,1333,AvgDialog,Content,玩家,几乎感觉不到疼了……,거의 아프지 않아...
AvgDialog_24097_Content_12,ajnE,avg章5新_AvgDialog_C_M.csv,1334,AvgDialog,Content,,"在你们交谈着未来的时候，弥利亚姆的幻境如融雪般剥离。
敌人从失控中寻回了些许神智，同时褪去了异怪的形体。","당신들이 미래에 대해 이야기하는 동안, 미리암의 환상은 녹는 눈처럼 벗겨져 나갔다. 적은 통제 불능 상태에서 약간의 정신을 되찾았고, 동시에 이형의 형태를 벗었다."
AvgDialog_24097_Content_13,ajnF,avg章5新_AvgDialog_C_M.csv,1335,AvgDialog,Content,,弥利亚姆虚弱地躺在黑色尘埃中，目光涣散而虚无，连图鲁来到她身前都没有做出任何反应。,"미리암은 검은 먼지 속에 힘없이 누워 있었고, 시선은 흩어지고 허무했으며, 툴루가 그녀 앞에 와도 아무런 반응을 보이지 않았다."
AvgDialog_24097_Content_14,ajnG,avg章5新_AvgDialog_C_M.csv,1336,AvgDialog,Content,图鲁,不要执迷不悟了，弥利亚姆。,"더 이상의 미련을 버려라, 미리암."
AvgDialog_24097_Content_15,ajnH,avg章5新_AvgDialog_C_M.csv,1337,AvgDialog,Content,图鲁,属于我们的时代，我们的<Blue:永恒之国>，它的消失已成定局。,"우리 시대, 우리의 <Blue:영원한 나라>, 그것의 소멸은 이미 정해진 일이다."
AvgDialog_24097_Content_16,ajnI,avg章5新_AvgDialog_C_M.csv,1338,AvgDialog,Content,弥利亚姆,不…不……他向我许诺过的……,아니... 아니... 그가 내게 약속했어...
AvgDialog_24097_Content_17,ajnJ,avg章5新_AvgDialog_C_M.csv,1339,AvgDialog,Content,弥利亚姆,<Yellow:你>向我许诺过的。,<Yellow:당신>이 내게 약속했어.
AvgDialog_24097_Content_18,ajnK,avg章5新_AvgDialog_C_M.csv,1340,AvgDialog,Content,,消瘦的女人终于有了反应，她怔怔抬起头，口中念念有词。,"야윈 여인이 마침내 반응을 보였다. 그녀는 멍하니 고개를 들고, 입으로 중얼거렸다."
AvgDialog_24097_Content_19,ajnL,avg章5新_AvgDialog_C_M.csv,1341,AvgDialog,Content,弥利亚姆,我全能的神明将行使祂的权能……对这些造出伪造之物的、罪无可赦的异教徒降下审判！,"나의 전능하신 신이 그분의 권능을 행사하시리라... 이 위조물을 만든, 용서받을 수 없는 이교도들에게 심판을 내리시리라!"
AvgDialog_24097_Content_20,ajnN,avg章5新_AvgDialog_C_M.csv,1342,AvgDialog,Content,,她拔出腰间匕首，浓雾似的紫黑火焰覆盖了刀身，散发着森然死气。,"그녀가 허리춤에서 단검을 뽑아 들자, 짙은 안개 같은 자흑색 불꽃이 칼날을 덮었고, 섬뜩한 죽음의 기운을 내뿜었다."
AvgDialog_24097_Content_21,ajnO,avg章5新_AvgDialog_C_M.csv,1343,AvgDialog,Content,弥利亚姆,赝品……去死吧！,가짜... 죽어라!
AvgDialog_24097_Content_22,ajnP,avg章5新_AvgDialog_C_M.csv,1344,AvgDialog,Content,,——匕首上阴冷诡谲的火焰，点燃了煤尘。,"——단검 위의 차갑고 기이한 불꽃이, 석탄 먼지를 불태웠다."
AvgDialog_24097_Content_23,ajnQ,avg章5新_AvgDialog_C_M.csv,1345,AvgDialog,Content,墨菲,<BigShake:呀啊！!>,<BigShake:꺄악!!>
AvgDialog_24097_Content_24,ajnR,avg章5新_AvgDialog_C_M.csv,1346,AvgDialog,Content,,在火焰与尘埃的连环反应中，爆破的嗡鸣巨响包围了所有人，船体也在瞬间向一个方向猛地倾斜。,"불꽃과 먼지의 연쇄 반응 속에서, 폭발의 웅장한 소리가 모두를 감쌌고, 뱃머리도 순식간에 한 방향으로 세차게 기울었다."
AvgDialog_24097_Content_25,ajnS,avg章5新_AvgDialog_C_M.csv,1347,AvgDialog,Content,,面前是极速膨胀的火焰，身后是被爆炸破开大洞的舱壁。,"앞에는 급속도로 팽창하는 불꽃, 뒤에는 폭발로 큰 구멍이 뚫린 선실 벽."
AvgDialog_24097_Content_26,ajnT,avg章5新_AvgDialog_C_M.csv,1348,AvgDialog,Content,拉蒙娜,守密人！别松开我的手！,수호자! 내 손 놓지 마!
AvgDialog_24097_Content_27,ajnU,avg章5新_AvgDialog_C_M.csv,1349,AvgDialog,Content,,鼻尖充斥着煤炭燃尽后的苦臭，手套在须臾的相接后，一方被重力狠狠拉向深渊。,"코끝에 석탄이 다 타버린 후의 쓴 냄새가 가득했고, 장갑이 잠시 스친 후, 한쪽이 중력에 의해 심연으로 세차게 끌려갔다."
AvgDialog_24097_Content_28,ajnV,avg章5新_AvgDialog_C_M.csv,1350,AvgDialog,Content,,熟悉的嗓音和那人身上的温度都在快速远去，与之相对，潮湿与寒冷逐渐侵蚀上了脊背。,"익숙한 목소리와 그 사람의 온기가 빠르게 멀어져 갔고, 그와 반대로, 습기와 추위가 점차 등골을 파고들었다."
AvgDialog_24097_Content_29,ajnW,avg章5新_AvgDialog_C_M.csv,1351,AvgDialog,Content,拉蒙娜,守密人！,수호자!
AvgDialog_24097_Content_30,ajnY,avg章5新_AvgDialog_C_M.csv,1352,AvgDialog,Content,,这一刻，时间凝固，燃烧的热浪如万道利刃划破了皮肤，每一寸筋腱都被炙烤到脆如蝉翼。,"이 순간, 시간이 멈췄고, 불타는 열파가 만 개의 날카로운 칼날처럼 피부를 갈랐고, 모든 힘줄이 매미 날개처럼 바삭하게 구워졌다."
AvgDialog_24097_Content_31,ajnZ,avg章5新_AvgDialog_C_M.csv,1353,AvgDialog,Content,,混乱而震耳欲聋的号角声穿透了精神领域，过去一年的理智与安宁被轰碎。在这无尽的瞬间里，你感受到了混沌中的不安与挣扎。,"혼란스럽고 귀가 먹먹할 정도의 나팔 소리가 정신 영역을 꿰뚫었고, 지난 1년의 이성과 평온이 산산조각 났다. 이 끝없는 순간 속에서, 당신은 혼돈 속의 불안과 몸부림을 느꼈다."
AvgDialog_24097_Content_32,ajoa,avg章5新_AvgDialog_C_M.csv,1354,AvgDialog,Content,,但最终，万物被烈焰吞噬，意识终结于那无边的黑暗之中……,"하지만 결국, 만물이 불길에 삼켜졌고, 의식은 그 끝없는 어둠 속에서 끝났다..."
AvgDialog_24092_Content_1,ajiK,avg章5新_AvgDialog_C_M.csv,1355,AvgDialog,Content,,睁开眼,눈을 뜨다
AvgDialog_24092_Content_2,ajiY,avg章5新_AvgDialog_C_M.csv,1356,AvgDialog,Content,神秘拉蒙娜,你怎么睡在这里？,왜 여기서 자고 있어?
AvgDialog_24092_Content_3,ajjj,avg章5新_AvgDialog_C_M.csv,1357,AvgDialog,Content,拉蒙娜,醒醒，在这里睡会着凉的。,"일어나, 여기서 자면 감기 걸려."
AvgDialog_24092_Content_4,ajju,avg章5新_AvgDialog_C_M.csv,1358,AvgDialog,Content,玩家,唔……拉蒙娜？,으음... 라모나?
AvgDialog_24092_Content_5,ajjF,avg章5新_AvgDialog_C_M.csv,1359,AvgDialog,Content,玩家,我睡了多久？,나 얼마나 잔 거야?
AvgDialog_24092_Content_6,ajjQ,avg章5新_AvgDialog_C_M.csv,1360,AvgDialog,Content,拉蒙娜,谁知道呢？你甚至缺席了下午的出发前会议。,글쎄? 넌 오후 출발 전 회의에도 빠졌는걸.
AvgDialog_24092_Content_7,ajkb,avg章5新_AvgDialog_C_M.csv,1361,AvgDialog,Content,玩家,会议？,회의?
AvgDialog_24092_Content_8,ajkm,avg章5新_AvgDialog_C_M.csv,1362,AvgDialog,Content,拉蒙娜,是有关弗朗西斯——,프랜시스에 관한——
AvgDialog_24092_Content_9,ajkx,avg章5新_AvgDialog_C_M.csv,1363,AvgDialog,Content,拉蒙娜,算了，还是让会议主持人亲自和你说明吧。,"됐다, 회의 주최자에게 직접 설명 듣는 게 낫겠다."
AvgDialog_24092_Content_10,ajiL,avg章5新_AvgDialog_C_M.csv,1364,AvgDialog,Content,玩家,会议主持人？,회의 주최자?
AvgDialog_24092_Content_11,ajiP,avg章5新_AvgDialog_C_M.csv,1365,AvgDialog,Content,朵尔,睡得如何？,잘 잤어?
AvgDialog_24092_Content_12,ajiQ,avg章5新_AvgDialog_C_M.csv,1366,AvgDialog,Content,玩家,朵尔？！,돌 교수님?!
AvgDialog_24092_Content_13,ajiR,avg章5新_AvgDialog_C_M.csv,1367,AvgDialog,Content,朵尔,不要害怕，现在不是追究你工作日午后践踏草坪的时候。,"겁먹지 마, 지금은 평일 오후에 잔디를 짓밟은 걸 추궁할 때가 아니니까."
AvgDialog_24092_Content_14,ajiS,avg章5新_AvgDialog_C_M.csv,1368,AvgDialog,Content,玩家,<Gray:那就是迟早会追究的意思……>,<Gray:그건 조만간 추궁하겠다는 뜻이잖아...>
AvgDialog_24092_Content_15,ajiT,avg章5新_AvgDialog_C_M.csv,1369,AvgDialog,Content,,拉蒙娜避开了你的视线，她的后脑勺上仿佛写着“爱莫能助”。,라모나가 당신의 시선을 피했다. 그녀의 뒷모습에는 「못 도와줘」라고 쓰여 있는 것 같았다.
AvgDialog_24092_Content_16,ajiU,avg章5新_AvgDialog_C_M.csv,1370,AvgDialog,Content,朵尔,弗朗西斯的日记里，提到了一些关于「提灯教会」的信息——对了，你还没来得及温习那三节必修课吧。,"프랜시스의 일기에는 「등불 교회」에 대한 정보가 좀 언급되어 있었어——맞다, 넌 아직 그 필수 과목 세 개를 복습할 시간이 없었지."
AvgDialog_24092_Content_17,ajiV,avg章5新_AvgDialog_C_M.csv,1371,AvgDialog,Content,德克斯特,提灯教会，信奉“消亡是神的赐福，是人类唯一的救赎”，诓骗病痛缠身的患者加入并感染融蚀。,"등불 교회는 「소멸은 신의 축복이며, 인류의 유일한 구원」이라고 믿으며, 병든 환자들을 속여 가입시키고 융식에 감염시키지."
AvgDialog_24092_Content_18,ajiW,avg章5新_AvgDialog_C_M.csv,1372,AvgDialog,Content,朵尔,"感谢你的复读，德克斯特教授。
不过，我想艾瑞卡不会喜欢你插手她的工作的。","반복 설명 고맙군요, 덱스터 교수. 하지만, 에리카는 당신이 그녀의 일에 참견하는 걸 좋아하지 않을 거에요."
AvgDialog_24092_Content_19,ajiX,avg章5新_AvgDialog_C_M.csv,1373,AvgDialog,Content,德克斯特,怪我怪我，剩下的时间交给你们了。,"이런이런, 실수로군. 남은 시간은 자네들에게 맡기지."
AvgDialog_24092_Content_20,ajiZ,avg章5新_AvgDialog_C_M.csv,1374,AvgDialog,Content,朵尔,弗朗西斯留下了许多指向提灯教会的线索，其中「死人复生」这一点尤为引人注意。,"프랜시스는 등불 교회를 가리키는 많은 단서를 남겼는데, 그중 「죽은 자의 부활」이 특히 눈길을 끌어."
AvgDialog_24092_Content_21,ajja,avg章5新_AvgDialog_C_M.csv,1375,AvgDialog,Content,朵尔,加上莉莉的出现，我们有理由怀疑，提灯教会已经掌握了唤醒体的召唤之法。,"릴리의 등장까지 더하면, 우리는 등불 교회가 이미 각성체의 소환법을 터득했다고 의심할 만한 이유가 있지."
AvgDialog_24092_Content_22,ajjb,avg章5新_AvgDialog_C_M.csv,1376,AvgDialog,Content,玩家,唤醒体的存在，在世界上不该是绝密的吗？,"각성체의 존재는, 세상에 극비 아니었어요?"
AvgDialog_24092_Content_23,ajjc,avg章5新_AvgDialog_C_M.csv,1377,AvgDialog,Content,朵尔,"看来唤醒体历史相关的课程，你也没用心听。
我开始好奇你是如何通过初期测试的了。","각성체 역사 관련 수업도, 열심히 안 들었나 보네. 네가 어떻게 첫 시험을 통과했는지 궁금해지기 시작했어."
AvgDialog_24092_Content_24,ajjd,avg章5新_AvgDialog_C_M.csv,1378,AvgDialog,Content,朵尔,掌握着银芯唤醒或类似技术的，当然不止弥萨格一家。,"은심 각성이나 유사한 기술을 가진 건, 물론 미사그뿐만이 아니야."
AvgDialog_24092_Content_25,ajje,avg章5新_AvgDialog_C_M.csv,1379,AvgDialog,Content,拉蒙娜,唤醒体的出现能追溯至洪积以前，甚至在古勒姆瓦希第十九王朝的陵墓中，都存在着疑似描绘唤醒体召唤的壁画。,"각성체의 등장은 홍적 이전까지 거슬러 올라가, 심지어 고대 레무바시 제19왕조의 능묘에서도, 각성체 소환을 묘사한 것으로 추정되는 벽화가 존재해."
AvgDialog_24092_Content_26,ajjf,avg章5新_AvgDialog_C_M.csv,1380,AvgDialog,Content,拉蒙娜,这其中与弥萨格唤醒体技术最相近的「魔像」，则传承自黎凡特地区的巫师氏族。,"그중 미사그의 각성체 기술과 가장 유사한 「골렘」은, 레반트 지역의 마법사 씨족에게서 전승되었어."
AvgDialog_24092_Content_27,ajjg,avg章5新_AvgDialog_C_M.csv,1381,AvgDialog,Content,朵尔,话扯远了。,이야기가 샜네.
AvgDialog_24092_Content_28,ajjh,avg章5新_AvgDialog_C_M.csv,1382,AvgDialog,Content,朵尔,从日记中描述的信仰、仪式规格来看，弗朗西斯接触到的“提灯教会”与我们掌握的情报有所出入。,"일기에 묘사된 신앙, 의식 규격으로 볼 때, 프랜시스가 접촉한 」등불 교회」는 우리가 가진 정보와 다소 차이가 있어."
AvgDialog_24092_Content_29,ajji,avg章5新_AvgDialog_C_M.csv,1383,AvgDialog,Content,朵尔,"然后，我放在赫伯特那儿的远程画面传输装置送回来了这个符文。
我们怀疑，赫伯特是为弗朗西斯和提灯教会牵线的中间人。","그리고, 내가 허버트에게 놔둔 원격 화면 전송 장치가 이 룬 문자를 보내왔어. 우리는 허버트가 프랜시스와 등불 교회를 연결해 준 중개인이라고 의심하고 있어."
AvgDialog_24092_Content_30,ajjk,avg章5新_AvgDialog_C_M.csv,1384,AvgDialog,Content,朵尔,你们下一个外勤任务，就是对日记内容进行查证——顺便调查一下这个符文标志与提灯教会间的联系。,"너희의 다음 외근 임무는, 일기 내용을 확인하는 거야——겸사겸사 이 룬 문양과 등불 교회 간의 연관성도."
AvgDialog_24092_Content_31,ajjl,avg章5新_AvgDialog_C_M.csv,1385,AvgDialog,Content,拉蒙娜,"弗朗西斯在日记里记载了向极地出发前的行踪。
我们这次会去她登船的地方——布里尔珀特镇，那里或许有留下线索。","프랜시스는 일기에 극지로 출발하기 전의 행적을 기록해 뒀어. 우리는 이번에 그녀가 배를 탄 곳——브리지포트 마을에 갈 거야, 그곳에 단서가 남아 있을지도 몰라."
AvgDialog_24092_Content_32,ajjm,avg章5新_AvgDialog_C_M.csv,1386,AvgDialog,Content,拉蒙娜,准备好了就出发吧，我会一如既往担任你的搭档。,"준비됐으면 출발하자, 난 여느 때처럼 네 동료가 되어줄게."
AvgDialog_24092_Content_33,ajjn,avg章5新_AvgDialog_C_M.csv,1387,AvgDialog,Content,玩家,出发的行囊一直都是准备好的。,출발 준비는 항상 되어 있어.
AvgDialog_24092_Content_34,ajjo,avg章5新_AvgDialog_C_M.csv,1388,AvgDialog,Content,拉蒙娜,不需要再睡一会儿？,더 자지 않아도 괜찮아?
AvgDialog_24092_Content_35,ajjp,avg章5新_AvgDialog_C_M.csv,1389,AvgDialog,Content,玩家,"不用了！
我完全理解了任务要求，昨晚看的任务详情也全部想起来了！","괜찮아! 임무 요구 사항은 완전히 이해했고, 어젯밤에 본 임무 세부 사항도 전부 생각났어!"
AvgDialog_24092_Content_36,ajjq,avg章5新_AvgDialog_C_M.csv,1390,AvgDialog,Content,拉蒙娜,"那么，现在出发吧。
今天出发的话，回来时兴许还能赶上伦蒂尼恩歌剧院新剧目的首次公演。","그럼, 지금 출발하자. 오늘 출발하면, 돌아올 때 론디니움 오페라 하우스의 신작 초연을 볼 수 있을지도 몰라."
AvgDialog_24092_Content_37,ajjr,avg章5新_AvgDialog_C_M.csv,1391,AvgDialog,Content,拉蒙娜,我去找司机，校门口见。,"운전사 찾으러 갈게, 교문에서 보자."
AvgDialog_24092_Content_38,ajjs,avg章5新_AvgDialog_C_M.csv,1392,AvgDialog,Content,,拉蒙娜的背影很快消失在视线中，你也准备回宿舍取行囊。,"라모나의 뒷모습이 금세 시야에서 사라졌고, 당신도 짐을 가지러 기숙사로 돌아갈 준비를 했다."
AvgDialog_24092_Content_39,ajjt,avg章5新_AvgDialog_C_M.csv,1393,AvgDialog,Content,朵尔,守密人。,수호자.
AvgDialog_24092_Content_40,ajjv,avg章5新_AvgDialog_C_M.csv,1394,AvgDialog,Content,朵尔,这次的任务，可能与提灯教会产生正面接触。,"이번 임무는, 등불 교회와 정면으로 접촉할 수도 있어."
AvgDialog_24092_Content_41,ajjw,avg章5新_AvgDialog_C_M.csv,1395,AvgDialog,Content,朵尔,揭露他们隐藏的秘密是次要任务，你的第一要务是保证自己活着。我可不知道该从哪片废墟里再挖一个守密人出来。,"그들의 숨겨진 비밀을 밝히는 건 부차적인 임무야, 네 첫 번째 임무는 네가 살아남는 거야. 또 다른 수호자를 어느 폐허에서 파내야 할지, 난 모르니까 말이야."
AvgDialog_24092_Content_42,ajjx,avg章5新_AvgDialog_C_M.csv,1396,AvgDialog,Content,德克斯特,对年轻人别这么严苛嘛。,젊은이들에게 너무 엄격하게 굴지 말게.
AvgDialog_24092_Content_43,ajjy,avg章5新_AvgDialog_C_M.csv,1397,AvgDialog,Content,德克斯特,不过，朵尔说得对。先前你们遇上的教徒都只是外围成员，提灯教会真正的核心还未浮出水面。,"하지만, 돌 교수 말이 맞아. 이전에 자네들이 만난 신도들은 모두 외부 조직원일 뿐, 등불 교회의 진짜 핵심은 아직 드러나지 않았어."
AvgDialog_24092_Content_44,ajjz,avg章5新_AvgDialog_C_M.csv,1398,AvgDialog,Content,玩家,听起来教授对提灯教会很熟悉？,교수님은 등불 교회에 대해 잘 아시는 것 같네요?
AvgDialog_24092_Content_45,ajjA,avg章5新_AvgDialog_C_M.csv,1399,AvgDialog,Content,德克斯特,哈、哈哈……一段孽缘而已。,"하, 하하... 그냥 악연일 뿐이라네."
AvgDialog_24092_Content_46,ajjB,avg章5新_AvgDialog_C_M.csv,1400,AvgDialog,Content,朵尔,如有必要，弥萨格会派更有战斗经验的调查员，甚至向密斯底亚协定审查会求援以解决这件事。,"필요하다면, 미사그는 더 많은 전투 경험이 있는 조사원을 파견하거나, 여차하면 미스티아 협정 심사위원회에 도움을 요청하여 일을 해결할 거야."
AvgDialog_24092_Content_47,ajjC,avg章5新_AvgDialog_C_M.csv,1401,AvgDialog,Content,朵尔,务必活着回来。,반드시 살아 돌아오도록 해.
AvgDialog_24092_Content_48,ajjD,avg章5新_AvgDialog_C_M.csv,1402,AvgDialog,Content,玩家,我知道了，我们会安全回来的。,"알겠습니다, 안전하게 돌아올게요."
AvgDialog_24092_Content_49,ajjE,avg章5新_AvgDialog_C_M.csv,1403,AvgDialog,Content,,……,...
AvgDialog_24092_Content_50,ajjG,avg章5新_AvgDialog_C_M.csv,1404,AvgDialog,Content,德克斯特,还在看什么？他们已经出发了。,뭘 그렇게 보고 있나? 그들은 이미 출발했는데.
AvgDialog_24092_Content_51,ajjH,avg章5新_AvgDialog_C_M.csv,1405,AvgDialog,Content,德克斯特,别担心，他们都是有分寸的孩子。,"걱정 말게, 분별 있는 아이들이야."
AvgDialog_24092_Content_52,ajjI,avg章5新_AvgDialog_C_M.csv,1406,AvgDialog,Content,朵尔,我没有担心。就算要重新培养一个守密人，资金也是从德克斯特家族的银行账户里出。,"걱정 안 합니다. 만약 새로운 수호자를 다시 키워야 한다 해도, 자금은 덱스터 가문의 은행 계좌에서 나올 테니까요."
AvgDialog_24092_Content_53,ajjJ,avg章5新_AvgDialog_C_M.csv,1407,AvgDialog,Content,朵尔,多关心关心自己吧。我刚刚可是听到，有人的女儿要去歌剧院约会了。,"자기 자신이나 더 신경 쓰세요. 방금 들었는데, 누구네 딸이 오페라 하우스에 데이트하러 간다더군요."
AvgDialog_24092_Content_54,ajjK,avg章5新_AvgDialog_C_M.csv,1408,AvgDialog,Content,德克斯特,哈、哈哈……现在的年轻人啊……,하하... 요즘 젊은이들이란...
AvgDialog_24092_Content_55,ajjL,avg章5新_AvgDialog_C_M.csv,1409,AvgDialog,Content,,是夜,그날 밤
AvgDialog_24092_Content_56,ajjM,avg章5新_AvgDialog_C_M.csv,1410,AvgDialog,Content,路人居民-女,去极地的定期船？我看你们是疯了吧！这里没有什么定期船，也没有什么教堂教会！,"극지로 가는 정기선? 당신들 미쳤어요! 여기엔 그런 정기선도, 그런 교회도 없어요!"
AvgDialog_24092_Content_57,ajjN,avg章5新_AvgDialog_C_M.csv,1411,AvgDialog,Content,路人居民-女,不要再问了，我们只是普通渔民，我们什么都不知道！,"그만 물어봐요, 우린 그냥 평범한 어부고, 아무것도 몰라요!"
AvgDialog_24092_Content_58,ajjO,avg章5新_AvgDialog_C_M.csv,1412,AvgDialog,Content,拉蒙娜,这位夫人，请等一等——,"부인, 잠시만요——"
AvgDialog_24092_Content_59,ajjP,avg章5新_AvgDialog_C_M.csv,1413,AvgDialog,Content,路人居民-女,你们这是仗着城里老爷的身份欺压乡下人！,지금 도시 양반 신분으로 시골 사람들을 괴롭히는 거죠!
AvgDialog_24092_Content_60,ajjR,avg章5新_AvgDialog_C_M.csv,1414,AvgDialog,Content,玩家,我们绝无此意——诶！,우린 그런 뜻이 전혀—— 어!
AvgDialog_24092_Content_61,ajjS,avg章5新_AvgDialog_C_M.csv,1415,AvgDialog,Content,,妇人甩上了门，如果不是拉蒙娜及时拉了你一把，恐怕你就要带着一个歪鼻子回学校了。,"부인이 문을 쾅 닫았다. 만약 라모나가 제때 당신을 끌어당기지 않았다면, 아마 당신은 코가 삐뚤어진 채 학교로 돌아갔을 것이다."
AvgDialog_24092_Content_62,ajjT,avg章5新_AvgDialog_C_M.csv,1416,AvgDialog,Content,拉蒙娜,布里尔珀特……这个小镇很奇怪。,브리지포트... 이 작은 마을은 이상해.
AvgDialog_24092_Content_63,ajjU,avg章5新_AvgDialog_C_M.csv,1417,AvgDialog,Content,拉蒙娜,这是我们敲开的第三扇门，但没有一个人愿意与我们共享小镇信息。,"여기가 우리가 두드린 세 번째 문인데, 아무도 우리와 마을 정보를 공유하려 하지 않아."
AvgDialog_24092_Content_64,ajjV,avg章5新_AvgDialog_C_M.csv,1418,AvgDialog,Content,玩家,我们甚至只是在问路。他们好像在集体遮掩什么，太不寻常了。,"우리는 그저 길을 물었을 뿐인데. 그들은 마치 집단으로 무언가를 숨기는 것 같아, 너무 이상해."
AvgDialog_24092_Content_65,ajjW,avg章5新_AvgDialog_C_M.csv,1419,AvgDialog,Content,拉蒙娜,去码头看看吧，说不定会有什么线索。,"부두에 가보자, 혹시 단서가 있을지도 몰라."
AvgDialog_24092_Content_66,ajjX,avg章5新_AvgDialog_C_M.csv,1420,AvgDialog,Content,拉蒙娜,……,...
AvgDialog_24092_Content_67,ajjY,avg章5新_AvgDialog_C_M.csv,1421,AvgDialog,Content,玩家,怎么了吗？,왜 그래?
AvgDialog_24092_Content_68,ajjZ,avg章5新_AvgDialog_C_M.csv,1422,AvgDialog,Content,拉蒙娜,可能是幻觉吧，风中好像有人说话的声音。,"환각일지도 몰라, 바람 속에서 누가 말하는 소리가 들리는 것 같았어."
AvgDialog_24092_Content_69,ajka,avg章5新_AvgDialog_C_M.csv,1423,AvgDialog,Content,神秘戈利亚,"哟，正好，有两个外地来的冒失鬼。
拦住他们？省得再去找其他人。","어이, 마침, 외지에서 온 멍청이 두 명이네. 저들을 막아? 다른 사람을 찾을 필요도 없겠네."
AvgDialog_24092_Content_70,ajkc,avg章5新_AvgDialog_C_M.csv,1424,AvgDialog,Content,神秘弥利亚姆,把他们往船的方向赶。,그들을 배 쪽으로 몰아가세요.
AvgDialog_24092_Content_71,ajkd,avg章5新_AvgDialog_C_M.csv,1425,AvgDialog,Content,神秘戈利亚,嗤，坏心眼的家伙。,"쯧, 성격 나쁜 녀석."
AvgDialog_24092_Content_72,ajke,avg章5新_AvgDialog_C_M.csv,1426,AvgDialog,Content,神秘戈利亚,去吧，凯刻斯，你表现的机会到了。,"가라, 카이커스, 네가 나설 차례다."
AvgDialog_24092_Content_73,ajkf,avg章5新_AvgDialog_C_M.csv,1427,AvgDialog,Content,神秘凯刻斯,遵命，戈利亚大人。,"명을 받들겠습니다, 골리아 님."
AvgDialog_24092_Content_74,ajkg,avg章5新_AvgDialog_C_M.csv,1428,AvgDialog,Content,,倒计时 三小时,카운트다운 3시간
AvgDialog_24092_Content_75,ajkh,avg章5新_AvgDialog_C_M.csv,1429,AvgDialog,Content,,——当！,——쾅!
AvgDialog_24092_Content_76,ajki,avg章5新_AvgDialog_C_M.csv,1430,AvgDialog,Content,,前额传来剧痛，撞击让你感到一阵天旋地转，而墨菲则趁机挣脱了你，捂着额头跑向了更深处的船舱。,"이마에 극심한 통증이 느껴졌다. 충격에 잠시 어지러웠고, 그 틈을 타 머피는 당신에게서 벗어나 이마를 감싸 쥐고 선실 더 깊은 곳으로 달려갔다."
AvgDialog_24092_Content_77,ajkj,avg章5新_AvgDialog_C_M.csv,1431,AvgDialog,Content,墨菲,我就知道你们不是什么好人！！,역시 너희는 좋은 사람들이 아니었어!!
AvgDialog_24092_Content_78,ajkk,avg章5新_AvgDialog_C_M.csv,1432,AvgDialog,Content,玩家,别、别……听我解释……,"아, 아니야... 내 말 좀 들어봐..."
AvgDialog_24092_Content_79,ajkl,avg章5新_AvgDialog_C_M.csv,1433,AvgDialog,Content,,倒计时 @2分钟,카운트다운 @2분
AvgDialog_24092_Content_80,ajkn,avg章5新_AvgDialog_C_M.csv,1434,AvgDialog,Content,拉蒙娜,我们现在登船。,지금 배에 오르자.
AvgDialog_24092_Content_81,ajko,avg章5新_AvgDialog_C_M.csv,1435,AvgDialog,Content,墨菲,看够了没？,다 봤어?
AvgDialog_24092_Content_82,ajkp,avg章5新_AvgDialog_C_M.csv,1436,AvgDialog,Content,图鲁,密境消失的那一秒，她体内的「伪神」受到了强烈的吸引。,"비경이 사라진 순간, 그녀 몸 안의 「가짜 신」이 강한 인력을 받았다."
AvgDialog_24092_Content_83,ajkq,avg章5新_AvgDialog_C_M.csv,1437,AvgDialog,Content,弥利亚姆,赝品……去死吧！,가짜... 죽어라!
AvgDialog_24092_Content_84,ajkr,avg章5新_AvgDialog_C_M.csv,1438,AvgDialog,Content,拉蒙娜,守密人！别松开我的手！,수호자! 내 손 놓지 마!
AvgDialog_24092_Content_86,ajkt,avg章5新_AvgDialog_C_M.csv,1440,AvgDialog,Content,,"大海的怀抱变得尖锐，海水与烧焦的皮肤反应出了令人窒息的挣扎。
盲目的混沌如黑夜的中的鬼怪，撕裂、折断着你的身体。","바다의 품이 날카로워졌고, 바닷물과 타버린 피부가 반응하여 숨 막히는 몸부림을 낳았다. 눈먼 혼돈이 밤의 귀신처럼, 당신의 몸을 찢고, 부러뜨렸다."
AvgDialog_24092_Content_87,ajku,avg章5新_AvgDialog_C_M.csv,1441,AvgDialog,Content,,然后，那混沌却生出了一丝温暖。在无边无际的黑暗中，孤寂、无助、沉沦飞速后退，在极寒的宇宙中闪耀着神秘的暖光。,"그리고, 그 혼돈에서 한 줄기 온기가 피어났다. 끝없는 어둠 속에서, 외로움, 무력함, 침잠이 빠르게 물러가고, 혹한의 우주에서 신비로운 따뜻한 빛이 반짝였다."
AvgDialog_24092_Content_88,ajkv,avg章5新_AvgDialog_C_M.csv,1442,AvgDialog,Content,,仿佛触摸到了宇宙的慈悲，意识行走在了灵知边缘。身体逐渐与海水中的氧气相融，你猛地睁开眼，海水从眼角灌进了身体。,"마치 우주의 자비에 닿은 듯, 의식이 영지의 가장자리를 걸었다. 몸이 점차 바닷속 산소와 융화되었고, 당신은 갑자기 눈을 뜨자, 바닷물이 눈가에서 몸으로 흘러 들어왔다."
AvgDialog_24092_Content_89,ajkw,avg章5新_AvgDialog_C_M.csv,1443,AvgDialog,Content,,最后，柔和的光芒划破了海底的黑暗。青白的力量向你伸出了手——仿佛是庇佑航行的神女，向你伸出的援手。,"마지막으로, 부드러운 빛이 해저의 어둠을 갈랐다. 청백색의 힘이 당신에게 손을 내밀었다——마치 항해를 비호하는 여신이, 당신에게 내민 구원의 손길처럼."
AvgDialog_24092_Content_90,ajky,avg章5新_AvgDialog_C_M.csv,1444,AvgDialog,Content,玩家,我想起来了…弥利亚姆的垂死之挣引发了爆炸，我没能抓住拉蒙娜的手，落进了海里……不对，可是…这里是索纳尼尔号的甲板。,"생각났어... 미리암의 죽기 직전의 발악이 폭발을 일으켰고, 난 라모나의 손을 잡지 못하고 바다에 빠졌어... 아니, 하지만... 여긴 소나-닐호의 갑판이야."
AvgDialog_24092_Content_91,ajkz,avg章5新_AvgDialog_C_M.csv,1445,AvgDialog,Content,玩家,最后那个帮助我的力量……是希莱斯特吗？她把我从深海里救了上来……,마지막에 날 도와준 그 힘... 셀레스트였나? 그녀가 날 깊은 바다에서 구해줬어...
AvgDialog_24092_Content_92,ajkA,avg章5新_AvgDialog_C_M.csv,1446,AvgDialog,Content,玩家,那么其他人也一定还好好的！,그렇다면 다른 사람들도 분명 괜찮을 거야!
AvgDialog_24092_Content_93,ajkB,avg章5新_AvgDialog_C_M.csv,1447,AvgDialog,Content,,梦幻暧昧的暖色被惨白月光取代，笼罩船身的帷幕在不知不觉间碎裂、消失、落入深海。,"몽환적이고 애매한 따뜻한 색이 창백한 달빛으로 대체되었고, 배를 감싸던 장막이 어느새 부서지고, 사라지고, 깊은 바다로 떨어졌다."
AvgDialog_24092_Content_94,ajkC,avg章5新_AvgDialog_C_M.csv,1448,AvgDialog,Content,玩家,帷幕……消失了？！,장막이... 사라졌어?!
AvgDialog_24092_Content_95,ajkD,avg章5新_AvgDialog_C_M.csv,1449,AvgDialog,Content,,船尾冒起了滚滚浓烟，那正是动力室所在的方向。,"선미에서 자욱한 연기가 피어올랐다, 그곳은 바로 동력실이 있는 방향이었다."
AvgDialog_24092_Content_96,ajkE,avg章5新_AvgDialog_C_M.csv,1450,AvgDialog,Content,玩家,糟了！,큰일이다!
AvgDialog_24092_Content_97,ajkF,avg章5新_AvgDialog_C_M.csv,1451,AvgDialog,Content,,你强行忽略来自灵魂深处的剧痛，搀扶着船舷，向浓烟升起的方向走去。,"당신은 영혼 깊은 곳에서 오는 극심한 통증을 억지로 무시하고, 선박의 난간을 붙잡고, 짙은 연기가 피어오르는 방향으로 걸어갔다."
AvgDialog_24092_Content_98,ajkG,avg章5新_AvgDialog_C_M.csv,1452,AvgDialog,Content,,咽喉中充满着血与硝烟的气味，行走时的每一次呼吸仿佛都成了酷刑。,"목구멍은 피와 화약 냄새로 가득했고, 걸을 때마다 숨 쉬는 것조차 고문처럼 느껴졌다."
AvgDialog_24092_Content_99,ajkH,avg章5新_AvgDialog_C_M.csv,1453,AvgDialog,Content,玩家,拉蒙娜，墨菲，希莱斯特，图鲁……要赶快和他们会合。,"라모나, 머피, 셀레스트, 툴루... 빨리 그들과 합류해야 해."
AvgDialog_24092_Content_100,ajiM,avg章5新_AvgDialog_C_M.csv,1454,AvgDialog,Content,,没走出两步，剧烈的到几乎要将船体撕碎的震动从脚底传来。,"두 걸음도 채 떼지 못했을 때, 선체를 찢을 듯한 격렬한 진동이 발밑에서 전해져 왔다."
AvgDialog_24092_Content_101,ajiN,avg章5新_AvgDialog_C_M.csv,1455,AvgDialog,Content,,巨大的爆炸声中，火光冲天，灼热的空气将你狠狠掀翻在地。,"거대한 폭발음 속에서, 불길이 하늘로 치솟았고, 뜨거운 공기가 당신을 세차게 땅에 내동댕이쳤다."
AvgDialog_24092_Content_102,ajiO,avg章5新_AvgDialog_C_M.csv,1456,AvgDialog,Content,,——意识再次断线前，最后映入眼中的，是掠过满月夜空的海鸟。,"——의식이 다시 끊기기 전, 마지막으로 눈에 들어온 것은, 보름달 밤하늘을 스쳐 지나가는 바닷새였다."
